ISO-10303-21;
HEADER;
FILE_DESCRIPTION (( 'STEP AP214' ),
    '1' );
FILE_NAME ('frame2.STEP',
    '2026-04-07T08:31:57',
    ( '' ),
    ( '' ),
    'SwSTEP 2.0',
    'SolidWorks 2021',
    '' );
FILE_SCHEMA (( 'AUTOMOTIVE_DESIGN' ));
ENDSEC;

DATA;
#1 = B_SPLINE_CURVE_WITH_KNOTS ( 'NONE', 1,
 ( #427, #1631 ),
 .UNSPECIFIED., .F., .F.,
 ( 2, 2 ),
 ( 0.000000000000000000, 1.000000000000000000 ),
 .UNSPECIFIED. ) ;
#2 = CARTESIAN_POINT ( 'NONE',  ( 39.43468889017614742, 7.594048859660733619, -1.008445168560056393 ) ) ;
#3 = ORIENTED_EDGE ( 'NONE', *, *, #542, .T. ) ;
#4 = EDGE_CURVE ( 'NONE', #3431, #3191, #1009, .T. ) ;
#5 = CARTESIAN_POINT ( 'NONE',  ( 44.34907220531735561, -33.13196005066106409, -1.538633571245954679 ) ) ;
#6 = VERTEX_POINT ( 'NONE', #2853 ) ;
#7 = LINE ( 'NONE', #3864, #3148 ) ;
#8 = CARTESIAN_POINT ( 'NONE',  ( -6.374741389869637231, -11.82672518258413596, 0.3477243024399435112 ) ) ;
#9 = CARTESIAN_POINT ( 'NONE',  ( 0.4540890891135059837, -3.598723966335905189, -1.182580283090571394 ) ) ;
#10 = EDGE_LOOP ( 'NONE', ( #1856, #3549, #3742, #2292, #2172 ) ) ;
#11 = CARTESIAN_POINT ( 'NONE',  ( -9.945474056691336884, -17.04100814505666861, -1.128008725762484010 ) ) ;
#12 = CARTESIAN_POINT ( 'NONE',  ( -53.53816355766738866, 1.851208186883128270, -3.923682476752026194 ) ) ;
#13 = ORIENTED_EDGE ( 'NONE', *, *, #3989, .T. ) ;
#14 = ADVANCED_FACE ( 'NONE', ( #3811 ), #953, .F. ) ;
#15 = CARTESIAN_POINT ( 'NONE',  ( -7.583511606592959531, -19.91299325574481927, -1.074352189758348564 ) ) ;
#16 = UNCERTAINTY_MEASURE_WITH_UNIT (LENGTH_MEASURE( 1.000000000000000082E-05 ), #1355, 'distance_accuracy_value', 'NONE');
#17 = CARTESIAN_POINT ( 'NONE',  ( 8.728568979230287184, 1.287361976335709368, -1.098721675964097422 ) ) ;
#18 = CARTESIAN_POINT ( 'NONE',  ( 39.61141951582631293, 4.368642006646413556, -2.221305575250018371 ) ) ;
#19 = CARTESIAN_POINT ( 'NONE',  ( 10.64061110789857878, -1.286552269941030335, 0.05386599763717703215 ) ) ;
#20 = CARTESIAN_POINT ( 'NONE',  ( 20.27759669480957783, -29.79623479676038400, -1.532636152783765082 ) ) ;
#21 = ORIENTED_EDGE ( 'NONE', *, *, #2850, .T. ) ;
#22 = CARTESIAN_POINT ( 'NONE',  ( 25.51894301657704744, 6.537627261904686904, -1.843006807503334343 ) ) ;
#23 = VERTEX_POINT ( 'NONE', #1630 ) ;
#24 = B_SPLINE_CURVE_WITH_KNOTS ( 'NONE', 3,
 ( #4142, #3825, #524, #2470, #1820, #867, #2154, #3435, #624, #3205, #316, #3518 ),
 .UNSPECIFIED., .F., .F.,
 ( 4, 2, 2, 2, 2, 4 ),
 ( 2.589899903099665762E-11, 0.006071749694203786019, 0.01214349936250857208, 0.01517937419666096424, 0.01821524903081335814, 0.02428699869911813553 ),
 .UNSPECIFIED. ) ;
#25 = CARTESIAN_POINT ( 'NONE',  ( -5.201724673734569038, 0.03049130753769611901, 0.9658110284897221121 ) ) ;
#26 = EDGE_CURVE ( 'NONE', #1807, #3987, #3087, .T. ) ;
#27 = MECHANICAL_DESIGN_GEOMETRIC_PRESENTATION_REPRESENTATION (  '', ( #3781 ), #296 ) ;
#28 = CARTESIAN_POINT ( 'NONE',  ( -11.85995381868511522, 0.03284538247882490963, -0.3816655531563415971 ) ) ;
#29 = CARTESIAN_POINT ( 'NONE',  ( 0.4559735226603604530, -3.598723966335905189, 0.4174920052850327745 ) ) ;
#30 = CARTESIAN_POINT ( 'NONE',  ( 59.45973303555215494, -9.353953579702759313, -4.395700187507686429 ) ) ;
#31 = CARTESIAN_POINT ( 'NONE',  ( -52.34605302607556609, 2.169978146757524762, -3.760746376895218734 ) ) ;
#32 = CARTESIAN_POINT ( 'NONE',  ( -53.53816355766738866, 1.851208186883128270, -3.923682476752026194 ) ) ;
#33 = CARTESIAN_POINT ( 'NONE',  ( -47.26598171559211181, -28.99612849199822406, -3.906672837020707778 ) ) ;
#34 = CARTESIAN_POINT ( 'NONE',  ( -56.81239730767611462, -24.89761982630561121, -3.184701407127283890 ) ) ;
#35 = VERTEX_POINT ( 'NONE', #2241 ) ;
#36 = CARTESIAN_POINT ( 'NONE',  ( 9.152267500318369997, -6.495153879936864882, -1.108414712986015571 ) ) ;
#37 = CARTESIAN_POINT ( 'NONE',  ( -70.13484898312097471, 1.028568487533104481, -6.860355988447348174 ) ) ;
#38 = CARTESIAN_POINT ( 'NONE',  ( 10.39572806148910900, -18.55947972158575965, 0.06032866722194274445 ) ) ;
#39 = CARTESIAN_POINT ( 'NONE',  ( -8.769921363075528831, 1.295913291444664717, 0.9007668078101489506 ) ) ;
#40 = VECTOR ( 'NONE', #1676, 1000.000000000000000 ) ;
#41 = CARTESIAN_POINT ( 'NONE',  ( 50.70017078998108673, 6.455488367237391500, -2.321088822365876325 ) ) ;
#42 = ORIENTED_EDGE ( 'NONE', *, *, #2351, .T. ) ;
#43 = CARTESIAN_POINT ( 'NONE',  ( -63.45589410309158751, -7.477468952016866233, -6.255046182849071101 ) ) ;
#44 = ORIENTED_EDGE ( 'NONE', *, *, #358, .T. ) ;
#45 = DIRECTION ( 'NONE',  ( 0.04180151101784714690, -7.229749784005238536E-16, -0.9991259348433635390 ) ) ;
#46 = ADVANCED_FACE ( 'NONE', ( #1593 ), #1818, .T. ) ;
#47 = CARTESIAN_POINT ( 'NONE',  ( -6.500337674865623860, -16.47775753404176413, 0.3454245781824552552 ) ) ;
#48 = EDGE_CURVE ( 'NONE', #3431, #3488, #2410, .T. ) ;
#49 = B_SPLINE_CURVE_WITH_KNOTS ( 'NONE', 3,
 ( #792, #2463, #3053, #2444, #1536, #3388, #836, #1452, #1834, #2821, #2083, #3757 ),
 .UNSPECIFIED., .F., .F.,
 ( 4, 2, 2, 2, 2, 4 ),
 ( 1.885545734794861349E-13, 0.002757231051092500634, 0.004135846576544465261, 0.005514462101996430755, 0.008271693152900341794, 0.01102892420380425370 ),
 .UNSPECIFIED. ) ;
#50 = CARTESIAN_POINT ( 'NONE',  ( -74.33232427436546175, 1.027496301198058903, -12.58618261426071250 ) ) ;
#51 = CARTESIAN_POINT ( 'NONE',  ( 52.40022094785527429, 2.169978146757343573, -3.364431052626693841 ) ) ;
#52 = CYLINDRICAL_SURFACE ( 'NONE', #2340, 0.4999999999999796829 ) ;
#53 = CARTESIAN_POINT ( 'NONE',  ( -48.21895046073139213, -28.74238259661089145, -2.009198812681934232 ) ) ;
#54 = CARTESIAN_POINT ( 'NONE',  ( 10.39572806148910900, -18.55947972158575965, 0.06032866722194274445 ) ) ;
#55 = ADVANCED_FACE ( 'NONE', ( #2636 ), #401, .T. ) ;
#56 = VERTEX_POINT ( 'NONE', #757 ) ;
#57 = CARTESIAN_POINT ( 'NONE',  ( -72.11129381633308810, -1.571431512466894942, -14.73888633471937126 ) ) ;
#58 = CARTESIAN_POINT ( 'NONE',  ( -39.51446120982052435, -31.05452572884108875, -2.219760105133552042 ) ) ;
#59 = CARTESIAN_POINT ( 'NONE',  ( 0.4379686774020906115, -7.655887906154329237, 1.000002986004808969 ) ) ;
#60 = CARTESIAN_POINT ( 'NONE',  ( -58.52657534262600336, -2.701819843533314724, -4.251608978202903621 ) ) ;
#61 = FACE_OUTER_BOUND ( 'NONE', #1036, .T. ) ;
#62 = CARTESIAN_POINT ( 'NONE',  ( -6.780902385403509314, -13.92644616146524683, -1.059604135451103657 ) ) ;
#63 = CARTESIAN_POINT ( 'NONE',  ( 76.38660010139547296, -3.944331254840212964, -6.283585685141711785 ) ) ;
#64 = ORIENTED_EDGE ( 'NONE', *, *, #1419, .F. ) ;
#65 = CARTESIAN_POINT ( 'NONE',  ( 50.44217350912969522, 6.454762395641933104, -4.304423548013789791 ) ) ;
#66 = PRODUCT ( 'frame2', 'frame2', '', ( #2879 ) ) ;
#67 = VERTEX_POINT ( 'NONE', #2388 ) ;
#68 = VECTOR ( 'NONE', #766, 1000.000000000000227 ) ;
#69 = CARTESIAN_POINT ( 'NONE',  ( 3.021956730846051542, -0.4024515812644626767, 0.9889555031234406046 ) ) ;
#70 = CARTESIAN_POINT ( 'NONE',  ( -10.30522338006364791, -1.798140565481203712, -0.3373105380874465431 ) ) ;
#71 = CARTESIAN_POINT ( 'NONE',  ( 8.597405549888973653, -9.968064906625611954, -0.4965932050914875773 ) ) ;
#72 = CARTESIAN_POINT ( 'NONE',  ( 59.52264734376945654, -8.744268348890896547, -4.810291964501657525 ) ) ;
#73 = FACE_OUTER_BOUND ( 'NONE', #1895, .T. ) ;
#74 = CARTESIAN_POINT ( 'NONE',  ( -59.17861909176212265, -4.425573612006055590, -4.756791303654390290 ) ) ;
#75 = CARTESIAN_POINT ( 'NONE',  ( 9.361243200170612511, -13.79109637951008693, 0.08677274213105753975 ) ) ;
#76 = VERTEX_POINT ( 'NONE', #1050 ) ;
#77 = CARTESIAN_POINT ( 'NONE',  ( 59.40447033488459283, -5.026749081059707080, -4.387094852642286824 ) ) ;
#78 = CARTESIAN_POINT ( 'NONE',  ( -27.36432937173045588, -31.35972682035336589, -0.7633885114448922815 ) ) ;
#79 = SURFACE_STYLE_USAGE ( .BOTH. , #2960 ) ;
#80 = AXIS2_PLACEMENT_3D ( 'NONE', #2289, #102, #680 ) ;
#81 = ADVANCED_FACE ( 'NONE', ( #426 ), #1174, .T. ) ;
#82 = B_SPLINE_CURVE_WITH_KNOTS ( 'NONE', 3,
 ( #4087, #3193, #2497, #1289, #2875, #305, #1596, #2557, #3833, #955, #2243, #2816, #3753, #3212, #1615, #875, #1207, #2163, #244, #2261, #422, #2993 ),
 .UNSPECIFIED., .F., .F.,
 ( 4, 2, 2, 2, 2, 2, 2, 2, 2, 2, 4 ),
 ( 0.001997969077411593242, 0.002802081710630848540, 0.003606194343850103838, 0.005214419610288617904, 0.006018532243507873636, 0.006822644876727128500, 0.008430870143165630423, 0.01003909540960413321, 0.01164732067604263600, 0.01325554594248113706, 0.01486377120891963985 ),
 .UNSPECIFIED. ) ;
#83 = CARTESIAN_POINT ( 'NONE',  ( 22.67612527335521833, -33.62629957799191516, -1.667061108909974498 ) ) ;
#84 = CARTESIAN_POINT ( 'NONE',  ( 17.09418020744431743, 2.150002335310948531, -0.1652818627831422749 ) ) ;
#85 = CARTESIAN_POINT ( 'NONE',  ( 72.34180289922092300, -37.37647387807167831, -15.23888633471944054 ) ) ;
#86 = CARTESIAN_POINT ( 'NONE',  ( 36.27298898002774052, 7.724348755971299774, -0.4732662326632138261 ) ) ;
#87 = ORIENTED_EDGE ( 'NONE', *, *, #1906, .T. ) ;
#88 = CARTESIAN_POINT ( 'NONE',  ( -17.09379667778198097, 2.149878692748863340, -0.1652679883328010413 ) ) ;
#89 = VECTOR ( 'NONE', #2485, 1000.000000000000000 ) ;
#90 = ORIENTED_EDGE ( 'NONE', *, *, #48, .T. ) ;
#91 = FACE_OUTER_BOUND ( 'NONE', #167, .T. ) ;
#92 = CARTESIAN_POINT ( 'NONE',  ( 6.658793303915558681, -12.65540076342138320, 1.142918636184378389 ) ) ;
#93 = CARTESIAN_POINT ( 'NONE',  ( 0.4550313058869331906, -3.598723966335905189, -0.3825441389027663952 ) ) ;
#94 = DIRECTION ( 'NONE',  ( 0.1297307358694068657, -1.301240194787459201E-14, 0.9915492605870784848 ) ) ;
#95 = CARTESIAN_POINT ( 'NONE',  ( 45.42997301473947402, -16.94408796936638240, 14.44193574578182293 ) ) ;
#96 = CARTESIAN_POINT ( 'NONE',  ( 13.98890673045872468, 1.148922094363814761, -0.05294645060062121850 ) ) ;
#97 = ORIENTED_EDGE ( 'NONE', *, *, #2317, .T. ) ;
#98 = CARTESIAN_POINT ( 'NONE',  ( -17.09423293671950006, 2.150019334211048516, -0.1652837703010864856 ) ) ;
#99 = CARTESIAN_POINT ( 'NONE',  ( 2.990630125146258145, -8.340972543882271495, 0.9885163766928861673 ) ) ;
#100 = EDGE_CURVE ( 'NONE', #2946, #2717, #678, .T. ) ;
#101 = CARTESIAN_POINT ( 'NONE',  ( 25.34427357156503291, -31.09044665500598370, -0.6256795444928270333 ) ) ;
#102 = DIRECTION ( 'NONE',  ( -0.000000000000000000, -1.000000000000000000, 0.000000000000000000 ) ) ;
#103 = VERTEX_POINT ( 'NONE', #2051 ) ;
#104 = CARTESIAN_POINT ( 'NONE',  ( 6.156163961346198477, -11.59236113835371818, -1.049116850153282154 ) ) ;
#105 = CYLINDRICAL_SURFACE ( 'NONE', #1027, 6.499976476969923311 ) ;
#106 = ORIENTED_EDGE ( 'NONE', *, *, #586, .T. ) ;
#107 = CARTESIAN_POINT ( 'NONE',  ( -13.97444591346496345, 1.148922094363608259, -0.4526849711010587640 ) ) ;
#108 = EDGE_CURVE ( 'NONE', #1186, #3696, #2648, .T. ) ;
#109 = VERTEX_POINT ( 'NONE', #1695 ) ;
#110 = CARTESIAN_POINT ( 'NONE',  ( -59.40432191909899018, -5.026262070522744096, -4.387071751606526959 ) ) ;
#111 = CARTESIAN_POINT ( 'NONE',  ( 74.33232441199879759, -5.972304432543244168, -15.58618263852919128 ) ) ;
#112 = ADVANCED_FACE ( 'NONE', ( #1741 ), #3288, .F. ) ;
#113 = CARTESIAN_POINT ( 'NONE',  ( 6.486905369568908952, -16.47775753404175703, -0.4544626471027189418 ) ) ;
#114 = CARTESIAN_POINT ( 'NONE',  ( 5.935313828595601748, 0.1901845344015916095, -1.042907156429260684 ) ) ;
#115 = CARTESIAN_POINT ( 'NONE',  ( 21.81769866685897696, -30.37570249460896932, -0.4125615571597709974 ) ) ;
#116 = LINE ( 'NONE', #1632, #371 ) ;
#117 = CARTESIAN_POINT ( 'NONE',  ( 50.17524460451480905, -27.68199506685710176, -2.259974197035402366 ) ) ;
#118 = VERTEX_POINT ( 'NONE', #1369 ) ;
#119 = FILL_AREA_STYLE ('',( #675 ) ) ;
#120 = CARTESIAN_POINT ( 'NONE',  ( -37.50298005094751375, -31.33405333684924443, -2.018173006419941462 ) ) ;
#121 = CARTESIAN_POINT ( 'NONE',  ( 6.446821263010215297, -12.19814817937655071, 0.9464418445720810258 ) ) ;
#122 = CARTESIAN_POINT ( 'NONE',  ( -55.33430034993649116, -21.21479562524304896, -4.178963247101740386 ) ) ;
#123 = B_SPLINE_CURVE_WITH_KNOTS ( 'NONE', 3,
 ( #1493, #3368, #3094, #3697, #4026, #812 ),
 .UNSPECIFIED., .F., .F.,
 ( 4, 2, 4 ),
 ( 7.714175368522574511E-13, 0.007516197086420937749, 0.01503239417207045438 ),
 .UNSPECIFIED. ) ;
#124 = PLANE ( 'NONE',  #3703 ) ;
#125 = CIRCLE ( 'NONE', #3640, 0.4999999999999796829 ) ;
#126 = VERTEX_POINT ( 'NONE', #3040 ) ;
#127 = CARTESIAN_POINT ( 'NONE',  ( 6.775456191630172320, -13.92715761747823677, -1.059508375690230153 ) ) ;
#128 = CARTESIAN_POINT ( 'NONE',  ( 66.98417885191005894, 1.028568487533104481, -6.860355988447369491 ) ) ;
#129 = ORIENTED_EDGE ( 'NONE', *, *, #3680, .F. ) ;
#130 = CARTESIAN_POINT ( 'NONE',  ( 13.44035495087013921, 0.9646318483664635401, 0.7674204443138528120 ) ) ;
#131 = ORIENTED_EDGE ( 'NONE', *, *, #2676, .F. ) ;
#132 = CARTESIAN_POINT ( 'NONE',  ( -52.34605302607556609, 2.169978146757524762, -3.760746376895218734 ) ) ;
#133 = CARTESIAN_POINT ( 'NONE',  ( -6.486905369568905400, -16.47775753404176413, -0.4544626471027197190 ) ) ;
#134 = CARTESIAN_POINT ( 'NONE',  ( 8.728568979230287184, 1.287361976335709368, -1.098721675964097422 ) ) ;
#135 = DIRECTION ( 'NONE',  ( 0.9915492605870784848, 0.000000000000000000, -0.1297307358694069768 ) ) ;
#136 = CARTESIAN_POINT ( 'NONE',  ( 16.67837382855032402, -27.70585592928081198, 0.6412678655799484151 ) ) ;
#137 = CARTESIAN_POINT ( 'NONE',  ( -58.08051548043755474, -14.25256834932268468, -5.396503083522476096 ) ) ;
#138 = FACE_OUTER_BOUND ( 'NONE', #2124, .T. ) ;
#139 = CARTESIAN_POINT ( 'NONE',  ( -9.191791590048065785, -6.476866555710780737, 0.09098178459830010001 ) ) ;
#140 = CARTESIAN_POINT ( 'NONE',  ( 20.21422925568566242, 2.937516471889768166, -1.516669001323273758 ) ) ;
#141 = CARTESIAN_POINT ( 'NONE',  ( -67.15824373545011383, -5.972299720997384931, -5.873184978992602723 ) ) ;
#142 = CARTESIAN_POINT ( 'NONE',  ( 13.96977477496068509, 1.148462493668903406, -0.5859358317747894729 ) ) ;
#143 = CARTESIAN_POINT ( 'NONE',  ( 58.88469373075865576, -3.934920774444451208, -5.520894045082417989 ) ) ;
#144 = EDGE_CURVE ( 'NONE', #2733, #1625, #3353, .T. ) ;
#145 = VERTEX_POINT ( 'NONE', #498 ) ;
#146 = AXIS2_PLACEMENT_3D ( 'NONE', #2690, #1728, #1664 ) ;
#147 = CARTESIAN_POINT ( 'NONE',  ( -3.562374542788122600, -8.665054483247059736, -1.016405479316567551 ) ) ;
#148 = DIRECTION ( 'NONE',  ( 0.9999999999999997780, -2.153660471889033782E-08, 0.000000000000000000 ) ) ;
#149 = VERTEX_POINT ( 'NONE', #1468 ) ;
#150 = CARTESIAN_POINT ( 'NONE',  ( 62.27853724009302283, -9.397040007511279214, -6.060593090277114570 ) ) ;
#151 = EDGE_LOOP ( 'NONE', ( #2142, #1189, #2549, #2460 ) ) ;
#152 = B_SPLINE_CURVE_WITH_KNOTS ( 'NONE', 3,
 ( #362, #1987, #3606, #1074 ),
 .UNSPECIFIED., .F., .F.,
 ( 4, 4 ),
 ( 0.000000000000000000, 1.000000000000000000 ),
 .UNSPECIFIED. ) ;
#153 = CARTESIAN_POINT ( 'NONE',  ( -56.52855893738279747, -24.90305529588341926, -5.164358709820375815 ) ) ;
#154 = CARTESIAN_POINT ( 'NONE',  ( -6.823631943256987853, -14.93827723285031794, -1.260371727105982220 ) ) ;
#155 =( NAMED_UNIT ( * ) PLANE_ANGLE_UNIT ( ) SI_UNIT ( $, .RADIAN. ) );
#156 = CARTESIAN_POINT ( 'NONE',  ( 71.86096730968294821, -2.171158856683157001, -15.23888633471938370 ) ) ;
#157 = CARTESIAN_POINT ( 'NONE',  ( 47.34596231532775334, -28.99128131670936881, -3.244874465805905217 ) ) ;
#158 = DIRECTION ( 'NONE',  ( 0.000000000000000000, 1.000000000000000000, 0.000000000000000000 ) ) ;
#159 = EDGE_CURVE ( 'NONE', #1196, #2204, #2249, .T. ) ;
#160 = DIRECTION ( 'NONE',  ( -0.000000000000000000, -1.000000000000000000, 0.000000000000000000 ) ) ;
#161 = CARTESIAN_POINT ( 'NONE',  ( 14.21201843977984680, -29.59641320904211881, 0.7396910029478268589 ) ) ;
#162 = CARTESIAN_POINT ( 'NONE',  ( -57.32928129606121104, -1.141840935083520581, -5.283668121673260387 ) ) ;
#163 = CARTESIAN_POINT ( 'NONE',  ( -64.65345083708767504, -6.731627584623941729, -4.427943632952580977 ) ) ;
#164 = CARTESIAN_POINT ( 'NONE',  ( -59.40470622859095329, -5.028276267352661755, -4.387129348520440786 ) ) ;
#165 = CARTESIAN_POINT ( 'NONE',  ( -9.188325095021259159, -9.321047096406250176, 0.8911180748573270805 ) ) ;
#166 = AXIS2_PLACEMENT_3D ( 'NONE', #2492, #2871, #547 ) ;
#167 = EDGE_LOOP ( 'NONE', ( #3779, #2273, #405, #589 ) ) ;
#168 = CARTESIAN_POINT ( 'NONE',  ( 9.555686756630018763, -4.067225507411724728, 0.08199263675455589762 ) ) ;
#169 = CARTESIAN_POINT ( 'NONE',  ( -7.603837040644179979, -9.139892380292334195, -0.4780005572331181285 ) ) ;
#170 = CARTESIAN_POINT ( 'NONE',  ( 6.770832967758924070, -14.37226586872156986, -1.059150969939341325 ) ) ;
#171 = VERTEX_POINT ( 'NONE', #1147 ) ;
#172 = CARTESIAN_POINT ( 'NONE',  ( 72.36270890600181360, -5.972304474962074394, -15.23888628320016458 ) ) ;
#173 = DIRECTION ( 'NONE',  ( 1.000000000000000000, -5.368631588648113674E-17, 0.000000000000000000 ) ) ;
#174 = ADVANCED_FACE ( 'NONE', ( #4001 ), #1749, .F. ) ;
#175 = CARTESIAN_POINT ( 'NONE',  ( -4.014142635033842055, -8.867433818977792370, -1.219871884490761449 ) ) ;
#176 = VECTOR ( 'NONE', #3563, 1000.000000000000000 ) ;
#177 = CARTESIAN_POINT ( 'NONE',  ( -47.36256316717078363, -28.99203072184976193, -3.112580304781065177 ) ) ;
#178 = VERTEX_POINT ( 'NONE', #4066 ) ;
#179 = DIRECTION ( 'NONE',  ( 0.9999998518342840814, 0.0005443633068966335052, 0.000000000000000000 ) ) ;
#180 = CARTESIAN_POINT ( 'NONE',  ( -10.81135393810492751, -20.06465176968359287, -1.151413022407607123 ) ) ;
#181 = CARTESIAN_POINT ( 'NONE',  ( -23.31723196209575377, -30.68450847370868928, -0.9039111475431275133 ) ) ;
#182 = CARTESIAN_POINT ( 'NONE',  ( 14.01442258220784787, -25.39336584902276073, -0.05219434761238250786 ) ) ;
#183 = CARTESIAN_POINT ( 'NONE',  ( -59.05152696258992506, -4.427548331761734346, -5.546701353493457276 ) ) ;
#184 = CARTESIAN_POINT ( 'NONE',  ( -62.61160538032702050, -9.397855624438065547, -4.088494989327469575 ) ) ;
#185 = CARTESIAN_POINT ( 'NONE',  ( 58.19473649644093172, -14.24045285161433583, -4.604666670681300644 ) ) ;
#186 = ORIENTED_EDGE ( 'NONE', *, *, #3704, .T. ) ;
#187 = CARTESIAN_POINT ( 'NONE',  ( 9.079150495256500975, -8.924293864813204635, 0.09349684883778923428 ) ) ;
#188 = CARTESIAN_POINT ( 'NONE',  ( 2.526236101851200733, -1.795581977929471496, 0.4078460707170297739 ) ) ;
#189 = CARTESIAN_POINT ( 'NONE',  ( 54.13457609172882457, -23.38744780005217550, -3.605479456952054296 ) ) ;
#190 = CARTESIAN_POINT ( 'NONE',  ( 37.50282375004697144, -31.33408441660167654, -2.018158602361642018 ) ) ;
#191 = MECHANICAL_DESIGN_GEOMETRIC_PRESENTATION_REPRESENTATION (  '', ( #3615 ), #4145 ) ;
#192 = VERTEX_POINT ( 'NONE', #535 ) ;
#193 = AXIS2_PLACEMENT_3D ( 'NONE', #3499, #3826, #949 ) ;
#194 = CARTESIAN_POINT ( 'NONE',  ( 66.19468053386128759, 1.564503687499090745, -4.690293788131723929 ) ) ;
#195 = CARTESIAN_POINT ( 'NONE',  ( 67.27372205429989549, -5.972301291520458300, -5.218274888739881767 ) ) ;
#196 = EDGE_CURVE ( 'NONE', #3073, #2946, #2805, .T. ) ;
#197 = CARTESIAN_POINT ( 'NONE',  ( 4.755793302385805887, -9.477908308251766556, -0.4284604537146552983 ) ) ;
#198 = CARTESIAN_POINT ( 'NONE',  ( 1.506408429764037438, -0.5557581764047253570, -1.002758625542859994 ) ) ;
#199 = EDGE_LOOP ( 'NONE', ( #2316, #420, #3007, #1898, #224, #1876, #3782, #917 ) ) ;
#200 = CARTESIAN_POINT ( 'NONE',  ( -59.39826745182362089, -9.353953579702766419, -4.790949453183090512 ) ) ;
#201 = CARTESIAN_POINT ( 'NONE',  ( -9.555686756630093370, -4.067225507411758478, 0.08199263675456869294 ) ) ;
#202 = CARTESIAN_POINT ( 'NONE',  ( -22.79443831382579333, -33.62262276534619332, 0.3293838417181573219 ) ) ;
#203 = CARTESIAN_POINT ( 'NONE',  ( -59.34825914414179238, -9.048668892813287457, -5.592790129728759219 ) ) ;
#204 = ORIENTED_EDGE ( 'NONE', *, *, #1736, .F. ) ;
#205 = FACE_OUTER_BOUND ( 'NONE', #514, .T. ) ;
#206 = CARTESIAN_POINT ( 'NONE',  ( 59.48763376947755432, -7.091772418174496551, -5.614523122093366680 ) ) ;
#207 = ORIENTED_EDGE ( 'NONE', *, *, #1422, .T. ) ;
#208 = CARTESIAN_POINT ( 'NONE',  ( 55.51449165058539137, -21.19520942407391928, -2.992504986567031899 ) ) ;
#209 = CARTESIAN_POINT ( 'NONE',  ( 14.26963314316694031, 3.627154607124124297, 0.1527629318970429861 ) ) ;
#210 = CARTESIAN_POINT ( 'NONE',  ( 13.98890673045872290, 1.148922094363814761, -0.05294645060061053954 ) ) ;
#211 = EDGE_CURVE ( 'NONE', #1617, #873, #1125, .T. ) ;
#212 = CARTESIAN_POINT ( 'NONE',  ( -53.97067245265889568, -23.38979298291714315, -4.794197116653828417 ) ) ;
#213 =( BOUNDED_CURVE ( )  B_SPLINE_CURVE ( 3, ( #2315, #3598, #2990, #3922 ),
 .UNSPECIFIED., .F., .T. ) 
 B_SPLINE_CURVE_WITH_KNOTS ( ( 4, 4 ),
 ( 2.194030043088947224, 3.141592653589790896 ),
 .UNSPECIFIED. ) 
 CURVE ( )  GEOMETRIC_REPRESENTATION_ITEM ( )  RATIONAL_B_SPLINE_CURVE ( ( 1.000000000000000000, 0.9265662780355700123, 0.9265662780355700123, 1.000000000000000000 ) ) 
 REPRESENTATION_ITEM ( '' )  );
#214 = VERTEX_POINT ( 'NONE', #1829 ) ;
#215 = CARTESIAN_POINT ( 'NONE',  ( 10.63004018292715180, -1.286090014303280293, -0.3459950240592418180 ) ) ;
#216 = CARTESIAN_POINT ( 'NONE',  ( 22.67612527335521833, -33.62629957799191516, -1.667061108909974498 ) ) ;
#217 = CARTESIAN_POINT ( 'NONE',  ( -16.27124200320664116, -27.52243917402021012, -0.5409435803436293266 ) ) ;
#218 = CARTESIAN_POINT ( 'NONE',  ( -59.73004451316369767, -6.241355863189726350, -3.628134514448221992 ) ) ;
#219 = ORIENTED_EDGE ( 'NONE', *, *, #3017, .T. ) ;
#220 = CARTESIAN_POINT ( 'NONE',  ( 13.40329605214585129, 0.9646081676219177004, -0.4320230106685175597 ) ) ;
#221 = CARTESIAN_POINT ( 'NONE',  ( -58.16555545991285925, -22.56656278546666883, -3.385085440575817284 ) ) ;
#222 = FACE_OUTER_BOUND ( 'NONE', #1003, .T. ) ;
#223 = CARTESIAN_POINT ( 'NONE',  ( -71.61096734672436526, -2.171022765856432724, -15.23888633471938370 ) ) ;
#224 = ORIENTED_EDGE ( 'NONE', *, *, #1496, .F. ) ;
#225 = CARTESIAN_POINT ( 'NONE',  ( -24.81675169792924507, -34.06399320398428188, -1.793134936684267267 ) ) ;
#226 = CARTESIAN_POINT ( 'NONE',  ( 15.73250037605997775, -5.037600128862662174, -8.026317846729950745 ) ) ;
#227 = B_SPLINE_CURVE_WITH_KNOTS ( 'NONE', 3,
 ( #1864, #1568, #3787, #3147, #2239, #258, #3207, #1590, #3521, #627, #2830, #2473, #1923, #870, #4104, #1225, #2513, #2158, #3481, #587 ),
 .UNSPECIFIED., .F., .F.,
 ( 4, 2, 2, 2, 2, 2, 2, 2, 2, 4 ),
 ( 0.000000000000000000, 0.004648727634061934968, 0.006973091451092905922, 0.009297455268123878611, 0.01045963717663937233, 0.01162181908515486604, 0.01394618290218585521, 0.01627054671921684612, 0.01743272862773233636, 0.01859491053624782661 ),
 .UNSPECIFIED. ) ;
#228 = VERTEX_POINT ( 'NONE', #165 ) ;
#229 = ADVANCED_FACE ( 'NONE', ( #2101 ), #3675, .F. ) ;
#230 = CARTESIAN_POINT ( 'NONE',  ( -42.99444414509845558, 7.440814545040676187, -3.395390943397324612 ) ) ;
#231 = DIRECTION ( 'NONE',  ( 4.884682305490612792E-17, 1.000000000000000000, 2.666878455998264135E-17 ) ) ;
#232 = CARTESIAN_POINT ( 'NONE',  ( -59.28153533113967200, -9.355247069915128222, -5.582328043439863663 ) ) ;
#233 = ORIENTED_EDGE ( 'NONE', *, *, #144, .T. ) ;
#234 = CARTESIAN_POINT ( 'NONE',  ( 59.70714811555028945, -8.690137056043573338, -3.624556652953946578 ) ) ;
#235 = CARTESIAN_POINT ( 'NONE',  ( 59.48763376947756143, -8.027567098108580268, -5.614523122093364904 ) ) ;
#236 = EDGE_CURVE ( 'NONE', #750, #2579, #2479, .T. ) ;
#237 = CARTESIAN_POINT ( 'NONE',  ( -62.28115482728289720, -9.961781445615560671, -5.385457849311719336 ) ) ;
#238 = CARTESIAN_POINT ( 'NONE',  ( -2.972122626482303964, -0.4499347774521306187, -1.008646956604243305 ) ) ;
#239 = EDGE_CURVE ( 'NONE', #2014, #1918, #2060, .T. ) ;
#240 = CARTESIAN_POINT ( 'NONE',  ( -10.31615076684714083, -1.797473007945872947, 0.06253949548023456095 ) ) ;
#241 = CARTESIAN_POINT ( 'NONE',  ( -37.65292864119580685, -31.33007603785901907, -0.8271239484776948814 ) ) ;
#242 = ORIENTED_EDGE ( 'NONE', *, *, #2111, .F. ) ;
#243 = CARTESIAN_POINT ( 'NONE',  ( -8.728473713316333260, 1.287572035498690148, -1.098723221247326132 ) ) ;
#244 = CARTESIAN_POINT ( 'NONE',  ( 54.51768883920644271, 1.405306361096850809, -2.851441785205393487 ) ) ;
#245 = CARTESIAN_POINT ( 'NONE',  ( -48.81283285937492167, -28.49353063768182537, -2.888590302058494874 ) ) ;
#246 = VERTEX_POINT ( 'NONE', #592 ) ;
#247 = CARTESIAN_POINT ( 'NONE',  ( -13.40116124461971303, 3.236431733638713393, -1.231051311291927908 ) ) ;
#248 = CARTESIAN_POINT ( 'NONE',  ( 2.521015906424722175, -1.795581977929471496, -0.3921701462528069948 ) ) ;
#249 = SURFACE_STYLE_USAGE ( .BOTH. , #1773 ) ;
#250 = CARTESIAN_POINT ( 'NONE',  ( -17.56937946517505011, -28.42690515388867212, -0.1965898840275907833 ) ) ;
#251 = ORIENTED_EDGE ( 'NONE', *, *, #2590, .F. ) ;
#252 = CARTESIAN_POINT ( 'NONE',  ( -11.24812347556301084, -0.6020770825507455459, 0.8368658955507229935 ) ) ;
#253 = CARTESIAN_POINT ( 'NONE',  ( 12.05039442140128081, -27.68610425526621199, -1.187587853290362316 ) ) ;
#254 = CARTESIAN_POINT ( 'NONE',  ( 58.19473649644093172, -14.24045285161433583, -4.604666670681300644 ) ) ;
#255 = CARTESIAN_POINT ( 'NONE',  ( 16.04048475218827008, -30.91330267528333309, 0.6683798214671767823 ) ) ;
#256 = CARTESIAN_POINT ( 'NONE',  ( -10.38498163763293647, -18.55947972158576320, -0.3395269496878072779 ) ) ;
#257 = EDGE_CURVE ( 'NONE', #285, #3620, #2425, .T. ) ;
#258 = CARTESIAN_POINT ( 'NONE',  ( -16.36805648156715165, -27.48766672840635295, 0.6548931967873081739 ) ) ;
#259 = DIRECTION ( 'NONE',  ( 0.000000000000000000, -1.000000000000000000, 2.518185781381239098E-18 ) ) ;
#260 = ORIENTED_EDGE ( 'NONE', *, *, #3017, .F. ) ;
#261 = CARTESIAN_POINT ( 'NONE',  ( -11.40748358662428785, -0.3705715824428517657, -0.3681660573256029245 ) ) ;
#262 = CARTESIAN_POINT ( 'NONE',  ( 72.36270919818215930, 1.028568487533104481, -15.23888633471944054 ) ) ;
#263 = VECTOR ( 'NONE', #2723, 1000.000000000000000 ) ;
#264 = CYLINDRICAL_SURFACE ( 'NONE', #2898, 16.89553129543696386 ) ;
#265 = ORIENTED_EDGE ( 'NONE', *, *, #720, .F. ) ;
#266 = CARTESIAN_POINT ( 'NONE',  ( -10.59897404841371049, -25.93260355132025552, -1.144959384434200755 ) ) ;
#267 =( LENGTH_UNIT ( ) NAMED_UNIT ( * ) SI_UNIT ( .MILLI., .METRE. ) );
#268 = CARTESIAN_POINT ( 'NONE',  ( -20.20293166760440684, 2.933977692219909006, -1.516265139702100528 ) ) ;
#269 = CARTESIAN_POINT ( 'NONE',  ( -71.56946175102197572, -1.571431512466895164, -14.83288868384772741 ) ) ;
#270 = EDGE_CURVE ( 'NONE', #3191, #794, #893, .T. ) ;
#271 = ORIENTED_EDGE ( 'NONE', *, *, #1474, .T. ) ;
#272 = CARTESIAN_POINT ( 'NONE',  ( 59.77320851352404674, -8.026071832617247992, -3.634881910926206494 ) ) ;
#273 = ORIENTED_EDGE ( 'NONE', *, *, #2287, .T. ) ;
#274 = CARTESIAN_POINT ( 'NONE',  ( 25.27661285303783245, -31.09644262272234982, -1.823773825145537542 ) ) ;
#275 = CARTESIAN_POINT ( 'NONE',  ( 10.39572806148910900, -18.55947972158575965, 0.06032866722194274445 ) ) ;
#276 = CARTESIAN_POINT ( 'NONE',  ( -56.32096440522947489, 0.1930562393055146320, -3.111844096512232927 ) ) ;
#277 = CARTESIAN_POINT ( 'NONE',  ( -13.41687219857275437, 0.9645135078099470460, -0.03225270642693851136 ) ) ;
#278 = CARTESIAN_POINT ( 'NONE',  ( -47.86749246825570481, 7.028927331064125816, -1.738444957616599229 ) ) ;
#279 = ORIENTED_EDGE ( 'NONE', *, *, #436, .T. ) ;
#280 = CARTESIAN_POINT ( 'NONE',  ( 49.60713152114577440, -27.87666608408028424, -4.202908146636200826 ) ) ;
#281 = B_SPLINE_CURVE_WITH_KNOTS ( 'NONE', 3,
 ( #3977, #2178, #3336, #3805, #781, #3164, #1565, #1121, #2075, #3361, #3458, #161, #2531, #2416, #255, #1787, #1464, #3579, #3225, #986 ),
 .UNSPECIFIED., .F., .F.,
 ( 4, 2, 2, 2, 2, 2, 2, 2, 2, 4 ),
 ( 2.912628014843543679E-13, 0.003365666062451974812, 0.006731332124612686950, 0.01009699818677339996, 0.01346266424893411209, 0.01682833031109482597, 0.01851116334217518117, 0.02019399637325554331, 0.02355966243541626412, 0.02692532849757698493 ),
 .UNSPECIFIED. ) ;
#282 = EDGE_CURVE ( 'NONE', #928, #2539, #4097, .T. ) ;
#283 = CARTESIAN_POINT ( 'NONE',  ( -49.37942239876664985, -31.51265542327189095, -2.156070744799829075 ) ) ;
#284 = CARTESIAN_POINT ( 'NONE',  ( -28.05870380058329161, 13.82335953646698812, -48.58022199793911255 ) ) ;
#285 = VERTEX_POINT ( 'NONE', #3443 ) ;
#286 = DIRECTION ( 'NONE',  ( -0.9999998518342840814, 0.0005443633068966032560, 0.000000000000000000 ) ) ;
#287 = PRESENTATION_STYLE_ASSIGNMENT (( #1294 ) ) ;
#288 = FACE_OUTER_BOUND ( 'NONE', #3676, .T. ) ;
#289 = CARTESIAN_POINT ( 'NONE',  ( 72.36129385337453357, -1.571431512466895164, -15.23888633471938370 ) ) ;
#290 = ADVANCED_FACE ( 'NONE', ( #3791 ), #4128, .T. ) ;
#291 = ORIENTED_EDGE ( 'NONE', *, *, #3350, .F. ) ;
#292 = CARTESIAN_POINT ( 'NONE',  ( 8.769844120516106400, 1.296081811426298858, 0.9007644865471853279 ) ) ;
#293 = ORIENTED_EDGE ( 'NONE', *, *, #2401, .T. ) ;
#294 = CARTESIAN_POINT ( 'NONE',  ( 72.36096723560009991, -2.171431038336605113, -15.23888633471938370 ) ) ;
#295 = B_SPLINE_CURVE_WITH_KNOTS ( 'NONE', 3,
 ( #2897, #1315, #3256, #2603, #3570, #2523, #679, #1663, #3859, #2209, #1580, #597 ),
 .UNSPECIFIED., .F., .F.,
 ( 4, 2, 2, 2, 2, 4 ),
 ( 1.448225003622963358E-12, 0.001703282340172390013, 0.003406564678896555239, 0.004258205848258623215, 0.005109847017620689456, 0.006813129356344862705 ),
 .UNSPECIFIED. ) ;
#296 =( GEOMETRIC_REPRESENTATION_CONTEXT ( 3 ) GLOBAL_UNCERTAINTY_ASSIGNED_CONTEXT ( ( #3837 ) ) GLOBAL_UNIT_ASSIGNED_CONTEXT ( ( #267, #2582, #980 ) ) REPRESENTATION_CONTEXT ( 'NONE', 'WORKASPACE' ) );
#297 = ORIENTED_EDGE ( 'NONE', *, *, #2759, .F. ) ;
#298 = CARTESIAN_POINT ( 'NONE',  ( 45.34617766953835627, -29.68407027322178493, -3.669699279219004850 ) ) ;
#299 = CARTESIAN_POINT ( 'NONE',  ( 9.555686756629947709, -4.067225507411745156, 0.08199263675456869294 ) ) ;
#300 = CARTESIAN_POINT ( 'NONE',  ( -59.57645070159809819, -9.352657451645590925, -3.604319627827002215 ) ) ;
#301 = CARTESIAN_POINT ( 'NONE',  ( -71.36129370520879434, -1.571431512466895164, -15.23888633471938370 ) ) ;
#302 = FACE_OUTER_BOUND ( 'NONE', #864, .T. ) ;
#303 = DIRECTION ( 'NONE',  ( 4.173484458121925752E-08, 0.9999999999999992228, -7.358978692125614202E-09 ) ) ;
#304 = CARTESIAN_POINT ( 'NONE',  ( -9.638296345679764343, -15.51093356729852779, -1.120375819312742660 ) ) ;
#305 = CARTESIAN_POINT ( 'NONE',  ( 59.55457366862227531, -5.213436241263911697, -3.600824098719936917 ) ) ;
#306 = CARTESIAN_POINT ( 'NONE',  ( -72.36270890600181360, -5.972304474962074394, -15.23888628320016458 ) ) ;
#307 = EDGE_CURVE ( 'NONE', #2165, #600, #82, .T. ) ;
#308 = ORIENTED_EDGE ( 'NONE', *, *, #1860, .T. ) ;
#309 = CARTESIAN_POINT ( 'NONE',  ( 71.86096730968294821, -2.171158856683157001, -15.23888633471938370 ) ) ;
#310 = CARTESIAN_POINT ( 'NONE',  ( -6.816041125568741421, -13.92515782810478875, 0.9400871583261457554 ) ) ;
#311 = CARTESIAN_POINT ( 'NONE',  ( 9.564718576691282337, -3.766824886172742026, -1.118595834054474825 ) ) ;
#312 = CARTESIAN_POINT ( 'NONE',  ( 55.57541697095065558, 5.357308634817430359, -2.995568898156199200 ) ) ;
#313 = ORIENTED_EDGE ( 'NONE', *, *, #1024, .T. ) ;
#314 = CARTESIAN_POINT ( 'NONE',  ( 40.48360071719783804, 7.554713076297863594, -3.128164654586573779 ) ) ;
#315 = EDGE_LOOP ( 'NONE', ( #1025, #1830, #3485, #3789 ) ) ;
#316 = CARTESIAN_POINT ( 'NONE',  ( -25.27666114120549423, -31.09633759776091466, -1.823777002781203471 ) ) ;
#317 = CARTESIAN_POINT ( 'NONE',  ( -27.55916494813478224, -14.12491025921078425, 20.20596292038253949 ) ) ;
#318 = EDGE_CURVE ( 'NONE', #67, #2494, #4102, .T. ) ;
#319 = CARTESIAN_POINT ( 'NONE',  ( 47.41157415211824144, -28.99203072184941732, -2.715594255461417639 ) ) ;
#320 = CARTESIAN_POINT ( 'NONE',  ( -39.98723399168675030, 7.706884380106465038, -2.448848781387601203 ) ) ;
#321 = CARTESIAN_POINT ( 'NONE',  ( 59.61918598968920691, -6.254336259651172902, -4.420506274447205897 ) ) ;
#322 = CARTESIAN_POINT ( 'NONE',  ( -10.40086768766399317, -18.55905596577902728, 0.1935642278317254994 ) ) ;
#323 = SURFACE_STYLE_USAGE ( .BOTH. , #915 ) ;
#324 = CARTESIAN_POINT ( 'NONE',  ( -52.34605302607556609, 2.169978146757524762, -3.760746376895218734 ) ) ;
#325 = ORIENTED_EDGE ( 'NONE', *, *, #2162, .T. ) ;
#326 = CARTESIAN_POINT ( 'NONE',  ( -12.04625947171524736, -27.68249430701380831, -1.187459112988088483 ) ) ;
#327 = DIRECTION ( 'NONE',  ( -0.9848076114973283168, -0.0005360932074821968610, -0.1736481527140441850 ) ) ;
#328 = CARTESIAN_POINT ( 'NONE',  ( -3.381018819115557239, -8.546891842359467972, 0.9853082954100965685 ) ) ;
#329 = CARTESIAN_POINT ( 'NONE',  ( 10.62167107672095057, -1.297109020888215225, -1.146229528130366715 ) ) ;
#330 = ADVANCED_FACE ( 'NONE', ( #1391 ), #3546, .T. ) ;
#331 = CARTESIAN_POINT ( 'NONE',  ( 17.53309156887165798, -28.37567481143818426, -1.398136347552232595 ) ) ;
#332 = ORIENTED_EDGE ( 'NONE', *, *, #1671, .T. ) ;
#333 = CARTESIAN_POINT ( 'NONE',  ( 37.91230924362690757, -34.28635677674014914, -0.8563715025395850500 ) ) ;
#334 = ADVANCED_FACE ( 'NONE', ( #1070, #3643 ), #992, .T. ) ;
#335 = ORIENTED_EDGE ( 'NONE', *, *, #3680, .T. ) ;
#336 = CARTESIAN_POINT ( 'NONE',  ( 54.07861530701791963, -23.38744780005202273, -4.001545601143270403 ) ) ;
#337 = CARTESIAN_POINT ( 'NONE',  ( 3.224964793597275836, -8.364347729640424944, 1.187826073424066875 ) ) ;
#338 = FILL_AREA_STYLE_COLOUR ( '', #2295 ) ;
#339 = ORIENTED_EDGE ( 'NONE', *, *, #257, .F. ) ;
#340 = DIRECTION ( 'NONE',  ( -4.173484458121925752E-08, 0.9999999999999992228, -7.358978692125614202E-09 ) ) ;
#341 = DIRECTION ( 'NONE',  ( 0.8119953427286267233, 0.000000000000000000, 0.5836639130415894883 ) ) ;
#342 = B_SPLINE_CURVE_WITH_KNOTS ( 'NONE', 1,
 ( #639, #38 ),
 .UNSPECIFIED., .F., .F.,
 ( 2, 2 ),
 ( 0.000000000000000000, 1.000000000000000000 ),
 .UNSPECIFIED. ) ;
#343 = DIRECTION ( 'NONE',  ( 0.0005443633068965336502, 0.9999998518342840814, -2.518186154490093769E-18 ) ) ;
#344 = ORIENTED_EDGE ( 'NONE', *, *, #1857, .T. ) ;
#345 = CARTESIAN_POINT ( 'NONE',  ( 8.769844120516106400, 1.296081811426298858, 0.9007644865471853279 ) ) ;
#346 = FILL_AREA_STYLE ('',( #4155 ) ) ;
#347 = FACE_OUTER_BOUND ( 'NONE', #2259, .T. ) ;
#348 = CARTESIAN_POINT ( 'NONE',  ( 67.33147513145131313, 1.027496301198058903, -4.890740912264060825 ) ) ;
#349 = CARTESIAN_POINT ( 'NONE',  ( -48.19821228103684518, 6.843237860146876628, -2.005228412412520811 ) ) ;
#350 = EDGE_CURVE ( 'NONE', #3110, #2039, #2537, .T. ) ;
#351 = CARTESIAN_POINT ( 'NONE',  ( 40.69184415587993442, 7.554766419008001499, -1.139026102424674169 ) ) ;
#352 = ORIENTED_EDGE ( 'NONE', *, *, #1692, .F. ) ;
#353 = CARTESIAN_POINT ( 'NONE',  ( 61.21916990562756666, 3.455279961200480088, -5.886946625055596627 ) ) ;
#354 = ADVANCED_FACE ( 'NONE', ( #2577 ), #1714, .F. ) ;
#355 = ORIENTED_EDGE ( 'NONE', *, *, #3832, .T. ) ;
#356 = CARTESIAN_POINT ( 'NONE',  ( 0.3823516064459994146, -0.6060440388183288007, 0.9999933773223979028 ) ) ;
#357 =( GEOMETRIC_REPRESENTATION_CONTEXT ( 3 ) GLOBAL_UNCERTAINTY_ASSIGNED_CONTEXT ( ( #2840 ) ) GLOBAL_UNIT_ASSIGNED_CONTEXT ( ( #944, #2291, #3179 ) ) REPRESENTATION_CONTEXT ( 'NONE', 'WORKASPACE' ) );
#358 = EDGE_CURVE ( 'NONE', #3488, #1520, #1893, .T. ) ;
#359 = CARTESIAN_POINT ( 'NONE',  ( 56.52884899597769675, -24.90322680848372272, -5.164396660716898957 ) ) ;
#360 = CARTESIAN_POINT ( 'NONE',  ( -24.53714910389382453, 6.491929769951052975, -1.956506810357887760 ) ) ;
#361 = CARTESIAN_POINT ( 'NONE',  ( 58.80078729139434301, -3.262331830609445316, -4.293744058695159183 ) ) ;
#362 = CARTESIAN_POINT ( 'NONE',  ( 62.48641579219008690, -9.959771843234342725, -4.068171048128999878 ) ) ;
#363 = CARTESIAN_POINT ( 'NONE',  ( -59.34329752832426408, -5.028276267352661755, -4.782387471926613287 ) ) ;
#364 = CARTESIAN_POINT ( 'NONE',  ( 48.89472606018743051, -28.43156773899928069, -2.094610620360576547 ) ) ;
#365 = ORIENTED_EDGE ( 'NONE', *, *, #4054, .F. ) ;
#366 = CARTESIAN_POINT ( 'NONE',  ( 59.61942014141044410, -6.255863445944229717, -4.420551961948058661 ) ) ;
#367 = CARTESIAN_POINT ( 'NONE',  ( -39.65182002813966733, 4.368707988947912568, -1.823331491774174529 ) ) ;
#368 = CARTESIAN_POINT ( 'NONE',  ( 70.13484898312097471, 1.028568487533104481, -6.860355988447348174 ) ) ;
#369 = CARTESIAN_POINT ( 'NONE',  ( -52.23896421689945413, 2.174703292199955396, -4.553471990397930824 ) ) ;
#370 = CARTESIAN_POINT ( 'NONE',  ( -6.771041445455909802, -14.37226678043900030, -1.059135254886776734 ) ) ;
#371 = VECTOR ( 'NONE', #2911, 1000.000000000000000 ) ;
#372 = FILL_AREA_STYLE_COLOUR ( '', #1977 ) ;
#373 = ORIENTED_EDGE ( 'NONE', *, *, #1574, .F. ) ;
#374 = CARTESIAN_POINT ( 'NONE',  ( 47.98381464645049022, 6.872710396906889230, -3.987806705746435032 ) ) ;
#375 = VERTEX_POINT ( 'NONE', #1954 ) ;
#376 = CARTESIAN_POINT ( 'NONE',  ( -1.495525590607100330, -0.6066984796812443514, 1.000026194663564683 ) ) ;
#377 = CARTESIAN_POINT ( 'NONE',  ( -12.85788170344033610, 0.7005016043820813110, -0.4135877600897000517 ) ) ;
#378 = ADVANCED_FACE ( 'NONE', ( #61 ), #435, .F. ) ;
#379 = CARTESIAN_POINT ( 'NONE',  ( -40.07005677617895145, 7.706884380106462373, -1.653095174026244507 ) ) ;
#380 = CARTESIAN_POINT ( 'NONE',  ( 21.79514512977023699, -30.37570252971806539, -0.8119283414482748595 ) ) ;
#381 = LINE ( 'NONE', #3930, #40 ) ;
#382 = CYLINDRICAL_SURFACE ( 'NONE', #1158, 15.77761302477628647 ) ;
#383 = AXIS2_PLACEMENT_3D ( 'NONE', #1475, #3448, #557 ) ;
#384 = MECHANICAL_DESIGN_GEOMETRIC_PRESENTATION_REPRESENTATION (  '', ( #1874 ), #717 ) ;
#385 = CARTESIAN_POINT ( 'NONE',  ( 20.25362257776621533, 2.925213414465439588, -0.3170204517978872927 ) ) ;
#386 = ORIENTED_EDGE ( 'NONE', *, *, #1549, .T. ) ;
#387 = CARTESIAN_POINT ( 'NONE',  ( 9.043498013688914483, -8.919299455983720648, -1.105998085199807912 ) ) ;
#388 = CARTESIAN_POINT ( 'NONE',  ( 4.467634596608949238, -9.299938815157542393, 0.9743911063491537128 ) ) ;
#389 = CARTESIAN_POINT ( 'NONE',  ( -72.36270919818215930, 1.028568487533104037, -15.23888633471944054 ) ) ;
#390 = CARTESIAN_POINT ( 'NONE',  ( -25.63222942275199401, 6.568330971337054791, 0.1597115360907091497 ) ) ;
#391 = FACE_OUTER_BOUND ( 'NONE', #539, .T. ) ;
#392 = CARTESIAN_POINT ( 'NONE',  ( -10.15276178157801645, -2.074861434915852509, -1.133612341622724839 ) ) ;
#393 = ORIENTED_EDGE ( 'NONE', *, *, #2129, .T. ) ;
#394 = CARTESIAN_POINT ( 'NONE',  ( 14.02000791343456143, 1.142169376749460952, 0.7463472551112251274 ) ) ;
#395 = ORIENTED_EDGE ( 'NONE', *, *, #1736, .T. ) ;
#396 = B_SPLINE_CURVE_WITH_KNOTS ( 'NONE', 3,
 ( #1512, #2710, #2394, #2775, #163, #3999, #1789, #831, #3442, #4023, #184, #474 ),
 .UNSPECIFIED., .F., .F.,
 ( 4, 2, 2, 2, 2, 4 ),
 ( 2.776792158194985703E-10, 0.001703334017019868295, 0.003406667756360521031, 0.004258334626030831245, 0.005110001495701141892, 0.006813335235041756248 ),
 .UNSPECIFIED. ) ;
#397 = AXIS2_PLACEMENT_3D ( 'NONE', #3112, #1514, #2798 ) ;
#398 = DIRECTION ( 'NONE',  ( 0.0005443633068965336502, -0.9999998518342840814, 2.518186154490093769E-18 ) ) ;
#399 = CARTESIAN_POINT ( 'NONE',  ( 1.427688392773312831, -7.716735782361043405, 1.198883716002207667 ) ) ;
#400 = CARTESIAN_POINT ( 'NONE',  ( -24.58806470172772407, 6.491929769951054752, -1.158076824133616123 ) ) ;
#401 = CYLINDRICAL_SURFACE ( 'NONE', #1547, 0.4999999999999796829 ) ;
#402 = CARTESIAN_POINT ( 'NONE',  ( -14.02022323956612482, 1.141500831036104335, 0.7463235250255078057 ) ) ;
#403 = CARTESIAN_POINT ( 'NONE',  ( -50.78943205636170433, -27.27607970091704104, -2.340307501084733843 ) ) ;
#404 = CARTESIAN_POINT ( 'NONE',  ( 46.05010468182312877, 3.612025542909349074, -2.939155647315045972 ) ) ;
#405 = ORIENTED_EDGE ( 'NONE', *, *, #1595, .T. ) ;
#406 = SURFACE_STYLE_FILL_AREA ( #995 ) ;
#407 = CARTESIAN_POINT ( 'NONE',  ( -7.997199408079761263, -9.321047096406250176, -36.47738343439729647 ) ) ;
#408 = CARTESIAN_POINT ( 'NONE',  ( -2.175865771455035791, -8.007718860282226458, 0.9939527842234882060 ) ) ;
#409 = EDGE_CURVE ( 'NONE', #3335, #1499, #2939, .T. ) ;
#410 = ADVANCED_FACE ( 'NONE', ( #1083 ), #124, .T. ) ;
#411 = CARTESIAN_POINT ( 'NONE',  ( 39.51435808824295748, -31.05452893542555870, -2.219748968104247488 ) ) ;
#412 = CARTESIAN_POINT ( 'NONE',  ( -65.05840646124171656, 2.103015180228260395, -4.489937435004479838 ) ) ;
#413 = ORIENTED_EDGE ( 'NONE', *, *, #4029, .T. ) ;
#414 = CARTESIAN_POINT ( 'NONE',  ( -1.748305595956336944, -7.882055666708383868, -1.003904228258292397 ) ) ;
#415 = CARTESIAN_POINT ( 'NONE',  ( -13.37610578967017538, 0.9409769323563279553, -1.231888969105325637 ) ) ;
#416 = ORIENTED_EDGE ( 'NONE', *, *, #1288, .F. ) ;
#417 = EDGE_CURVE ( 'NONE', #623, #149, #1026, .T. ) ;
#418 = CARTESIAN_POINT ( 'NONE',  ( -29.87984810964623961, 4.341710135934352621, -1.342785856160214619 ) ) ;
#419 = VECTOR ( 'NONE', #2323, 1000.000000000000000 ) ;
#420 = ORIENTED_EDGE ( 'NONE', *, *, #2778, .F. ) ;
#421 = CARTESIAN_POINT ( 'NONE',  ( -55.21860717963881626, 0.9322306055568071459, -3.759879857976880846 ) ) ;
#422 = CARTESIAN_POINT ( 'NONE',  ( 53.02995715022781553, 2.033001909371215277, -2.643065447807477764 ) ) ;
#423 = B_SPLINE_CURVE_WITH_KNOTS ( 'NONE', 1,
 ( #1502, #1265 ),
 .UNSPECIFIED., .F., .F.,
 ( 2, 2 ),
 ( 0.000000000000000000, 1.000000000000000000 ),
 .UNSPECIFIED. ) ;
#424 = CARTESIAN_POINT ( 'NONE',  ( -10.64104019442048354, -1.286090014303327367, 0.05385389951653678925 ) ) ;
#425 = B_SPLINE_CURVE_WITH_KNOTS ( 'NONE', 3,
 ( #762, #1788, #2773, #473, #3316, #3960, #1765, #1144, #4041, #162, #2729, #2373, #3651, #806, #183, #2099, #432, #2751, #2436, #2118, #513, #1806, #203, #2795 ),
 .UNSPECIFIED., .F., .F.,
 ( 4, 2, 2, 2, 2, 2, 2, 2, 2, 2, 2, 4 ),
 ( 0.000000000000000000, 0.001856687408359515784, 0.002785031112539264244, 0.003713374816719013354, 0.005570062225078510273, 0.007426749633438008494, 0.009283437041797504979, 0.01021178074597725062, 0.01114012445015699626, 0.01299681185851649101, 0.01392515556269623839, 0.01485349926687598403 ),
 .UNSPECIFIED. ) ;
#426 = FACE_OUTER_BOUND ( 'NONE', #4085, .T. ) ;
#427 = CARTESIAN_POINT ( 'NONE',  ( -9.545808712541447250, -4.067225507411758478, -0.3178853749501997505 ) ) ;
#428 = CARTESIAN_POINT ( 'NONE',  ( 71.61129374225021138, -1.571431512466895164, -15.23888633471938370 ) ) ;
#429 = CARTESIAN_POINT ( 'NONE',  ( -59.60732273390529201, -6.877646156516580511, -4.823518473558920938 ) ) ;
#430 = ORIENTED_EDGE ( 'NONE', *, *, #1496, .T. ) ;
#431 = B_SPLINE_CURVE_WITH_KNOTS ( 'NONE', 3,
 ( #740, #2328, #2035, #2664 ),
 .UNSPECIFIED., .F., .F.,
 ( 4, 4 ),
 ( 0.000000000000000000, 1.000000000000000000 ),
 .UNSPECIFIED. ) ;
#432 = CARTESIAN_POINT ( 'NONE',  ( -59.28410632144863257, -5.332957669198304274, -5.582808084824838701 ) ) ;
#433 = LINE ( 'NONE', #1702, #3251 ) ;
#434 = FACE_OUTER_BOUND ( 'NONE', #2228, .T. ) ;
#435 = CYLINDRICAL_SURFACE ( 'NONE', #146, 46.46943367824469107 ) ;
#436 = EDGE_CURVE ( 'NONE', #2979, #1811, #2741, .T. ) ;
#437 = EDGE_LOOP ( 'NONE', ( #3271, #2505, #2432, #2404 ) ) ;
#438 = CARTESIAN_POINT ( 'NONE',  ( 4.109665639427104722, -9.028500982910248496, -1.021718917998980958 ) ) ;
#439 = FACE_OUTER_BOUND ( 'NONE', #729, .T. ) ;
#440 = EDGE_LOOP ( 'NONE', ( #2594, #2361, #1515, #1145, #2102, #395, #1886, #2628, #332 ) ) ;
#441 = CARTESIAN_POINT ( 'NONE',  ( 11.91082687090309022, 0.01705800969568945988, 0.8170828356157284755 ) ) ;
#442 = ORIENTED_EDGE ( 'NONE', *, *, #2676, .T. ) ;
#443 = CARTESIAN_POINT ( 'NONE',  ( -53.57655317511747484, 1.794809731185045942, -3.526636483348250195 ) ) ;
#444 = CARTESIAN_POINT ( 'NONE',  ( -2.334366766800630710, -7.978312530076289377, -1.205681103536372589 ) ) ;
#445 = CARTESIAN_POINT ( 'NONE',  ( 66.98417880039076522, 1.027701400671255705, -6.860356280627669001 ) ) ;
#446 = CARTESIAN_POINT ( 'NONE',  ( 23.31723196209561166, -30.68450847370865375, -0.9039111475430717801 ) ) ;
#447 = CARTESIAN_POINT ( 'NONE',  ( -47.36256316717078363, -28.99203072184976193, -3.112580304781065177 ) ) ;
#448 = DIRECTION ( 'NONE',  ( 0.9999998518342840814, 0.0005443633068966032560, 0.000000000000000000 ) ) ;
#449 = EDGE_CURVE ( 'NONE', #1089, #2313, #1642, .T. ) ;
#450 = CARTESIAN_POINT ( 'NONE',  ( -71.56913536789227237, -2.170999994058727456, -14.83288868384772563 ) ) ;
#451 = B_SPLINE_CURVE_WITH_KNOTS ( 'NONE', 3,
 ( #2890, #2242, #3486, #973, #611, #261, #1594, #590, #1614, #1572 ),
 .UNSPECIFIED., .F., .F.,
 ( 4, 2, 2, 2, 4 ),
 ( 0.000000000000000000, 0.2500000000000000000, 0.5000000000000000000, 0.7500000000000000000, 1.000000000000000000 ),
 .UNSPECIFIED. ) ;
#452 = CARTESIAN_POINT ( 'NONE',  ( 32.47411294712685503, 4.412448296304789963, -0.3613976809404839119 ) ) ;
#453 = CARTESIAN_POINT ( 'NONE',  ( 17.05649301142900143, 2.164613374959744707, -1.364672334786797503 ) ) ;
#454 = CARTESIAN_POINT ( 'NONE',  ( -72.36270919818215930, 1.028568487533104481, -12.23888633471943699 ) ) ;
#455 = CARTESIAN_POINT ( 'NONE',  ( 66.98417879198578362, -5.972304474962074394, -6.860356279145685576 ) ) ;
#456 = CARTESIAN_POINT ( 'NONE',  ( 59.43336363162443803, -6.286116660569071257, -5.606055882470552199 ) ) ;
#457 = ORIENTED_EDGE ( 'NONE', *, *, #2652, .T. ) ;
#458 = CARTESIAN_POINT ( 'NONE',  ( -71.86096730968294821, -2.171158856683157001, -15.23888633471938370 ) ) ;
#459 = FACE_OUTER_BOUND ( 'NONE', #846, .T. ) ;
#460 = VERTEX_POINT ( 'NONE', #1040 ) ;
#461 = CARTESIAN_POINT ( 'NONE',  ( 9.627224332351747904, -3.768339521599774589, 0.8804686985188838744 ) ) ;
#462 = ORIENTED_EDGE ( 'NONE', *, *, #1372, .F. ) ;
#463 = B_SPLINE_CURVE_WITH_KNOTS ( 'NONE', 3,
 ( #256, #3786, #3416, #2788, #1223, #2512 ),
 .UNSPECIFIED., .F., .F.,
 ( 4, 2, 4 ),
 ( 0.000000000000000000, 0.5000000000000000000, 1.000000000000000000 ),
 .UNSPECIFIED. ) ;
#464 = CARTESIAN_POINT ( 'NONE',  ( -54.65553295648268062, -27.51257340242899474, -4.891522746678482747 ) ) ;
#465 = ADVANCED_FACE ( 'NONE', ( #3939 ), #1103, .T. ) ;
#466 = CARTESIAN_POINT ( 'NONE',  ( -0.4769992776406673518, -7.584668243112911767, -0.3987296746886619947 ) ) ;
#467 =( NAMED_UNIT ( * ) SI_UNIT ( $, .STERADIAN. ) SOLID_ANGLE_UNIT ( ) );
#468 = CARTESIAN_POINT ( 'NONE',  ( 56.81210148162212903, -24.89744629570826362, -3.184662601421978323 ) ) ;
#469 = DIRECTION ( 'NONE',  ( -0.08357805239137798547, 0.000000000000000000, 0.9965012338971106498 ) ) ;
#470 = CARTESIAN_POINT ( 'NONE',  ( -59.30685498266527844, -20.15282512598496822, -3.561222430390135418 ) ) ;
#471 = CARTESIAN_POINT ( 'NONE',  ( 72.36270919818215930, 1.028568487533104037, -15.23888633471944054 ) ) ;
#472 = CARTESIAN_POINT ( 'NONE',  ( -9.555686756630150214, -4.067225507410880958, 0.08199263675455584210 ) ) ;
#473 = CARTESIAN_POINT ( 'NONE',  ( -54.24292891372348890, 1.388029702113688257, -4.832707658032868281 ) ) ;
#474 = CARTESIAN_POINT ( 'NONE',  ( -62.48657761812643230, -9.959804985429737911, -4.068188793777547829 ) ) ;
#475 = CARTESIAN_POINT ( 'NONE',  ( -57.50468549739587587, -1.144761270703875677, -4.096551581369411110 ) ) ;
#476 = CARTESIAN_POINT ( 'NONE',  ( 58.89560150384911452, -11.81794271619483183, -4.712779414730564831 ) ) ;
#477 = ORIENTED_EDGE ( 'NONE', *, *, #2850, .F. ) ;
#478 = VECTOR ( 'NONE', #327, 1000.000000000000114 ) ;
#479 = CYLINDRICAL_SURFACE ( 'NONE', #1193, 7.356348066473861635 ) ;
#480 = CARTESIAN_POINT ( 'NONE',  ( 20.75947730946406722, 5.657392638444434851, -1.734795966360113129 ) ) ;
#481 = DIRECTION ( 'NONE',  ( 1.000000000000000000, -5.385298038120966970E-17, 0.000000000000000000 ) ) ;
#482 = CARTESIAN_POINT ( 'NONE',  ( 10.21885687564775402, -2.069064746238420849, 0.8653401364585117106 ) ) ;
#483 = EDGE_CURVE ( 'NONE', #1729, #23, #4034, .T. ) ;
#484 = ORIENTED_EDGE ( 'NONE', *, *, #657, .T. ) ;
#485 = CARTESIAN_POINT ( 'NONE',  ( -59.24044316890852002, -4.427055079442796526, -4.361597748921388629 ) ) ;
#486 = B_SPLINE_CURVE_WITH_KNOTS ( 'NONE', 3,
 ( #3253, #1661, #1014, #1700, #366, #77, #2305, #3589, #698, #1680, #1222, #2750, #1243, #1100, #1443, #2511, #3068, #563 ),
 .UNSPECIFIED., .F., .F.,
 ( 4, 2, 2, 2, 2, 2, 2, 2, 4 ),
 ( 0.000000000000000000, 0.1250000000000000278, 0.2500000000000000555, 0.3750000000000001110, 0.5000000000000001110, 0.6250000000000000000, 0.7500000000000000000, 0.8750000000000001110, 1.000000000000000000 ),
 .UNSPECIFIED. ) ;
#487 = EDGE_CURVE ( 'NONE', #6, #56, #3146, .T. ) ;
#488 = CARTESIAN_POINT ( 'NONE',  ( -4.022471887174542182, -8.867433818977792370, -0.4199131181865926599 ) ) ;
#489 = CARTESIAN_POINT ( 'NONE',  ( 72.36270919818217351, 1.028568487533104481, -12.23888633471943699 ) ) ;
#490 = ORIENTED_EDGE ( 'NONE', *, *, #3102, .F. ) ;
#491 = DIRECTION ( 'NONE',  ( -0.0005443633068965336502, -0.9999998518342840814, 2.518186154490090688E-18 ) ) ;
#492 = CARTESIAN_POINT ( 'NONE',  ( -47.41157415211753090, -28.99203072184976193, -2.715594255461362128 ) ) ;
#493 = CARTESIAN_POINT ( 'NONE',  ( -22.67608642861552326, -33.62649283098895836, -1.667057767364614307 ) ) ;
#494 = CARTESIAN_POINT ( 'NONE',  ( 29.20626565328500490, 4.210587534235829210, -0.1006555788138125268 ) ) ;
#495 = CARTESIAN_POINT ( 'NONE',  ( -31.40657485876999289, -31.62516646220151628, -1.472584308800152231 ) ) ;
#496 = CARTESIAN_POINT ( 'NONE',  ( -74.33232427436544754, 1.027496301198058903, -15.58618261426071605 ) ) ;
#497 = B_SPLINE_CURVE_WITH_KNOTS ( 'NONE', 3,
 ( #1256, #310, #3510, #1600, #617, #2522, #2191, #596, #3469, #1275, #2248, #1934, #3217, #1873, #328, #1620, #2896, #920, #408, #2374, #2938, #3591, #700, #59, #1332, #722, #2286, #3895, #99, #1016, #2622, #3274, #388, #2602, #3652, #2016, #1725, #2307, #2058, #121, #2919, #3296, #997, #1378 ),
 .UNSPECIFIED., .F., .F.,
 ( 4, 2, 2, 2, 2, 2, 2, 2, 2, 2, 2, 2, 2, 2, 2, 2, 2, 2, 2, 2, 2, 4 ),
 ( 0.000000000000000000, 0.001321656066579744802, 0.001982484099869616986, 0.002643312133159488736, 0.003964968199739227032, 0.005286624266318964462, 0.006608280332898702758, 0.007269108366188572340, 0.007929936399478441922, 0.008590764432768309769, 0.009251592466058177616, 0.01057324853263791331, 0.01189490459921764900, 0.01321656066579738296, 0.01387738869908725081, 0.01453821673237711866, 0.01585987279895685262, 0.01718152886553658484, 0.01784235689882645443, 0.01850318493211632054, 0.01982484099869604929, 0.02114649706527577458 ),
 .UNSPECIFIED. ) ;
#498 = CARTESIAN_POINT ( 'NONE',  ( 6.770832967758924070, -14.37226586872156986, -1.059150969939341325 ) ) ;
#499 = AXIS2_PLACEMENT_3D ( 'NONE', #1952, #3552, #3796 ) ;
#500 = EDGE_LOOP ( 'NONE', ( #2214, #3402, #3597, #3396, #97, #3618, #3170, #2296 ) ) ;
#501 = CARTESIAN_POINT ( 'NONE',  ( -46.71314626736172926, 7.017967568054302774, -3.836846849953867711 ) ) ;
#502 =( LENGTH_UNIT ( ) NAMED_UNIT ( * ) SI_UNIT ( .MILLI., .METRE. ) );
#503 = CARTESIAN_POINT ( 'NONE',  ( 59.57663281499777952, -9.352696012490786970, -3.604342683980197748 ) ) ;
#504 = EDGE_CURVE ( 'NONE', #1186, #1555, #2588, .T. ) ;
#505 = ORIENTED_EDGE ( 'NONE', *, *, #1414, .T. ) ;
#506 = CARTESIAN_POINT ( 'NONE',  ( 67.33142813757753231, 1.027496301198058903, -4.890732625976187187 ) ) ;
#507 = DIRECTION ( 'NONE',  ( 0.1339818617916381793, -1.156750119674707220E-14, -0.9909837842824908982 ) ) ;
#508 = DIRECTION ( 'NONE',  ( 1.966246612733025158E-08, -0.9999999999999997780, 0.000000000000000000 ) ) ;
#509 = ORIENTED_EDGE ( 'NONE', *, *, #144, .F. ) ;
#510 = CARTESIAN_POINT ( 'NONE',  ( 12.85788170344034498, 0.7005016043820935234, -0.4135877600897091555 ) ) ;
#511 = CARTESIAN_POINT ( 'NONE',  ( -9.755417003647938401, -16.20628515289199356, 0.07753751395674830793 ) ) ;
#512 = DIRECTION ( 'NONE',  ( 0.1666256826424208637, 1.445639605428299240E-15, -0.9860202238716746503 ) ) ;
#513 = CARTESIAN_POINT ( 'NONE',  ( -59.46337954442621054, -8.117446590748734536, -5.610736768620942172 ) ) ;
#514 = EDGE_LOOP ( 'NONE', ( #3348, #3822, #1770, #2515 ) ) ;
#515 = CARTESIAN_POINT ( 'NONE',  ( -33.49052217565387224, -34.58515414464570625, -2.455016272946252798 ) ) ;
#516 = CARTESIAN_POINT ( 'NONE',  ( 55.33430034993583035, -21.21479562524318752, -4.178963247104507950 ) ) ;
#517 = ORIENTED_EDGE ( 'NONE', *, *, #3520, .T. ) ;
#518 = CARTESIAN_POINT ( 'NONE',  ( 59.06240835058960670, -11.83765117022324986, -3.524313872754359256 ) ) ;
#519 =( NAMED_UNIT ( * ) PLANE_ANGLE_UNIT ( ) SI_UNIT ( $, .RADIAN. ) );
#520 = CARTESIAN_POINT ( 'NONE',  ( -26.65030653856525689, 4.023857744322824281, -1.106395462042057520 ) ) ;
#521 = ORIENTED_EDGE ( 'NONE', *, *, #4, .F. ) ;
#522 = CARTESIAN_POINT ( 'NONE',  ( 11.40748358662430206, -0.3705715824428148508, -0.3681660573257171110 ) ) ;
#523 = DIRECTION ( 'NONE',  ( -0.1293158592591708289, -7.228767685645193303E-15, 0.9916034532735665818 ) ) ;
#524 = CARTESIAN_POINT ( 'NONE',  ( -43.39948586601200020, -30.22886649158292016, -3.444036782529842800 ) ) ;
#525 = CARTESIAN_POINT ( 'NONE',  ( -58.90749079287616752, -3.248946607122637609, -3.500749085924667714 ) ) ;
#526 = VERTEX_POINT ( 'NONE', #2621 ) ;
#527 = CARTESIAN_POINT ( 'NONE',  ( -59.45973303555225442, -9.353953579702766419, -4.395700187507789458 ) ) ;
#528 = CARTESIAN_POINT ( 'NONE',  ( -10.39572806148925466, -18.55947972158576320, 0.06032866722194274445 ) ) ;
#529 = EDGE_CURVE ( 'NONE', #2695, #895, #3493, .T. ) ;
#530 = DIRECTION ( 'NONE',  ( -0.9860202238716745393, 0.000000000000000000, -0.1666256826424210857 ) ) ;
#531 = CARTESIAN_POINT ( 'NONE',  ( -22.67608642861552326, -33.62649283098895836, -1.667057767364614307 ) ) ;
#532 = VERTEX_POINT ( 'NONE', #1662 ) ;
#533 = CARTESIAN_POINT ( 'NONE',  ( -26.97144624677046210, -34.34950275451330981, -1.937938738466211230 ) ) ;
#534 = B_SPLINE_SURFACE_WITH_KNOTS ( 'NONE', 1, 3, ( 
 ( #1123, #1146, #3363, #855, #2478, #1445 ),
 ( #3752, #1168, #3111, #1808, #2458, #2438 ) ),
 .UNSPECIFIED., .F., .F., .F.,
 ( 2, 2 ),
 ( 4, 2, 4 ),
 ( 0.000000000000000000, 1.000000000000000000 ),
 ( 0.000000000000000000, 0.5000000000000000000, 1.000000000000000000 ),
 .UNSPECIFIED. ) ;
#535 = CARTESIAN_POINT ( 'NONE',  ( 71.36096738376582493, -2.170886675029708890, -15.23888633471938370 ) ) ;
#536 = ORIENTED_EDGE ( 'NONE', *, *, #2529, .T. ) ;
#537 = CARTESIAN_POINT ( 'NONE',  ( -27.97296217021638398, 6.963327306406799977, -2.007381189486818762 ) ) ;
#538 = CARTESIAN_POINT ( 'NONE',  ( -71.36129370520879434, -1.571431512466895164, -15.23888633471938370 ) ) ;
#539 = EDGE_LOOP ( 'NONE', ( #2575, #131, #1167, #3650 ) ) ;
#540 = CARTESIAN_POINT ( 'NONE',  ( -10.68345978946635810, -1.299065910847328364, 0.8528264389186133165 ) ) ;
#541 = CARTESIAN_POINT ( 'NONE',  ( 8.368755081455811151, -22.04982989101742774, -1.090591647864323388 ) ) ;
#542 = EDGE_CURVE ( 'NONE', #1270, #3904, #828, .T. ) ;
#543 = VECTOR ( 'NONE', #4100, 1000.000000000000227 ) ;
#544 = B_SPLINE_CURVE_WITH_KNOTS ( 'NONE', 1,
 ( #3648, #3084 ),
 .UNSPECIFIED., .F., .F.,
 ( 2, 2 ),
 ( 0.000000000000000000, 1.000000000000000000 ),
 .UNSPECIFIED. ) ;
#545 = CARTESIAN_POINT ( 'NONE',  ( -11.41013876191845000, -21.50636846652926337, -0.3676046761003477492 ) ) ;
#546 = CARTESIAN_POINT ( 'NONE',  ( 17.55351842731650791, -28.42806802323650572, -0.5962985397302983381 ) ) ;
#547 = DIRECTION ( 'NONE',  ( 1.000000000000000000, -5.379731069172958753E-17, 0.000000000000000000 ) ) ;
#548 = DIRECTION ( 'NONE',  ( 4.625929269271484533E-15, 0.000000000000000000, 1.000000000000000000 ) ) ;
#549 = ORIENTED_EDGE ( 'NONE', *, *, #607, .T. ) ;
#550 = CARTESIAN_POINT ( 'NONE',  ( -31.47068113656241550, -34.59223565675243606, -0.2776743667884651323 ) ) ;
#551 = FILL_AREA_STYLE ('',( #2186 ) ) ;
#552 = FACE_OUTER_BOUND ( 'NONE', #1279, .T. ) ;
#553 = ORIENTED_EDGE ( 'NONE', *, *, #2170, .T. ) ;
#554 = CARTESIAN_POINT ( 'NONE',  ( -47.26598171559211181, -28.99612849199822406, -3.906672837020707778 ) ) ;
#555 = UNCERTAINTY_MEASURE_WITH_UNIT (LENGTH_MEASURE( 1.000000000000000082E-05 ), #2284, 'distance_accuracy_value', 'NONE');
#556 = CARTESIAN_POINT ( 'NONE',  ( -3.691005181386866063, -5.769959496445904001, 0.4028029890404972169 ) ) ;
#557 = DIRECTION ( 'NONE',  ( -1.000000000000000000, 0.000000000000000000, 4.837911188450828978E-15 ) ) ;
#558 = CARTESIAN_POINT ( 'NONE',  ( 25.31807431363216310, -31.09044665393743756, -1.024826010655569997 ) ) ;
#559 = ORIENTED_EDGE ( 'NONE', *, *, #1857, .F. ) ;
#560 = CARTESIAN_POINT ( 'NONE',  ( 11.41928809992458582, -0.3705715824428147953, 0.03165992407509016227 ) ) ;
#561 = CARTESIAN_POINT ( 'NONE',  ( -0.01110381825964237151, 20.50857300697999008, 22.04382675360928445 ) ) ;
#562 = CARTESIAN_POINT ( 'NONE',  ( 54.13457609172890983, -23.38744780005217550, -3.605479456952025430 ) ) ;
#563 = CARTESIAN_POINT ( 'NONE',  ( 52.40022094785527429, 2.169978146757343573, -3.364431052626737362 ) ) ;
#564 = CARTESIAN_POINT ( 'NONE',  ( -18.51082213831467627, -32.27787774346669636, 0.5593129359228787845 ) ) ;
#565 = B_SPLINE_CURVE_WITH_KNOTS ( 'NONE', 3,
 ( #2913, #2639, #1053, #75, #3608, #54 ),
 .UNSPECIFIED., .F., .F.,
 ( 4, 2, 4 ),
 ( 0.000000000000000000, 0.5000000000000000000, 1.000000000000000000 ),
 .UNSPECIFIED. ) ;
#566 = CARTESIAN_POINT ( 'NONE',  ( 71.86096730968294821, -2.171158856683157001, -15.23888633471938370 ) ) ;
#567 = CARTESIAN_POINT ( 'NONE',  ( -83.38716195219447513, -9.550367289509793522, -7.518509396050797378 ) ) ;
#568 = ORIENTED_EDGE ( 'NONE', *, *, #2439, .F. ) ;
#569 = CARTESIAN_POINT ( 'NONE',  ( -44.35864545140902493, -33.12922180992727306, -1.539842653351943813 ) ) ;
#570 = EDGE_CURVE ( 'NONE', #4126, #228, #2937, .T. ) ;
#571 = CARTESIAN_POINT ( 'NONE',  ( -56.34160401569406673, -25.70226650138897639, -3.114913745489006569 ) ) ;
#572 = CYLINDRICAL_SURFACE ( 'NONE', #2699, 45.41281555363487143 ) ;
#573 = ORIENTED_EDGE ( 'NONE', *, *, #3501, .T. ) ;
#574 = CARTESIAN_POINT ( 'NONE',  ( -8.387866567732018552, -22.03431324792266466, -1.091132295713464595 ) ) ;
#575 = DIRECTION ( 'NONE',  ( 0.000000000000000000, 0.000000000000000000, 1.000000000000000000 ) ) ;
#576 = FACE_BOUND ( 'NONE', #3508, .T. ) ;
#577 = CARTESIAN_POINT ( 'NONE',  ( 59.60732273390525648, -6.877646156516677323, -4.823518473558921826 ) ) ;
#578 = ORIENTED_EDGE ( 'NONE', *, *, #2268, .T. ) ;
#579 = CARTESIAN_POINT ( 'NONE',  ( 59.57663281499777952, -9.352696012490786970, -3.604342683980197748 ) ) ;
#580 = AXIS2_PLACEMENT_3D ( 'NONE', #2368, #469, #2093 ) ;
#581 = VECTOR ( 'NONE', #1871, 1000.000000000000000 ) ;
#582 = VERTEX_POINT ( 'NONE', #1701 ) ;
#583 = CARTESIAN_POINT ( 'NONE',  ( -62.17406678493110661, -9.961853179025142779, -6.043422485588382465 ) ) ;
#584 = CARTESIAN_POINT ( 'NONE',  ( 49.35353916659936857, 2.999415008524489501, -2.140612148483094668 ) ) ;
#585 = CARTESIAN_POINT ( 'NONE',  ( -55.31656335830682281, 0.9254695057021995463, -2.965967007812908118 ) ) ;
#586 = EDGE_CURVE ( 'NONE', #891, #67, #2980, .T. ) ;
#587 = CARTESIAN_POINT ( 'NONE',  ( -10.42665669773803216, -18.55691319536747841, 0.8596157923531517753 ) ) ;
#588 = CARTESIAN_POINT ( 'NONE',  ( -24.68989589739551604, 6.491929769951052975, 0.4387831483149262635 ) ) ;
#589 = ORIENTED_EDGE ( 'NONE', *, *, #4080, .T. ) ;
#590 = CARTESIAN_POINT ( 'NONE',  ( -12.85788170344033610, 0.7005016043820813110, -0.4135877600897000517 ) ) ;
#591 = EDGE_CURVE ( 'NONE', #3441, #750, #1377, .T. ) ;
#592 = CARTESIAN_POINT ( 'NONE',  ( -23.31723196209597759, -30.68450847370872481, -0.9039111475431238496 ) ) ;
#593 = DIRECTION ( 'NONE',  ( 0.9989173828693509449, 0.000000000000000000, -0.04651948195591307234 ) ) ;
#594 = EDGE_LOOP ( 'NONE', ( #1227, #1709, #2669, #1690, #1342, #965, #484, #3129 ) ) ;
#595 = CARTESIAN_POINT ( 'NONE',  ( 48.25500605289746403, -31.82490027087495932, -4.030068685185029587 ) ) ;
#596 = CARTESIAN_POINT ( 'NONE',  ( -6.098681480236940899, -11.38255701081681259, 0.9520741978912015124 ) ) ;
#597 = CARTESIAN_POINT ( 'NONE',  ( 67.33147513932385664, -5.972304432543244168, -4.890740771739674919 ) ) ;
#598 = ORIENTED_EDGE ( 'NONE', *, *, #504, .F. ) ;
#599 = SURFACE_STYLE_FILL_AREA ( #3801 ) ;
#600 = VERTEX_POINT ( 'NONE', #979 ) ;
#601 = CARTESIAN_POINT ( 'NONE',  ( 8.728568979230287184, 1.287361976335709368, -1.098721675964097422 ) ) ;
#602 = B_SPLINE_CURVE_WITH_KNOTS ( 'NONE', 3,
 ( #868, #3746, #1546, #845, #4058, #3436, #546, #3125, #606, #2829 ),
 .UNSPECIFIED., .F., .F.,
 ( 4, 2, 2, 2, 4 ),
 ( 0.000000000000000000, 0.2500000000000000000, 0.5000000000000000000, 0.7500000000000000000, 1.000000000000000000 ),
 .UNSPECIFIED. ) ;
#603 = VERTEX_POINT ( 'NONE', #3551 ) ;
#604 = FACE_OUTER_BOUND ( 'NONE', #2804, .T. ) ;
#605 = CARTESIAN_POINT ( 'NONE',  ( 3.764620104879189633, -0.2812769544387508369, 0.9824161106902448148 ) ) ;
#606 = CARTESIAN_POINT ( 'NONE',  ( 21.79514512977023699, -30.37570252971806539, -0.8119283414482748595 ) ) ;
#607 = EDGE_CURVE ( 'NONE', #1067, #1617, #655, .T. ) ;
#608 = CARTESIAN_POINT ( 'NONE',  ( 50.08452706587279835, -27.69305215818025445, -3.054487145854234864 ) ) ;
#609 = CARTESIAN_POINT ( 'NONE',  ( -83.24813137528302320, -9.550367289509793522, -8.306336249601985244 ) ) ;
#610 = DIRECTION ( 'NONE',  ( 0.9967174654417190194, 0.000000000000000000, -0.08095859487068320093 ) ) ;
#611 = CARTESIAN_POINT ( 'NONE',  ( -10.63004018292715536, -1.286090014303327367, -0.3459950240590079495 ) ) ;
#612 = CARTESIAN_POINT ( 'NONE',  ( -50.21226778513222655, -31.12910406711390721, -2.264099080851925461 ) ) ;
#613 = AXIS2_PLACEMENT_3D ( 'NONE', #1727, #1082, #2376 ) ;
#614 = CARTESIAN_POINT ( 'NONE',  ( -53.38686949350041999, -24.67983417857050554, -3.499834907231396119 ) ) ;
#615 = EDGE_LOOP ( 'NONE', ( #2019, #1822, #313, #2587 ) ) ;
#616 = DIRECTION ( 'NONE',  ( 0.0005443633068965336502, 0.9999998518342840814, -2.518186154490093769E-18 ) ) ;
#617 = CARTESIAN_POINT ( 'NONE',  ( -6.569024666651997357, -12.62672678287681372, 0.9443569893964560702 ) ) ;
#618 = CARTESIAN_POINT ( 'NONE',  ( 11.84384518244358553, 0.01365998053084817136, -1.181802894844781626 ) ) ;
#619 = CARTESIAN_POINT ( 'NONE',  ( 72.36096723560009991, -2.171431038336605113, -14.26371814922621262 ) ) ;
#620 = ORIENTED_EDGE ( 'NONE', *, *, #2870, .F. ) ;
#621 = EDGE_CURVE ( 'NONE', #2204, #2196, #1379, .T. ) ;
#622 = CARTESIAN_POINT ( 'NONE',  ( 36.55477609732515987, -31.41038612245166561, -0.7255979620792324392 ) ) ;
#623 = VERTEX_POINT ( 'NONE', #3046 ) ;
#624 = CARTESIAN_POINT ( 'NONE',  ( -30.34797293277534180, -31.56093717073150984, -2.194289603391696986 ) ) ;
#625 = B_SPLINE_CURVE_WITH_KNOTS ( 'NONE', 3,
 ( #4138, #660, #1916, #1956, #3821, #2251, #1278, #2566, #3842, #3259, #3219, #331, #1622, #2900, #20, #1299, #3617, #2671 ),
 .UNSPECIFIED., .F., .F.,
 ( 4, 2, 2, 2, 2, 2, 2, 2, 4 ),
 ( 2.959120860677220389E-12, 0.004639399184160349944, 0.006959098774760964085, 0.009278798365361579092, 0.01043864816066188313, 0.01159849795596218890, 0.01391819754656279870, 0.01623789713716341024, 0.01855759672776402178 ),
 .UNSPECIFIED. ) ;
#626 = CARTESIAN_POINT ( 'NONE',  ( 1.512990302380412544, -0.5552439961066955032, 0.9972315557073192505 ) ) ;
#627 = CARTESIAN_POINT ( 'NONE',  ( -14.11199244165889866, -25.35862452056261063, 0.7432039262915471900 ) ) ;
#628 = CARTESIAN_POINT ( 'NONE',  ( -85.02729483969763180, -11.25322035869498905, -9.432588487279675249 ) ) ;
#629 = ORIENTED_EDGE ( 'NONE', *, *, #3875, .F. ) ;
#630 = CARTESIAN_POINT ( 'NONE',  ( 53.97042376938023978, -23.38964688655295987, -4.794165262184212573 ) ) ;
#631 = SURFACE_STYLE_FILL_AREA ( #551 ) ;
#632 = EDGE_CURVE ( 'NONE', #773, #246, #3883, .T. ) ;
#633 = CARTESIAN_POINT ( 'NONE',  ( -9.522598872476157439, -4.066703691913454044, -1.117531654426466625 ) ) ;
#634 = VERTEX_POINT ( 'NONE', #3401 ) ;
#635 = CARTESIAN_POINT ( 'NONE',  ( -6.830263914453380991, -14.37196701744635874, 0.9395455454612601232 ) ) ;
#636 = CARTESIAN_POINT ( 'NONE',  ( 6.770832967758924070, -14.37226586872156986, -1.059150969939341325 ) ) ;
#637 = DIRECTION ( 'NONE',  ( -0.9999998518342840814, -0.0005443633068965336502, 0.000000000000000000 ) ) ;
#638 = VECTOR ( 'NONE', #3952, 1000.000000000000000 ) ;
#639 = CARTESIAN_POINT ( 'NONE',  ( 10.38498163763279258, -18.55947972158575965, -0.3395269496878072779 ) ) ;
#640 = PRESENTATION_STYLE_ASSIGNMENT (( #3879 ) ) ;
#641 = ORIENTED_EDGE ( 'NONE', *, *, #621, .F. ) ;
#642 = CARTESIAN_POINT ( 'NONE',  ( 37.57174817407873491, -31.30517314923937633, -0.8232485850712091269 ) ) ;
#643 = EDGE_LOOP ( 'NONE', ( #1385, #3451, #3377, #1920, #291, #1374, #3659, #2087, #1382 ) ) ;
#644 = CARTESIAN_POINT ( 'NONE',  ( 53.33168120624100084, -24.67983492730165551, -3.896010198753180109 ) ) ;
#645 = AXIS2_PLACEMENT_3D ( 'NONE', #2117, #1825, #2391 ) ;
#646 = LINE ( 'NONE', #1304, #2915 ) ;
#647 = CARTESIAN_POINT ( 'NONE',  ( -5.153833288976302995, -0.3728262295290246109, -0.4221349279513378350 ) ) ;
#648 = ORIENTED_EDGE ( 'NONE', *, *, #504, .T. ) ;
#649 = PRESENTATION_STYLE_ASSIGNMENT (( #3545 ) ) ;
#650 = EDGE_CURVE ( 'NONE', #3191, #891, #3713, .T. ) ;
#651 = CARTESIAN_POINT ( 'NONE',  ( -72.36270908967155435, -1.571431512466895164, -17.23888633471944232 ) ) ;
#652 = CARTESIAN_POINT ( 'NONE',  ( 54.24277224150512922, -23.38525610815846534, -2.812860548487907675 ) ) ;
#653 = EDGE_LOOP ( 'NONE', ( #462, #2042, #536, #2567 ) ) ;
#654 = CARTESIAN_POINT ( 'NONE',  ( 31.25754429154862279, -34.62732547160567265, -2.262471183535365693 ) ) ;
#655 = LINE ( 'NONE', #3003, #1761 ) ;
#656 = CARTESIAN_POINT ( 'NONE',  ( 49.22319530037951552, 3.005035194821735534, -3.333917781951023507 ) ) ;
#657 = EDGE_CURVE ( 'NONE', #1477, #3983, #1231, .T. ) ;
#658 = CARTESIAN_POINT ( 'NONE',  ( 74.33232427436546175, 1.027496301198058903, -12.58618261426071250 ) ) ;
#659 = B_SPLINE_CURVE_WITH_KNOTS ( 'NONE', 3,
 ( #635, #959, #2878, #1274 ),
 .UNSPECIFIED., .F., .F.,
 ( 4, 4 ),
 ( 0.000000000000000000, 1.000000000000000000 ),
 .UNSPECIFIED. ) ;
#660 = CARTESIAN_POINT ( 'NONE',  ( 10.75727376011719727, -20.07806786845472757, -1.149802251474626225 ) ) ;
#661 = ORIENTED_EDGE ( 'NONE', *, *, #1372, .T. ) ;
#662 = EDGE_CURVE ( 'NONE', #3335, #1270, #425, .T. ) ;
#663 = CARTESIAN_POINT ( 'NONE',  ( 31.48007148236804653, -31.62473417136378018, -0.2746682706730181889 ) ) ;
#664 = ORIENTED_EDGE ( 'NONE', *, *, #1389, .T. ) ;
#665 = ADVANCED_FACE ( 'NONE', ( #302 ), #3128, .F. ) ;
#666 = CARTESIAN_POINT ( 'NONE',  ( 50.12460538285067457, -27.74486028184681174, -3.058542987423920501 ) ) ;
#667 = VECTOR ( 'NONE', #3422, 1000.000000000000000 ) ;
#668 = CARTESIAN_POINT ( 'NONE',  ( 56.62169920746863738, -24.90037348534020722, -4.504274888017723022 ) ) ;
#669 = CARTESIAN_POINT ( 'NONE',  ( -5.164505207022610733, -0.3728262295290246109, 0.3778192414932942111 ) ) ;
#670 = CARTESIAN_POINT ( 'NONE',  ( -37.54178829669752560, -31.33405333684924443, -1.620054459700542626 ) ) ;
#671 = DIRECTION ( 'NONE',  ( 4.173484458121925752E-08, 0.9999999999999992228, -7.358978692125614202E-09 ) ) ;
#672 = DIRECTION ( 'NONE',  ( -0.9910528740285972082, 0.000000000000000000, 0.1334698500773016938 ) ) ;
#673 = FACE_OUTER_BOUND ( 'NONE', #615, .T. ) ;
#674 = ORIENTED_EDGE ( 'NONE', *, *, #3526, .T. ) ;
#675 = FILL_AREA_STYLE_COLOUR ( '', #2411 ) ;
#676 = UNCERTAINTY_MEASURE_WITH_UNIT (LENGTH_MEASURE( 1.000000000000000082E-05 ), #2616, 'distance_accuracy_value', 'NONE');
#677 = CARTESIAN_POINT ( 'NONE',  ( -26.67788439088677066, 4.023857744322824281, -0.7073334039813281571 ) ) ;
#678 = B_SPLINE_CURVE_WITH_KNOTS ( 'NONE', 3,
 ( #468, #3993, #713, #1095, #2367, #2009 ),
 .UNSPECIFIED., .F., .F.,
 ( 4, 2, 4 ),
 ( 3.998778568719247938E-13, 0.008001445063861391260, 0.01600289012732289753 ),
 .UNSPECIFIED. ) ;
#679 = CARTESIAN_POINT ( 'NONE',  ( 64.66823698892490313, -6.751734813074507180, -4.430624330091322172 ) ) ;
#680 = DIRECTION ( 'NONE',  ( 1.000000000000000000, 0.000000000000000000, 9.578695379593080197E-09 ) ) ;
#681 = CARTESIAN_POINT ( 'NONE',  ( 5.082171984949457766, -9.930664797999044779, -1.033350858615177392 ) ) ;
#682 = CARTESIAN_POINT ( 'NONE',  ( -9.124605069403035174, -9.321047096406250176, -1.107933662158297583 ) ) ;
#683 = CARTESIAN_POINT ( 'NONE',  ( 27.10187786127858089, -34.34347703252841910, 0.05774237760748686388 ) ) ;
#684 = ORIENTED_EDGE ( 'NONE', *, *, #3989, .F. ) ;
#685 = EDGE_CURVE ( 'NONE', #2745, #2755, #1550, .T. ) ;
#686 = CARTESIAN_POINT ( 'NONE',  ( 23.34990407083299502, -30.68205076994255975, -0.3715951121664273771 ) ) ;
#687 = B_SPLINE_CURVE_WITH_KNOTS ( 'NONE', 3,
 ( #2761, #3389, #3118, #3740 ),
 .UNSPECIFIED., .F., .F.,
 ( 4, 4 ),
 ( 0.009313221475551471465, 0.01452530219990891096 ),
 .UNSPECIFIED. ) ;
#688 = B_SPLINE_CURVE_WITH_KNOTS ( 'NONE', 3,
 ( #2541, #2859, #268, #3490, #1891, #1579, #3235, #2880, #3198, #4133, #3817, #2230, #3857, #981 ),
 .UNSPECIFIED., .F., .F.,
 ( 4, 2, 2, 2, 2, 2, 4 ),
 ( 2.492359036808033877E-11, 0.009683969985879919973, 0.01936793994683624898, 0.02178893243707533123, 0.02420992492731441348, 0.02905190990779257798, 0.03873587986874890698 ),
 .UNSPECIFIED. ) ;
#689 = PRODUCT_DEFINITION_FORMATION_WITH_SPECIFIED_SOURCE ( 'ANY', '', #66, .NOT_KNOWN. ) ;
#690 = AXIS2_PLACEMENT_3D ( 'NONE', #951, #2811, #2533 ) ;
#691 = CARTESIAN_POINT ( 'NONE',  ( -23.39001403186060202, -30.68256082903890913, 0.2938580573995622225 ) ) ;
#692 = CARTESIAN_POINT ( 'NONE',  ( -5.143161370929995257, -0.3728262295290246109, -1.222089097395966384 ) ) ;
#693 = VERTEX_POINT ( 'NONE', #3461 ) ;
#694 = CARTESIAN_POINT ( 'NONE',  ( 27.36425923759100698, -31.35971720916294458, -0.7633831657449789976 ) ) ;
#695 = DIRECTION ( 'NONE',  ( 0.9994923749638410237, 0.000000000000000000, 0.03185894519818400356 ) ) ;
#696 = CARTESIAN_POINT ( 'NONE',  ( 36.41398015012793365, 4.514583776060134390, -1.503375728461380456 ) ) ;
#697 = ORIENTED_EDGE ( 'NONE', *, *, #586, .F. ) ;
#698 = CARTESIAN_POINT ( 'NONE',  ( 58.52753968899842363, -2.703437305303370675, -4.251756057324731941 ) ) ;
#699 = CARTESIAN_POINT ( 'NONE',  ( -45.44894758665701318, -29.67350894166783348, -2.876329724763326379 ) ) ;
#700 = CARTESIAN_POINT ( 'NONE',  ( -0.4432400113026998545, -7.656072540234832857, 0.9999969960795686008 ) ) ;
#701 = CYLINDRICAL_SURFACE ( 'NONE', #3711, 0.4999999999999796829 ) ;
#702 = CARTESIAN_POINT ( 'NONE',  ( -72.36096723560009991, -2.171431038336605113, -14.26371814922621262 ) ) ;
#703 = CARTESIAN_POINT ( 'NONE',  ( 23.39007884152525563, -30.68223936111589367, 0.2938519568721940645 ) ) ;
#704 = VECTOR ( 'NONE', #671, 999.9999999999998863 ) ;
#705 = DIRECTION ( 'NONE',  ( -0.03164710794536114424, 0.000000000000000000, 0.9994991048313623949 ) ) ;
#706 = VERTEX_POINT ( 'NONE', #1510 ) ;
#707 = CARTESIAN_POINT ( 'NONE',  ( -9.522598872476157439, -4.066703691913454044, -1.117531654426466625 ) ) ;
#708 = ORIENTED_EDGE ( 'NONE', *, *, #3067, .F. ) ;
#709 = CARTESIAN_POINT ( 'NONE',  ( -71.86096730968294821, -2.171158856683157001, -15.23888633471938370 ) ) ;
#710 = CARTESIAN_POINT ( 'NONE',  ( 56.71930312579731037, -24.90032411644164156, -3.844791827166563536 ) ) ;
#711 = EDGE_CURVE ( 'NONE', #2024, #1499, #1776, .T. ) ;
#712 = EDGE_CURVE ( 'NONE', #3472, #178, #3127, .T. ) ;
#713 = CARTESIAN_POINT ( 'NONE',  ( 59.30640520564534057, -20.15262449979279680, -3.561152856791796051 ) ) ;
#714 = CARTESIAN_POINT ( 'NONE',  ( 23.34136073444825499, -30.68450847370865375, -0.5046395578391371650 ) ) ;
#715 = CARTESIAN_POINT ( 'NONE',  ( -57.81864542171607013, -1.643059569525868735, -4.548503323288372258 ) ) ;
#716 = AXIS2_PLACEMENT_3D ( 'NONE', #1505, #1140, #1162 ) ;
#717 =( GEOMETRIC_REPRESENTATION_CONTEXT ( 3 ) GLOBAL_UNCERTAINTY_ASSIGNED_CONTEXT ( ( #555 ) ) GLOBAL_UNIT_ASSIGNED_CONTEXT ( ( #2284, #3315, #3294 ) ) REPRESENTATION_CONTEXT ( 'NONE', 'WORKASPACE' ) );
#718 = CARTESIAN_POINT ( 'NONE',  ( -59.52264734376944944, -8.744268348890818388, -4.810291964501650419 ) ) ;
#719 = ORIENTED_EDGE ( 'NONE', *, *, #591, .T. ) ;
#720 = EDGE_CURVE ( 'NONE', #3754, #285, #1865, .T. ) ;
#721 = CARTESIAN_POINT ( 'NONE',  ( 9.069765063203563571, -8.924293864813204635, -0.3063930546751019168 ) ) ;
#722 = CARTESIAN_POINT ( 'NONE',  ( 1.752004541464557308, -7.869480223461030377, 0.9962838959876566536 ) ) ;
#723 = CARTESIAN_POINT ( 'NONE',  ( 22.75527517888859563, -33.62249264915999447, -0.3361186108373458992 ) ) ;
#724 = DIRECTION ( 'NONE',  ( -0.8119953427286267233, 0.000000000000000000, 0.5836639130415894883 ) ) ;
#725 = CARTESIAN_POINT ( 'NONE',  ( -55.39215172056573522, -21.21377376310188367, -3.783164220104278996 ) ) ;
#726 = CARTESIAN_POINT ( 'NONE',  ( -10.00873380900355336, -17.03887243384682648, 0.8710232428567331597 ) ) ;
#727 = VERTEX_POINT ( 'NONE', #531 ) ;
#728 = CARTESIAN_POINT ( 'NONE',  ( -26.65030653856525689, 4.023857744322824281, -1.106395462042057520 ) ) ;
#729 = EDGE_LOOP ( 'NONE', ( #2692, #549, #2452, #3540 ) ) ;
#730 = CARTESIAN_POINT ( 'NONE',  ( -48.25490760331916817, -31.82461956704189632, -4.030061489257390939 ) ) ;
#731 = CARTESIAN_POINT ( 'NONE',  ( -49.92459151148796792, -27.69568021842684047, -4.243800750408071920 ) ) ;
#732 = CARTESIAN_POINT ( 'NONE',  ( -6.513769980162341433, -16.47775753404176413, 1.145311803467630396 ) ) ;
#733 = PRESENTATION_STYLE_ASSIGNMENT (( #2050 ) ) ;
#734 = CARTESIAN_POINT ( 'NONE',  ( 17.57168288429010872, -28.42806802323650572, -0.1967086252088479370 ) ) ;
#735 = CARTESIAN_POINT ( 'NONE',  ( -71.86096730968294821, -2.171158856683157001, -15.23888633471938370 ) ) ;
#736 = ADVANCED_FACE ( 'NONE', ( #4148 ), #1366, .F. ) ;
#737 = CARTESIAN_POINT ( 'NONE',  ( -72.36096723560009991, -2.171431038336605113, -14.26371814922621262 ) ) ;
#738 = DIRECTION ( 'NONE',  ( 0.9848076114973283168, -0.0005360932074821968610, -0.1736481527140441850 ) ) ;
#739 = ORIENTED_EDGE ( 'NONE', *, *, #4080, .F. ) ;
#740 = CARTESIAN_POINT ( 'NONE',  ( -48.50210279798924518, -31.81614761215615417, -2.045522794672268496 ) ) ;
#741 = CARTESIAN_POINT ( 'NONE',  ( 9.182289731064130933, -6.476866462390806767, -0.3089055198758754450 ) ) ;
#742 = B_SPLINE_CURVE_WITH_KNOTS ( 'NONE', 3,
 ( #926, #2454, #3975, #1163, #3358, #2434, #3730, #2138, #849, #2413, #4039, #4061, #779, #2771, #1743, #180, #2705, #3021 ),
 .UNSPECIFIED., .F., .F.,
 ( 4, 2, 2, 2, 2, 2, 2, 2, 4 ),
 ( 0.000000000000000000, 0.004639242317696599081, 0.006958863476544898188, 0.009278484635393198163, 0.01043829521481734295, 0.01159810579424148946, 0.01391772695308979291, 0.01623734811193809635, 0.01855696927078639979 ),
 .UNSPECIFIED. ) ;
#743 = CARTESIAN_POINT ( 'NONE',  ( -58.89560150384992454, -11.81794271619397918, -4.712779414729447502 ) ) ;
#744 = CARTESIAN_POINT ( 'NONE',  ( -43.54112965218974551, -30.22243126600640650, -2.252310342629329387 ) ) ;
#745 = ORIENTED_EDGE ( 'NONE', *, *, #1943, .T. ) ;
#746 = CARTESIAN_POINT ( 'NONE',  ( -3.370771516518571875, -8.550994666067264660, -1.014678568770783551 ) ) ;
#747 = CARTESIAN_POINT ( 'NONE',  ( -13.65799134670177217, 1.054516604169233318, -1.241759987827080636 ) ) ;
#748 = ORIENTED_EDGE ( 'NONE', *, *, #3350, .T. ) ;
#749 = CARTESIAN_POINT ( 'NONE',  ( -52.40022094785455664, 2.169978146757524762, -3.364431052626638330 ) ) ;
#750 = VERTEX_POINT ( 'NONE', #50 ) ;
#751 = CARTESIAN_POINT ( 'NONE',  ( -58.80020144577255081, -3.260850363172595578, -4.293653383896898212 ) ) ;
#752 = EDGE_CURVE ( 'NONE', #126, #532, #1325, .T. ) ;
#753 = MANIFOLD_SOLID_BREP ( 'Thicken1', #3279 ) ;
#754 = DIRECTION ( 'NONE',  ( 4.615198660203559618E-17, 1.000000000000000000, -3.736488172122332627E-18 ) ) ;
#755 = CARTESIAN_POINT ( 'NONE',  ( 54.07861530701774910, -23.38744780005217550, -4.001545601143241981 ) ) ;
#756 = CARTESIAN_POINT ( 'NONE',  ( 54.07861530701774910, -23.38744780005217550, -4.001545601143241981 ) ) ;
#757 = CARTESIAN_POINT ( 'NONE',  ( 10.35365832981629985, -18.56215944170708454, -1.138790000481002984 ) ) ;
#758 = CARTESIAN_POINT ( 'NONE',  ( 13.11495530246418006, -24.14712105820970223, 0.7784484883285986978 ) ) ;
#759 = DIRECTION ( 'NONE',  ( -0.9999998518342840814, 0.0005443633068966335052, 0.000000000000000000 ) ) ;
#760 = CARTESIAN_POINT ( 'NONE',  ( -13.02779643972594315, -24.17328014133338243, -0.01853969143059803343 ) ) ;
#761 = ORIENTED_EDGE ( 'NONE', *, *, #1028, .F. ) ;
#762 = CARTESIAN_POINT ( 'NONE',  ( -52.23896421689945413, 2.174703292199955396, -4.553471990397930824 ) ) ;
#763 = B_SPLINE_SURFACE_WITH_KNOTS ( 'NONE', 1, 3, ( 
 ( #2033, #1012, #3292, #3587, #696, #3548, #3270, #385, #2956, #96 ),
 ( #3913, #1035, #404, #1698, #1373, #3933, #2349, #3629, #1120, #3996 ) ),
 .UNSPECIFIED., .F., .F., .F.,
 ( 2, 2 ),
 ( 4, 2, 2, 2, 4 ),
 ( 0.000000000000000000, 1.000000000000000000 ),
 ( 0.000000000000000000, 0.2500000000000000000, 0.5000000000000000000, 0.7500000000000000000, 1.000000000000000000 ),
 .UNSPECIFIED. ) ;
#764 = EDGE_CURVE ( 'NONE', #706, #2733, #1214, .T. ) ;
#765 = CARTESIAN_POINT ( 'NONE',  ( -52.40022094785518192, 2.169978146757362669, -3.364431052626638330 ) ) ;
#766 = DIRECTION ( 'NONE',  ( -1.966246612733023172E-08, -0.9999999999999997780, -3.467023854065229448E-09 ) ) ;
#767 = EDGE_LOOP ( 'NONE', ( #1940, #3119, #1801, #2034 ) ) ;
#768 = CARTESIAN_POINT ( 'NONE',  ( -2.782655228654551838, -8.250653138956918653, -1.009983423775701050 ) ) ;
#769 = ADVANCED_FACE ( 'NONE', ( #2091 ), #1393, .F. ) ;
#770 = CARTESIAN_POINT ( 'NONE',  ( -3.698632272939463395, -5.769959496445904001, 1.202808780112794018 ) ) ;
#771 = VERTEX_POINT ( 'NONE', #2030 ) ;
#772 = CARTESIAN_POINT ( 'NONE',  ( 11.46260850621100857, -0.3821100235413683044, 0.8305983211527663279 ) ) ;
#773 = VERTEX_POINT ( 'NONE', #177 ) ;
#774 = CARTESIAN_POINT ( 'NONE',  ( -52.28777677516513478, -29.69914521326513679, -4.559550050120425801 ) ) ;
#775 = CARTESIAN_POINT ( 'NONE',  ( -54.07861530701788411, -23.38744780005218971, -4.001545601143241981 ) ) ;
#776 = DIRECTION ( 'NONE',  ( 0.1468961855306511743, 1.081736156819057242E-15, -0.9891519148626991553 ) ) ;
#777 = DIRECTION ( 'NONE',  ( -0.9999998518342840814, 0.0005443633068966335052, 0.000000000000000000 ) ) ;
#778 = CARTESIAN_POINT ( 'NONE',  ( -13.97444591346496523, 1.148922094363601376, -0.4526849711010139110 ) ) ;
#779 = CARTESIAN_POINT ( 'NONE',  ( -12.57659341113227569, -23.51002578273392629, -1.204866724477925199 ) ) ;
#780 = CARTESIAN_POINT ( 'NONE',  ( -11.41013876191845000, -21.50636846652926337, -0.3676046761003477492 ) ) ;
#781 = CARTESIAN_POINT ( 'NONE',  ( 7.669494771144791834, -19.92381742797710587, 0.9243414445070825547 ) ) ;
#782 = CARTESIAN_POINT ( 'NONE',  ( 52.23898935287444800, 2.174796628552852162, -4.553470942937517307 ) ) ;
#783 = CARTESIAN_POINT ( 'NONE',  ( 66.98417885191005894, 1.028568487533104481, -12.23888633471946363 ) ) ;
#784 = EDGE_CURVE ( 'NONE', #623, #1910, #2375, .T. ) ;
#785 = FACE_OUTER_BOUND ( 'NONE', #1889, .T. ) ;
#786 = DIRECTION ( 'NONE',  ( -0.8119953427286267233, -3.965605148610141197E-17, -0.5836639130415894883 ) ) ;
#787 = AXIS2_PLACEMENT_3D ( 'NONE', #3263, #3519, #1650 ) ;
#788 = ORIENTED_EDGE ( 'NONE', *, *, #1028, .T. ) ;
#789 = CARTESIAN_POINT ( 'NONE',  ( 56.58772277482668045, -18.92785460689901100, -3.150381147101625867 ) ) ;
#790 = EDGE_CURVE ( 'NONE', #3183, #2579, #3666, .T. ) ;
#791 = CARTESIAN_POINT ( 'NONE',  ( 51.67909398739273286, 6.370305151598564919, -2.232325796266332318 ) ) ;
#792 = CARTESIAN_POINT ( 'NONE',  ( 48.25500605289746403, -31.82490027087495932, -4.030068685185029587 ) ) ;
#793 = CARTESIAN_POINT ( 'NONE',  ( 66.41835767972639815, -5.973096690412699417, -6.760586750016124746 ) ) ;
#794 = VERTEX_POINT ( 'NONE', #489 ) ;
#795 = ADVANCED_FACE ( 'NONE', ( #822 ), #1116, .T. ) ;
#796 = DIRECTION ( 'NONE',  ( 0.9999998518342840814, 0.0005443633068966335052, 0.000000000000000000 ) ) ;
#797 = B_SPLINE_CURVE_WITH_KNOTS ( 'NONE', 3,
 ( #2536, #2260, #569, #4150, #1552, #2224, #1887, #550, #1287, #3525, #3171, #1846 ),
 .UNSPECIFIED., .F., .F.,
 ( 4, 2, 2, 2, 2, 4 ),
 ( 3.400514786248704373E-11, 0.006504304557601818700, 0.01300860908119848974, 0.01626076134299683784, 0.01951291360479518247, 0.02601721812839185785 ),
 .UNSPECIFIED. ) ;
#798 = VECTOR ( 'NONE', #1868, 1000.000000000000000 ) ;
#799 = CARTESIAN_POINT ( 'NONE',  ( -2.339210523278004938, -7.978312530076289377, -0.4056928916934200435 ) ) ;
#800 = SURFACE_STYLE_FILL_AREA ( #2366 ) ;
#801 = CARTESIAN_POINT ( 'NONE',  ( 16.27122431030377214, -27.52245502340909056, -0.5409427996174041020 ) ) ;
#802 = CARTESIAN_POINT ( 'NONE',  ( 59.39826745182346457, -9.353953579702759313, -4.790949453183035445 ) ) ;
#803 = CARTESIAN_POINT ( 'NONE',  ( -36.81703050450893500, 13.81254277370385353, 47.09729385078823327 ) ) ;
#804 = CARTESIAN_POINT ( 'NONE',  ( -72.36096723560009991, -2.171431038336605113, -14.26371814922621262 ) ) ;
#805 = CARTESIAN_POINT ( 'NONE',  ( 25.14546066347634934, 3.752858749290246987, 0.1871467062052357411 ) ) ;
#806 = CARTESIAN_POINT ( 'NONE',  ( -58.95432500428240985, -4.128688733590205828, -5.531649447543250275 ) ) ;
#807 = DIRECTION ( 'NONE',  ( 1.000000000000000000, 0.000000000000000000, 4.837911188450828978E-15 ) ) ;
#808 = CARTESIAN_POINT ( 'NONE',  ( 52.91853490852881947, -29.39651542268018147, -2.627890719405263198 ) ) ;
#809 = MANIFOLD_SOLID_BREP ( 'Mirror1', #1469 ) ;
#810 = ORIENTED_EDGE ( 'NONE', *, *, #159, .T. ) ;
#811 = AXIS2_PLACEMENT_3D ( 'NONE', #3851, #2597, #3869 ) ;
#812 = CARTESIAN_POINT ( 'NONE',  ( -54.24251919480320794, -23.38510682105046357, -2.812828075175455744 ) ) ;
#813 = CARTESIAN_POINT ( 'NONE',  ( 85.16621338183117018, -11.25322035869499793, -8.644742284869915139 ) ) ;
#814 =( NAMED_UNIT ( * ) SI_UNIT ( $, .STERADIAN. ) SOLID_ANGLE_UNIT ( ) );
#815 = CARTESIAN_POINT ( 'NONE',  ( 56.61206125769154340, -0.2282836251278638207, -4.367828324851108945 ) ) ;
#816 = ORIENTED_EDGE ( 'NONE', *, *, #3655, .F. ) ;
#817 = CARTESIAN_POINT ( 'NONE',  ( -66.98417879198578362, -5.972304474962074394, -6.860356279145685576 ) ) ;
#818 = CARTESIAN_POINT ( 'NONE',  ( 67.21596891206358748, -5.972299720997265915, -5.545809234330437043 ) ) ;
#819 = VECTOR ( 'NONE', #3032, 1000.000000000000000 ) ;
#820 = EDGE_CURVE ( 'NONE', #1520, #4140, #2702, .T. ) ;
#821 = DIRECTION ( 'NONE',  ( 0.9897547569913133225, 0.000000000000000000, -0.1427778729813075631 ) ) ;
#822 = FACE_OUTER_BOUND ( 'NONE', #1264, .T. ) ;
#823 = ORIENTED_EDGE ( 'NONE', *, *, #4029, .F. ) ;
#824 = CARTESIAN_POINT ( 'NONE',  ( 72.36096723560009991, -2.171431038336605113, -15.23888633471938370 ) ) ;
#825 = B_SPLINE_CURVE_WITH_KNOTS ( 'NONE', 3,
 ( #633, #1554, #2518, #1929 ),
 .UNSPECIFIED., .F., .F.,
 ( 4, 4 ),
 ( 0.000000000000000000, 1.000000000000000000 ),
 .UNSPECIFIED. ) ;
#826 = CARTESIAN_POINT ( 'NONE',  ( -53.33161728111588218, -24.64507226406947282, -3.492578209169034498 ) ) ;
#827 = CARTESIAN_POINT ( 'NONE',  ( 22.67612527335521833, -33.62629957799191516, -1.667061108909974498 ) ) ;
#828 = B_SPLINE_CURVE_WITH_KNOTS ( 'NONE', 3,
 ( #3936, #2285, #3295, #2918 ),
 .UNSPECIFIED., .F., .F.,
 ( 4, 4 ),
 ( 0.000000000000000000, 1.000000000000000000 ),
 .UNSPECIFIED. ) ;
#829 = CARTESIAN_POINT ( 'NONE',  ( -31.43907451809382891, -31.62516646220151628, -1.073901184539819642 ) ) ;
#830 = ORIENTED_EDGE ( 'NONE', *, *, #2870, .T. ) ;
#831 = CARTESIAN_POINT ( 'NONE',  ( -63.42430986207724430, -7.902413905655257587, -4.222330731487275557 ) ) ;
#832 = CARTESIAN_POINT ( 'NONE',  ( 58.08166632505652416, -2.229723568902643116, -5.397646986578551243 ) ) ;
#833 = ORIENTED_EDGE ( 'NONE', *, *, #3473, .T. ) ;
#834 = CARTESIAN_POINT ( 'NONE',  ( -62.41698709926805577, 3.041473172142682202, -6.075842650499373221 ) ) ;
#835 = CARTESIAN_POINT ( 'NONE',  ( 64.87383711780614703, 2.118897876212712639, -5.873912793700287516 ) ) ;
#836 = CARTESIAN_POINT ( 'NONE',  ( 52.65316087052124772, -29.39523926587736113, -4.610221531654600469 ) ) ;
#837 = CARTESIAN_POINT ( 'NONE',  ( -21.81597668250193323, -30.37535349500696213, -0.4124575807366910873 ) ) ;
#838 = B_SPLINE_SURFACE_WITH_KNOTS ( 'NONE', 3, 3, ( 
 ( #1407, #3658, #770, #1431, #2715, #2945, #1042, #3985, #86, #3678, #791, #2082, #1666, #2334, #63, #3901, #1021, #2312 ),
 ( #2649, #3136, #556, #188, #3096, #209, #2423, #4048, #2462, #2169, #3775, #1853, #2502, #2104, #3698, #3739, #1833, #813 ),
 ( #860, #169, #2735, #248, #3756, #1191, #1535, #1150, #2148, #3447, #3428, #4005, #835, #1129, #4070, #3115, #2820, #1494 ),
 ( #1517, #2801, #4092, #1813, #878, #1212, #480, #898, #2483, #2190, #3387, #1772, #4027, #2126, #3075, #3052, #1451, #2757 ) ),
 .UNSPECIFIED., .F., .F., .F.,
 ( 4, 4 ),
 ( 4, 1, 1, 1, 1, 1, 1, 1, 1, 1, 1, 1, 1, 1, 1, 4 ),
 ( 0.000000000000000000, 1.000000000000000000 ),
 ( 0.000000000000000000, 0.07409154454548870505, 0.1481588146560472163, 0.2106205463853571269, 0.2592433391338634374, 0.3332621778110893551, 0.4072690376074992180, 0.4812691514002258586, 0.5552680836921037866, 0.6292714570895949766, 0.7032846758299534651, 0.7773126603914318755, 0.8144119915956027356, 0.8886415297786942613, 0.9628710679617858981, 1.000000000000000000 ),
 .UNSPECIFIED. ) ;
#839 = ORIENTED_EDGE ( 'NONE', *, *, #1943, .F. ) ;
#840 = CARTESIAN_POINT ( 'NONE',  ( -12.14779708541627734, 0.2001265303467134327, 0.8097424660454286549 ) ) ;
#841 = CARTESIAN_POINT ( 'NONE',  ( 14.11239177324840277, -29.58209075368454677, -1.258000490522850123 ) ) ;
#842 = EDGE_CURVE ( 'NONE', #895, #1910, #1569, .T. ) ;
#843 = FACE_OUTER_BOUND ( 'NONE', #945, .T. ) ;
#844 = B_SPLINE_CURVE_WITH_KNOTS ( 'NONE', 3,
 ( #4072, #901, #2106, #503 ),
 .UNSPECIFIED., .F., .F.,
 ( 4, 4 ),
 ( 0.000000000000000000, 1.000000000000000000 ),
 .UNSPECIFIED. ) ;
#845 = CARTESIAN_POINT ( 'NONE',  ( 13.01434656665904299, -24.17326890789896510, -0.4183134872551572681 ) ) ;
#846 = EDGE_LOOP ( 'NONE', ( #977, #129, #3530, #3214 ) ) ;
#847 = CARTESIAN_POINT ( 'NONE',  ( 10.84751286884216803, -20.07137045335078795, 0.8484556302843305753 ) ) ;
#848 = VECTOR ( 'NONE', #4014, 1000.000000000000000 ) ;
#849 = CARTESIAN_POINT ( 'NONE',  ( -14.54634796634342031, -25.92365141892897284, -1.274274840082626259 ) ) ;
#850 = EDGE_CURVE ( 'NONE', #1969, #3497, #463, .T. ) ;
#851 = CARTESIAN_POINT ( 'NONE',  ( -59.45973303555225442, -9.353953579702766419, -4.395700187507789458 ) ) ;
#852 = B_SPLINE_CURVE_WITH_KNOTS ( 'NONE', 3,
 ( #2548, #1624, #3240, #2902, #353, #4139, #3260, #65, #374, #3202, #1023, #314, #3823, #946, #1648, #3538, #984, #22, #3843, #1939, #2272, #3496, #2924, #601 ),
 .UNSPECIFIED., .F., .F.,
 ( 4, 2, 2, 2, 2, 2, 2, 2, 2, 2, 2, 4 ),
 ( 3.662893798573299068E-07, 0.003798904686097683524, 0.007597443082815510257, 0.01519451987625118281, 0.02279159666968685535, 0.02659013506640470204, 0.03038867346312254872, 0.03798575025655823861, 0.04178428865327608877, 0.04558282704999393198, 0.05317990384342961840, 0.06077698063686530483 ),
 .UNSPECIFIED. ) ;
#853 = CARTESIAN_POINT ( 'NONE',  ( -47.50790178392362861, -28.98723528374028291, -1.921478602765692489 ) ) ;
#854 = EDGE_LOOP ( 'NONE', ( #3963, #1529, #1585, #1669 ) ) ;
#855 = CARTESIAN_POINT ( 'NONE',  ( -56.47244291135435645, -18.93891244154216835, -3.942017778287857599 ) ) ;
#856 = CARTESIAN_POINT ( 'NONE',  ( 53.98575257267182792, -28.50489430314872052, -2.775924550518222844 ) ) ;
#857 = EDGE_CURVE ( 'NONE', #1555, #171, #602, .T. ) ;
#858 = EDGE_LOOP ( 'NONE', ( #207, #573, #3385, #2421 ) ) ;
#859 = CARTESIAN_POINT ( 'NONE',  ( -47.34718755772580323, -28.99478243525750543, -3.244995883485272348 ) ) ;
#860 = CARTESIAN_POINT ( 'NONE',  ( -9.564387681299814759, -10.82513488819481040, -0.5184060538117188921 ) ) ;
#861 = CARTESIAN_POINT ( 'NONE',  ( -2.687880112888557565E-15, -31.58816513860072916, -386.7465117133056651 ) ) ;
#862 = AXIS2_PLACEMENT_3D ( 'NONE', #1292, #3816, #941 ) ;
#863 = CARTESIAN_POINT ( 'NONE',  ( 45.44865925420256758, -29.67361162283803111, -2.876294127901386499 ) ) ;
#864 = EDGE_LOOP ( 'NONE', ( #3793, #2184, #2252, #1581 ) ) ;
#865 = CARTESIAN_POINT ( 'NONE',  ( 11.87222655021147411, 0.03284538247885266521, 0.01814646133350185375 ) ) ;
#866 = CARTESIAN_POINT ( 'NONE',  ( 47.41157415211824144, -28.99203072184941732, -2.715594255461417639 ) ) ;
#867 = CARTESIAN_POINT ( 'NONE',  ( -34.43015429973381458, -31.54705499731383256, -2.538280121896833386 ) ) ;
#868 = CARTESIAN_POINT ( 'NONE',  ( 10.38498163763279258, -18.55947972158575965, -0.3395269496878072779 ) ) ;
#869 = CARTESIAN_POINT ( 'NONE',  ( 18.30257959562686310, -28.78612595275536989, 0.5684082010727476986 ) ) ;
#870 = CARTESIAN_POINT ( 'NONE',  ( -11.86930133293395073, -22.18417124592587797, 0.8184984450396186606 ) ) ;
#871 = B_SPLINE_CURVE_WITH_KNOTS ( 'NONE', 3,
 ( #1944, #710, #668, #359 ),
 .UNSPECIFIED., .F., .F.,
 ( 4, 4 ),
 ( 0.000000000000000000, 1.000000000000000000 ),
 .UNSPECIFIED. ) ;
#872 = CARTESIAN_POINT ( 'NONE',  ( -41.32798809008920671, 4.181438631424148511, -1.205350075414059807 ) ) ;
#873 = VERTEX_POINT ( 'NONE', #2471 ) ;
#874 = CARTESIAN_POINT ( 'NONE',  ( -30.22284434371201911, -34.55922257348510129, -2.184251031232144591 ) ) ;
#875 = CARTESIAN_POINT ( 'NONE',  ( 56.28471097064252149, 0.2171953429609622677, -3.106646605012119089 ) ) ;
#876 = ORIENTED_EDGE ( 'NONE', *, *, #3318, .F. ) ;
#877 = CARTESIAN_POINT ( 'NONE',  ( 9.361212372183217667, -13.78996542475871045, 0.08677656135034585161 ) ) ;
#878 = CARTESIAN_POINT ( 'NONE',  ( 8.250370967578312786, 1.164669439050466604, -1.276012718370080012 ) ) ;
#879 =( LENGTH_UNIT ( ) NAMED_UNIT ( * ) SI_UNIT ( .MILLI., .METRE. ) );
#880 = CARTESIAN_POINT ( 'NONE',  ( 43.49622280135394448, -30.22242806060027220, -2.649786441603707132 ) ) ;
#881 = ORIENTED_EDGE ( 'NONE', *, *, #607, .F. ) ;
#882 = CARTESIAN_POINT ( 'NONE',  ( -12.90429104518602088, 0.6813720622769819935, 0.7853065889497509167 ) ) ;
#883 = FACE_OUTER_BOUND ( 'NONE', #1254, .T. ) ;
#884 = AXIS2_PLACEMENT_3D ( 'NONE', #306, #1909, #3153 ) ;
#885 = EDGE_CURVE ( 'NONE', #2441, #2528, #3528, .T. ) ;
#886 = DIRECTION ( 'NONE',  ( 0.9999998518342840814, 0.0005443633068966032560, 0.000000000000000000 ) ) ;
#887 = CARTESIAN_POINT ( 'NONE',  ( -9.069765063203622191, -8.924293864812392840, -0.3063930546747388739 ) ) ;
#888 = CARTESIAN_POINT ( 'NONE',  ( -6.830263914453380991, -14.37196701744635874, 0.9395455454612601232 ) ) ;
#889 = FACE_BOUND ( 'NONE', #4090, .T. ) ;
#890 = DIRECTION ( 'NONE',  ( -1.370808142439265230E-21, 2.518185781381239098E-18, 1.000000000000000000 ) ) ;
#891 = VERTEX_POINT ( 'NONE', #1881 ) ;
#892 = CARTESIAN_POINT ( 'NONE',  ( -61.64324346998019166, -12.60949246133442436, -5.956831261827916890 ) ) ;
#893 = LINE ( 'NONE', #262, #2954 ) ;
#894 = DIRECTION ( 'NONE',  ( -0.03185894519818400356, 0.000000000000000000, 0.9994923749638409127 ) ) ;
#895 = VERTEX_POINT ( 'NONE', #2134 ) ;
#896 = CARTESIAN_POINT ( 'NONE',  ( -6.882961957002299513, -16.62723914185377794, -1.061358680241458741 ) ) ;
#897 = UNCERTAINTY_MEASURE_WITH_UNIT (LENGTH_MEASURE( 1.000000000000000082E-05 ), #3872, 'distance_accuracy_value', 'NONE');
#898 = CARTESIAN_POINT ( 'NONE',  ( 28.35272644270208531, 7.115914183442288987, -2.218361332166112199 ) ) ;
#899 = CARTESIAN_POINT ( 'NONE',  ( 67.33142813757753231, 1.027496301198058903, -4.890732625976187187 ) ) ;
#900 = AXIS2_PLACEMENT_3D ( 'NONE', #1798, #1134, #3392 ) ;
#901 = CARTESIAN_POINT ( 'NONE',  ( 59.38127257750038268, -9.354685218128878432, -4.923203188231910943 ) ) ;
#902 = MECHANICAL_DESIGN_GEOMETRIC_PRESENTATION_REPRESENTATION (  '', ( #2314 ), #1237 ) ;
#903 = ORIENTED_EDGE ( 'NONE', *, *, #2095, .F. ) ;
#904 = EDGE_CURVE ( 'NONE', #1499, #3904, #2176, .T. ) ;
#905 =( BOUNDED_CURVE ( )  B_SPLINE_CURVE ( 3, ( #1508, #2793, #3086, #1804 ),
 .UNSPECIFIED., .F., .F. ) 
 B_SPLINE_CURVE_WITH_KNOTS ( ( 4, 4 ),
 ( 2.194030043088947224, 3.141592653589790896 ),
 .UNSPECIFIED. ) 
 CURVE ( )  GEOMETRIC_REPRESENTATION_ITEM ( )  RATIONAL_B_SPLINE_CURVE ( ( 1.000000000000000000, 0.9265662780355700123, 0.9265662780355700123, 1.000000000000000000 ) ) 
 REPRESENTATION_ITEM ( '' )  );
#906 = CARTESIAN_POINT ( 'NONE',  ( 48.42064190732920537, -31.82162983702881931, -2.707131188430804247 ) ) ;
#907 = EDGE_LOOP ( 'NONE', ( #745, #251, #947, #517 ) ) ;
#908 = DIRECTION ( 'NONE',  ( -0.0005443633068965336502, 0.9999998518342840814, -2.518186154490093769E-18 ) ) ;
#909 = CARTESIAN_POINT ( 'NONE',  ( -9.182289731064004812, -6.476866462389908818, -0.3089055198731406882 ) ) ;
#910 = CARTESIAN_POINT ( 'NONE',  ( -10.69117823730382710, -25.94440412919324146, 0.8532591453847999663 ) ) ;
#911 = AXIS2_PLACEMENT_3D ( 'NONE', #496, #1102, #2730 ) ;
#912 = CARTESIAN_POINT ( 'NONE',  ( -30.50422479994288238, -31.56004370850724072, -0.2003965427125855014 ) ) ;
#913 = VERTEX_POINT ( 'NONE', #3454 ) ;
#914 = CARTESIAN_POINT ( 'NONE',  ( -56.52855893738279747, -24.90305529588341926, -5.164358709820375815 ) ) ;
#915 = SURFACE_SIDE_STYLE ('',( #631 ) ) ;
#916 = PLANE ( 'NONE',  #884 ) ;
#917 = ORIENTED_EDGE ( 'NONE', *, *, #1917, .F. ) ;
#918 = EDGE_CURVE ( 'NONE', #706, #1084, #2122, .T. ) ;
#919 = CARTESIAN_POINT ( 'NONE',  ( -67.15824373545011383, -5.972299720997384931, -5.873184978992602723 ) ) ;
#920 = CARTESIAN_POINT ( 'NONE',  ( -2.383520865830868196, -8.081185533138006249, 0.9927274919736910341 ) ) ;
#921 = CARTESIAN_POINT ( 'NONE',  ( 12.08451087243959954, 0.2000340669452769227, -1.189254978461004031 ) ) ;
#922 = ORIENTED_EDGE ( 'NONE', *, *, #1652, .T. ) ;
#923 = B_SPLINE_CURVE_WITH_KNOTS ( 'NONE', 3,
 ( #319, #1610, #1902, #608, #4062, #3748, #2180, #4147, #1184, #3126 ),
 .UNSPECIFIED., .F., .F.,
 ( 4, 2, 2, 2, 4 ),
 ( 0.000000000000000000, 0.2500000000000000000, 0.5000000000000000000, 0.7500000000000000000, 1.000000000000000000 ),
 .UNSPECIFIED. ) ;
#924 = CARTESIAN_POINT ( 'NONE',  ( 20.68261070951692560, 5.508133316712185312, 0.4559544484808366605 ) ) ;
#925 = VECTOR ( 'NONE', #2841, 1000.000000000000000 ) ;
#926 = CARTESIAN_POINT ( 'NONE',  ( -23.26865289713983742, -30.68611784667740849, -1.702414906222134316 ) ) ;
#927 =( GEOMETRIC_REPRESENTATION_CONTEXT ( 3 ) GLOBAL_UNCERTAINTY_ASSIGNED_CONTEXT ( ( #897 ) ) GLOBAL_UNIT_ASSIGNED_CONTEXT ( ( #3872, #3915, #2620 ) ) REPRESENTATION_CONTEXT ( 'NONE', 'WORKASPACE' ) );
#928 = VERTEX_POINT ( 'NONE', #2449 ) ;
#929 = DIRECTION ( 'NONE',  ( -0.9859790569629989232, 0.000000000000000000, 0.1668691080768258117 ) ) ;
#930 = CARTESIAN_POINT ( 'NONE',  ( 46.17647864235559751, 3.607423337073056402, -1.745894477496755748 ) ) ;
#931 = CARTESIAN_POINT ( 'NONE',  ( -54.51732425090136047, 1.394267955021258221, -2.851608536670421579 ) ) ;
#932 = CARTESIAN_POINT ( 'NONE',  ( -9.645364638846952943, -3.473368928882937023, 0.07977735597296738146 ) ) ;
#933 = CARTESIAN_POINT ( 'NONE',  ( 8.633010501979956786, -9.968064906625611954, 1.103006767743248906 ) ) ;
#934 = EDGE_LOOP ( 'NONE', ( #273, #958, #1571, #3733 ) ) ;
#935 = CARTESIAN_POINT ( 'NONE',  ( -10.38498163763293647, -18.55947972158576320, -0.3395269496878072779 ) ) ;
#936 = CARTESIAN_POINT ( 'NONE',  ( -55.81202023835221127, -26.45606683216340826, -3.037335714483548443 ) ) ;
#937 = MECHANICAL_DESIGN_GEOMETRIC_PRESENTATION_REPRESENTATION (  '', ( #2220 ), #2096 ) ;
#938 = CARTESIAN_POINT ( 'NONE',  ( -47.36256316717060599, -28.99203072184976193, -3.112580304781106921 ) ) ;
#939 = ORIENTED_EDGE ( 'NONE', *, *, #196, .F. ) ;
#940 = EDGE_CURVE ( 'NONE', #1196, #2165, #3532, .T. ) ;
#941 = DIRECTION ( 'NONE',  ( -0.9959016034323404654, 0.000000000000000000, 0.09044333187633743498 ) ) ;
#942 = CARTESIAN_POINT ( 'NONE',  ( 26.65097146073101797, 4.023897249189135827, -1.106435928687219183 ) ) ;
#943 = CARTESIAN_POINT ( 'NONE',  ( 10.80100350162600975, -1.054180351078126687, -1.151196508798097984 ) ) ;
#944 =( LENGTH_UNIT ( ) NAMED_UNIT ( * ) SI_UNIT ( .MILLI., .METRE. ) );
#945 = EDGE_LOOP ( 'NONE', ( #1894, #2486, #1043, #3554 ) ) ;
#946 = CARTESIAN_POINT ( 'NONE',  ( 35.48230211412587920, 7.610416997306596265, -2.627143311702160311 ) ) ;
#947 = ORIENTED_EDGE ( 'NONE', *, *, #487, .F. ) ;
#948 = CARTESIAN_POINT ( 'NONE',  ( 23.26861726477444847, -30.68629387014524568, -1.702411614934511652 ) ) ;
#949 = DIRECTION ( 'NONE',  ( 0.9897040182327749847, 0.000000000000000000, 0.1431291594815635726 ) ) ;
#950 = B_SPLINE_CURVE_WITH_KNOTS ( 'NONE', 1,
 ( #31, #1696 ),
 .UNSPECIFIED., .F., .F.,
 ( 2, 2 ),
 ( 0.000000000000000000, 1.000000000000000000 ),
 .UNSPECIFIED. ) ;
#951 = CARTESIAN_POINT ( 'NONE',  ( 71.86096730968294821, -2.171158856683157001, -15.23888633471938370 ) ) ;
#952 = DIRECTION ( 'NONE',  ( -4.173484458121925752E-08, 0.9999999999999992228, -7.358978692125614202E-09 ) ) ;
#953 = CYLINDRICAL_SURFACE ( 'NONE', #3360, 68.31155953199039743 ) ;
#954 = CARTESIAN_POINT ( 'NONE',  ( 47.26589031668713403, -28.99586973487285846, -3.906666372423405864 ) ) ;
#955 = CARTESIAN_POINT ( 'NONE',  ( 58.86105219597889970, -3.186145455741470123, -3.493663832180575302 ) ) ;
#956 = VECTOR ( 'NONE', #1689, 1000.000000000000000 ) ;
#957 = CARTESIAN_POINT ( 'NONE',  ( -7.704102928205488254, 0.04603514227027882821, -45.44514178716957531 ) ) ;
#958 = ORIENTED_EDGE ( 'NONE', *, *, #3741, .F. ) ;
#959 = CARTESIAN_POINT ( 'NONE',  ( -6.808244747231690930, -14.37210115404097088, 0.2734544899741685464 ) ) ;
#960 = CARTESIAN_POINT ( 'NONE',  ( 18.40423105562893014, -32.26693565250646856, -1.437875833329546493 ) ) ;
#961 = SURFACE_SIDE_STYLE ('',( #2207 ) ) ;
#962 = CARTESIAN_POINT ( 'NONE',  ( 29.88055865413202028, 4.341839787007422125, -1.342847000352831888 ) ) ;
#963 = CARTESIAN_POINT ( 'NONE',  ( 13.41718827598700159, 0.9646154026886857302, -0.03226414074566487378 ) ) ;
#964 = CARTESIAN_POINT ( 'NONE',  ( 11.08924798926462607, 2.345299200859300548, 0.8483268969690648253 ) ) ;
#965 = ORIENTED_EDGE ( 'NONE', *, *, #1726, .T. ) ;
#966 = CARTESIAN_POINT ( 'NONE',  ( 25.40907990529458260, -31.08893750737449224, 0.1718566633437469404 ) ) ;
#967 = ORIENTED_EDGE ( 'NONE', *, *, #1637, .T. ) ;
#968 = CARTESIAN_POINT ( 'NONE',  ( 1.892072568988537817, -0.5245914380540606103, 0.9955665562285669345 ) ) ;
#969 = EDGE_CURVE ( 'NONE', #3620, #2967, #3931, .T. ) ;
#970 = FACE_OUTER_BOUND ( 'NONE', #3537, .T. ) ;
#971 = CARTESIAN_POINT ( 'NONE',  ( -17.10218959588907595, 4.614245537124638474, 0.04591630493051894468 ) ) ;
#972 = ORIENTED_EDGE ( 'NONE', *, *, #720, .T. ) ;
#973 = CARTESIAN_POINT ( 'NONE',  ( -10.30522338006364791, -1.798140565481203712, -0.3373105380874465431 ) ) ;
#974 = DIRECTION ( 'NONE',  ( -0.5836638835813471315, 0.0003177252488584065768, 0.8119953017434311526 ) ) ;
#975 = CARTESIAN_POINT ( 'NONE',  ( 67.33142813757753231, 1.027496301198058903, -4.890732625976187187 ) ) ;
#976 = ADVANCED_FACE ( 'NONE', ( #883 ), #2826, .F. ) ;
#977 = ORIENTED_EDGE ( 'NONE', *, *, #1224, .T. ) ;
#978 = FACE_OUTER_BOUND ( 'NONE', #3250, .T. ) ;
#979 = CARTESIAN_POINT ( 'NONE',  ( 52.50651980417335096, 2.162313714343155002, -2.571643726370622218 ) ) ;
#980 =( NAMED_UNIT ( * ) SI_UNIT ( $, .STERADIAN. ) SOLID_ANGLE_UNIT ( ) );
#981 = CARTESIAN_POINT ( 'NONE',  ( -52.23896421689945413, 2.174703292199955396, -4.553471990397930824 ) ) ;
#982 = EDGE_CURVE ( 'NONE', #145, #3220, #2572, .T. ) ;
#983 = CARTESIAN_POINT ( 'NONE',  ( 43.20822665915519423, 7.407638736462340390, -1.412879273930758739 ) ) ;
#984 = CARTESIAN_POINT ( 'NONE',  ( 28.00552001188319906, 6.933450260779960850, -2.015936647691319195 ) ) ;
#985 = ORIENTED_EDGE ( 'NONE', *, *, #1106, .F. ) ;
#986 = CARTESIAN_POINT ( 'NONE',  ( 22.79436345058470081, -33.62299216816840897, 0.3293906635821423068 ) ) ;
#987 = AXIS2_PLACEMENT_3D ( 'NONE', #1343, #2904, #1004 ) ;
#988 = CARTESIAN_POINT ( 'NONE',  ( -0.4789747033817737809, -7.584668243112911767, 1.201275586185803768 ) ) ;
#989 = PRESENTATION_STYLE_ASSIGNMENT (( #3604 ) ) ;
#990 = CARTESIAN_POINT ( 'NONE',  ( 56.21043321239058344, 0.1898975167688939647, -3.904193473589434138 ) ) ;
#991 = FACE_OUTER_BOUND ( 'NONE', #1753, .T. ) ;
#992 = PLANE ( 'NONE',  #1560 ) ;
#993 = CARTESIAN_POINT ( 'NONE',  ( -72.36096723560009991, -2.171431038336605113, -15.23888633471938370 ) ) ;
#994 = ORIENTED_EDGE ( 'NONE', *, *, #2961, .F. ) ;
#995 = FILL_AREA_STYLE ('',( #1992 ) ) ;
#996 = CARTESIAN_POINT ( 'NONE',  ( 10.19759858351869397, -17.96817359931261038, -1.134781754220753447 ) ) ;
#997 = CARTESIAN_POINT ( 'NONE',  ( 6.810572745528576277, -13.92605049791955629, 0.9401833080964933087 ) ) ;
#998 = CARTESIAN_POINT ( 'NONE',  ( 13.98890673045872290, 1.148922094363814761, -0.05294645060061053954 ) ) ;
#999 = CARTESIAN_POINT ( 'NONE',  ( 53.97042376938023978, -23.38964688655295987, -4.794165262184212573 ) ) ;
#1000 = CARTESIAN_POINT ( 'NONE',  ( 3.371853111916678802, -8.551479004826441965, -1.014687602427601254 ) ) ;
#1001 = EDGE_LOOP ( 'NONE', ( #2188, #42, #1837, #3768 ) ) ;
#1002 = CARTESIAN_POINT ( 'NONE',  ( -62.27876225752368811, -9.397104139209453422, -6.060629904982786975 ) ) ;
#1003 = EDGE_LOOP ( 'NONE', ( #2130, #1815, #1078, #416 ) ) ;
#1004 = DIRECTION ( 'NONE',  ( 0.9999998518342840814, 0.0005443633068966032560, 0.000000000000000000 ) ) ;
#1005 = ADVANCED_FACE ( 'NONE', ( #1198, #3744, #1501 ), #2766, .T. ) ;
#1006 = AXIS2_PLACEMENT_3D ( 'NONE', #2026, #974, #341 ) ;
#1007 = CARTESIAN_POINT ( 'NONE',  ( -11.41928809992457161, -0.3705715824428518212, 0.03165992407520424462 ) ) ;
#1008 = CARTESIAN_POINT ( 'NONE',  ( 8.615208025934466107, -9.968064906625611954, 0.3032067813258803035 ) ) ;
#1009 = LINE ( 'NONE', #2555, #3690 ) ;
#1010 = SURFACE_SIDE_STYLE ('',( #2953 ) ) ;
#1011 = DIRECTION ( 'NONE',  ( 0.0005443633068965336502, 0.9999998518342840814, -2.518186154490093769E-18 ) ) ;
#1012 = CARTESIAN_POINT ( 'NONE',  ( 49.27413171099099287, 3.005035185339822501, -2.937160778460246924 ) ) ;
#1013 = ORIENTED_EDGE ( 'NONE', *, *, #1157, .F. ) ;
#1014 = CARTESIAN_POINT ( 'NONE',  ( 59.65141196049512473, -8.123616791608334609, -4.425557464248570660 ) ) ;
#1015 = CARTESIAN_POINT ( 'NONE',  ( 9.351535363072464691, -13.78996542475871045, -0.3131063924761958717 ) ) ;
#1016 = CARTESIAN_POINT ( 'NONE',  ( 3.383201432229903105, -8.547993473296207512, 0.9852896965946231767 ) ) ;
#1017 = AXIS2_PLACEMENT_3D ( 'NONE', #3291, #3607, #1697 ) ;
#1018 = CARTESIAN_POINT ( 'NONE',  ( 23.31723196209582838, -30.68450847370868217, -0.9039111475431274023 ) ) ;
#1019 = CARTESIAN_POINT ( 'NONE',  ( -35.68749404288580962, 7.577274069691781300, -0.6437230065489033537 ) ) ;
#1020 = DIRECTION ( 'NONE',  ( -0.0005443633068965336502, 0.9999998518342840814, -2.518186154490093769E-18 ) ) ;
#1021 = CARTESIAN_POINT ( 'NONE',  ( 84.35921832641008677, -10.38746360755481035, -7.690126356977740940 ) ) ;
#1022 = EDGE_LOOP ( 'NONE', ( #1646, #413, #4131, #2235, #271, #2619, #1455, #1576, #3304, #1127, #3517, #3914, #2381, #2752, #3204, #505 ) ) ;
#1023 = CARTESIAN_POINT ( 'NONE',  ( 42.98819840918284996, 7.407433618062958303, -3.400750129032920732 ) ) ;
#1024 = EDGE_CURVE ( 'NONE', #2477, #2313, #3475, .T. ) ;
#1025 = ORIENTED_EDGE ( 'NONE', *, *, #3861, .F. ) ;
#1026 = B_SPLINE_CURVE_WITH_KNOTS ( 'NONE', 3,
 ( #39, #1403, #3962, #2377, #2941, #3918, #3877, #390, #2984, #2332, #3654, #1019, #2625, #3593, #1997, #1316, #349, #1684, #2309, #2018, #1381, #2604, #412, #3320 ),
 .UNSPECIFIED., .F., .F.,
 ( 4, 2, 2, 2, 2, 2, 2, 2, 2, 2, 2, 4 ),
 ( 0.000000000000000000, 0.003816856738867211319, 0.007633713477734422638, 0.01526742695546884528, 0.02290114043320326531, 0.02671799717207046926, 0.03053485391093766974, 0.03816856738867207416, 0.04198542412753926423, 0.04580228086640645430, 0.05343599434414085525, 0.06106970782187527008 ),
 .UNSPECIFIED. ) ;
#1027 = AXIS2_PLACEMENT_3D ( 'NONE', #1384, #705, #1063 ) ;
#1028 = EDGE_CURVE ( 'NONE', #2193, #192, #3926, .T. ) ;
#1029 = B_SPLINE_CURVE_WITH_KNOTS ( 'NONE', 3,
 ( #3965, #1999, #2358, #392, #3369, #3281, #2063, #3942, #3301, #3637, #1731, #2966, #3345, #415, #747, #2041 ),
 .UNSPECIFIED., .F., .F.,
 ( 4, 2, 2, 2, 2, 2, 2, 4 ),
 ( 8.667910694521856362E-14, 0.001791105792195259129, 0.002686658688249547820, 0.003582211584303837161, 0.004477764480358126069, 0.005373317376412414977, 0.006268870272466704752, 0.007164423168520993659 ),
 .UNSPECIFIED. ) ;
#1030 = CARTESIAN_POINT ( 'NONE',  ( -6.387914162857637912, -11.82672518258413596, 1.147616279877986978 ) ) ;
#1031 = CARTESIAN_POINT ( 'NONE',  ( -10.98037466140164575, 2.364914076947106647, -1.343796830742946202 ) ) ;
#1032 = CARTESIAN_POINT ( 'NONE',  ( 23.34136073444825854, -30.68450847370865375, -0.5046395578390779901 ) ) ;
#1033 = CARTESIAN_POINT ( 'NONE',  ( -72.36129385337453357, -1.571431512466895164, -15.23888633471938370 ) ) ;
#1034 = CARTESIAN_POINT ( 'NONE',  ( -54.24251919480320794, -23.38510682105046357, -2.812828075175455744 ) ) ;
#1035 = CARTESIAN_POINT ( 'NONE',  ( 49.22319530037951552, 3.005035194821735534, -3.333917781951023507 ) ) ;
#1036 = EDGE_LOOP ( 'NONE', ( #3326, #1484, #3012, #2202 ) ) ;
#1037 = CARTESIAN_POINT ( 'NONE',  ( -52.40022094785455664, 2.169978146757524762, -3.364431052626626339 ) ) ;
#1038 = FILL_AREA_STYLE ('',( #3937 ) ) ;
#1039 = CARTESIAN_POINT ( 'NONE',  ( -56.41406539325115688, -18.93891244154216835, -4.337736028171304881 ) ) ;
#1040 = CARTESIAN_POINT ( 'NONE',  ( -54.13457609172895957, -23.38744780005218971, -3.605479456952054296 ) ) ;
#1041 = CARTESIAN_POINT ( 'NONE',  ( -1.532109047989090200, -7.828054318800216294, -1.002981330377173297 ) ) ;
#1042 = CARTESIAN_POINT ( 'NONE',  ( 20.88870743910206684, 5.657392638444434851, 0.6618742893154093698 ) ) ;
#1043 = ORIENTED_EDGE ( 'NONE', *, *, #1277, .T. ) ;
#1044 = VECTOR ( 'NONE', #3433, 1000.000000000000227 ) ;
#1045 = CARTESIAN_POINT ( 'NONE',  ( -66.98417885191005894, 1.028568487533104481, -6.860355988447369491 ) ) ;
#1046 = ORIENTED_EDGE ( 'NONE', *, *, #752, .T. ) ;
#1047 = EDGE_CURVE ( 'NONE', #1811, #1196, #2722, .T. ) ;
#1048 = CARTESIAN_POINT ( 'NONE',  ( -55.53931139724932109, -26.46216338256864375, -5.018715347348692291 ) ) ;
#1049 = CARTESIAN_POINT ( 'NONE',  ( 6.513769980162344986, -16.47775753404175703, 1.145311803467630396 ) ) ;
#1050 = CARTESIAN_POINT ( 'NONE',  ( 10.42699304719285003, -18.55682158173675589, 0.8595943815470388216 ) ) ;
#1051 =( NAMED_UNIT ( * ) PLANE_ANGLE_UNIT ( ) SI_UNIT ( $, .RADIAN. ) );
#1052 = CARTESIAN_POINT ( 'NONE',  ( 23.26861726477444847, -30.68629387014524568, -1.702411614934511652 ) ) ;
#1053 = CARTESIAN_POINT ( 'NONE',  ( 9.079119582402594091, -8.923162910061824604, 0.09349710744958118769 ) ) ;
#1054 = ORIENTED_EDGE ( 'NONE', *, *, #842, .F. ) ;
#1055 = CARTESIAN_POINT ( 'NONE',  ( -72.36270919818217351, 1.028568487533104481, -12.23888633471943699 ) ) ;
#1056 = SURFACE_STYLE_FILL_AREA ( #1038 ) ;
#1057 = DIRECTION ( 'NONE',  ( -4.884682305490612792E-17, -1.000000000000000000, -2.666878455998264135E-17 ) ) ;
#1058 = CARTESIAN_POINT ( 'NONE',  ( 13.98890673045872290, 1.148922094363814761, -0.05294645060061053954 ) ) ;
#1059 =( BOUNDED_SURFACE ( )  B_SPLINE_SURFACE ( 1, 3, ( 
 ( #1953, #1973, #368, #3236 ),
 ( #658, #2860, #1935, #348 ) ),
 .UNSPECIFIED., .F., .F., .T. ) 
 B_SPLINE_SURFACE_WITH_KNOTS ( ( 2, 2 ),
 ( 4, 4 ),
 ( 0.000000000000000000, 1.000000000000000000 ),
 ( 0.000000000000000000, 1.000000000000000000 ),
 .UNSPECIFIED. ) 
 GEOMETRIC_REPRESENTATION_ITEM ( )  RATIONAL_B_SPLINE_SURFACE ( (
 ( 1.000000000000000000, 0.8047378541243649375, 0.8047378541243649375, 1.000000000000000000),
 ( 1.000000000000000000, 0.8047378541243649375, 0.8047378541243649375, 1.000000000000000000) ) ) 
 REPRESENTATION_ITEM ( '' )  SURFACE ( )  );
#1060 = ADVANCED_FACE ( 'NONE', ( #4075 ), #2488, .F. ) ;
#1061 = ORIENTED_EDGE ( 'NONE', *, *, #529, .F. ) ;
#1062 = CARTESIAN_POINT ( 'NONE',  ( -54.13457609172895957, -23.38744780005218971, -3.605479456952054296 ) ) ;
#1063 = DIRECTION ( 'NONE',  ( 0.9994991048313625059, 0.000000000000000000, 0.03164710794536110955 ) ) ;
#1064 = ORIENTED_EDGE ( 'NONE', *, *, #1229, .F. ) ;
#1065 = CARTESIAN_POINT ( 'NONE',  ( -20.23333419707005021, 2.925348884175660302, -0.7165254581479174600 ) ) ;
#1066 = B_SPLINE_SURFACE_WITH_KNOTS ( 'NONE', 1, 3, ( 
 ( #3432, #1218, #1562, #865, #560, #2448, #2428, #3159, #3079, #2109 ),
 ( #3412, #3140, #2152, #2487, #522, #215, #2806, #1877, #3453, #2506 ) ),
 .UNSPECIFIED., .F., .F., .F.,
 ( 2, 2 ),
 ( 4, 2, 2, 2, 4 ),
 ( 0.000000000000000000, 1.000000000000000000 ),
 ( 0.000000000000000000, 0.2500000000000000000, 0.5000000000000000000, 0.7500000000000000000, 1.000000000000000000 ),
 .UNSPECIFIED. ) ;
#1067 = VERTEX_POINT ( 'NONE', #1817 ) ;
#1068 = B_SPLINE_CURVE_WITH_KNOTS ( 'NONE', 3,
 ( #34, #2263, #2662, #3870 ),
 .UNSPECIFIED., .F., .F.,
 ( 4, 4 ),
 ( 0.000000000000000000, 1.000000000000000000 ),
 .UNSPECIFIED. ) ;
#1069 = CARTESIAN_POINT ( 'NONE',  ( -48.76237278020614241, -28.49353083875422499, -3.285397449537286629 ) ) ;
#1070 = FACE_OUTER_BOUND ( 'NONE', #4046, .T. ) ;
#1071 = CARTESIAN_POINT ( 'NONE',  ( 6.737571964794494050, -15.48517697636201973, -1.258846874563249729 ) ) ;
#1072 = ADVANCED_FACE ( 'NONE', ( #2468 ), #1135, .T. ) ;
#1073 = CARTESIAN_POINT ( 'NONE',  ( 13.02781386869022917, -24.17326890789896510, -0.01853939929264116979 ) ) ;
#1074 = CARTESIAN_POINT ( 'NONE',  ( 62.17423663352469987, -9.961888886619691519, -6.043441438079321770 ) ) ;
#1075 = CARTESIAN_POINT ( 'NONE',  ( -59.39826745182353562, -9.353953579702665166, -4.790949453183027451 ) ) ;
#1076 = EDGE_CURVE ( 'NONE', #3987, #3492, #3818, .T. ) ;
#1077 = CARTESIAN_POINT ( 'NONE',  ( -20.33664013798800951, -29.85481788596218067, -0.3323034234568981726 ) ) ;
#1078 = ORIENTED_EDGE ( 'NONE', *, *, #3535, .T. ) ;
#1079 = CARTESIAN_POINT ( 'NONE',  ( -71.61129374225021138, -1.571431512466895164, -15.23888633471938370 ) ) ;
#1080 = CARTESIAN_POINT ( 'NONE',  ( -39.51446120982052435, -31.05452572884108875, -2.219760105133552042 ) ) ;
#1081 = AXIS2_PLACEMENT_3D ( 'NONE', #2787, #908, #886 ) ;
#1082 = DIRECTION ( 'NONE',  ( -0.000000000000000000, -1.000000000000000000, 0.000000000000000000 ) ) ;
#1083 = FACE_OUTER_BOUND ( 'NONE', #653, .T. ) ;
#1084 = VERTEX_POINT ( 'NONE', #3862 ) ;
#1085 = CARTESIAN_POINT ( 'NONE',  ( 5.733282270639993961, -10.81576960345434557, -1.042589071352866492 ) ) ;
#1086 = PLANE ( 'NONE',  #3522 ) ;
#1087 = ORIENTED_EDGE ( 'NONE', *, *, #3421, .F. ) ;
#1088 = CARTESIAN_POINT ( 'NONE',  ( -49.22265559236435450, 3.005179513590079843, -3.333844015281532958 ) ) ;
#1089 = VERTEX_POINT ( 'NONE', #1262 ) ;
#1090 = PLANE ( 'NONE',  #1936 ) ;
#1091 = EDGE_CURVE ( 'NONE', #3324, #1583, #1297, .T. ) ;
#1092 = CARTESIAN_POINT ( 'NONE',  ( 6.581571875107297132, -16.17371138458655011, 0.3440413449524885037 ) ) ;
#1093 = B_SPLINE_CURVE_WITH_KNOTS ( 'NONE', 3,
 ( #3576, #2629, #683, #1668, #1897, #1980, #333, #1957, #1604, #5, #1584, #2586 ),
 .UNSPECIFIED., .F., .F.,
 ( 4, 2, 2, 2, 2, 4 ),
 ( 1.576498884772101886E-11, 0.006504226659965544124, 0.01300845330416609824, 0.01626056662626637617, 0.01951267994836665409, 0.02601690659256720300 ),
 .UNSPECIFIED. ) ;
#1094 = CARTESIAN_POINT ( 'NONE',  ( -8.741652159047546888, 1.291763896777177845, -0.4322252272380295302 ) ) ;
#1095 = CARTESIAN_POINT ( 'NONE',  ( 61.19276135400323113, -15.17182616509622761, -3.857866153942652865 ) ) ;
#1096 = CARTESIAN_POINT ( 'NONE',  ( 59.45973303555210521, -9.353953579702759313, -4.395700187507733503 ) ) ;
#1097 = CARTESIAN_POINT ( 'NONE',  ( -53.75991572953248721, -24.03503597703587857, -3.552543127563271952 ) ) ;
#1098 = EDGE_CURVE ( 'NONE', #1239, #3073, #1093, .T. ) ;
#1099 = CYLINDRICAL_SURFACE ( 'NONE', #645, 9.858126235569340423 ) ;
#1100 = CARTESIAN_POINT ( 'NONE',  ( 55.21869948128080097, 0.9322007479343580316, -3.759893288146550550 ) ) ;
#1101 = DIRECTION ( 'NONE',  ( 2.034007358926454027E-21, 3.736488172122332627E-18, 1.000000000000000000 ) ) ;
#1102 = DIRECTION ( 'NONE',  ( 0.9999999999999998890, -1.966246612733025489E-08, 4.625929269271484533E-15 ) ) ;
#1103 = B_SPLINE_SURFACE_WITH_KNOTS ( 'NONE', 1, 3, ( 
 ( #2355, #3634, #744, #2038, #670, #2015, #2581, #78, #3216, #1994 ),
 ( #1313, #699, #2601, #58, #3631, #2642, #3894, #1681, #1619, #2266 ) ),
 .UNSPECIFIED., .F., .F., .F.,
 ( 2, 2 ),
 ( 4, 2, 2, 2, 4 ),
 ( 0.000000000000000000, 1.000000000000000000 ),
 ( 0.000000000000000000, 0.2500000000000000000, 0.5000000000000000000, 0.7500000000000000000, 1.000000000000000000 ),
 .UNSPECIFIED. ) ;
#1104 = CARTESIAN_POINT ( 'NONE',  ( 37.50282375004697144, -31.33408441660167654, -2.018158602361642018 ) ) ;
#1105 = CARTESIAN_POINT ( 'NONE',  ( 55.81230555419789141, -26.45476416773535533, -3.037379891092777395 ) ) ;
#1106 = EDGE_CURVE ( 'NONE', #4140, #895, #852, .T. ) ;
#1107 = EDGE_LOOP ( 'NONE', ( #839, #1013, #1660, #2914, #2611, #2481, #708, #2631, #1866 ) ) ;
#1108 = CARTESIAN_POINT ( 'NONE',  ( -11.04435229797258167, 2.311629160221116752, -1.156335990428634330 ) ) ;
#1109 = LINE ( 'NONE', #2627, #4118 ) ;
#1110 = FACE_OUTER_BOUND ( 'NONE', #2114, .T. ) ;
#1111 = CARTESIAN_POINT ( 'NONE',  ( 65.07098860004248309, -6.358779303344628708, -6.527876379767868720 ) ) ;
#1112 = ORIENTED_EDGE ( 'NONE', *, *, #1131, .F. ) ;
#1113 = AXIS2_PLACEMENT_3D ( 'NONE', #3043, #158, #4043 ) ;
#1114 = FACE_BOUND ( 'NONE', #2674, .T. ) ;
#1115 = CARTESIAN_POINT ( 'NONE',  ( 1.421800206233500452, -7.716735782361043405, -0.4011116801301408685 ) ) ;
#1116 = CYLINDRICAL_SURFACE ( 'NONE', #2865, 49.46972388536094911 ) ;
#1117 = DIRECTION ( 'NONE',  ( 0.0005443633068965336502, 0.9999998518342840814, -2.518186154490093769E-18 ) ) ;
#1118 = CYLINDRICAL_SURFACE ( 'NONE', #4007, 0.2500000000000037192 ) ;
#1119 = CARTESIAN_POINT ( 'NONE',  ( -48.11397446220462371, -28.74215065624214560, -2.802310982871238032 ) ) ;
#1120 = CARTESIAN_POINT ( 'NONE',  ( 17.07650365562444250, 2.150000493848058802, -0.5649040518558239299 ) ) ;
#1121 = CARTESIAN_POINT ( 'NONE',  ( 10.05168131105385143, -25.02257663825469436, 0.8700957379456024654 ) ) ;
#1122 = CARTESIAN_POINT ( 'NONE',  ( 72.36270919818215930, 1.028568487533104037, -15.23888633471944054 ) ) ;
#1123 = CARTESIAN_POINT ( 'NONE',  ( -59.45973303555215494, -9.353953579702766419, -4.395700187507686429 ) ) ;
#1124 = CIRCLE ( 'NONE', #716, 7.356348135786666909 ) ;
#1125 = LINE ( 'NONE', #1188, #3160 ) ;
#1126 = CLOSED_SHELL ( 'NONE', ( #2217, #2157, #3272, #2480, #410, #2792, #3800, #334 ) ) ;
#1127 = ORIENTED_EDGE ( 'NONE', *, *, #885, .T. ) ;
#1128 = CARTESIAN_POINT ( 'NONE',  ( -35.50204776236657978, 7.577242738447311332, -2.635116025880104740 ) ) ;
#1129 = CARTESIAN_POINT ( 'NONE',  ( 70.61032024309959354, -0.6697080072573514675, -6.892594371832464262 ) ) ;
#1130 = CARTESIAN_POINT ( 'NONE',  ( 56.47215145792932134, -18.93961908695773033, -3.941977053657308883 ) ) ;
#1131 = EDGE_CURVE ( 'NONE', #4073, #2193, #3182, .T. ) ;
#1132 = CARTESIAN_POINT ( 'NONE',  ( -36.37705372816304816, 4.514565794610088112, -1.901676500874116327 ) ) ;
#1133 = ORIENTED_EDGE ( 'NONE', *, *, #2961, .T. ) ;
#1134 = DIRECTION ( 'NONE',  ( -0.04583752443942888666, 0.000000000000000000, 0.9989489082797302633 ) ) ;
#1135 = CYLINDRICAL_SURFACE ( 'NONE', #1356, 15.77768100511694982 ) ;
#1136 = CLOSED_SHELL ( 'NONE', ( #1156, #1526, #1882, #2899, #465, #3165, #3645, #2656, #2561, #4044 ) ) ;
#1137 = CARTESIAN_POINT ( 'NONE',  ( 48.29626422087925164, -7.359678565581375231, -14.14935409385818055 ) ) ;
#1138 = CARTESIAN_POINT ( 'NONE',  ( 7.353707848556283899, 0.6579142503003864162, -1.067641445063780559 ) ) ;
#1139 = VERTEX_POINT ( 'NONE', #707 ) ;
#1140 = DIRECTION ( 'NONE',  ( -0.000000000000000000, 1.000000000000000000, -0.000000000000000000 ) ) ;
#1141 = CARTESIAN_POINT ( 'NONE',  ( -13.94368572206943568, 1.154647042940119883, -1.252001421199163467 ) ) ;
#1142 = CARTESIAN_POINT ( 'NONE',  ( -17.57168288429017622, -28.42806802323659809, -0.1967086252086453491 ) ) ;
#1143 = FACE_OUTER_BOUND ( 'NONE', #2212, .T. ) ;
#1144 = CARTESIAN_POINT ( 'NONE',  ( -56.04373884624028790, 0.1853156767742253630, -5.092582469916196786 ) ) ;
#1145 = ORIENTED_EDGE ( 'NONE', *, *, #2439, .T. ) ;
#1146 = CARTESIAN_POINT ( 'NONE',  ( -58.95654693898530496, -11.81794265596990456, -4.317449260258889865 ) ) ;
#1147 = CARTESIAN_POINT ( 'NONE',  ( 23.31723196209548377, -30.68450847370865375, -0.9039111475430683385 ) ) ;
#1148 = ORIENTED_EDGE ( 'NONE', *, *, #2592, .F. ) ;
#1149 = CARTESIAN_POINT ( 'NONE',  ( -47.95009530596271219, 6.843158862263406306, -3.989789558516403822 ) ) ;
#1150 = CARTESIAN_POINT ( 'NONE',  ( 28.41155297463684448, 7.115914183442288987, -1.420473577148410049 ) ) ;
#1151 = CARTESIAN_POINT ( 'NONE',  ( 58.95623759488760385, -11.81945745496907207, -4.317401139659343023 ) ) ;
#1152 = CARTESIAN_POINT ( 'NONE',  ( 59.55755557537720080, -6.254336259651172902, -4.815729887884896421 ) ) ;
#1153 = EDGE_LOOP ( 'NONE', ( #2356, #3241, #2672, #2108 ) ) ;
#1154 = CARTESIAN_POINT ( 'NONE',  ( -9.578893593713631915, -4.067746674323867495, 0.8816390107505087670 ) ) ;
#1155 = CARTESIAN_POINT ( 'NONE',  ( 13.98890673045872290, 1.148922094363814761, -0.05294645060061053954 ) ) ;
#1156 = ADVANCED_FACE ( 'NONE', ( #3639 ), #2762, .T. ) ;
#1157 = EDGE_CURVE ( 'NONE', #1398, #2609, #2810, .T. ) ;
#1158 = AXIS2_PLACEMENT_3D ( 'NONE', #95, #2955, #672 ) ;
#1159 = CARTESIAN_POINT ( 'NONE',  ( 6.617599212856925206, -12.65540076342138320, -1.256728234533565969 ) ) ;
#1160 = CARTESIAN_POINT ( 'NONE',  ( -12.93317312584652790, -28.49873384958418043, 0.7851847916101687419 ) ) ;
#1161 = ORIENTED_EDGE ( 'NONE', *, *, #621, .T. ) ;
#1162 = DIRECTION ( 'NONE',  ( -0.9988849663519852040, 0.000000000000000000, -0.04721042253563590557 ) ) ;
#1163 = CARTESIAN_POINT ( 'NONE',  ( -18.20744079873234611, -28.78467706810968707, -1.429320155644411505 ) ) ;
#1164 = EDGE_CURVE ( 'NONE', #1291, #1520, #1252, .T. ) ;
#1165 = CARTESIAN_POINT ( 'NONE',  ( -16.27124200320664116, -27.52243917402021012, -0.5409435803436293266 ) ) ;
#1166 = CARTESIAN_POINT ( 'NONE',  ( -25.31791302717844161, -31.09041393155467148, -1.024816263795965909 ) ) ;
#1167 = ORIENTED_EDGE ( 'NONE', *, *, #3749, .F. ) ;
#1168 = CARTESIAN_POINT ( 'NONE',  ( -58.89560150384992454, -11.81794271619397918, -4.712779414729447502 ) ) ;
#1169 = DIRECTION ( 'NONE',  ( 0.03141380054743475592, -7.228371321379576627E-16, 0.9995064647790758983 ) ) ;
#1170 = VERTEX_POINT ( 'NONE', #3054 ) ;
#1171 = DIRECTION ( 'NONE',  ( 0.000000000000000000, -1.000000000000000000, 0.000000000000000000 ) ) ;
#1172 = CARTESIAN_POINT ( 'NONE',  ( 6.829398364620291595, -14.37197475349328002, 0.9395797310053517482 ) ) ;
#1173 = CARTESIAN_POINT ( 'NONE',  ( 57.81864542171615540, -1.643059569525959107, -4.548503323288317191 ) ) ;
#1174 = B_SPLINE_SURFACE_WITH_KNOTS ( 'NONE', 1, 3, ( 
 ( #1718, #3667, #1758, #1073, #2975, #3686, #734, #3605, #115, #1032 ),
 ( #3627, #3647, #3356, #1417, #2681, #801, #2321, #3973, #380, #446 ) ),
 .UNSPECIFIED., .F., .F., .F.,
 ( 2, 2 ),
 ( 4, 2, 2, 2, 4 ),
 ( 0.000000000000000000, 1.000000000000000000 ),
 ( 0.000000000000000000, 0.2500000000000000000, 0.5000000000000000000, 0.7500000000000000000, 1.000000000000000000 ),
 .UNSPECIFIED. ) ;
#1175 = ORIENTED_EDGE ( 'NONE', *, *, #1208, .F. ) ;
#1176 = CARTESIAN_POINT ( 'NONE',  ( 59.77320851352405384, -7.359678565581387666, -3.634881910926155868 ) ) ;
#1177 = DIRECTION ( 'NONE',  ( -0.9999998750101708467, 0.000000000000000000, -0.0004999796423276210017 ) ) ;
#1178 = EDGE_CURVE ( 'NONE', #873, #1249, #213, .T. ) ;
#1179 = CARTESIAN_POINT ( 'NONE',  ( 33.33635575011812335, -31.62111473160844710, -2.437810933581069150 ) ) ;
#1180 = CARTESIAN_POINT ( 'NONE',  ( -20.60100137348131710, -33.08677087200327094, 0.4537608664861879082 ) ) ;
#1181 = CARTESIAN_POINT ( 'NONE',  ( 19.67826079812270024, -29.49638807826775988, 0.5009513643711761555 ) ) ;
#1182 =( GEOMETRIC_REPRESENTATION_CONTEXT ( 3 ) GLOBAL_UNCERTAINTY_ASSIGNED_CONTEXT ( ( #2168 ) ) GLOBAL_UNIT_ASSIGNED_CONTEXT ( ( #3561, #1416, #2431 ) ) REPRESENTATION_CONTEXT ( 'NONE', 'WORKASPACE' ) );
#1183 = CARTESIAN_POINT ( 'NONE',  ( -56.81239730767611462, -24.89761982630561121, -3.184701407127283890 ) ) ;
#1184 = CARTESIAN_POINT ( 'NONE',  ( 53.75981539470051018, -24.03520940250978200, -3.552528951103090193 ) ) ;
#1185 = CARTESIAN_POINT ( 'NONE',  ( -17.15166512025106726, 2.145991651097894692, 0.6331213116265695939 ) ) ;
#1186 = VERTEX_POINT ( 'NONE', #4006 ) ;
#1187 = LINE ( 'NONE', #2161, #2527 ) ;
#1188 = CARTESIAN_POINT ( 'NONE',  ( 72.36107850237499406, -1.571431512466895164, -14.26387294396510974 ) ) ;
#1189 = ORIENTED_EDGE ( 'NONE', *, *, #239, .T. ) ;
#1190 = CARTESIAN_POINT ( 'NONE',  ( -50.41871257019636232, 6.424854020120480236, -4.307139502110108431 ) ) ;
#1191 = CARTESIAN_POINT ( 'NONE',  ( 14.24014656822468083, 3.627154607124124297, -0.6467262144331732410 ) ) ;
#1192 = CARTESIAN_POINT ( 'NONE',  ( 60.89872678285134810, -15.17570109921189569, -5.836249830227363766 ) ) ;
#1193 = AXIS2_PLACEMENT_3D ( 'NONE', #3051, #1171, #2800 ) ;
#1194 = CARTESIAN_POINT ( 'NONE',  ( -16.28943967280218885, -27.52368117246771106, -0.1413478359485282609 ) ) ;
#1195 = EDGE_CURVE ( 'NONE', #3620, #2494, #2001, .T. ) ;
#1196 = VERTEX_POINT ( 'NONE', #2969 ) ;
#1197 = CARTESIAN_POINT ( 'NONE',  ( -71.61129374225021138, -1.571431512466895164, -15.23888633471938370 ) ) ;
#1198 = FACE_BOUND ( 'NONE', #643, .T. ) ;
#1199 =( BOUNDED_CURVE ( )  B_SPLINE_CURVE ( 3, ( #301, #1843, #1884, #2553 ),
 .UNSPECIFIED., .F., .F. ) 
 B_SPLINE_CURVE_WITH_KNOTS ( ( 4, 4 ),
 ( 3.141592653589790896, 6.283185307179586232 ),
 .UNSPECIFIED. ) 
 CURVE ( )  GEOMETRIC_REPRESENTATION_ITEM ( )  RATIONAL_B_SPLINE_CURVE ( ( 1.000000000000000000, 0.3333333333333325932, 0.3333333333333325932, 1.000000000000000000 ) ) 
 REPRESENTATION_ITEM ( '' )  );
#1200 = CARTESIAN_POINT ( 'NONE',  ( -14.00152063799700031, -25.39495585576661441, -0.4519948574822930665 ) ) ;
#1201 = CARTESIAN_POINT ( 'NONE',  ( -22.79443831382579333, -33.62262276534619332, 0.3293838417181573219 ) ) ;
#1202 = DIRECTION ( 'NONE',  ( -0.9999998518342840814, 0.0005443633068966032560, 0.000000000000000000 ) ) ;
#1203 = EDGE_CURVE ( 'NONE', #3267, #3201, #2763, .T. ) ;
#1204 = CARTESIAN_POINT ( 'NONE',  ( -37.25932568463420580, 4.423804652629754308, -0.7934424120033478633 ) ) ;
#1205 = ORIENTED_EDGE ( 'NONE', *, *, #2007, .T. ) ;
#1206 = CARTESIAN_POINT ( 'NONE',  ( 9.315684899959949306, -12.54791162976227170, 0.8880845027870107877 ) ) ;
#1207 = CARTESIAN_POINT ( 'NONE',  ( 55.86715354117878007, 0.5502005825315692267, -3.045563479500414505 ) ) ;
#1208 = EDGE_CURVE ( 'NONE', #171, #706, #1245, .T. ) ;
#1209 = CARTESIAN_POINT ( 'NONE',  ( -50.07278984346071127, -27.74486028184681885, -3.455174520063337251 ) ) ;
#1210 = ORIENTED_EDGE ( 'NONE', *, *, #2337, .F. ) ;
#1211 = CARTESIAN_POINT ( 'NONE',  ( -9.959742456263791510, -25.00843105028563329, -1.128194578859785802 ) ) ;
#1212 = CARTESIAN_POINT ( 'NONE',  ( 14.21065999328241958, 3.627154607124123853, -1.446215360763386748 ) ) ;
#1213 = PLANE ( 'NONE',  #1647 ) ;
#1214 = B_SPLINE_CURVE_WITH_KNOTS ( 'NONE', 3,
 ( #2614, #2346, #3626, #3685, #2680, #756 ),
 .UNSPECIFIED., .F., .F.,
 ( 4, 2, 4 ),
 ( 0.000000000000000000, 0.5000000000000000000, 1.000000000000000000 ),
 .UNSPECIFIED. ) ;
#1215 = CARTESIAN_POINT ( 'NONE',  ( -13.97444591346496523, 1.148922094363601376, -0.4526849711010139110 ) ) ;
#1216 = VECTOR ( 'NONE', #548, 1000.000000000000000 ) ;
#1217 = VERTEX_POINT ( 'NONE', #538 ) ;
#1218 = CARTESIAN_POINT ( 'NONE',  ( 13.41716580387610769, 0.9646081557226329206, -0.03226310797404271374 ) ) ;
#1219 = CARTESIAN_POINT ( 'NONE',  ( 10.60260625988949812, -25.93646306725468875, -1.145058766999757838 ) ) ;
#1220 = AXIS2_PLACEMENT_3D ( 'NONE', #2074, #160, #3420 ) ;
#1221 = CARTESIAN_POINT ( 'NONE',  ( -62.37946508830171410, -9.959874162562085687, -4.726149880243538881 ) ) ;
#1222 = CARTESIAN_POINT ( 'NONE',  ( 57.50578538734488632, -1.145997864124504773, -4.096715830653206325 ) ) ;
#1223 = CARTESIAN_POINT ( 'NONE',  ( -9.182289731064004812, -6.476866462389908818, -0.3089055198731406882 ) ) ;
#1224 = EDGE_CURVE ( 'NONE', #126, #35, #2150, .T. ) ;
#1225 = CARTESIAN_POINT ( 'NONE',  ( -11.05422605842061223, -20.41718379181261867, 0.8424265442337435239 ) ) ;
#1226 = CARTESIAN_POINT ( 'NONE',  ( -40.15287956067115971, 7.706884380106464150, -0.8573415666648556144 ) ) ;
#1227 = ORIENTED_EDGE ( 'NONE', *, *, #1692, .T. ) ;
#1228 = CARTESIAN_POINT ( 'NONE',  ( -60.89823993672000313, -15.17554362266049495, -5.836172051454108889 ) ) ;
#1229 = EDGE_CURVE ( 'NONE', #1625, #2283, #2004, .T. ) ;
#1230 = CARTESIAN_POINT ( 'NONE',  ( -53.61994387890896974, -28.81148346109518599, -2.725173568890007392 ) ) ;
#1231 = B_SPLINE_CURVE_WITH_KNOTS ( 'NONE', 3,
 ( #3088, #2076, #3692, #3362, #1444, #1465, #829, #2686, #3069, #2036 ),
 .UNSPECIFIED., .F., .F.,
 ( 4, 2, 2, 2, 4 ),
 ( 0.000000000000000000, 0.2499999999999998890, 0.4999999999999997780, 0.7499999999999996669, 1.000000000000000000 ),
 .UNSPECIFIED. ) ;
#1232 = DIRECTION ( 'NONE',  ( -0.9999999999999997780, 2.153660471889033782E-08, -1.370862375611047157E-21 ) ) ;
#1233 = VERTEX_POINT ( 'NONE', #269 ) ;
#1234 = CARTESIAN_POINT ( 'NONE',  ( 40.94450797196466141, -33.80484099092250005, -3.177670311029906269 ) ) ;
#1235 = CARTESIAN_POINT ( 'NONE',  ( -2.834420581994278934E-15, -34.58816513739292020, -386.7465117133056651 ) ) ;
#1236 = CARTESIAN_POINT ( 'NONE',  ( 71.36129370520879434, -1.571431512466895164, -16.23888633471934284 ) ) ;
#1237 =( GEOMETRIC_REPRESENTATION_CONTEXT ( 3 ) GLOBAL_UNCERTAINTY_ASSIGNED_CONTEXT ( ( #16 ) ) GLOBAL_UNIT_ASSIGNED_CONTEXT ( ( #1355, #2330, #3611 ) ) REPRESENTATION_CONTEXT ( 'NONE', 'WORKASPACE' ) );
#1238 = B_SPLINE_CURVE_WITH_KNOTS ( 'NONE', 3,
 ( #275, #3381, #2708, #2828, #182, #1862, #4020, #3023, #2848, #3479 ),
 .UNSPECIFIED., .F., .F.,
 ( 4, 2, 2, 2, 4 ),
 ( 0.000000000000000000, 0.2499999999999997780, 0.4999999999999995559, 0.7499999999999997780, 1.000000000000000000 ),
 .UNSPECIFIED. ) ;
#1239 = VERTEX_POINT ( 'NONE', #2464 ) ;
#1240 = CARTESIAN_POINT ( 'NONE',  ( -9.124605069403042279, -7.574782913218289337, -1.107933662158271826 ) ) ;
#1241 = ORIENTED_EDGE ( 'NONE', *, *, #3161, .T. ) ;
#1242 = CARTESIAN_POINT ( 'NONE',  ( 59.45973303555194178, -9.353953579703858878, -4.395700187507630474 ) ) ;
#1243 = CARTESIAN_POINT ( 'NONE',  ( 56.21171299745672911, 0.1889200141085207452, -3.904379775043179013 ) ) ;
#1244 = CARTESIAN_POINT ( 'NONE',  ( -14.63552498812319236, -29.95916721547373740, 0.7246280782965374145 ) ) ;
#1245 = B_SPLINE_CURVE_WITH_KNOTS ( 'NONE', 3,
 ( #1559, #558, #1836, #3758, #3699, #190, #3430, #880, #863, #2171 ),
 .UNSPECIFIED., .F., .F.,
 ( 4, 2, 2, 2, 4 ),
 ( 0.000000000000000000, 0.2500000000000000000, 0.5000000000000000000, 0.7500000000000000000, 1.000000000000000000 ),
 .UNSPECIFIED. ) ;
#1246 = CARTESIAN_POINT ( 'NONE',  ( 10.35365832981629985, -18.56215944170708454, -1.138790000481002984 ) ) ;
#1247 = MECHANICAL_DESIGN_GEOMETRIC_PRESENTATION_REPRESENTATION (  '', ( #1658 ), #2942 ) ;
#1248 = CARTESIAN_POINT ( 'NONE',  ( 0.4569157394337861611, -3.598723966335905189, 1.217528149472838495 ) ) ;
#1249 = VERTEX_POINT ( 'NONE', #4030 ) ;
#1250 = CARTESIAN_POINT ( 'NONE',  ( -10.37985802722827344, -18.55989949019270568, -0.4727630208023363978 ) ) ;
#1251 = DIRECTION ( 'NONE',  ( -0.000000000000000000, -1.000000000000000000, 0.000000000000000000 ) ) ;
#1252 = B_SPLINE_CURVE_WITH_KNOTS ( 'NONE', 3,
 ( #1754, #150, #1432, #3303, #1710, #2716, #3986, #2737, #1111, #3681, #793, #1774 ),
 .UNSPECIFIED., .F., .F.,
 ( 4, 2, 2, 2, 2, 4 ),
 ( 1.455923196837455015E-12, 0.001699187282746707347, 0.003398374564037491205, 0.004247968204682866546, 0.005097561845328241886, 0.006796749126619030731 ),
 .UNSPECIFIED. ) ;
#1253 = CARTESIAN_POINT ( 'NONE',  ( -54.07861530701783437, -23.38744780005218971, -4.001545601143270403 ) ) ;
#1254 = EDGE_LOOP ( 'NONE', ( #3154, #2989, #1339, #3943 ) ) ;
#1255 = CARTESIAN_POINT ( 'NONE',  ( -67.27373134459884341, -5.972301595717959266, -5.218222175328352641 ) ) ;
#1256 = CARTESIAN_POINT ( 'NONE',  ( -6.830263914453380991, -14.37196701744635874, 0.9395455454612601232 ) ) ;
#1257 = CARTESIAN_POINT ( 'NONE',  ( 9.818037806112000609, -2.891636851483892823, 0.07550299948776496850 ) ) ;
#1258 = ORIENTED_EDGE ( 'NONE', *, *, #2175, .F. ) ;
#1259 = EDGE_CURVE ( 'NONE', #228, #214, #687, .T. ) ;
#1260 = ORIENTED_EDGE ( 'NONE', *, *, #3559, .T. ) ;
#1261 = AXIS2_PLACEMENT_3D ( 'NONE', #2071, #491, #1759 ) ;
#1262 = CARTESIAN_POINT ( 'NONE',  ( 52.40022094785527429, 2.169978146757343573, -3.364431052626737362 ) ) ;
#1263 = PRESENTATION_LAYER_ASSIGNMENT (  '', '', ( #1874 ) ) ;
#1264 = EDGE_LOOP ( 'NONE', ( #21, #3411, #490, #2338 ) ) ;
#1265 = CARTESIAN_POINT ( 'NONE',  ( 23.34136073444825499, -30.68450847370865375, -0.5046395578391371650 ) ) ;
#1266 = FACE_OUTER_BOUND ( 'NONE', #1153, .T. ) ;
#1267 = CARTESIAN_POINT ( 'NONE',  ( -59.78064005860433383, -6.859332789120598406, -3.636041374130108750 ) ) ;
#1268 = CARTESIAN_POINT ( 'NONE',  ( -74.33232441199881180, -5.972304432543244168, -12.58618263852918950 ) ) ;
#1269 = CARTESIAN_POINT ( 'NONE',  ( -29.92052761937637939, 4.341190088516483137, -0.1423335631825913550 ) ) ;
#1270 = VERTEX_POINT ( 'NONE', #232 ) ;
#1271 = CARTESIAN_POINT ( 'NONE',  ( 9.578864787540959824, -4.067742127412493858, 0.8816401026671676355 ) ) ;
#1272 = CARTESIAN_POINT ( 'NONE',  ( 67.09994236785024668, 1.028113173923971502, -6.203817162193284496 ) ) ;
#1273 = EDGE_LOOP ( 'NONE', ( #1300, #355, #4068, #2885 ) ) ;
#1274 = CARTESIAN_POINT ( 'NONE',  ( -6.771041445455909802, -14.37226678043900030, -1.059135254886776734 ) ) ;
#1275 = CARTESIAN_POINT ( 'NONE',  ( -5.389073545406043664, -10.26709503006041757, 0.9626282672045785027 ) ) ;
#1276 = CARTESIAN_POINT ( 'NONE',  ( 9.522627960318182261, -4.066707890778600287, -1.117532755479633266 ) ) ;
#1277 = EDGE_CURVE ( 'NONE', #1811, #3426, #844, .T. ) ;
#1278 = CARTESIAN_POINT ( 'NONE',  ( 14.52301445113548795, -25.91933088400355700, -1.273072769835975171 ) ) ;
#1279 = EDGE_LOOP ( 'NONE', ( #748, #2799, #204, #3 ) ) ;
#1280 = CARTESIAN_POINT ( 'NONE',  ( 40.61302543083157701, -30.84885974776826956, -1.131483578845405402 ) ) ;
#1281 = ORIENTED_EDGE ( 'NONE', *, *, #2525, .F. ) ;
#1282 = VECTOR ( 'NONE', #3852, 1000.000000000000000 ) ;
#1283 = CARTESIAN_POINT ( 'NONE',  ( 54.13457609172900220, -23.38744780005202273, -3.605479456952025430 ) ) ;
#1284 = CARTESIAN_POINT ( 'NONE',  ( -5.408435364023893577, -10.18390284179582395, 0.3628155105781820100 ) ) ;
#1285 = CARTESIAN_POINT ( 'NONE',  ( -11.00315873424776925, 2.364914076947106647, -0.5440952149887522404 ) ) ;
#1286 = CARTESIAN_POINT ( 'NONE',  ( 57.50468549739578350, -1.144761270703996692, -4.096551581369364037 ) ) ;
#1287 = CARTESIAN_POINT ( 'NONE',  ( -30.37848913242546089, -34.55812237626058447, -0.1903097258124247793 ) ) ;
#1288 = EDGE_CURVE ( 'NONE', #3983, #913, #3513, .T. ) ;
#1289 = CARTESIAN_POINT ( 'NONE',  ( 59.71882074748761227, -6.284962101917009214, -3.626399632284626584 ) ) ;
#1290 = CARTESIAN_POINT ( 'NONE',  ( -56.61206125769125208, -0.2282836251278402007, -4.367828324851220856 ) ) ;
#1291 = VERTEX_POINT ( 'NONE', #3410 ) ;
#1292 = CARTESIAN_POINT ( 'NONE',  ( 36.73043575479793788, 13.81194709027738021, 47.12552417735270183 ) ) ;
#1293 = DIRECTION ( 'NONE',  ( 4.625929269271484533E-15, 0.000000000000000000, 1.000000000000000000 ) ) ;
#1294 = SURFACE_STYLE_USAGE ( .BOTH. , #961 ) ;
#1295 = DIRECTION ( 'NONE',  ( -0.0005443633068965336502, 0.9999998518342840814, 0.000000000000000000 ) ) ;
#1296 = CARTESIAN_POINT ( 'NONE',  ( 9.645453893217736052, -3.472777876841380174, 0.07977515115403430168 ) ) ;
#1297 = B_SPLINE_CURVE_WITH_KNOTS ( 'NONE', 3,
 ( #3555, #966, #3516, #663, #3222, #622, #642, #2884, #1280, #2568, #2254, #1919 ),
 .UNSPECIFIED., .F., .F.,
 ( 4, 2, 2, 2, 2, 4 ),
 ( 1.432408584746125207E-11, 0.006101611852326278840, 0.01220322369032847062, 0.01525402960932957692, 0.01830483552833068669, 0.02440644736633289930 ),
 .UNSPECIFIED. ) ;
#1298 = B_SPLINE_CURVE_WITH_KNOTS ( 'NONE', 3,
 ( #1271, #2556, #3505, #1206, #3831, #3850, #1867, #2185, #3151, #3130 ),
 .UNSPECIFIED., .F., .F.,
 ( 4, 2, 2, 2, 4 ),
 ( 0.000000000000000000, 0.007262637085916797720, 0.01089395562887519875, 0.01270961490035439970, 0.01452527417183359891 ),
 .UNSPECIFIED. ) ;
#1299 = CARTESIAN_POINT ( 'NONE',  ( 21.74450137238038039, -30.31513922184071319, -1.612655097010307292 ) ) ;
#1300 = ORIENTED_EDGE ( 'NONE', *, *, #3102, .T. ) ;
#1301 = CARTESIAN_POINT ( 'NONE',  ( -62.92293870798691557, -8.135362161817687010, -6.166563262877060581 ) ) ;
#1302 = ORIENTED_EDGE ( 'NONE', *, *, #2344, .F. ) ;
#1303 = FACE_OUTER_BOUND ( 'NONE', #3853, .T. ) ;
#1304 = CARTESIAN_POINT ( 'NONE',  ( 74.33232427436544754, 1.027496301198058903, -15.23888633471944054 ) ) ;
#1305 = CARTESIAN_POINT ( 'NONE',  ( 5.697690986921230660, -7.397946776921730638, -0.4311824461547313359 ) ) ;
#1306 = CARTESIAN_POINT ( 'NONE',  ( 56.67064366324251523, -0.2282836251278637651, -3.972141211423708462 ) ) ;
#1307 = CARTESIAN_POINT ( 'NONE',  ( 25.34417653247784941, -31.09042698771451185, -0.6256736802288008770 ) ) ;
#1308 = CARTESIAN_POINT ( 'NONE',  ( -52.34605302607618427, 2.169978146757362669, -3.760746376895262255 ) ) ;
#1309 = DIRECTION ( 'NONE',  ( -2.153660471889033782E-08, 0.9999999999999997780, 9.962681012984517264E-23 ) ) ;
#1310 = CARTESIAN_POINT ( 'NONE',  ( -59.17861909176212265, -4.425573612006055590, -4.756791303654390290 ) ) ;
#1311 = EDGE_LOOP ( 'NONE', ( #265, #442, #106, #2713 ) ) ;
#1312 = CARTESIAN_POINT ( 'NONE',  ( -10.39572806148925466, -18.55947972158576320, 0.06032866722194274445 ) ) ;
#1313 = CARTESIAN_POINT ( 'NONE',  ( -47.36256316717077652, -28.99203072184976904, -3.112580304781106921 ) ) ;
#1314 = CARTESIAN_POINT ( 'NONE',  ( -74.33232427436546175, 1.027496301198058903, -12.58618261426071250 ) ) ;
#1315 = CARTESIAN_POINT ( 'NONE',  ( 62.61182984822992381, -9.397920174333055598, -4.088531720223025800 ) ) ;
#1316 = CARTESIAN_POINT ( 'NONE',  ( -46.95471788021471582, 7.018043986565204229, -1.851478931105433823 ) ) ;
#1317 = CARTESIAN_POINT ( 'NONE',  ( 24.39972256558016284, 6.304652191306649556, 0.2335285923707116074 ) ) ;
#1318 = ORIENTED_EDGE ( 'NONE', *, *, #1906, .F. ) ;
#1319 = EDGE_CURVE ( 'NONE', #3110, #1412, #4110, .T. ) ;
#1320 = CARTESIAN_POINT ( 'NONE',  ( -64.31442697077392268, -6.735546095106636599, -6.399008238443932406 ) ) ;
#1321 = ORIENTED_EDGE ( 'NONE', *, *, #159, .F. ) ;
#1322 = CARTESIAN_POINT ( 'NONE',  ( 52.41203603331712912, -25.83769692428422005, -3.364309278474248988 ) ) ;
#1323 = AXIS2_PLACEMENT_3D ( 'NONE', #317, #45, #1942 ) ;
#1324 = CARTESIAN_POINT ( 'NONE',  ( -11.87222655021145279, 0.03284538247882486106, 0.01814646133346544885 ) ) ;
#1325 = LINE ( 'NONE', #2320, #3569 ) ;
#1326 = EDGE_LOOP ( 'NONE', ( #674, #87, #2789, #1330 ) ) ;
#1327 = FILL_AREA_STYLE ('',( #2976 ) ) ;
#1328 = CARTESIAN_POINT ( 'NONE',  ( 72.36096723560009991, -2.171431038336605113, -14.26371814922621262 ) ) ;
#1329 = CARTESIAN_POINT ( 'NONE',  ( -59.55755557537732869, -6.254336259651071650, -4.815729887885051852 ) ) ;
#1330 = ORIENTED_EDGE ( 'NONE', *, *, #1930, .F. ) ;
#1331 = CARTESIAN_POINT ( 'NONE',  ( 9.545808712541301588, -4.067225507411745156, -0.3178853749501997505 ) ) ;
#1332 = CARTESIAN_POINT ( 'NONE',  ( 0.8854739523976207227, -7.699177788817934243, 0.9992310134239015262 ) ) ;
#1333 = EDGE_CURVE ( 'NONE', #2066, #3815, #1809, .T. ) ;
#1334 = CARTESIAN_POINT ( 'NONE',  ( 33.47456470649920135, -31.61997772969102982, -1.245244761514499476 ) ) ;
#1335 = CARTESIAN_POINT ( 'NONE',  ( 58.08005773200244448, -14.25242143331970723, -5.396433416335698396 ) ) ;
#1336 = AXIS2_PLACEMENT_3D ( 'NONE', #3019, #94, #135 ) ;
#1337 = CARTESIAN_POINT ( 'NONE',  ( -5.080428271679739538, -9.929353195702010026, -1.033330720882139842 ) ) ;
#1338 = FACE_OUTER_BOUND ( 'NONE', #3824, .T. ) ;
#1339 = ORIENTED_EDGE ( 'NONE', *, *, #3710, .F. ) ;
#1340 = ADVANCED_FACE ( 'NONE', ( #4115 ), #1059, .F. ) ;
#1341 = CARTESIAN_POINT ( 'NONE',  ( -66.41837340773258802, -5.973124154748418846, -6.760591223034789543 ) ) ;
#1342 = ORIENTED_EDGE ( 'NONE', *, *, #3266, .T. ) ;
#1343 = CARTESIAN_POINT ( 'NONE',  ( -71.86096730968294821, -2.171158856683157001, -15.23888633471938370 ) ) ;
#1344 = VECTOR ( 'NONE', #1293, 1000.000000000000000 ) ;
#1345 = CARTESIAN_POINT ( 'NONE',  ( -13.97444591346475029, 1.148922094363605595, -0.4526849711010588195 ) ) ;
#1346 = B_SPLINE_CURVE_WITH_KNOTS ( 'NONE', 3,
 ( #1927, #892, #1228, #2516, #3790, #914 ),
 .UNSPECIFIED., .F., .F.,
 ( 4, 2, 4 ),
 ( 1.226758820737182716E-12, 0.007998458774499513091, 0.01599691754777226790 ),
 .UNSPECIFIED. ) ;
#1347 = CARTESIAN_POINT ( 'NONE',  ( -84.88837629756407921, -11.25322035869498905, -10.22043468968944424 ) ) ;
#1348 = CARTESIAN_POINT ( 'NONE',  ( 53.53816355766767998, 1.851208186883199103, -3.923682476751523041 ) ) ;
#1349 = CARTESIAN_POINT ( 'NONE',  ( -13.97444591346496523, 1.148922094363601376, -0.4526849711010139110 ) ) ;
#1350 = CARTESIAN_POINT ( 'NONE',  ( -51.93308355936374454, -26.30107415792184611, -2.493491744570711433 ) ) ;
#1351 = CARTESIAN_POINT ( 'NONE',  ( 52.47768369167854985, -25.78150427398470512, -2.567279803197163979 ) ) ;
#1352 = ORIENTED_EDGE ( 'NONE', *, *, #982, .F. ) ;
#1353 = CARTESIAN_POINT ( 'NONE',  ( 9.578864787540959824, -4.067742127412493858, 0.8816401026671676355 ) ) ;
#1354 = CARTESIAN_POINT ( 'NONE',  ( -46.09834933642569155, 3.611967262190578065, -2.542056127665102139 ) ) ;
#1355 =( LENGTH_UNIT ( ) NAMED_UNIT ( * ) SI_UNIT ( .MILLI., .METRE. ) );
#1356 = AXIS2_PLACEMENT_3D ( 'NONE', #2429, #507, #1799 ) ;
#1357 = CARTESIAN_POINT ( 'NONE',  ( -59.39826745182362089, -9.353953579702766419, -4.790949453183090512 ) ) ;
#1358 = CARTESIAN_POINT ( 'NONE',  ( 46.09775752906027435, 3.612025542909350406, -2.541990137410656825 ) ) ;
#1359 = EDGE_CURVE ( 'NONE', #2313, #3696, #2010, .T. ) ;
#1360 = DIRECTION ( 'NONE',  ( 1.370808142439265230E-21, 2.518185781381239098E-18, 1.000000000000000000 ) ) ;
#1361 = CARTESIAN_POINT ( 'NONE',  ( -9.124605069403035174, -9.321047096406250176, -1.107933662158297583 ) ) ;
#1362 = EDGE_LOOP ( 'NONE', ( #1949, #3134, #568, #393 ) ) ;
#1363 = CARTESIAN_POINT ( 'NONE',  ( 9.970873132852691612, -2.613149264638404912, 0.8717985085117233579 ) ) ;
#1364 = ORIENTED_EDGE ( 'NONE', *, *, #3577, .T. ) ;
#1365 = PLANE ( 'NONE',  #2005 ) ;
#1366 = B_SPLINE_SURFACE_WITH_KNOTS ( 'NONE', 3, 3, ( 
 ( #2183, #567, #1844, #3109, #3149, #2831, #3484, #278, #1226, #2514, #588, #1885, #1570, #2852, #1248, #3810, #933, #2222 ),
 ( #3503, #609, #1903, #3190, #1694, #1674, #2008, #2240, #379, #1925, #3887, #971, #2258, #669, #29, #2951, #1008, #2888 ),
 ( #628, #1964, #2299, #2908, #3244, #3287, #3543, #3829, #320, #2277, #400, #3848, #1285, #647, #93, #1305, #71, #1612 ),
 ( #1347, #2974, #2635, #1368, #3523, #3907, #3208, #3583, #1945, #3227, #360, #2593, #1031, #692, #9, #1653, #2574, #2930 ) ),
 .UNSPECIFIED., .F., .F., .F.,
 ( 4, 4 ),
 ( 4, 1, 1, 1, 1, 1, 1, 1, 1, 1, 1, 1, 1, 1, 1, 4 ),
 ( 0.000000000000000000, 1.000000000000000000 ),
 ( 0.000000000000000000, 0.07422954343685896073, 0.1484590868737181157, 0.2110747108058944332, 0.2596984728745519444, 0.3337185047233071633, 0.4077261547396212604, 0.4817266172263465762, 0.5557254397975283089, 0.6297282507137726970, 0.7037404821222020823, 0.7777671032511533911, 0.8148016717910900875, 0.8888575918029146816, 0.9629367924205075591, 1.000000000000000000 ),
 .UNSPECIFIED. ) ;
#1367 = CARTESIAN_POINT ( 'NONE',  ( -9.807889602804950258, -2.891723246447288620, -0.3243663888013705865 ) ) ;
#1368 = CARTESIAN_POINT ( 'NONE',  ( -73.05287760269672503, -2.114193178507996596, -8.135711285003727866 ) ) ;
#1369 = CARTESIAN_POINT ( 'NONE',  ( -71.36096738376582493, -2.170886675029708890, -15.23888633471938370 ) ) ;
#1370 = CARTESIAN_POINT ( 'NONE',  ( 71.61129374225021138, -1.571431512466894942, -14.73888633471937126 ) ) ;
#1371 = CARTESIAN_POINT ( 'NONE',  ( -47.50790178392362861, -28.98723528374028291, -1.921478602765692489 ) ) ;
#1372 = EDGE_CURVE ( 'NONE', #3162, #3089, #2250, .T. ) ;
#1373 = CARTESIAN_POINT ( 'NONE',  ( 36.37633775868846442, 4.514583776060134390, -1.901614890023097137 ) ) ;
#1374 = ORIENTED_EDGE ( 'NONE', *, *, #904, .F. ) ;
#1375 = B_SPLINE_CURVE_WITH_KNOTS ( 'NONE', 1,
 ( #3258, #3343 ),
 .UNSPECIFIED., .F., .F.,
 ( 2, 2 ),
 ( 0.000000000000000000, 1.000000000000000000 ),
 .UNSPECIFIED. ) ;
#1376 = SURFACE_SIDE_STYLE ('',( #406 ) ) ;
#1377 = LINE ( 'NONE', #1055, #478 ) ;
#1378 = CARTESIAN_POINT ( 'NONE',  ( 6.829398364620291595, -14.37197475349328002, 0.9395797310053517482 ) ) ;
#1379 = B_SPLINE_CURVE_WITH_KNOTS ( 'NONE', 3,
 ( #782, #4021, #1724, #2709, #3978, #2057, #3337, #3998, #1400, #3024, #3382, #140, #453, #2393 ),
 .UNSPECIFIED., .F., .F.,
 ( 4, 2, 2, 2, 2, 2, 4 ),
 ( 2.025569950703085621E-11, 0.009683942122743588801, 0.01936788422523147771, 0.02178886975085343042, 0.02420985527647538660, 0.02905182632771930590, 0.03873576843020715837 ),
 .UNSPECIFIED. ) ;
#1380 = CARTESIAN_POINT ( 'NONE',  ( 31.43914509817658498, -31.62509332549633001, -1.073906564222450344 ) ) ;
#1381 = CARTESIAN_POINT ( 'NONE',  ( -58.01074076006661073, 4.666866690586157773, -3.356582049959773606 ) ) ;
#1382 = ORIENTED_EDGE ( 'NONE', *, *, #1259, .F. ) ;
#1383 = CARTESIAN_POINT ( 'NONE',  ( -6.404815468759276875, -12.20839509416291335, -1.053169841207746815 ) ) ;
#1384 = CARTESIAN_POINT ( 'NONE',  ( -15.73098173464729221, -5.037597910355311015, -8.017335502258175595 ) ) ;
#1385 = ORIENTED_EDGE ( 'NONE', *, *, #4088, .F. ) ;
#1386 = AXIS2_PLACEMENT_3D ( 'NONE', #3082, #1780, #1436 ) ;
#1387 = CARTESIAN_POINT ( 'NONE',  ( -17.07612626701287795, 2.149878705145030988, -0.5648903995622239771 ) ) ;
#1388 = ORIENTED_EDGE ( 'NONE', *, *, #2293, .F. ) ;
#1389 = EDGE_CURVE ( 'NONE', #2196, #6, #2415, .T. ) ;
#1390 = CARTESIAN_POINT ( 'NONE',  ( -59.65146992738200282, -8.124371557721696391, -4.425566509869449661 ) ) ;
#1391 = FACE_OUTER_BOUND ( 'NONE', #2146, .T. ) ;
#1392 = CARTESIAN_POINT ( 'NONE',  ( 6.567971707365155787, -16.17371138458655011, -0.4558430220179375825 ) ) ;
#1393 = PLANE ( 'NONE',  #1386 ) ;
#1394 = CARTESIAN_POINT ( 'NONE',  ( 59.58979649686548896, -8.122629294146822332, -4.820782621315585104 ) ) ;
#1395 = CARTESIAN_POINT ( 'NONE',  ( -14.02022323956612482, 1.141500831036104335, 0.7463235250255078057 ) ) ;
#1396 = CARTESIAN_POINT ( 'NONE',  ( 47.50804008522567301, -28.98762727043579090, -1.921488931554431234 ) ) ;
#1397 = CARTESIAN_POINT ( 'NONE',  ( 50.78758520378157471, -27.25691167936469128, -2.340380269565788041 ) ) ;
#1398 = VERTEX_POINT ( 'NONE', #2565 ) ;
#1399 = SURFACE_SIDE_STYLE ('',( #3935 ) ) ;
#1400 = CARTESIAN_POINT ( 'NONE',  ( 29.05546605647165848, 4.211496517003842754, -2.094965996407656572 ) ) ;
#1401 = CARTESIAN_POINT ( 'NONE',  ( -72.36270919818214509, 1.028568487533104481, -9.088216203508499902 ) ) ;
#1402 = CARTESIAN_POINT ( 'NONE',  ( -52.50668674978268768, 2.162940687080963542, -2.571652550467943055 ) ) ;
#1403 = CARTESIAN_POINT ( 'NONE',  ( -9.930744766798641265, 1.817884934691601728, 0.8745422543539975724 ) ) ;
#1404 = B_SPLINE_CURVE_WITH_KNOTS ( 'NONE', 3,
 ( #2213, #2725, #2747, #470, #221, #1183 ),
 .UNSPECIFIED., .F., .F.,
 ( 4, 2, 4 ),
 ( 1.224745782130214476E-12, 0.008001525367881274706, 0.01600305073453781035 ),
 .UNSPECIFIED. ) ;
#1405 = EDGE_LOOP ( 'NONE', ( #1258, #430, #3055, #1991 ) ) ;
#1406 = CARTESIAN_POINT ( 'NONE',  ( -4.116079543103397853, -9.032823738999960383, -1.021784138167031841 ) ) ;
#1407 = CARTESIAN_POINT ( 'NONE',  ( -9.603997254121415139, -10.82513488819481040, 1.081103584090125969 ) ) ;
#1408 = ORIENTED_EDGE ( 'NONE', *, *, #1955, .T. ) ;
#1409 = CARTESIAN_POINT ( 'NONE',  ( -52.34605302607555899, 2.169978146757524762, -3.760746376895262255 ) ) ;
#1410 = B_SPLINE_SURFACE_WITH_KNOTS ( 'NONE', 1, 3, ( 
 ( #765, #3340, #1748, #2078, #3365, #475, #2940, #60, #2624, #3898, #164, #1767, #1447, #2731, #4000, #3048 ),
 ( #1308, #32, #2661, #1656, #2617, #1677, #715, #3333, #3910, #74, #363, #2596, #2369, #2032, #3649, #1075 ) ),
 .UNSPECIFIED., .F., .F., .F.,
 ( 2, 2 ),
 ( 4, 2, 2, 2, 2, 2, 2, 4 ),
 ( 0.000000000000000000, 1.000000000000000000 ),
 ( 0.000000000000000000, 0.2500000000000000000, 0.3750000000000000000, 0.5000000000000000000, 0.6250000000000000000, 0.7500000000000000000, 0.8750000000000000000, 1.000000000000000000 ),
 .UNSPECIFIED. ) ;
#1411 = EDGE_CURVE ( 'NONE', #1555, #3232, #342, .T. ) ;
#1412 = VERTEX_POINT ( 'NONE', #1621 ) ;
#1413 = CARTESIAN_POINT ( 'NONE',  ( -59.45973303555225442, -9.353953579702766419, -4.395700187507789458 ) ) ;
#1414 = EDGE_CURVE ( 'NONE', #2717, #3620, #295, .T. ) ;
#1415 = CARTESIAN_POINT ( 'NONE',  ( -6.361568616881635663, -11.82672518258413596, -0.4521676749980989563 ) ) ;
#1416 =( NAMED_UNIT ( * ) PLANE_ANGLE_UNIT ( ) SI_UNIT ( $, .RADIAN. ) );
#1417 = CARTESIAN_POINT ( 'NONE',  ( 13.01434656665904299, -24.17326890789896510, -0.4183134872551572681 ) ) ;
#1418 = CARTESIAN_POINT ( 'NONE',  ( 15.76132769765867536, -26.97538542153967711, 0.6796480747666532318 ) ) ;
#1419 = EDGE_CURVE ( 'NONE', #1249, #1067, #2362, .T. ) ;
#1420 = FACE_OUTER_BOUND ( 'NONE', #3423, .T. ) ;
#1421 = CYLINDRICAL_SURFACE ( 'NONE', #1220, 5.378530200181927512 ) ;
#1422 = EDGE_CURVE ( 'NONE', #1239, #3220, #3167, .T. ) ;
#1423 = CARTESIAN_POINT ( 'NONE',  ( -9.545808712541502317, -4.067225507410880958, -0.3178853749502424941 ) ) ;
#1424 = CARTESIAN_POINT ( 'NONE',  ( -43.49611967966471582, -30.22243126600640295, -2.649775304562418388 ) ) ;
#1425 = VECTOR ( 'NONE', #343, 1000.000000000000000 ) ;
#1426 = CARTESIAN_POINT ( 'NONE',  ( 59.28135062179150339, -9.355209283805878684, -5.582304607681224162 ) ) ;
#1427 = CARTESIAN_POINT ( 'NONE',  ( 25.31807431363216310, -31.09044665393743756, -1.024826010655569997 ) ) ;
#1428 = CARTESIAN_POINT ( 'NONE',  ( 51.40586307241628106, -30.44750690749600963, -2.422487754630264778 ) ) ;
#1429 = EDGE_LOOP ( 'NONE', ( #1735, #4031, #3010, #325 ) ) ;
#1430 = CARTESIAN_POINT ( 'NONE',  ( 2.980835269047628078, -8.343713912623144324, -1.011467743468105196 ) ) ;
#1431 = CARTESIAN_POINT ( 'NONE',  ( 2.531456297277683287, -1.795581977929471718, 1.207862287686864988 ) ) ;
#1432 = CARTESIAN_POINT ( 'NONE',  ( 62.48345730203536164, -8.869235604342554424, -6.094074989697187306 ) ) ;
#1433 = ORIENTED_EDGE ( 'NONE', *, *, #3897, .T. ) ;
#1434 = DIRECTION ( 'NONE',  ( 0.9999999999999991118, -4.173484458121928399E-08, -4.625929269271479011E-15 ) ) ;
#1435 = CARTESIAN_POINT ( 'NONE',  ( 6.645061940229347819, -12.65540076342137965, 0.3430363459450644914 ) ) ;
#1436 = DIRECTION ( 'NONE',  ( -0.9999998518342840814, -0.0005443633068965336502, 0.000000000000000000 ) ) ;
#1437 = CARTESIAN_POINT ( 'NONE',  ( 9.545808712541301588, -4.067225507411745156, -0.3178853749501997505 ) ) ;
#1438 = CARTESIAN_POINT ( 'NONE',  ( 9.807889602804960916, -2.891723246447218454, -0.3243663888013929575 ) ) ;
#1439 = CIRCLE ( 'NONE', #1979, 0.2500000000000037192 ) ;
#1440 = CARTESIAN_POINT ( 'NONE',  ( -50.08440228290172058, -27.69308976998567573, -3.054471071719763842 ) ) ;
#1441 = FACE_OUTER_BOUND ( 'NONE', #2264, .T. ) ;
#1442 = EDGE_CURVE ( 'NONE', #2196, #1398, #2407, .T. ) ;
#1443 = CARTESIAN_POINT ( 'NONE',  ( 54.69143006716944200, 1.253510597471724886, -3.684157269994318362 ) ) ;
#1444 = CARTESIAN_POINT ( 'NONE',  ( -37.54178829669751138, -31.33405333684923733, -1.620054459700543292 ) ) ;
#1445 = CARTESIAN_POINT ( 'NONE',  ( -54.13457609172892404, -23.38744780005216484, -3.605479456952025430 ) ) ;
#1446 = PRODUCT_DEFINITION_SHAPE ( 'NONE', 'NONE',  #2324 ) ;
#1447 = CARTESIAN_POINT ( 'NONE',  ( -59.66900464896505696, -6.877646156516580511, -4.428302910304138251 ) ) ;
#1448 = CARTESIAN_POINT ( 'NONE',  ( 52.23898935287444800, 2.174796628552852162, -4.553470942937517307 ) ) ;
#1449 = ORIENTED_EDGE ( 'NONE', *, *, #2027, .T. ) ;
#1450 = CARTESIAN_POINT ( 'NONE',  ( -9.878921084921227447, 1.817610761779367978, -1.124797040333806786 ) ) ;
#1451 = CARTESIAN_POINT ( 'NONE',  ( 83.94243993381331848, -10.38746360755481035, -10.05366082393719651 ) ) ;
#1452 = CARTESIAN_POINT ( 'NONE',  ( 53.71763796095903132, -28.50580673394102860, -4.757899358496212372 ) ) ;
#1453 = CARTESIAN_POINT ( 'NONE',  ( -46.05069587741677140, 3.611967262190577177, -2.939221569353121399 ) ) ;
#1454 = PRODUCT_RELATED_PRODUCT_CATEGORY ( 'part', '', ( #66 ) ) ;
#1455 = ORIENTED_EDGE ( 'NONE', *, *, #1738, .T. ) ;
#1456 = VECTOR ( 'NONE', #340, 999.9999999999998863 ) ;
#1457 = CARTESIAN_POINT ( 'NONE',  ( -51.53650762538583052, -30.21981161524882253, -4.457359272682851703 ) ) ;
#1458 = CARTESIAN_POINT ( 'NONE',  ( 8.845433387398379921, -23.06772320247976893, -1.101025048307502363 ) ) ;
#1459 = CARTESIAN_POINT ( 'NONE',  ( 5.923289096503500772, -10.97173934209919466, -1.245117442360748727 ) ) ;
#1460 = ORIENTED_EDGE ( 'NONE', *, *, #307, .T. ) ;
#1461 = CARTESIAN_POINT ( 'NONE',  ( -71.86096730968294821, -2.171158856683157001, -15.23888633471938370 ) ) ;
#1462 = CARTESIAN_POINT ( 'NONE',  ( -9.079027551983593014, -8.922771208028905221, 0.09349930097794879880 ) ) ;
#1463 = CARTESIAN_POINT ( 'NONE',  ( -10.79325785271847948, -20.06148255615248033, -0.3504997413629042380 ) ) ;
#1464 = CARTESIAN_POINT ( 'NONE',  ( 18.51293462985425364, -32.27914217915511585, 0.5592096427473052245 ) ) ;
#1465 = CARTESIAN_POINT ( 'NONE',  ( -33.47440837631723554, -31.62001486570551734, -1.245230354757480340 ) ) ;
#1466 = DIRECTION ( 'NONE',  ( -0.000000000000000000, -1.000000000000000000, 0.000000000000000000 ) ) ;
#1467 = VECTOR ( 'NONE', #2781, 1000.000000000000227 ) ;
#1468 = CARTESIAN_POINT ( 'NONE',  ( -67.33147295269333199, 1.027594070906433288, -4.890740392771682821 ) ) ;
#1469 = CLOSED_SHELL ( 'NONE', ( #3224, #2962, #4141, #976, #1005, #2475, #736, #2856, #2469, #1545, #3477, #1805, #2706, #3725, #1769, #1072, #795, #3252, #2905, #3014, #112, #378, #2720, #14, #174, #229, #4083, #2238, #3770, #2968, #1060, #2985, #4012, #1606, #1523, #1340, #3181, #2219, #2726, #2253, #3827, #354, #3339, #4136, #769, #2929, #1791, #3777, #2547, #3354, #1835, #665 ) ) ;
#1470 = AXIS2_PLACEMENT_3D ( 'NONE', #85, #1360, #1812 ) ;
#1471 = ORIENTED_EDGE ( 'NONE', *, *, #969, .F. ) ;
#1472 = CARTESIAN_POINT ( 'NONE',  ( 9.745798736232373471, -16.20800041507334299, -0.3223484450991152550 ) ) ;
#1473 = EDGE_CURVE ( 'NONE', #532, #109, #2269, .T. ) ;
#1474 = EDGE_CURVE ( 'NONE', #149, #3346, #3026, .T. ) ;
#1475 = CARTESIAN_POINT ( 'NONE',  ( -66.98417885191005894, 1.028568487533104481, -12.23888633471946363 ) ) ;
#1476 = CARTESIAN_POINT ( 'NONE',  ( -23.34136073444861736, -30.68450847370872481, -0.5046395578391926762 ) ) ;
#1477 = VERTEX_POINT ( 'NONE', #2059 ) ;
#1478 = CARTESIAN_POINT ( 'NONE',  ( 65.04370589803281177, 2.069394635018176665, -4.492578873271442674 ) ) ;
#1479 = CARTESIAN_POINT ( 'NONE',  ( 15.93642053145133453, -30.89919465144658162, -1.329025238138219489 ) ) ;
#1480 = ADVANCED_FACE ( 'NONE', ( #2396 ), #701, .T. ) ;
#1481 = B_SPLINE_SURFACE_WITH_KNOTS ( 'NONE', 1, 3, ( 
 ( #2256, #2886, #666, #1322, #2949, #1283 ),
 ( #2868, #2612, #3541, #2632, #644, #336 ) ),
 .UNSPECIFIED., .F., .F., .F.,
 ( 2, 2 ),
 ( 4, 2, 4 ),
 ( 0.000000000000000000, 1.000000000000000000 ),
 ( 0.000000000000000000, 0.5000000000000000000, 1.000000000000000000 ),
 .UNSPECIFIED. ) ;
#1482 = CARTESIAN_POINT ( 'NONE',  ( 6.751552269136722018, -15.48517697636202328, -0.4589689804524745287 ) ) ;
#1483 = CARTESIAN_POINT ( 'NONE',  ( -53.68780043962306792, 1.796243464153528757, -2.734416382508259691 ) ) ;
#1484 = ORIENTED_EDGE ( 'NONE', *, *, #1277, .F. ) ;
#1485 = CARTESIAN_POINT ( 'NONE',  ( 47.42817981696640572, -28.99280164900113732, -2.583300724152906902 ) ) ;
#1486 = CARTESIAN_POINT ( 'NONE',  ( -9.361335230589904910, -13.79148808154128325, 0.08677054860268994252 ) ) ;
#1487 = CARTESIAN_POINT ( 'NONE',  ( -58.95635769226800704, -11.81886936512500696, -4.317419816115558362 ) ) ;
#1488 = CARTESIAN_POINT ( 'NONE',  ( -47.36256316717078363, -28.99203072184976193, -3.112580304781065177 ) ) ;
#1489 = ORIENTED_EDGE ( 'NONE', *, *, #3306, .F. ) ;
#1490 = CARTESIAN_POINT ( 'NONE',  ( -31.30988194686130299, -34.59258021313259945, -2.271207128135525721 ) ) ;
#1491 = CARTESIAN_POINT ( 'NONE',  ( 57.79352234577770986, -1.779149806497520414, -5.353818408806621854 ) ) ;
#1492 = ORIENTED_EDGE ( 'NONE', *, *, #1542, .T. ) ;
#1493 = CARTESIAN_POINT ( 'NONE',  ( -59.57645070159809819, -9.352657451645590925, -3.604319627827002215 ) ) ;
#1494 = CARTESIAN_POINT ( 'NONE',  ( 85.02729483969763180, -11.25322035869499793, -9.432588487279682354 ) ) ;
#1495 = CARTESIAN_POINT ( 'NONE',  ( 59.45973303555210521, -9.353953579702759313, -4.395700187507733503 ) ) ;
#1496 = EDGE_CURVE ( 'NONE', #3093, #3737, #1657, .T. ) ;
#1497 = CARTESIAN_POINT ( 'NONE',  ( -54.06258699303149484, -23.38899837551496574, -4.133910014349560846 ) ) ;
#1498 = B_SPLINE_CURVE_WITH_KNOTS ( 'NONE', 3,
 ( #2694, #726, #2988, #2380, #2021, #2402 ),
 .UNSPECIFIED., .F., .F.,
 ( 4, 2, 4 ),
 ( 4.944925491572751210E-13, 0.004656610738022981533, 0.009313221475551471465 ),
 .UNSPECIFIED. ) ;
#1499 = VERTEX_POINT ( 'NONE', #1402 ) ;
#1500 = CARTESIAN_POINT ( 'NONE',  ( -14.02022323956612482, 1.141500831036104335, 0.7463235250255078057 ) ) ;
#1501 = FACE_OUTER_BOUND ( 'NONE', #1022, .T. ) ;
#1502 = CARTESIAN_POINT ( 'NONE',  ( 23.31723196209548377, -30.68450847370865375, -0.9039111475430683385 ) ) ;
#1503 = CARTESIAN_POINT ( 'NONE',  ( -5.909756962782128475, 0.2238606145961370419, -1.044609078870558205 ) ) ;
#1504 = ORIENTED_EDGE ( 'NONE', *, *, #3145, .F. ) ;
#1505 = CARTESIAN_POINT ( 'NONE',  ( -66.98417885191005894, -5.972304432543244168, -12.23888633471946363 ) ) ;
#1506 = FACE_OUTER_BOUND ( 'NONE', #1326, .T. ) ;
#1507 = B_SPLINE_CURVE_WITH_KNOTS ( 'NONE', 3,
 ( #1034, #3868, #2933, #1967, #2280, #1350, #3586, #403, #3932, #3564, #53, #1371 ),
 .UNSPECIFIED., .F., .F.,
 ( 4, 2, 2, 2, 2, 4 ),
 ( 5.924441978626865157E-13, 0.002239022655912276984, 0.003358533983572193227, 0.004478045311232110338, 0.006717067966551958438, 0.008956090621871807406 ),
 .UNSPECIFIED. ) ;
#1508 = CARTESIAN_POINT ( 'NONE',  ( -71.56946175102197572, -1.571431512466895164, -14.83288868384772741 ) ) ;
#1509 = B_SPLINE_CURVE_WITH_KNOTS ( 'NONE', 1,
 ( #802, #1096 ),
 .UNSPECIFIED., .F., .F.,
 ( 2, 2 ),
 ( 0.000000000000000000, 1.000000000000000000 ),
 .UNSPECIFIED. ) ;
#1510 = CARTESIAN_POINT ( 'NONE',  ( 47.36256316717131654, -28.99203072184941732, -3.112580304781176199 ) ) ;
#1511 = ORIENTED_EDGE ( 'NONE', *, *, #2701, .T. ) ;
#1512 = CARTESIAN_POINT ( 'NONE',  ( -67.33147515126222515, -5.972304965155426970, -4.890740773849204359 ) ) ;
#1513 = ADVANCED_FACE ( 'NONE', ( #2689 ), #2086, .T. ) ;
#1514 = DIRECTION ( 'NONE',  ( 0.03192674799365945865, -1.445604247311102016E-15, 0.9994902114390862291 ) ) ;
#1515 = ORIENTED_EDGE ( 'NONE', *, *, #4109, .T. ) ;
#1516 = CARTESIAN_POINT ( 'NONE',  ( 59.57663281499777952, -9.352696012490786970, -3.604342683980197748 ) ) ;
#1517 = CARTESIAN_POINT ( 'NONE',  ( -9.544582894889012792, -10.82513488819481040, -1.318160872762641267 ) ) ;
#1518 = CARTESIAN_POINT ( 'NONE',  ( 56.52884899597769675, -24.90322680848372272, -5.164396660716898957 ) ) ;
#1519 = CARTESIAN_POINT ( 'NONE',  ( -20.33894380612472474, -29.85598075531010309, -0.3324170870050507931 ) ) ;
#1520 = VERTEX_POINT ( 'NONE', #455 ) ;
#1521 = FACE_OUTER_BOUND ( 'NONE', #3083, .T. ) ;
#1522 = DIRECTION ( 'NONE',  ( 0.0005443633068965336502, 0.9999998518342840814, -2.518186154490093769E-18 ) ) ;
#1523 = ADVANCED_FACE ( 'NONE', ( #434 ), #3319, .T. ) ;
#1524 = CARTESIAN_POINT ( 'NONE',  ( 56.41406539325071634, -18.93891244154236730, -4.337736028171019775 ) ) ;
#1525 = CARTESIAN_POINT ( 'NONE',  ( -9.211407594315987879, -23.56099507279800775, 0.8906712271472388975 ) ) ;
#1526 = ADVANCED_FACE ( 'NONE', ( #785 ), #1410, .T. ) ;
#1527 = CARTESIAN_POINT ( 'NONE',  ( -12.87130535945921395, 0.7006081950346507714, -0.01381038140062574270 ) ) ;
#1528 = CARTESIAN_POINT ( 'NONE',  ( -45.57563760168331868, -29.66983240334604943, -1.682879553900100467 ) ) ;
#1529 = ORIENTED_EDGE ( 'NONE', *, *, #1915, .F. ) ;
#1530 = CARTESIAN_POINT ( 'NONE',  ( 50.53083319390890438, -27.25487108053829388, -4.323838519999753771 ) ) ;
#1531 = B_SPLINE_CURVE_WITH_KNOTS ( 'NONE', 3,
 ( #2068, #2049, #3329, #2530, #217, #1200, #2489, #545, #1841, #2510 ),
 .UNSPECIFIED., .F., .F.,
 ( 4, 2, 2, 2, 4 ),
 ( 0.000000000000000000, 0.2500000000000000000, 0.5000000000000000000, 0.7500000000000000000, 1.000000000000000000 ),
 .UNSPECIFIED. ) ;
#1532 = CARTESIAN_POINT ( 'NONE',  ( 25.83346284252164438, -14.12479451474173153, -18.98535716091972247 ) ) ;
#1533 = ORIENTED_EDGE ( 'NONE', *, *, #2111, .T. ) ;
#1534 = CARTESIAN_POINT ( 'NONE',  ( -74.33232427436544754, 1.027496301198058903, -15.58618261426071605 ) ) ;
#1535 = CARTESIAN_POINT ( 'NONE',  ( 20.80255401934339687, 5.657392638444433075, -0.9359058811349363349 ) ) ;
#1536 = CARTESIAN_POINT ( 'NONE',  ( 51.53161452212640370, -30.19962435977021897, -4.457342996715566663 ) ) ;
#1537 = VECTOR ( 'NONE', #2936, 1000.000000000000000 ) ;
#1538 = CARTESIAN_POINT ( 'NONE',  ( -14.01464938957146877, -25.39371385731911701, -0.05220326801782132486 ) ) ;
#1539 = VERTEX_POINT ( 'NONE', #2977 ) ;
#1540 = CARTESIAN_POINT ( 'NONE',  ( -66.98417880039076522, 1.027701400671255705, -6.860356280627669001 ) ) ;
#1541 = CARTESIAN_POINT ( 'NONE',  ( 12.83832755255631142, -28.48705462809594735, -1.212763522593165666 ) ) ;
#1542 = EDGE_CURVE ( 'NONE', #1412, #3472, #1507, .T. ) ;
#1543 = CARTESIAN_POINT ( 'NONE',  ( 68.19280112716734266, -10.97228152175219940, 0.2397081843074616025 ) ) ;
#1544 = CARTESIAN_POINT ( 'NONE',  ( 67.33147513932385664, -5.972304432543244168, -4.890740771739674919 ) ) ;
#1545 = ADVANCED_FACE ( 'NONE', ( #991 ), #382, .T. ) ;
#1546 = CARTESIAN_POINT ( 'NONE',  ( 11.41012976625099107, -21.50637450528479278, -0.3676047850222601832 ) ) ;
#1547 = AXIS2_PLACEMENT_3D ( 'NONE', #156, #1117, #777 ) ;
#1548 = CARTESIAN_POINT ( 'NONE',  ( 10.40535143926271111, -18.55784063263002182, 0.1933325330834633760 ) ) ;
#1549 = EDGE_CURVE ( 'NONE', #4073, #1617, #2012, .T. ) ;
#1550 = LINE ( 'NONE', #223, #667 ) ;
#1551 = ORIENTED_EDGE ( 'NONE', *, *, #2910, .F. ) ;
#1552 = CARTESIAN_POINT ( 'NONE',  ( -37.99890703966858752, -34.31342703166591690, -0.8603013418910977483 ) ) ;
#1553 = CARTESIAN_POINT ( 'NONE',  ( -54.92615327572448791, -27.50965971782470731, -2.909874544699159848 ) ) ;
#1554 = CARTESIAN_POINT ( 'NONE',  ( -9.540246435550077564, -4.066881559149608805, -0.4511061833852678671 ) ) ;
#1555 = VERTEX_POINT ( 'NONE', #2997 ) ;
#1556 = APPLICATION_CONTEXT ( 'automotive_design' ) ;
#1557 = CARTESIAN_POINT ( 'NONE',  ( -12.83593062401338614, -28.48550876009396760, -1.212683796245836110 ) ) ;
#1558 = CYLINDRICAL_SURFACE ( 'NONE', #2718, 385.7465117133056651 ) ;
#1559 = CARTESIAN_POINT ( 'NONE',  ( 23.31723196209548377, -30.68450847370865375, -0.9039111475430683385 ) ) ;
#1560 = AXIS2_PLACEMENT_3D ( 'NONE', #651, #754, #1633 ) ;
#1561 = ORIENTED_EDGE ( 'NONE', *, *, #1602, .T. ) ;
#1562 = CARTESIAN_POINT ( 'NONE',  ( 12.87118709504178504, 0.7005016043820935234, -0.01380877937180349790 ) ) ;
#1563 = ORIENTED_EDGE ( 'NONE', *, *, #1047, .T. ) ;
#1564 = CARTESIAN_POINT ( 'NONE',  ( 55.33430034993583035, -21.21479562524318752, -4.178963247104507950 ) ) ;
#1565 = CARTESIAN_POINT ( 'NONE',  ( 8.932510918512111431, -23.07800097929343508, 0.8975014197325070775 ) ) ;
#1566 = CARTESIAN_POINT ( 'NONE',  ( -56.77690029638782221, -0.2211525441566550010, -3.179154047390349458 ) ) ;
#1567 = AXIS2_PLACEMENT_3D ( 'NONE', #3702, #523, #3761 ) ;
#1568 = CARTESIAN_POINT ( 'NONE',  ( -21.85094650052829479, -30.37679096564126624, 0.3868863748430539373 ) ) ;
#1569 = B_SPLINE_CURVE_WITH_KNOTS ( 'NONE', 3,
 ( #134, #1138, #114, #3039, #3928, #3395, #198, #3972, #3992, #2155, #238, #3459, #1503, #4036, #2199, #1901 ),
 .UNSPECIFIED., .F., .F.,
 ( 4, 2, 2, 2, 2, 2, 2, 4 ),
 ( 3.434822435823711030E-11, 0.004472891571464911523, 0.006709337340023256192, 0.007827560224302428094, 0.008945783108581600862, 0.01341867464569829020, 0.01565512041425663747, 0.01789156618281498301 ),
 .UNSPECIFIED. ) ;
#1570 = CARTESIAN_POINT ( 'NONE',  ( -11.04872687994001978, 2.364914076947106647, 1.055308016519634906 ) ) ;
#1571 = ORIENTED_EDGE ( 'NONE', *, *, #4076, .F. ) ;
#1572 = CARTESIAN_POINT ( 'NONE',  ( -13.97444591346496523, 1.148922094363601376, -0.4526849711010139110 ) ) ;
#1573 =( NAMED_UNIT ( * ) SI_UNIT ( $, .STERADIAN. ) SOLID_ANGLE_UNIT ( ) );
#1574 = EDGE_CURVE ( 'NONE', #192, #526, #1703, .T. ) ;
#1575 = CARTESIAN_POINT ( 'NONE',  ( -47.41157415211753801, -28.99203072184976193, -2.715594255461320383 ) ) ;
#1576 = ORIENTED_EDGE ( 'NONE', *, *, #282, .T. ) ;
#1577 = CARTESIAN_POINT ( 'NONE',  ( 59.57663281499777952, -9.352696012490786970, -3.604342683980197748 ) ) ;
#1578 = DIRECTION ( 'NONE',  ( 1.000000000000000000, 0.000000000000000000, 0.000000000000000000 ) ) ;
#1579 = CARTESIAN_POINT ( 'NONE',  ( -33.81172467017952243, 4.452289202176599403, -2.483842749910359693 ) ) ;
#1580 = CARTESIAN_POINT ( 'NONE',  ( 66.76429040343001020, -5.971513736902210212, -4.790730798948168001 ) ) ;
#1581 = ORIENTED_EDGE ( 'NONE', *, *, #1851, .T. ) ;
#1582 = CARTESIAN_POINT ( 'NONE',  ( 48.22897887215315649, 6.873277091179337717, -2.002844594646801202 ) ) ;
#1583 = VERTEX_POINT ( 'NONE', #1396 ) ;
#1584 = CARTESIAN_POINT ( 'NONE',  ( 46.44273668907636221, -32.54321264130814484, -1.785828791658257364 ) ) ;
#1585 = ORIENTED_EDGE ( 'NONE', *, *, #1975, .T. ) ;
#1586 = B_SPLINE_CURVE_WITH_KNOTS ( 'NONE', 3,
 ( #554, #859, #2400, #2147 ),
 .UNSPECIFIED., .F., .F.,
 ( 4, 4 ),
 ( 0.000000000000000000, 1.000000000000000000 ),
 .UNSPECIFIED. ) ;
#1587 = CARTESIAN_POINT ( 'NONE',  ( 39.40290720778597944, -31.02672597552584222, -3.016376895133654479 ) ) ;
#1588 = DIRECTION ( 'NONE',  ( 0.9999999999999997780, 2.153660471889033782E-08, -1.370862375611047157E-21 ) ) ;
#1589 = CARTESIAN_POINT ( 'NONE',  ( -59.75005331775399497, -8.112291024095124925, -3.631268456349879603 ) ) ;
#1590 = CARTESIAN_POINT ( 'NONE',  ( -14.91796956572589927, -26.20422059324194919, 0.7130240075857019466 ) ) ;
#1591 = PRESENTATION_LAYER_ASSIGNMENT (  '', '', ( #1733 ) ) ;
#1592 = CARTESIAN_POINT ( 'NONE',  ( -14.02022323956612482, 1.141500831036104335, 0.7463235250255078057 ) ) ;
#1593 = FACE_OUTER_BOUND ( 'NONE', #2764, .T. ) ;
#1594 = CARTESIAN_POINT ( 'NONE',  ( -11.85995381868511522, 0.03284538247882490963, -0.3816655531563415971 ) ) ;
#1595 = EDGE_CURVE ( 'NONE', #3158, #3162, #2638, .T. ) ;
#1596 = CARTESIAN_POINT ( 'NONE',  ( 59.42493656772224142, -4.692803182369833515, -3.580667616390438290 ) ) ;
#1597 = FACE_OUTER_BOUND ( 'NONE', #1775, .T. ) ;
#1598 = ORIENTED_EDGE ( 'NONE', *, *, #1411, .F. ) ;
#1599 = CARTESIAN_POINT ( 'NONE',  ( 39.87521858969296318, -33.98993982393147917, -3.064985797167909976 ) ) ;
#1600 = CARTESIAN_POINT ( 'NONE',  ( -6.624781735889061274, -12.84051074325726205, 0.9434052239827174224 ) ) ;
#1601 = CARTESIAN_POINT ( 'NONE',  ( 10.31588823588092119, -1.798226960444475608, 0.06254632790881828330 ) ) ;
#1602 = EDGE_CURVE ( 'NONE', #35, #3987, #2782, .T. ) ;
#1603 = VERTEX_POINT ( 'NONE', #1052 ) ;
#1604 = CARTESIAN_POINT ( 'NONE',  ( 41.15375554977114803, -33.79971705925954950, -1.188638222733145122 ) ) ;
#1605 = ORIENTED_EDGE ( 'NONE', *, *, #1602, .F. ) ;
#1606 = ADVANCED_FACE ( 'NONE', ( #2302 ), #2348, .F. ) ;
#1607 = FACE_OUTER_BOUND ( 'NONE', #2335, .T. ) ;
#1608 = CARTESIAN_POINT ( 'NONE',  ( 74.33232441199879759, -5.972304432543244168, -15.23888633471944054 ) ) ;
#1609 = APPLICATION_CONTEXT ( 'automotive_design' ) ;
#1610 = CARTESIAN_POINT ( 'NONE',  ( 48.11381785416735823, -28.74220636980867383, -2.802291648403029800 ) ) ;
#1611 = B_SPLINE_CURVE_WITH_KNOTS ( 'NONE', 3,
 ( #1172, #2149, #2127, #170 ),
 .UNSPECIFIED., .F., .F.,
 ( 4, 4 ),
 ( 0.000000000000000000, 1.000000000000000000 ),
 .UNSPECIFIED. ) ;
#1612 = CARTESIAN_POINT ( 'NONE',  ( 9.564387681299809429, -10.82513488819481040, -0.5184060538117181149 ) ) ;
#1613 = CARTESIAN_POINT ( 'NONE',  ( 59.23985738231735354, -4.425573612006118651, -4.361506691636000355 ) ) ;
#1614 = CARTESIAN_POINT ( 'NONE',  ( -13.40329605214582642, 0.9646081676219077083, -0.4320230106685172822 ) ) ;
#1615 = CARTESIAN_POINT ( 'NONE',  ( 57.06977044884121142, -0.5235517319975862005, -3.222645323904803405 ) ) ;
#1616 = CARTESIAN_POINT ( 'NONE',  ( -54.66818113438648652, 1.301886109526658064, -4.084005447966251090 ) ) ;
#1617 = VERTEX_POINT ( 'NONE', #3312 ) ;
#1618 = CARTESIAN_POINT ( 'NONE',  ( 72.36270890600182781, -5.972304474962074394, -12.23888628320016281 ) ) ;
#1619 = CARTESIAN_POINT ( 'NONE',  ( -25.31791302717844161, -31.09041393155467148, -1.024816263795965909 ) ) ;
#1620 = CARTESIAN_POINT ( 'NONE',  ( -2.990188359590092215, -8.340902591667608945, 0.9885193441170302409 ) ) ;
#1621 = CARTESIAN_POINT ( 'NONE',  ( -54.24251919480320794, -23.38510682105046357, -2.812828075175455744 ) ) ;
#1622 = CARTESIAN_POINT ( 'NONE',  ( 18.19580773237316507, -28.77812980441080981, -1.428778175338079492 ) ) ;
#1623 = VERTEX_POINT ( 'NONE', #428 ) ;
#1624 = CARTESIAN_POINT ( 'NONE',  ( 65.85341820072395080, 1.564037537757432039, -6.660972678179952311 ) ) ;
#1625 = VERTEX_POINT ( 'NONE', #1720 ) ;
#1626 = AXIS2_PLACEMENT_3D ( 'NONE', #284, #4089, #2498 ) ;
#1627 = FACE_OUTER_BOUND ( 'NONE', #3566, .T. ) ;
#1628 = CARTESIAN_POINT ( 'NONE',  ( -12.87118709504177616, 0.7005016043820814220, -0.01380877937179441489 ) ) ;
#1629 = SURFACE_STYLE_FILL_AREA ( #1985 ) ;
#1630 = CARTESIAN_POINT ( 'NONE',  ( -52.40022094785455664, 2.169978146757524762, -3.364431052626626339 ) ) ;
#1631 = CARTESIAN_POINT ( 'NONE',  ( -9.555686756630093370, -4.067225507411758478, 0.08199263675456869294 ) ) ;
#1632 = CARTESIAN_POINT ( 'NONE',  ( -72.36107850237499406, -1.571431512466895164, -14.26387294396510974 ) ) ;
#1633 = DIRECTION ( 'NONE',  ( 1.000000000000000000, -4.615198660203559618E-17, 0.000000000000000000 ) ) ;
#1634 = CARTESIAN_POINT ( 'NONE',  ( 48.50194627490331811, -31.81570602321563612, -2.045510759679171287 ) ) ;
#1635 = ORIENTED_EDGE ( 'NONE', *, *, #3535, .F. ) ;
#1636 =( BOUNDED_CURVE ( )  B_SPLINE_CURVE ( 3, ( #3762, #2177, #1879, #3457 ),
 .UNSPECIFIED., .F., .F. ) 
 B_SPLINE_CURVE_WITH_KNOTS ( ( 4, 4 ),
 ( 3.141592653589790896, 6.283185307179586232 ),
 .UNSPECIFIED. ) 
 CURVE ( )  GEOMETRIC_REPRESENTATION_ITEM ( )  RATIONAL_B_SPLINE_CURVE ( ( 1.000000000000000000, 0.3333333333333325932, 0.3333333333333325932, 1.000000000000000000 ) ) 
 REPRESENTATION_ITEM ( '' )  );
#1637 = EDGE_CURVE ( 'NONE', #2204, #600, #2558, .T. ) ;
#1638 = LINE ( 'NONE', #2916, #1537 ) ;
#1639 = CARTESIAN_POINT ( 'NONE',  ( 8.755382827615880714, 1.294707470136418070, 0.2342687477481942282 ) ) ;
#1640 = SHAPE_DEFINITION_REPRESENTATION ( #1446, #2047 ) ;
#1641 = CARTESIAN_POINT ( 'NONE',  ( -22.79443831382579333, -33.62262276534619332, 0.3293838417181573219 ) ) ;
#1642 = B_SPLINE_CURVE_WITH_KNOTS ( 'NONE', 3,
 ( #1705, #2668, #1358, #2964, #3298, #2645, #3257, #3237, #84, #1058 ),
 .UNSPECIFIED., .F., .F.,
 ( 4, 2, 2, 2, 4 ),
 ( 0.000000000000000000, 0.2500000000000000000, 0.5000000000000000000, 0.7500000000000000000, 1.000000000000000000 ),
 .UNSPECIFIED. ) ;
#1643 = DIRECTION ( 'NONE',  ( -0.0005443633068965336502, 0.9999998518342840814, -2.518186154490093769E-18 ) ) ;
#1644 = CARTESIAN_POINT ( 'NONE',  ( -52.41844384913495247, 2.170621015171911861, -3.232350085261342709 ) ) ;
#1645 = CARTESIAN_POINT ( 'NONE',  ( 28.15091248733791218, 6.933481378039057397, -0.02121717522476522164 ) ) ;
#1646 = ORIENTED_EDGE ( 'NONE', *, *, #1195, .T. ) ;
#1647 = AXIS2_PLACEMENT_3D ( 'NONE', #2503, #637, #1295 ) ;
#1648 = CARTESIAN_POINT ( 'NONE',  ( 32.98667416182894385, 7.486087578001158427, -2.404872756080208784 ) ) ;
#1649 = ORIENTED_EDGE ( 'NONE', *, *, #270, .T. ) ;
#1650 = DIRECTION ( 'NONE',  ( -0.9999998518342840814, 0.0005443633068966032560, 0.000000000000000000 ) ) ;
#1651 = CARTESIAN_POINT ( 'NONE',  ( -23.34921834171599286, -30.68543716192364812, -0.3715405245343104679 ) ) ;
#1652 = EDGE_CURVE ( 'NONE', #3089, #1233, #116, .T. ) ;
#1653 = CARTESIAN_POINT ( 'NONE',  ( 5.685892891243545577, -7.397946776921730638, -1.231117877432940100 ) ) ;
#1654 = ORIENTED_EDGE ( 'NONE', *, *, #3095, .T. ) ;
#1655 = CARTESIAN_POINT ( 'NONE',  ( -72.36270890600182781, -5.972304474962074394, -12.23888628320016281 ) ) ;
#1656 = CARTESIAN_POINT ( 'NONE',  ( -56.15232654234794296, 0.1898975167689398169, -4.299950826674029614 ) ) ;
#1657 = B_SPLINE_CURVE_WITH_KNOTS ( 'NONE', 3,
 ( #1357, #743, #3592, #1039, #122, #2331 ),
 .UNSPECIFIED., .F., .F.,
 ( 4, 2, 4 ),
 ( 0.000000000000000000, 0.5000000000000000000, 1.000000000000000000 ),
 .UNSPECIFIED. ) ;
#1658 = STYLED_ITEM ( 'NONE', ( #649 ), #2144 ) ;
#1659 = CARTESIAN_POINT ( 'NONE',  ( -72.36129385337453357, -1.571431512466895164, -14.26371814922621262 ) ) ;
#1660 = ORIENTED_EDGE ( 'NONE', *, *, #3625, .F. ) ;
#1661 = CARTESIAN_POINT ( 'NONE',  ( 59.58456778162917544, -8.742671360926062007, -4.415113355863994116 ) ) ;
#1662 = CARTESIAN_POINT ( 'NONE',  ( -72.36270919818215930, 1.028568487533104037, -15.23888633471944054 ) ) ;
#1663 = CARTESIAN_POINT ( 'NONE',  ( 65.15632612890762232, -6.473706491817638131, -4.513504522333452229 ) ) ;
#1664 = DIRECTION ( 'NONE',  ( 0.9901168373447569726, 0.000000000000000000, -0.1402449585775401297 ) ) ;
#1665 = CARTESIAN_POINT ( 'NONE',  ( -6.536351851373318311, -12.63117025630439549, -1.055376567408245148 ) ) ;
#1666 = CARTESIAN_POINT ( 'NONE',  ( 65.14787419131899071, 2.118897876212712639, -4.297529317353914635 ) ) ;
#1667 = ORIENTED_EDGE ( 'NONE', *, *, #2095, .T. ) ;
#1668 = CARTESIAN_POINT ( 'NONE',  ( 31.41870035609538192, -34.62739186968272520, -0.2689469901134118879 ) ) ;
#1669 = ORIENTED_EDGE ( 'NONE', *, *, #4088, .T. ) ;
#1670 = CARTESIAN_POINT ( 'NONE',  ( -8.769921363075528831, 1.295913291444664717, 0.9007668078101489506 ) ) ;
#1671 = EDGE_CURVE ( 'NONE', #693, #771, #742, .T. ) ;
#1672 = AXIS2_PLACEMENT_3D ( 'NONE', #861, #231, #481 ) ;
#1673 = CARTESIAN_POINT ( 'NONE',  ( 4.775488754662761792, -9.477908308251766556, 1.171421681299991802 ) ) ;
#1674 = CARTESIAN_POINT ( 'NONE',  ( -61.81339526742088708, 3.413243352908217343, -4.548337428954655870 ) ) ;
#1675 = CARTESIAN_POINT ( 'NONE',  ( 56.15232654234804954, 0.1898975167688939647, -4.299950826674196591 ) ) ;
#1676 = DIRECTION ( 'NONE',  ( -0.0005443633068965336502, 0.9999998518342840814, -2.518186154490093769E-18 ) ) ;
#1677 = CARTESIAN_POINT ( 'NONE',  ( -57.44524091399227217, -1.144761270703875677, -4.492110087126294893 ) ) ;
#1678 = CARTESIAN_POINT ( 'NONE',  ( 23.34136073444825499, -30.68450847370865375, -0.5046395578391371650 ) ) ;
#1679 = ORIENTED_EDGE ( 'NONE', *, *, #1422, .F. ) ;
#1680 = CARTESIAN_POINT ( 'NONE',  ( 57.87751192024793312, -1.641442107755989310, -4.152857008608031641 ) ) ;
#1681 = CARTESIAN_POINT ( 'NONE',  ( -27.33604191747682677, -31.35972682035336589, -1.162392623401163227 ) ) ;
#1682 = CARTESIAN_POINT ( 'NONE',  ( -6.830263914453380991, -14.37196701744635874, 0.9395455454612601232 ) ) ;
#1683 = CARTESIAN_POINT ( 'NONE',  ( 13.99357879819599759, 1.149385393194002569, 0.08030438086793821595 ) ) ;
#1684 = CARTESIAN_POINT ( 'NONE',  ( -50.68010531484165426, 6.424892647825903857, -2.324283338849453706 ) ) ;
#1685 = COLOUR_RGB ( '',1.000000000000000000, 1.000000000000000000, 1.000000000000000000 ) ;
#1686 = CARTESIAN_POINT ( 'NONE',  ( -0.4425558477740403340, -7.656111256835671064, -1.000003673011703675 ) ) ;
#1687 = DIRECTION ( 'NONE',  ( 2.153660471889033782E-08, 0.9999999999999997780, 9.962681012984517264E-23 ) ) ;
#1688 = ORIENTED_EDGE ( 'NONE', *, *, #1637, .F. ) ;
#1689 = DIRECTION ( 'NONE',  ( 4.884682305490612792E-17, 1.000000000000000000, 2.666878455998264135E-17 ) ) ;
#1690 = ORIENTED_EDGE ( 'NONE', *, *, #3875, .T. ) ;
#1691 = CARTESIAN_POINT ( 'NONE',  ( -54.69134823431542003, 1.253585267973218675, -3.684145707842839013 ) ) ;
#1692 = EDGE_CURVE ( 'NONE', #913, #582, #3950, .T. ) ;
#1693 = CARTESIAN_POINT ( 'NONE',  ( 5.960161155774470032, -10.97173934209919466, 1.154601704724295130 ) ) ;
#1694 = CARTESIAN_POINT ( 'NONE',  ( -67.70323873624147382, 0.8927607368526098153, -5.559348631167519983 ) ) ;
#1695 = CARTESIAN_POINT ( 'NONE',  ( -74.33232427436544754, 1.027496301198058903, -15.23888633471944054 ) ) ;
#1696 = CARTESIAN_POINT ( 'NONE',  ( -52.40022094785455664, 2.169978146757524762, -3.364431052626626339 ) ) ;
#1697 = DIRECTION ( 'NONE',  ( -1.000000000000000000, 0.000000000000000000, 9.578695379593080197E-09 ) ) ;
#1698 = CARTESIAN_POINT ( 'NONE',  ( 39.61141951582631293, 4.368642006646413556, -2.221305575250018371 ) ) ;
#1699 = ORIENTED_EDGE ( 'NONE', *, *, #1474, .F. ) ;
#1700 = CARTESIAN_POINT ( 'NONE',  ( 59.66905286731430635, -6.876658659055161493, -4.428310293718579871 ) ) ;
#1701 = CARTESIAN_POINT ( 'NONE',  ( -9.555686756630093370, -4.067225507411758478, 0.08199263675456869294 ) ) ;
#1702 = CARTESIAN_POINT ( 'NONE',  ( -71.56913536789227237, -2.170999994058727456, -14.83288868384772563 ) ) ;
#1703 = CIRCLE ( 'NONE', #2237, 0.4999999999999796829 ) ;
#1704 = CARTESIAN_POINT ( 'NONE',  ( -67.33147515572458985, -34.58816513739292731, -4.890740774603330010 ) ) ;
#1705 = CARTESIAN_POINT ( 'NONE',  ( 52.40022094785527429, 2.169978146757343573, -3.364431052626737362 ) ) ;
#1706 = ORIENTED_EDGE ( 'NONE', *, *, #1908, .F. ) ;
#1707 = CARTESIAN_POINT ( 'NONE',  ( 0.4361294781644049490, -7.655849490144393421, -0.9999963537534553026 ) ) ;
#1708 = DIRECTION ( 'NONE',  ( 0.000000000000000000, -0.000000000000000000, -1.000000000000000000 ) ) ;
#1709 = ORIENTED_EDGE ( 'NONE', *, *, #2605, .T. ) ;
#1710 = CARTESIAN_POINT ( 'NONE',  ( 63.43911445686117645, -7.459176609777247613, -6.252033633359362241 ) ) ;
#1711 = ORIENTED_EDGE ( 'NONE', *, *, #270, .F. ) ;
#1712 = CARTESIAN_POINT ( 'NONE',  ( -57.50564945185700338, -1.145792579486977880, -4.096695553692483394 ) ) ;
#1713 = VECTOR ( 'NONE', #2003, 1000.000000000000000 ) ;
#1714 = PLANE ( 'NONE',  #1958 ) ;
#1715 = B_SPLINE_SURFACE_WITH_KNOTS ( 'NONE', 1, 3, ( 
 ( #168, #2167, #187, #877, #3407, #3677 ),
 ( #3074, #3738, #2461, #2422, #1472, #2779 ) ),
 .UNSPECIFIED., .F., .F., .F.,
 ( 2, 2 ),
 ( 4, 2, 4 ),
 ( 0.000000000000000000, 1.000000000000000000 ),
 ( 0.000000000000000000, 0.5000000000000000000, 1.000000000000000000 ),
 .UNSPECIFIED. ) ;
#1716 = CARTESIAN_POINT ( 'NONE',  ( -71.61129374225021138, -1.571431512466895164, -15.23888633471938370 ) ) ;
#1717 = SURFACE_SIDE_STYLE ('',( #800 ) ) ;
#1718 = CARTESIAN_POINT ( 'NONE',  ( 10.39572806148928663, -18.55947972158575254, 0.06032866722192973402 ) ) ;
#1719 = DIRECTION ( 'NONE',  ( -0.0005443633068965336502, 0.9999998518342840814, -2.518186154490093769E-18 ) ) ;
#1720 = CARTESIAN_POINT ( 'NONE',  ( 59.39826745182346457, -9.353953579702759313, -4.790949453183035445 ) ) ;
#1721 = CARTESIAN_POINT ( 'NONE',  ( 47.50804008522567301, -28.98762727043579090, -1.921488931554431234 ) ) ;
#1722 = ORIENTED_EDGE ( 'NONE', *, *, #2605, .F. ) ;
#1723 = CARTESIAN_POINT ( 'NONE',  ( 9.561333828047901662, -4.067580939849364086, 0.2152101009655102148 ) ) ;
#1724 = CARTESIAN_POINT ( 'NONE',  ( 45.94179769361763732, 3.618768483303565375, -3.732141033890706172 ) ) ;
#1725 = CARTESIAN_POINT ( 'NONE',  ( 5.874300567837206444, -10.99703484489079663, 0.9555146982162255886 ) ) ;
#1726 = EDGE_CURVE ( 'NONE', #460, #1477, #3706, .T. ) ;
#1727 = CARTESIAN_POINT ( 'NONE',  ( 66.98417885191005894, 1.028568487533104481, -12.23888633471946363 ) ) ;
#1728 = DIRECTION ( 'NONE',  ( 0.1402449585775401575, 1.719131077821751311E-14, 0.9901168373447570836 ) ) ;
#1729 = VERTEX_POINT ( 'NONE', #1783 ) ;
#1730 = CARTESIAN_POINT ( 'NONE',  ( -5.860544849524218947, -11.00368013747497109, -1.044442410659394360 ) ) ;
#1731 = CARTESIAN_POINT ( 'NONE',  ( -12.08017206584832870, 0.1969051390411140079, -1.189120044848058999 ) ) ;
#1732 = ORIENTED_EDGE ( 'NONE', *, *, #2317, .F. ) ;
#1733 = STYLED_ITEM ( 'NONE', ( #733 ), #809 ) ;
#1734 = CARTESIAN_POINT ( 'NONE',  ( -20.25427173869461583, 2.925348884175659858, -0.3170599609231291582 ) ) ;
#1735 = ORIENTED_EDGE ( 'NONE', *, *, #3067, .T. ) ;
#1736 = EDGE_CURVE ( 'NONE', #1270, #3110, #4055, .T. ) ;
#1737 = CARTESIAN_POINT ( 'NONE',  ( -59.58464154207323560, -8.742310175845368292, -4.415124826419808635 ) ) ;
#1738 = EDGE_CURVE ( 'NONE', #103, #928, #1404, .T. ) ;
#1739 = CARTESIAN_POINT ( 'NONE',  ( -6.473473064272186939, -16.47775753404176413, -1.254349872387894527 ) ) ;
#1740 = CARTESIAN_POINT ( 'NONE',  ( -21.83912000694338573, 0.04610659934080021949, 52.09403470126694913 ) ) ;
#1741 = FACE_OUTER_BOUND ( 'NONE', #1429, .T. ) ;
#1742 = CARTESIAN_POINT ( 'NONE',  ( 15.46898536353802989, -26.71954724852386676, 0.6914161298595592475 ) ) ;
#1743 = CARTESIAN_POINT ( 'NONE',  ( -11.42497001339031115, -21.49669601226180049, -1.169106295649581462 ) ) ;
#1744 = CARTESIAN_POINT ( 'NONE',  ( -14.00152063799700031, -25.39495585576661441, -0.4519948574822930665 ) ) ;
#1745 = CARTESIAN_POINT ( 'NONE',  ( 39.77099851998966784, 4.366060279428396917, -1.031577949412174622 ) ) ;
#1746 = CARTESIAN_POINT ( 'NONE',  ( -45.44894758665701318, -29.67350894166783348, -2.876329724763326379 ) ) ;
#1747 = CARTESIAN_POINT ( 'NONE',  ( -22.67608642861552326, -33.62649283098895836, -1.667057767364614307 ) ) ;
#1748 = CARTESIAN_POINT ( 'NONE',  ( -54.72475200468545609, 1.301886109526658286, -3.688024631347599946 ) ) ;
#1749 = CYLINDRICAL_SURFACE ( 'NONE', #1883, 6.499978957151941295 ) ;
#1750 = ORIENTED_EDGE ( 'NONE', *, *, #4004, .T. ) ;
#1751 = CARTESIAN_POINT ( 'NONE',  ( -5.366830824352703644, -10.27431437002244330, -1.037256733366910266 ) ) ;
#1752 = DIRECTION ( 'NONE',  ( 0.0005443633068965336502, 0.9999998518342840814, 0.000000000000000000 ) ) ;
#1753 = EDGE_LOOP ( 'NONE', ( #1750, #3302, #3700, #939 ) ) ;
#1754 = CARTESIAN_POINT ( 'NONE',  ( 62.17423663352469987, -9.961888886619691519, -6.043441438079321770 ) ) ;
#1755 = EDGE_LOOP ( 'NONE', ( #3173, #4149, #641, #967 ) ) ;
#1756 = CARTESIAN_POINT ( 'NONE',  ( -52.40022094785455664, 2.169978146757524762, -3.364431052626626339 ) ) ;
#1757 = CARTESIAN_POINT ( 'NONE',  ( 6.631330576543136068, -12.65540076342137965, -0.4568459442942519599 ) ) ;
#1758 = CARTESIAN_POINT ( 'NONE',  ( 11.42193701777660841, -21.50637450528479278, 0.03222177542823269347 ) ) ;
#1759 = DIRECTION ( 'NONE',  ( 0.9999998518342840814, -0.0005443633068965336502, 0.000000000000000000 ) ) ;
#1760 = PLANE ( 'NONE',  #1113 ) ;
#1761 = VECTOR ( 'NONE', #1101, 1000.000000000000000 ) ;
#1762 = CARTESIAN_POINT ( 'NONE',  ( -13.01432915568339332, -24.17328014133338243, -0.4183137799707496440 ) ) ;
#1763 = B_SPLINE_CURVE_WITH_KNOTS ( 'NONE', 3,
 ( #3679, #3429, #1130, #2105, #1151, #1495 ),
 .UNSPECIFIED., .F., .F.,
 ( 4, 2, 4 ),
 ( 0.000000000000000000, 0.5000000000000002220, 1.000000000000000000 ),
 .UNSPECIFIED. ) ;
#1764 = CARTESIAN_POINT ( 'NONE',  ( 30.02471900664367865, 4.276012475443259575, -0.1633442413091249490 ) ) ;
#1765 = CARTESIAN_POINT ( 'NONE',  ( -55.29996644894981728, 0.7430084329048933789, -4.984350443126158048 ) ) ;
#1766 = CARTESIAN_POINT ( 'NONE',  ( 27.53732070384113229, -14.12482777125373445, 20.08576758616720781 ) ) ;
#1767 = CARTESIAN_POINT ( 'NONE',  ( -59.61918598968933480, -6.254336259651071650, -4.420506274447361328 ) ) ;
#1768 = CARTESIAN_POINT ( 'NONE',  ( 54.24273484068780959, 1.399710480697662129, -4.832461191511773002 ) ) ;
#1769 = ADVANCED_FACE ( 'NONE', ( #1506 ), #3995, .T. ) ;
#1770 = ORIENTED_EDGE ( 'NONE', *, *, #3449, .F. ) ;
#1771 = FACE_OUTER_BOUND ( 'NONE', #2233, .T. ) ;
#1772 = CARTESIAN_POINT ( 'NONE',  ( 58.78132147842045896, 4.425642715306498332, -5.683122100691555545 ) ) ;
#1773 = SURFACE_SIDE_STYLE ('',( #2424 ) ) ;
#1774 = CARTESIAN_POINT ( 'NONE',  ( 66.98417879198578362, -5.972304474962074394, -6.860356279145685576 ) ) ;
#1775 = EDGE_LOOP ( 'NONE', ( #365, #3662, #2838, #260 ) ) ;
#1776 = B_SPLINE_CURVE_WITH_KNOTS ( 'NONE', 3,
 ( #1592, #1185, #3169, #3750, #1269, #4125, #3788, #1826, #1204, #4063, #872, #2813, #2476, #2554 ),
 .UNSPECIFIED., .F., .F.,
 ( 4, 2, 2, 2, 2, 2, 4 ),
 ( 3.949538894975213177E-11, 0.009731798995157549953, 0.01946359795081971031, 0.02189654768973525734, 0.02432949742865080783, 0.02919539690648190536, 0.03892719586214410388 ),
 .UNSPECIFIED. ) ;
#1777 = LINE ( 'NONE', #3058, #1713 ) ;
#1778 = CARTESIAN_POINT ( 'NONE',  ( 3.218314464861276925, -8.364347729640424944, 0.3878511777643982028 ) ) ;
#1779 = VECTOR ( 'NONE', #2719, 1000.000000000000000 ) ;
#1780 = DIRECTION ( 'NONE',  ( 0.0005443633068965336502, -0.9999998518342840814, 2.518186154490090688E-18 ) ) ;
#1781 = VERTEX_POINT ( 'NONE', #1141 ) ;
#1782 = CARTESIAN_POINT ( 'NONE',  ( 11.85995381868513654, 0.03284538247885261664, -0.3816655531563051817 ) ) ;
#1783 = CARTESIAN_POINT ( 'NONE',  ( -13.98890673045830901, 1.148922094363605595, -0.05294645060066605069 ) ) ;
#1784 = EDGE_CURVE ( 'NONE', #2979, #2327, #3117, .T. ) ;
#1785 = EDGE_CURVE ( 'NONE', #2650, #2745, #3991, .T. ) ;
#1786 = CARTESIAN_POINT ( 'NONE',  ( -17.55351842731657541, -28.42806802323659809, -0.5962985397300958335 ) ) ;
#1787 = CARTESIAN_POINT ( 'NONE',  ( 17.50267545818978121, -31.78758645033363095, 0.6059965401392444218 ) ) ;
#1788 = CARTESIAN_POINT ( 'NONE',  ( -52.83838207548043897, 2.006881694877139743, -4.635474387544034514 ) ) ;
#1789 = CARTESIAN_POINT ( 'NONE',  ( -63.79219961493777191, -7.474237378853266556, -4.283510384314800135 ) ) ;
#1790 = CARTESIAN_POINT ( 'NONE',  ( 59.40039441519392938, -6.015806415360582804, -5.600914345641638370 ) ) ;
#1791 = ADVANCED_FACE ( 'NONE', ( #1420 ), #1760, .F. ) ;
#1792 = ORIENTED_EDGE ( 'NONE', *, *, #1224, .F. ) ;
#1793 = CARTESIAN_POINT ( 'NONE',  ( -51.65310994707047598, 6.180675622793903479, -4.471940452542337852 ) ) ;
#1794 = CYLINDRICAL_SURFACE ( 'NONE', #1672, 386.5465117133056765 ) ;
#1795 = CARTESIAN_POINT ( 'NONE',  ( 59.34329752832409355, -5.028276267352763007, -4.782387471926417888 ) ) ;
#1796 = ORIENTED_EDGE ( 'NONE', *, *, #2529, .F. ) ;
#1797 = PRESENTATION_LAYER_ASSIGNMENT (  '', '', ( #1658 ) ) ;
#1798 = CARTESIAN_POINT ( 'NONE',  ( -25.84309332137213033, -14.12472167706495618, -19.04657296391170362 ) ) ;
#1799 = DIRECTION ( 'NONE',  ( -0.9909837842824907872, 0.000000000000000000, -0.1339818617916381516 ) ) ;
#1800 = CARTESIAN_POINT ( 'NONE',  ( 1.424744299503406531, -7.716735782361044294, 0.3988860179360356195 ) ) ;
#1801 = ORIENTED_EDGE ( 'NONE', *, *, #2882, .F. ) ;
#1802 = CARTESIAN_POINT ( 'NONE',  ( 52.23898935287444800, 2.174796628552852162, -4.553470942937517307 ) ) ;
#1803 = CARTESIAN_POINT ( 'NONE',  ( -71.86096730968294821, -2.171158856683157001, -15.23888633471938370 ) ) ;
#1804 = CARTESIAN_POINT ( 'NONE',  ( -71.36129370520879434, -1.571431512466895164, -15.23888633471938370 ) ) ;
#1805 = ADVANCED_FACE ( 'NONE', ( #2418 ), #3693, .T. ) ;
#1806 = CARTESIAN_POINT ( 'NONE',  ( -59.39635008413873862, -8.739457780197687597, -5.600285120135415795 ) ) ;
#1807 = VERTEX_POINT ( 'NONE', #141 ) ;
#1808 = CARTESIAN_POINT ( 'NONE',  ( -56.41406539325115688, -18.93891244154216835, -4.337736028171304881 ) ) ;
#1809 = B_SPLINE_CURVE_WITH_KNOTS ( 'NONE', 3,
 ( #1215, #2783, #3471, #520, #2842, #1132, #2426, #3218, #3876, #3798 ),
 .UNSPECIFIED., .F., .F.,
 ( 4, 2, 2, 2, 4 ),
 ( 0.000000000000000000, 0.2500000000000000000, 0.5000000000000000000, 0.7500000000000000000, 1.000000000000000000 ),
 .UNSPECIFIED. ) ;
#1810 = CARTESIAN_POINT ( 'NONE',  ( 56.41406539325071634, -18.93891244154236730, -4.337736028171019775 ) ) ;
#1811 = VERTEX_POINT ( 'NONE', #1426 ) ;
#1812 = DIRECTION ( 'NONE',  ( 0.000000000000000000, -1.000000000000000000, 2.518185781381239098E-18 ) ) ;
#1813 = CARTESIAN_POINT ( 'NONE',  ( 2.515795710998241841, -1.795581977929471718, -1.192186363222642154 ) ) ;
#1814 = CARTESIAN_POINT ( 'NONE',  ( 56.15232654234804954, 0.1898975167688939647, -4.299950826674196591 ) ) ;
#1815 = ORIENTED_EDGE ( 'NONE', *, *, #2778, .T. ) ;
#1816 = CARTESIAN_POINT ( 'NONE',  ( -13.44648378297883440, 0.9440419177927205086, 0.7668725689733659756 ) ) ;
#1817 = CARTESIAN_POINT ( 'NONE',  ( 72.36129385337453357, -1.571431512466895164, -15.23888633471938370 ) ) ;
#1818 = B_SPLINE_SURFACE_WITH_KNOTS ( 'NONE', 1, 3, ( 
 ( #30, #2535, #3524, #3544, #321, #1965, #1613, #361, #2889, #2909, #1286, #1306, #990, #2278, #3562, #51 ),
 ( #2223, #72, #1394, #2031, #3310, #3908, #2952, #2995, #2347, #3331, #2703, #2659, #1675, #2069, #1348, #3953 ) ),
 .UNSPECIFIED., .F., .F., .F.,
 ( 2, 2 ),
 ( 4, 2, 2, 2, 2, 2, 2, 4 ),
 ( 0.000000000000000000, 1.000000000000000000 ),
 ( 0.000000000000000000, 0.1250000000000000000, 0.2500000000000000000, 0.3750000000000000000, 0.5000000000000000000, 0.6250000000000000000, 0.7500000000000000000, 1.000000000000000000 ),
 .UNSPECIFIED. ) ;
#1819 = EDGE_CURVE ( 'NONE', #285, #3488, #1828, .T. ) ;
#1820 = CARTESIAN_POINT ( 'NONE',  ( -37.46113302571338721, -31.33098411923448268, -2.817934232696731822 ) ) ;
#1821 = CARTESIAN_POINT ( 'NONE',  ( -59.50089513457221102, -5.022601554469605212, -3.592485468474083454 ) ) ;
#1822 = ORIENTED_EDGE ( 'NONE', *, *, #2419, .T. ) ;
#1823 = FACE_OUTER_BOUND ( 'NONE', #3923, .T. ) ;
#1824 = CARTESIAN_POINT ( 'NONE',  ( -48.78900224857262913, -28.43238645274781362, -2.887601873598136137 ) ) ;
#1825 = DIRECTION ( 'NONE',  ( 0.1427778729813077019, -1.084238558021670469E-15, 0.9897547569913134335 ) ) ;
#1826 = CARTESIAN_POINT ( 'NONE',  ( -36.43989370577055098, 4.445846671898517677, -0.7152101801329293629 ) ) ;
#1827 = ORIENTED_EDGE ( 'NONE', *, *, #2293, .T. ) ;
#1828 = LINE ( 'NONE', #2077, #3470 ) ;
#1829 = CARTESIAN_POINT ( 'NONE',  ( -9.578893593713631915, -4.067746674323867495, 0.8816390107505087670 ) ) ;
#1830 = ORIENTED_EDGE ( 'NONE', *, *, #1785, .T. ) ;
#1831 = AXIS2_PLACEMENT_3D ( 'NONE', #4018, #3022, #2707 ) ;
#1832 = CARTESIAN_POINT ( 'NONE',  ( -57.71385868034682431, 4.666464252246965039, -5.334465391352511965 ) ) ;
#1833 = CARTESIAN_POINT ( 'NONE',  ( 84.22029219554450208, -10.38746360755481035, -8.477971179297560056 ) ) ;
#1834 = CARTESIAN_POINT ( 'NONE',  ( 54.36492783749033464, -27.85884608469348933, -4.849695278901690720 ) ) ;
#1835 = ADVANCED_FACE ( 'NONE', ( #205 ), #3673, .F. ) ;
#1836 = CARTESIAN_POINT ( 'NONE',  ( 27.33597185583745315, -31.35971720916294458, -1.162387283227274803 ) ) ;
#1837 = ORIENTED_EDGE ( 'NONE', *, *, #2107, .F. ) ;
#1838 = EDGE_CURVE ( 'NONE', #3346, #103, #396, .T. ) ;
#1839 = CARTESIAN_POINT ( 'NONE',  ( -13.72890808166644305, 1.057395654827221865, 0.7569821750375168579 ) ) ;
#1840 = CARTESIAN_POINT ( 'NONE',  ( 21.56530803973845067, -33.39491887361500488, -1.601669839948592244 ) ) ;
#1841 = CARTESIAN_POINT ( 'NONE',  ( -10.79325785271847948, -20.06148255615248033, -0.3504997413629042380 ) ) ;
#1842 = CARTESIAN_POINT ( 'NONE',  ( -10.05052394594721399, -25.01956759194336044, 0.8701254972466283544 ) ) ;
#1843 = CARTESIAN_POINT ( 'NONE',  ( -71.36129370520879434, -1.571431512466895164, -16.23888633471934284 ) ) ;
#1844 = CARTESIAN_POINT ( 'NONE',  ( -79.55122200865396564, -6.144661151139389155, -6.841736023232101616 ) ) ;
#1845 = ORIENTED_EDGE ( 'NONE', *, *, #4076, .T. ) ;
#1846 = CARTESIAN_POINT ( 'NONE',  ( -22.79443831382579333, -33.62262276534619332, 0.3293838417181573219 ) ) ;
#1847 = B_SPLINE_CURVE_WITH_KNOTS ( 'NONE', 1,
 ( #2056, #1312 ),
 .UNSPECIFIED., .F., .F.,
 ( 2, 2 ),
 ( 0.000000000000000000, 1.000000000000000000 ),
 .UNSPECIFIED. ) ;
#1848 = DIRECTION ( 'NONE',  ( 0.9988849663519852040, 0.000000000000000000, -0.04721042253563590557 ) ) ;
#1849 = FACE_OUTER_BOUND ( 'NONE', #767, .T. ) ;
#1850 = ORIENTED_EDGE ( 'NONE', *, *, #2170, .F. ) ;
#1851 = EDGE_CURVE ( 'NONE', #3183, #109, #1187, .T. ) ;
#1852 = CARTESIAN_POINT ( 'NONE',  ( 58.36168375794304808, -14.24907550531664135, -3.416268159339862276 ) ) ;
#1853 = CARTESIAN_POINT ( 'NONE',  ( 59.02343411536458717, 4.425642715306498332, -4.101404680933816493 ) ) ;
#1854 = LINE ( 'NONE', #2564, #925 ) ;
#1855 = CARTESIAN_POINT ( 'NONE',  ( 59.17861909176203028, -4.425573612006118651, -4.756791303654692271 ) ) ;
#1856 = ORIENTED_EDGE ( 'NONE', *, *, #3409, .T. ) ;
#1857 = EDGE_CURVE ( 'NONE', #794, #4140, #1989, .T. ) ;
#1858 = CARTESIAN_POINT ( 'NONE',  ( -72.11129381633308810, -1.571431512466895164, -15.73888633471939968 ) ) ;
#1859 = CARTESIAN_POINT ( 'NONE',  ( 6.773179096034459334, -15.50884603187394717, -1.059468187007158946 ) ) ;
#1860 = EDGE_CURVE ( 'NONE', #149, #3267, #1960, .T. ) ;
#1861 = CARTESIAN_POINT ( 'NONE',  ( 56.47244291135390881, -18.93891244154236730, -3.942017778287573382 ) ) ;
#1862 = CARTESIAN_POINT ( 'NONE',  ( 16.28968838189509682, -27.52400958515517004, -0.1413576146400758737 ) ) ;
#1863 = CARTESIAN_POINT ( 'NONE',  ( -15.54755515864480486, -30.61762690617213423, 0.6893978657127782794 ) ) ;
#1864 = CARTESIAN_POINT ( 'NONE',  ( -23.39001403186060202, -30.68256082903890913, 0.2938580573995622225 ) ) ;
#1865 = LINE ( 'NONE', #4084, #1216 ) ;
#1866 = ORIENTED_EDGE ( 'NONE', *, *, #2287, .F. ) ;
#1867 = CARTESIAN_POINT ( 'NONE',  ( 9.855762735860039925, -16.17053811203571101, 0.8747443501951364109 ) ) ;
#1868 = DIRECTION ( 'NONE',  ( 0.0005443633068965336502, 0.9999998518342840814, -2.518186154490093769E-18 ) ) ;
#1869 = CARTESIAN_POINT ( 'NONE',  ( 56.81210148162212903, -24.89744629570826362, -3.184662601421978323 ) ) ;
#1870 = EDGE_LOOP ( 'NONE', ( #697, #3751, #1649, #3417 ) ) ;
#1871 = DIRECTION ( 'NONE',  ( -4.625929269271484533E-15, 0.000000000000000000, 1.000000000000000000 ) ) ;
#1872 = UNCERTAINTY_MEASURE_WITH_UNIT (LENGTH_MEASURE( 1.000000000000000082E-05 ), #2744, 'distance_accuracy_value', 'NONE');
#1873 = CARTESIAN_POINT ( 'NONE',  ( -3.573238587043759296, -8.660385613492094237, 0.9835797042517346878 ) ) ;
#1874 = STYLED_ITEM ( 'NONE', ( #3893 ), #3580 ) ;
#1875 = CARTESIAN_POINT ( 'NONE',  ( -10.80510749681173976, -20.06398430725878868, 0.04932628350144831891 ) ) ;
#1876 = ORIENTED_EDGE ( 'NONE', *, *, #3033, .F. ) ;
#1877 = CARTESIAN_POINT ( 'NONE',  ( 9.807889602804960916, -2.891723246447218454, -0.3243663888013929575 ) ) ;
#1878 = ORIENTED_EDGE ( 'NONE', *, *, #850, .T. ) ;
#1879 = CARTESIAN_POINT ( 'NONE',  ( 72.11129381633308810, -1.571431512466895164, -15.73888633471939968 ) ) ;
#1880 = CARTESIAN_POINT ( 'NONE',  ( 14.02000791343456143, 1.142169376749460952, 0.7463472551112251274 ) ) ;
#1881 = CARTESIAN_POINT ( 'NONE',  ( 74.33232427436544754, 1.027496301198058903, -15.23888633471944054 ) ) ;
#1882 = ADVANCED_FACE ( 'NONE', ( #2753 ), #534, .T. ) ;
#1883 = AXIS2_PLACEMENT_3D ( 'NONE', #226, #1169, #2440 ) ;
#1884 = CARTESIAN_POINT ( 'NONE',  ( -72.36129385337450515, -1.571431512466895164, -16.23888633471933929 ) ) ;
#1885 = CARTESIAN_POINT ( 'NONE',  ( -17.13752914789867177, 4.614245537124638474, 0.8451847022116723007 ) ) ;
#1886 = ORIENTED_EDGE ( 'NONE', *, *, #350, .T. ) ;
#1887 = CARTESIAN_POINT ( 'NONE',  ( -33.66169857513722974, -34.58561757851462204, -0.4623468033205733185 ) ) ;
#1888 = CARTESIAN_POINT ( 'NONE',  ( 67.15821575622180717, -5.972304453705173266, -5.873343657081524505 ) ) ;
#1889 = EDGE_LOOP ( 'NONE', ( #2863, #3759, #2304, #629 ) ) ;
#1890 = CARTESIAN_POINT ( 'NONE',  ( -8.170077741406013061, -21.51147109889314279, -1.086480890953087641 ) ) ;
#1891 = CARTESIAN_POINT ( 'NONE',  ( -29.76403138853146402, 4.341200162989031774, -2.136271735931035920 ) ) ;
#1892 = CARTESIAN_POINT ( 'NONE',  ( 11.87160399529749277, 0.03245686561050081798, 0.01816907401693605706 ) ) ;
#1893 = CIRCLE ( 'NONE', #80, 5.378530054091751111 ) ;
#1894 = ORIENTED_EDGE ( 'NONE', *, *, #940, .F. ) ;
#1895 = EDGE_LOOP ( 'NONE', ( #876, #1433, #1504, #1796 ) ) ;
#1896 = B_SPLINE_CURVE_WITH_KNOTS ( 'NONE', 3,
 ( #506, #194, #1478, #2765, #2467, #3200, #312, #41, #1582, #3860, #983, #351, #2, #3239, #2922, #2845, #1645, #2271, #1317, #924, #2608, #3494, #964, #292 ),
 .UNSPECIFIED., .F., .F.,
 ( 4, 2, 2, 2, 2, 2, 2, 2, 2, 2, 2, 4 ),
 ( 7.529704079767051066E-17, 0.003816808448950988458, 0.007633616897901901455, 0.01526723379580370750, 0.02290085069370551354, 0.02671765914265641570, 0.03053446759160732132, 0.03816808448950912563, 0.04198489293846002085, 0.04580170138741090913, 0.05343531828531269262, 0.06106893518321448305 ),
 .UNSPECIFIED. ) ;
#1897 = CARTESIAN_POINT ( 'NONE',  ( 33.58045767894569877, -34.62423110688811789, -0.4507205333041456319 ) ) ;
#1898 = ORIENTED_EDGE ( 'NONE', *, *, #3890, .F. ) ;
#1899 = CARTESIAN_POINT ( 'NONE',  ( 40.40617043807776554, -30.85308135568316601, -3.120764672000464923 ) ) ;
#1900 = DIRECTION ( 'NONE',  ( 0.9848077530122067991, -2.120941530072250246E-08, 0.1736481776669358545 ) ) ;
#1901 = CARTESIAN_POINT ( 'NONE',  ( -8.728473713316333260, 1.287572035498690148, -1.098723221247326132 ) ) ;
#1902 = CARTESIAN_POINT ( 'NONE',  ( 48.78887746560127425, -28.43242406455320292, -2.887585799463665115 ) ) ;
#1903 = CARTESIAN_POINT ( 'NONE',  ( -79.41196736218671504, -6.144661151139389155, -7.629524179066127232 ) ) ;
#1904 = CARTESIAN_POINT ( 'NONE',  ( -66.98417879198578362, -5.972304474962074394, -6.860356279145685576 ) ) ;
#1905 = CARTESIAN_POINT ( 'NONE',  ( -9.124605069403035174, -9.321047096406250176, -1.107933662158297583 ) ) ;
#1906 = EDGE_CURVE ( 'NONE', #3150, #727, #3558, .T. ) ;
#1907 =( NAMED_UNIT ( * ) PLANE_ANGLE_UNIT ( ) SI_UNIT ( $, .RADIAN. ) );
#1908 = EDGE_CURVE ( 'NONE', #2193, #1067, #2797, .T. ) ;
#1909 = DIRECTION ( 'NONE',  ( -0.9999999999999991118, -4.173484458121928399E-08, -4.625929269271479011E-15 ) ) ;
#1910 = VERTEX_POINT ( 'NONE', #243 ) ;
#1911 = FACE_OUTER_BOUND ( 'NONE', #858, .T. ) ;
#1912 = UNCERTAINTY_MEASURE_WITH_UNIT (LENGTH_MEASURE( 1.000000000000000082E-05 ), #1928, 'distance_accuracy_value', 'NONE');
#1913 = FACE_BOUND ( 'NONE', #440, .T. ) ;
#1914 = CARTESIAN_POINT ( 'NONE',  ( 11.39658434905681794, -0.3852631283807876894, -1.168323507404872341 ) ) ;
#1915 = EDGE_CURVE ( 'NONE', #771, #4126, #3664, .T. ) ;
#1916 = CARTESIAN_POINT ( 'NONE',  ( 11.36656779634754955, -21.50008955872102234, -1.166668923979881756 ) ) ;
#1917 = EDGE_CURVE ( 'NONE', #3497, #2066, #451, .T. ) ;
#1918 = VERTEX_POINT ( 'NONE', #2874 ) ;
#1919 = CARTESIAN_POINT ( 'NONE',  ( 47.50804008522567301, -28.98762727043579090, -1.921488931554431234 ) ) ;
#1920 = ORIENTED_EDGE ( 'NONE', *, *, #1542, .F. ) ;
#1921 = CARTESIAN_POINT ( 'NONE',  ( -54.13457609172890983, -23.38744780005218971, -3.605479456952025430 ) ) ;
#1922 = CARTESIAN_POINT ( 'NONE',  ( -2.985523990591508525, -0.4487103912178487253, 0.9913213526323954028 ) ) ;
#1923 = CARTESIAN_POINT ( 'NONE',  ( -12.66906897093637951, -23.51134319902587322, 0.7931792921188721701 ) ) ;
#1924 =( GEOMETRIC_REPRESENTATION_CONTEXT ( 3 ) GLOBAL_UNCERTAINTY_ASSIGNED_CONTEXT ( ( #1872 ) ) GLOBAL_UNIT_ASSIGNED_CONTEXT ( ( #2744, #155, #467 ) ) REPRESENTATION_CONTEXT ( 'NONE', 'WORKASPACE' ) );
#1925 = CARTESIAN_POINT ( 'NONE',  ( -32.32752180614593840, 7.527193366182290291, -0.9260485905963449227 ) ) ;
#1926 = CARTESIAN_POINT ( 'NONE',  ( -67.15824373545011383, -5.972299720997384931, -5.873184978992602723 ) ) ;
#1927 = CARTESIAN_POINT ( 'NONE',  ( -62.17406678493110661, -9.961853179025142779, -6.043422485588382465 ) ) ;
#1928 =( LENGTH_UNIT ( ) NAMED_UNIT ( * ) SI_UNIT ( .MILLI., .METRE. ) );
#1929 = CARTESIAN_POINT ( 'NONE',  ( -9.578893593713631915, -4.067746674323867495, 0.8816390107505087670 ) ) ;
#1930 = EDGE_CURVE ( 'NONE', #2539, #2441, #797, .T. ) ;
#1931 = EDGE_LOOP ( 'NONE', ( #761, #1112, #2957, #373 ) ) ;
#1932 = CARTESIAN_POINT ( 'NONE',  ( -18.40210923743214622, -32.26638674518846983, -1.437772343539362785 ) ) ;
#1933 = CARTESIAN_POINT ( 'NONE',  ( 20.48897279151138306, -33.07715042156794283, -1.543107524835775735 ) ) ;
#1934 = CARTESIAN_POINT ( 'NONE',  ( -4.472432885719001661, -9.304802576206482101, 0.9743329290636282281 ) ) ;
#1935 = CARTESIAN_POINT ( 'NONE',  ( 71.63591906163591716, 1.027496301198058903, -5.094182362657604379 ) ) ;
#1936 = AXIS2_PLACEMENT_3D ( 'NONE', #172, #1434, #2405 ) ;
#1937 = CARTESIAN_POINT ( 'NONE',  ( -2.687880112888557565E-15, -31.58816513860072916, -386.7465117133056651 ) ) ;
#1938 = ORIENTED_EDGE ( 'NONE', *, *, #211, .T. ) ;
#1939 = CARTESIAN_POINT ( 'NONE',  ( 20.57435948869240860, 5.507779782658642986, -1.541148006974067286 ) ) ;
#1940 = ORIENTED_EDGE ( 'NONE', *, *, #712, .T. ) ;
#1941 = B_SPLINE_CURVE_WITH_KNOTS ( 'NONE', 3,
 ( #1970, #3002, #1723, #1353 ),
 .UNSPECIFIED., .F., .F.,
 ( 4, 4 ),
 ( 0.000000000000000000, 1.000000000000000000 ),
 .UNSPECIFIED. ) ;
#1942 = DIRECTION ( 'NONE',  ( -0.9991259348433633170, 0.000000000000000000, -0.04180151101784711221 ) ) ;
#1943 = EDGE_CURVE ( 'NONE', #2609, #76, #1298, .T. ) ;
#1944 = CARTESIAN_POINT ( 'NONE',  ( 56.81210148162212903, -24.89744629570826362, -3.184662601421978323 ) ) ;
#1945 = CARTESIAN_POINT ( 'NONE',  ( -39.90441120719456336, 7.706884380106464150, -3.244602388748987210 ) ) ;
#1946 = LINE ( 'NONE', #2322, #704 ) ;
#1947 = CARTESIAN_POINT ( 'NONE',  ( -53.16879893400204082, -24.65251475044789586, -4.681487747977302938 ) ) ;
#1948 = CARTESIAN_POINT ( 'NONE',  ( -59.39826745182362089, -9.353953579702766419, -4.790949453183090512 ) ) ;
#1949 = ORIENTED_EDGE ( 'NONE', *, *, #711, .T. ) ;
#1950 = CARTESIAN_POINT ( 'NONE',  ( 37.71818231262139420, -34.28776159153057534, -2.846934857660332163 ) ) ;
#1951 = CARTESIAN_POINT ( 'NONE',  ( 8.742947863883845372, 1.288894242893122710, -0.4322259780743297197 ) ) ;
#1952 = CARTESIAN_POINT ( 'NONE',  ( 21.81969197797182858, 0.04600101191091510860, 52.14729604281303921 ) ) ;
#1953 = CARTESIAN_POINT ( 'NONE',  ( 72.36270919818215930, 1.028568487533104481, -12.23888633471943699 ) ) ;
#1954 = CARTESIAN_POINT ( 'NONE',  ( -72.36129385337453357, -1.571431512466895164, -15.23888633471938370 ) ) ;
#1955 = EDGE_CURVE ( 'NONE', #3721, #2979, #3066, .T. ) ;
#1956 = CARTESIAN_POINT ( 'NONE',  ( 12.56852595533962713, -23.49929734854720209, -1.204602011163060205 ) ) ;
#1957 = CARTESIAN_POINT ( 'NONE',  ( 40.07948334958257419, -33.98628414481005677, -1.075436159927361190 ) ) ;
#1958 = AXIS2_PLACEMENT_3D ( 'NONE', #111, #1309, #3948 ) ;
#1959 = ORIENTED_EDGE ( 'NONE', *, *, #2043, .F. ) ;
#1960 = B_SPLINE_CURVE_WITH_KNOTS ( 'NONE', 1,
 ( #3090, #3070 ),
 .UNSPECIFIED., .F., .F.,
 ( 2, 2 ),
 ( 0.000000000000000000, 0.1912908852619747690 ),
 .UNSPECIFIED. ) ;
#1961 = AXIS2_PLACEMENT_3D ( 'NONE', #2817, #894, #2203 ) ;
#1962 = FACE_OUTER_BOUND ( 'NONE', #3799, .T. ) ;
#1963 = CARTESIAN_POINT ( 'NONE',  ( -2.344054279755379611, -7.978312530076289377, 0.3942953201495341675 ) ) ;
#1964 = CARTESIAN_POINT ( 'NONE',  ( -83.10910079837159969, -9.550367289509793522, -9.094163103153160677 ) ) ;
#1965 = CARTESIAN_POINT ( 'NONE',  ( 59.40470622859079697, -5.028276267352763007, -4.387129348520245387 ) ) ;
#1966 = LINE ( 'NONE', #1655, #1456 ) ;
#1967 = CARTESIAN_POINT ( 'NONE',  ( -52.71356600566834061, -25.50045076487101881, -2.599800581463182603 ) ) ;
#1968 = CARTESIAN_POINT ( 'NONE',  ( -57.81864542171607013, -1.643059569525868735, -4.548503323288372258 ) ) ;
#1969 = VERTEX_POINT ( 'NONE', #935 ) ;
#1970 = CARTESIAN_POINT ( 'NONE',  ( 9.522627960318182261, -4.066707890778600287, -1.117532755479633266 ) ) ;
#1971 = CARTESIAN_POINT ( 'NONE',  ( -13.98890673045830901, 1.148922094363605595, -0.05294645060066605069 ) ) ;
#1972 = FACE_OUTER_BOUND ( 'NONE', #594, .T. ) ;
#1973 = CARTESIAN_POINT ( 'NONE',  ( 72.36270919818214509, 1.028568487533104481, -9.088216203508499902 ) ) ;
#1974 = CARTESIAN_POINT ( 'NONE',  ( -52.32782737806431328, 2.169336684490851486, -3.892826947033250828 ) ) ;
#1975 = EDGE_CURVE ( 'NONE', #771, #3638, #3262, .T. ) ;
#1976 = CARTESIAN_POINT ( 'NONE',  ( 5.847762175772906801, -11.00344534776690786, -1.044312945916162860 ) ) ;
#1977 = COLOUR_RGB ( '',1.000000000000000000, 1.000000000000000000, 1.000000000000000000 ) ;
#1978 = SURFACE_SIDE_STYLE ('',( #599 ) ) ;
#1979 = AXIS2_PLACEMENT_3D ( 'NONE', #566, #4082, #1202 ) ;
#1980 = CARTESIAN_POINT ( 'NONE',  ( 36.82818916273281928, -34.39860011967964226, -0.7514031332885524606 ) ) ;
#1981 = EDGE_CURVE ( 'NONE', #3492, #3892, #1346, .T. ) ;
#1982 = ORIENTED_EDGE ( 'NONE', *, *, #820, .F. ) ;
#1983 = CARTESIAN_POINT ( 'NONE',  ( 47.26589031668713403, -28.99586973487285846, -3.906666372423405864 ) ) ;
#1984 = CARTESIAN_POINT ( 'NONE',  ( -10.31588726970213088, -1.798140565481203712, 0.06254737132166161839 ) ) ;
#1985 = FILL_AREA_STYLE ('',( #338 ) ) ;
#1986 = EDGE_LOOP ( 'NONE', ( #3934, #4051, #1364, #3966 ) ) ;
#1987 = CARTESIAN_POINT ( 'NONE',  ( 62.38588048857384649, -9.961212853436842707, -4.727140346427531448 ) ) ;
#1988 = CARTESIAN_POINT ( 'NONE',  ( 52.32844855427966735, 2.171723487193802704, -3.892888158344367522 ) ) ;
#1989 = CIRCLE ( 'NONE', #3264, 5.378530346272100360 ) ;
#1990 = LINE ( 'NONE', #2326, #3238 ) ;
#1991 = ORIENTED_EDGE ( 'NONE', *, *, #3266, .F. ) ;
#1992 = FILL_AREA_STYLE_COLOUR ( '', #2607 ) ;
#1993 = UNCERTAINTY_MEASURE_WITH_UNIT (LENGTH_MEASURE( 1.000000000000000082E-05 ), #502, 'distance_accuracy_value', 'NONE');
#1994 = CARTESIAN_POINT ( 'NONE',  ( -23.34136073444862092, -30.68450847370872481, -0.5046395578391336123 ) ) ;
#1995 = CARTESIAN_POINT ( 'NONE',  ( -66.98417885191005894, 1.027496301198058903, -12.23888633471946363 ) ) ;
#1996 = CARTESIAN_POINT ( 'NONE',  ( 39.55524771667406014, -31.05452893542555870, -1.821839013060702284 ) ) ;
#1997 = CARTESIAN_POINT ( 'NONE',  ( -43.21665687284385626, 7.440863080217712699, -1.407731290531617718 ) ) ;
#1998 = CARTESIAN_POINT ( 'NONE',  ( 5.363846032760367422, -10.27095293225725925, -1.037215576015301899 ) ) ;
#1999 = CARTESIAN_POINT ( 'NONE',  ( -9.609734948338862992, -3.467367776706513638, -1.119707036045979320 ) ) ;
#2000 = ORIENTED_EDGE ( 'NONE', *, *, #1024, .F. ) ;
#2001 = LINE ( 'NONE', #3283, #956 ) ;
#2002 = EDGE_LOOP ( 'NONE', ( #3844, #477, #2824, #833, #3504 ) ) ;
#2003 = DIRECTION ( 'NONE',  ( -0.0005443633068965336502, 0.9999998518342840814, -2.518186154490093769E-18 ) ) ;
#2004 = B_SPLINE_CURVE_WITH_KNOTS ( 'NONE', 3,
 ( #2822, #2803, #3077, #577, #1152, #1795, #1855, #2504, #4050, #1173, #3138, #815, #1814, #3098, #2446, #3720 ),
 .UNSPECIFIED., .F., .F.,
 ( 4, 2, 2, 2, 2, 2, 2, 4 ),
 ( 0.000000000000000000, 0.1250000000000000000, 0.2500000000000000000, 0.3750000000000000000, 0.5000000000000000000, 0.6250000000000000000, 0.7500000000000000000, 1.000000000000000000 ),
 .UNSPECIFIED. ) ;
#2005 = AXIS2_PLACEMENT_3D ( 'NONE', #3016, #2384, #2655 ) ;
#2006 = CARTESIAN_POINT ( 'NONE',  ( -23.26865289713983742, -30.68611784667740849, -1.702414906222134316 ) ) ;
#2007 = EDGE_CURVE ( 'NONE', #1918, #1623, #2794, .T. ) ;
#2008 = CARTESIAN_POINT ( 'NONE',  ( -55.32808761658196062, 5.501644552193210025, -3.549952440335709447 ) ) ;
#2009 = CARTESIAN_POINT ( 'NONE',  ( 62.48641579219008690, -9.959771843234342725, -4.068171048128999878 ) ) ;
#2010 = B_SPLINE_CURVE_WITH_KNOTS ( 'NONE', 3,
 ( #998, #963, #2288, #1892, #3534, #19, #1601, #1257, #1296, #3840 ),
 .UNSPECIFIED., .F., .F.,
 ( 4, 2, 2, 2, 4 ),
 ( 0.000000000000000000, 0.2500000000000000000, 0.5000000000000000000, 0.7500000000000000000, 1.000000000000000000 ),
 .UNSPECIFIED. ) ;
#2011 = CARTESIAN_POINT ( 'NONE',  ( -13.96868081227350622, 1.151886989079558221, -0.5858519003882814991 ) ) ;
#2012 = LINE ( 'NONE', #1328, #3512 ) ;
#2013 = CARTESIAN_POINT ( 'NONE',  ( 51.08687842328661333, -27.02894706204537201, -2.380055312193249062 ) ) ;
#2014 = VERTEX_POINT ( 'NONE', #3909 ) ;
#2015 = CARTESIAN_POINT ( 'NONE',  ( -33.47440837631724264, -31.62001486570551023, -1.245230354757479230 ) ) ;
#2016 = CARTESIAN_POINT ( 'NONE',  ( 5.758896693837038505, -10.80929614990688137, 0.9572513041975772019 ) ) ;
#2017 = DIRECTION ( 'NONE',  ( -0.9999998518342840814, -0.0005443633068965226997, 0.000000000000000000 ) ) ;
#2018 = CARTESIAN_POINT ( 'NONE',  ( -55.60223053750220146, 5.350900165469137271, -2.999344878171417594 ) ) ;
#2019 = ORIENTED_EDGE ( 'NONE', *, *, #2701, .F. ) ;
#2020 = DIRECTION ( 'NONE',  ( 0.0005443633068965336502, -0.9999998518342840814, 2.518186154490093769E-18 ) ) ;
#2021 = CARTESIAN_POINT ( 'NONE',  ( -9.188325095021269817, -10.88056848006409005, 0.8911180748572439247 ) ) ;
#2022 = EDGE_LOOP ( 'NONE', ( #2585, #2663, #1722, #903 ) ) ;
#2023 = CARTESIAN_POINT ( 'NONE',  ( 9.578864787540959824, -4.067742127412493858, 0.8816401026671676355 ) ) ;
#2024 = VERTEX_POINT ( 'NONE', #1395 ) ;
#2025 = LINE ( 'NONE', #2363, #1779 ) ;
#2026 = CARTESIAN_POINT ( 'NONE',  ( 72.36096723560009991, -2.171431038336605113, -14.26371814922621262 ) ) ;
#2027 = EDGE_CURVE ( 'NONE', #35, #3441, #1966, .T. ) ;
#2028 = CARTESIAN_POINT ( 'NONE',  ( -6.851949696828908642, -14.93827723285031794, 0.3393777330487972033 ) ) ;
#2029 = B_SPLINE_CURVE_WITH_KNOTS ( 'NONE', 3,
 ( #3745, #1221, #237, #583 ),
 .UNSPECIFIED., .F., .F.,
 ( 4, 4 ),
 ( 0.000000000000000000, 1.000000000000000000 ),
 .UNSPECIFIED. ) ;
#2030 = CARTESIAN_POINT ( 'NONE',  ( -10.35400005103250720, -18.56206631971965848, -1.138811692849617252 ) ) ;
#2031 = CARTESIAN_POINT ( 'NONE',  ( 59.60732273390525648, -6.877646156516677323, -4.823518473558921826 ) ) ;
#2032 = CARTESIAN_POINT ( 'NONE',  ( -59.58979649686547475, -8.122629294146728185, -4.820782621315691685 ) ) ;
#2033 = CARTESIAN_POINT ( 'NONE',  ( 52.40022094785510376, 2.169978146757367554, -3.364431052626693841 ) ) ;
#2034 = ORIENTED_EDGE ( 'NONE', *, *, #3399, .T. ) ;
#2035 = CARTESIAN_POINT ( 'NONE',  ( -48.33791358977362052, -31.82353235514426260, -3.368609750030490346 ) ) ;
#2036 = CARTESIAN_POINT ( 'NONE',  ( -23.34136073444861736, -30.68450847370872481, -0.5046395578391926762 ) ) ;
#2037 = CARTESIAN_POINT ( 'NONE',  ( 45.44865925420256758, -29.67361162283803111, -2.876294127901386499 ) ) ;
#2038 = CARTESIAN_POINT ( 'NONE',  ( -39.55535094496227799, -31.05452572884108520, -1.821850161614653185 ) ) ;
#2039 = VERTEX_POINT ( 'NONE', #3311 ) ;
#2040 = CARTESIAN_POINT ( 'NONE',  ( -0.8797150050362692042, -7.698807465450069110, -1.000757924310092362 ) ) ;
#2041 = CARTESIAN_POINT ( 'NONE',  ( -13.94368572206943568, 1.154647042940119883, -1.252001421199163467 ) ) ;
#2042 = ORIENTED_EDGE ( 'NONE', *, *, #1595, .F. ) ;
#2043 = EDGE_CURVE ( 'NONE', #3062, #1084, #3120, .T. ) ;
#2044 = CARTESIAN_POINT ( 'NONE',  ( -46.09834933642568444, 3.611967262190577177, -2.542056127665094589 ) ) ;
#2045 = ORIENTED_EDGE ( 'NONE', *, *, #4109, .F. ) ;
#2046 = CARTESIAN_POINT ( 'NONE',  ( -59.61956855719635229, -6.256350456480986644, -4.420575062983815862 ) ) ;
#2047 = ADVANCED_BREP_SHAPE_REPRESENTATION ( 'frame2', ( #2144, #753, #3580, #809, #3575, #2647 ), #3123 ) ;
#2048 = CARTESIAN_POINT ( 'NONE',  ( -52.20128979579400408, -25.77634416485039992, -4.548307314746483421 ) ) ;
#2049 = CARTESIAN_POINT ( 'NONE',  ( -21.79514512977043594, -30.37570252971814000, -0.8119283414475338967 ) ) ;
#2050 = SURFACE_STYLE_USAGE ( .BOTH. , #1717 ) ;
#2051 = CARTESIAN_POINT ( 'NONE',  ( -62.48657761812643230, -9.959804985429737911, -4.068188793777547829 ) ) ;
#2052 = CARTESIAN_POINT ( 'NONE',  ( 10.30522338006368166, -1.798140565481151310, -0.3373105380873532844 ) ) ;
#2053 = CARTESIAN_POINT ( 'NONE',  ( 52.50651980417335096, 2.162313714343155002, -2.571643726370622218 ) ) ;
#2054 = CARTESIAN_POINT ( 'NONE',  ( -10.80442669312483162, -20.06148230094536800, 0.04934452278079008714 ) ) ;
#2055 = ORIENTED_EDGE ( 'NONE', *, *, #1178, .T. ) ;
#2056 = CARTESIAN_POINT ( 'NONE',  ( -10.38498163763293647, -18.55947972158576320, -0.3395269496878072779 ) ) ;
#2057 = CARTESIAN_POINT ( 'NONE',  ( 32.30684238553720888, 4.412197153486435930, -2.354394889366032917 ) ) ;
#2058 = CARTESIAN_POINT ( 'NONE',  ( 6.185334489520561974, -11.58643126517597111, 0.9506724167021913807 ) ) ;
#2059 = CARTESIAN_POINT ( 'NONE',  ( -47.41157415211753090, -28.99203072184976193, -2.715594255461362128 ) ) ;
#2060 = LINE ( 'NONE', #3527, #798 ) ;
#2061 = ORIENTED_EDGE ( 'NONE', *, *, #3467, .T. ) ;
#2062 = DIRECTION ( 'NONE',  ( 0.9999998518342840814, 0.0005443633068966335052, 0.000000000000000000 ) ) ;
#2063 = CARTESIAN_POINT ( 'NONE',  ( -10.79584469037356520, -1.060552756510811045, -1.151052177617652772 ) ) ;
#2064 = ORIENTED_EDGE ( 'NONE', *, *, #1819, .F. ) ;
#2065 = CARTESIAN_POINT ( 'NONE',  ( 9.865649801464751789, -2.893493464172028240, 0.8744806233740040069 ) ) ;
#2066 = VERTEX_POINT ( 'NONE', #1349 ) ;
#2067 = CARTESIAN_POINT ( 'NONE',  ( -56.21180529909904067, 0.1888901564862209836, -3.904393205212852269 ) ) ;
#2068 = CARTESIAN_POINT ( 'NONE',  ( -23.31723196209597759, -30.68450847370872481, -0.9039111475431238496 ) ) ;
#2069 = CARTESIAN_POINT ( 'NONE',  ( 54.66818113438655047, 1.301886109526555702, -4.084005447966470470 ) ) ;
#2070 = STYLED_ITEM ( 'NONE', ( #2641 ), #3575 ) ;
#2071 = CARTESIAN_POINT ( 'NONE',  ( 72.36270919818215930, 1.028568487533104481, -15.23888633471944054 ) ) ;
#2072 = CARTESIAN_POINT ( 'NONE',  ( -50.69531803373509149, -27.26904316981586618, -3.134830640520700928 ) ) ;
#2073 = EDGE_CURVE ( 'NONE', #375, #3089, #2637, .T. ) ;
#2074 = CARTESIAN_POINT ( 'NONE',  ( 66.98417885191005894, 1.028568487533104481, -12.23888633471946363 ) ) ;
#2075 = CARTESIAN_POINT ( 'NONE',  ( 10.69425537254271497, -25.94969457331209384, 0.8531749482276985708 ) ) ;
#2076 = CARTESIAN_POINT ( 'NONE',  ( -45.49581340370355775, -29.67356762314461704, -2.479078837946508518 ) ) ;
#2077 = CARTESIAN_POINT ( 'NONE',  ( 74.33232441199881180, -5.972304432543244168, -12.58618263852918950 ) ) ;
#2078 = CARTESIAN_POINT ( 'NONE',  ( -56.21043321239046975, 0.1898975167689397892, -3.904193473589268049 ) ) ;
#2079 = CARTESIAN_POINT ( 'NONE',  ( 54.07861530701774910, -23.38744780005217550, -4.001545601143241981 ) ) ;
#2080 = ORIENTED_EDGE ( 'NONE', *, *, #2599, .T. ) ;
#2081 = DIRECTION ( 'NONE',  ( 0.8119951814335659712, -0.0004420204476415801075, 0.5836639700603371006 ) ) ;
#2082 = CARTESIAN_POINT ( 'NONE',  ( 59.14449043383662996, 4.425642715306498332, -3.310545971054940750 ) ) ;
#2083 = CARTESIAN_POINT ( 'NONE',  ( 56.06823224331625255, -25.71094899716190696, -5.096218891386475214 ) ) ;
#2084 = B_SPLINE_CURVE_WITH_KNOTS ( 'NONE', 3,
 ( #324, #12, #1616, #3507, #1290, #3772, #1968, #3565, #3313, #1310, #3249, #1329, #429, #3000, #718, #1948 ),
 .UNSPECIFIED., .F., .F.,
 ( 4, 2, 2, 2, 2, 2, 2, 4 ),
 ( 0.000000000000000000, 0.2500000000000000000, 0.3750000000000000000, 0.5000000000000000000, 0.6250000000000000000, 0.7500000000000000000, 0.8750000000000000000, 1.000000000000000000 ),
 .UNSPECIFIED. ) ;
#2085 = CARTESIAN_POINT ( 'NONE',  ( -13.98890673045852751, 1.148922094363608259, -0.05294645060062121850 ) ) ;
#2086 = B_SPLINE_SURFACE_WITH_KNOTS ( 'NONE', 1, 3, ( 
 ( #2667, #101, #3653, #1380, #1334, #3980, #1996, #2354, #3961, #3938 ),
 ( #1018, #1427, #3674, #2711, #3297, #1104, #411, #3633, #2037, #3005 ) ),
 .UNSPECIFIED., .F., .F., .F.,
 ( 2, 2 ),
 ( 4, 2, 2, 2, 4 ),
 ( 0.000000000000000000, 1.000000000000000000 ),
 ( 0.000000000000000000, 0.2500000000000000000, 0.5000000000000000000, 0.7500000000000000000, 1.000000000000000000 ),
 .UNSPECIFIED. ) ;
#2087 = ORIENTED_EDGE ( 'NONE', *, *, #3958, .F. ) ;
#2088 = CARTESIAN_POINT ( 'NONE',  ( -56.06787454680326022, -25.71071495617314895, -5.096166371558522812 ) ) ;
#2089 = EDGE_CURVE ( 'NONE', #3488, #794, #1946, .T. ) ;
#2090 = CARTESIAN_POINT ( 'NONE',  ( 6.836304059138401001, -14.22371950113054950, -0.4605017387970985476 ) ) ;
#2091 = FACE_OUTER_BOUND ( 'NONE', #2399, .T. ) ;
#2092 = CARTESIAN_POINT ( 'NONE',  ( 9.555686756629947709, -4.067225507411745156, 0.08199263675456869294 ) ) ;
#2093 = DIRECTION ( 'NONE',  ( 0.9965012338971107608, 0.000000000000000000, 0.08357805239137790221 ) ) ;
#2094 = CARTESIAN_POINT ( 'NONE',  ( -59.28153533113967200, -9.355247069915128222, -5.582328043439863663 ) ) ;
#2095 = EDGE_CURVE ( 'NONE', #3497, #582, #1, .T. ) ;
#2096 =( GEOMETRIC_REPRESENTATION_CONTEXT ( 3 ) GLOBAL_UNCERTAINTY_ASSIGNED_CONTEXT ( ( #1912 ) ) GLOBAL_UNIT_ASSIGNED_CONTEXT ( ( #1928, #1907, #1573 ) ) REPRESENTATION_CONTEXT ( 'NONE', 'WORKASPACE' ) );
#2097 = CARTESIAN_POINT ( 'NONE',  ( -10.38498163763299864, -18.55947972158590531, -0.3395269496878497995 ) ) ;
#2098 = CARTESIAN_POINT ( 'NONE',  ( -9.745798736232458737, -16.20800041507248679, -0.3223484450992620820 ) ) ;
#2099 = CARTESIAN_POINT ( 'NONE',  ( -59.21636045960664063, -5.029855604415334192, -5.572272147082866667 ) ) ;
#2100 = CARTESIAN_POINT ( 'NONE',  ( -46.20927884503115024, -32.55837742778799537, -3.772186815777801794 ) ) ;
#2101 = FACE_OUTER_BOUND ( 'NONE', #907, .T. ) ;
#2102 = ORIENTED_EDGE ( 'NONE', *, *, #662, .T. ) ;
#2103 = CARTESIAN_POINT ( 'NONE',  ( 54.24277224150512922, -23.38525610815846534, -2.812860548487907675 ) ) ;
#2104 = CARTESIAN_POINT ( 'NONE',  ( 70.75002743300522923, -0.6697080072573514675, -6.104891593232605551 ) ) ;
#2105 = CARTESIAN_POINT ( 'NONE',  ( 58.25524751467304441, -14.23974620619897280, -4.209269365215572378 ) ) ;
#2106 = CARTESIAN_POINT ( 'NONE',  ( 59.47674930085612033, -9.353231378589441647, -4.263449538232045199 ) ) ;
#2107 = EDGE_CURVE ( 'NONE', #2717, #1291, #152, .T. ) ;
#2108 = ORIENTED_EDGE ( 'NONE', *, *, #409, .T. ) ;
#2109 = CARTESIAN_POINT ( 'NONE',  ( 9.555686756630009882, -4.067225507411682983, 0.08199263675455589762 ) ) ;
#2110 = CARTESIAN_POINT ( 'NONE',  ( 7.585483655571564121, -19.91696224599925813, -1.074390370776512560 ) ) ;
#2111 = EDGE_CURVE ( 'NONE', #3105, #375, #381, .T. ) ;
#2112 = CARTESIAN_POINT ( 'NONE',  ( 3.205013807389277325, -8.364347729640424944, -1.212098613554937421 ) ) ;
#2113 = DIRECTION ( 'NONE',  ( -0.9891519148626992664, 0.000000000000000000, -0.1468961855306511466 ) ) ;
#2114 = EDGE_LOOP ( 'NONE', ( #598, #2560, #3180, #1064, #509, #3707, #1175, #2931 ) ) ;
#2115 = CARTESIAN_POINT ( 'NONE',  ( 13.94373341695030710, 1.154498292037051899, -1.252010064568245040 ) ) ;
#2116 = CARTESIAN_POINT ( 'NONE',  ( -58.78118442605260441, -11.84211338576883676, -5.504584041029020547 ) ) ;
#2117 = CARTESIAN_POINT ( 'NONE',  ( 48.29626422087925164, -7.359678565581375231, -14.14935409385818055 ) ) ;
#2118 = CARTESIAN_POINT ( 'NONE',  ( -59.48230997222624694, -7.803443117147803143, -5.613692191491908901 ) ) ;
#2119 = ORIENTED_EDGE ( 'NONE', *, *, #2509, .F. ) ;
#2120 = CARTESIAN_POINT ( 'NONE',  ( -44.13451848670070632, -33.13889909072815954, -3.527275803844002855 ) ) ;
#2121 = B_SPLINE_SURFACE_WITH_KNOTS ( 'NONE', 3, 3, ( 
 ( #732, #2319, #2972, #2950, #1030, #3886, #3226, #3286, #988, #399, #337, #1673, #1693, #92, #3927, #2887, #2275, #1049 ),
 ( #47, #2343, #2028, #3308, #8, #1284, #3847, #1963, #3243, #1800, #1778, #3990, #3665, #1435, #3018, #3038, #1092, #4035 ),
 ( #133, #2721, #2742, #3060, #1415, #3355, #488, #799, #466, #1115, #2406, #197, #2767, #1757, #2090, #1482, #1392, #113 ),
 ( #1739, #2700, #154, #3375, #3415, #3684, #175, #444, #2679, #2450, #2112, #2365, #1459, #1159, #4013, #1071, #2430, #3971 ) ),
 .UNSPECIFIED., .F., .F., .F.,
 ( 4, 4 ),
 ( 4, 1, 1, 1, 1, 1, 1, 1, 1, 1, 1, 1, 1, 1, 1, 4 ),
 ( 0.000000000000000000, 1.000000000000000000 ),
 ( 0.000000000000000000, 0.07414159210589137128, 0.1113045114925669821, 0.1854377455701817223, 0.2595265918817425410, 0.3335542792960720648, 0.4075223977040176027, 0.4814503892743491886, 0.5553697043243820408, 0.6293143878095749377, 0.7033108966225507519, 0.7773701684609352069, 0.8514843150737173572, 0.9158551830765987445, 0.9628429497835194750, 1.000000000000000000 ),
 .UNSPECIFIED. ) ;
#2122 = B_SPLINE_CURVE_WITH_KNOTS ( 'NONE', 1,
 ( #2174, #866 ),
 .UNSPECIFIED., .F., .F.,
 ( 2, 2 ),
 ( 0.000000000000000000, 1.000000000000000000 ),
 .UNSPECIFIED. ) ;
#2123 = CARTESIAN_POINT ( 'NONE',  ( 53.26250374275712574, 1.847137291999480846, -4.694523151521985405 ) ) ;
#2124 = EDGE_LOOP ( 'NONE', ( #559, #3078, #44, #3635 ) ) ;
#2125 = CARTESIAN_POINT ( 'NONE',  ( -64.72342393188475285, 2.100320274016993949, -6.461724200783192984 ) ) ;
#2126 = CARTESIAN_POINT ( 'NONE',  ( 70.47061305319395785, -0.6697080072573514675, -7.680297150432362052 ) ) ;
#2127 = CARTESIAN_POINT ( 'NONE',  ( 6.786378403317943508, -14.37221972841064854, -0.3927442448075088022 ) ) ;
#2128 = CARTESIAN_POINT ( 'NONE',  ( -13.02886724921872030, -24.17499608440391867, -0.01857297501180323399 ) ) ;
#2129 = EDGE_CURVE ( 'NONE', #1781, #2024, #3858, .T. ) ;
#2130 = ORIENTED_EDGE ( 'NONE', *, *, #2281, .F. ) ;
#2131 = CARTESIAN_POINT ( 'NONE',  ( -71.61129374225021138, -1.571431512466895164, -15.73888633471939968 ) ) ;
#2132 = CARTESIAN_POINT ( 'NONE',  ( 71.86096730968294821, -2.171158856683157001, -15.23888633471938370 ) ) ;
#2133 = CARTESIAN_POINT ( 'NONE',  ( 74.33232427436544754, 1.027496301198058903, -15.58618261426071605 ) ) ;
#2134 = CARTESIAN_POINT ( 'NONE',  ( 8.728568979230287184, 1.287361976335709368, -1.098721675964097422 ) ) ;
#2135 = EDGE_LOOP ( 'NONE', ( #4022, #3902, #1792, #1046 ) ) ;
#2136 = CARTESIAN_POINT ( 'NONE',  ( 11.45752645209852005, -21.49642292989729597, 0.8315161356999136721 ) ) ;
#2137 = B_SPLINE_CURVE_WITH_KNOTS ( 'NONE', 3,
 ( #370, #62, #3636, #3964, #1665, #1383, #2943, #3900, #1730, #1751, #1337, #2310, #1406, #147, #746, #3919, #768, #3572, #2646, #414, #1041, #2040, #1686, #1707, #3657, #3322, #2987, #3878, #1430, #1000, #3008, #438, #2290, #681, #1998, #1085, #1976, #3941, #104, #3616, #2693, #3595, #127, #2333 ),
 .UNSPECIFIED., .F., .F.,
 ( 4, 2, 2, 2, 2, 2, 2, 2, 2, 2, 2, 2, 2, 2, 2, 2, 2, 2, 2, 2, 2, 4 ),
 ( 0.000000000000000000, 0.001318113550135590391, 0.001977170325203382768, 0.002636227100271175145, 0.003954340650406753394, 0.005272454200542332076, 0.006590567750677910758, 0.007249624525745699231, 0.007908681300813487705, 0.008567738075881275311, 0.009226794850949062918, 0.01054490840108464160, 0.01186302195122021855, 0.01318113550135579203, 0.01384019227642358137, 0.01449924905149136897, 0.01581736260162694419, 0.01713547615176251940, 0.01779453292683030874, 0.01845358970189809461, 0.01977170325203366288, 0.02108981680216923116 ),
 .UNSPECIFIED. ) ;
#2138 = CARTESIAN_POINT ( 'NONE',  ( -14.82013901639916220, -26.19816670164935957, -1.284691748527206689 ) ) ;
#2139 = CARTESIAN_POINT ( 'NONE',  ( -10.39572806148931861, -18.55947972158590531, 0.06032866722192967851 ) ) ;
#2140 = EDGE_CURVE ( 'NONE', #3815, #23, #950, .T. ) ;
#2141 = CARTESIAN_POINT ( 'NONE',  ( -31.52881777323746704, -31.59197524632499565, -0.2826004471559688813 ) ) ;
#2142 = ORIENTED_EDGE ( 'NONE', *, *, #3704, .F. ) ;
#2143 = CARTESIAN_POINT ( 'NONE',  ( -37.80532057353412512, -34.31399403185348262, -2.850942010820200601 ) ) ;
#2144 = MANIFOLD_SOLID_BREP ( 'Cut-Extrude3', #3482 ) ;
#2145 = CARTESIAN_POINT ( 'NONE',  ( 54.63456240393896479, -27.85619841640918537, -2.867916470015766439 ) ) ;
#2146 = EDGE_LOOP ( 'NONE', ( #386, #1938, #4119, #3880 ) ) ;
#2147 = CARTESIAN_POINT ( 'NONE',  ( -47.50790178392362861, -28.98723528374028291, -1.921478602765692489 ) ) ;
#2148 = CARTESIAN_POINT ( 'NONE',  ( 36.12335409883560544, 7.724348755971299774, -2.066359056705334041 ) ) ;
#2149 = CARTESIAN_POINT ( 'NONE',  ( 6.813699953760184336, -14.37202565151981837, 0.2731792852246883174 ) ) ;
#2150 = LINE ( 'NONE', #3450, #89 ) ;
#2151 = ORIENTED_EDGE ( 'NONE', *, *, #982, .T. ) ;
#2152 = CARTESIAN_POINT ( 'NONE',  ( 12.85788170344034498, 0.7005016043820935234, -0.4135877600897091555 ) ) ;
#2153 = CARTESIAN_POINT ( 'NONE',  ( 15.46405950594833278, -30.58753384745432413, -1.309821451230190448 ) ) ;
#2154 = CARTESIAN_POINT ( 'NONE',  ( -33.41345664628377676, -31.58528050339451454, -2.448494688661533747 ) ) ;
#2155 = CARTESIAN_POINT ( 'NONE',  ( -1.488946319761117687, -0.6066232398009699933, -0.9999739184862900254 ) ) ;
#2156 = CARTESIAN_POINT ( 'NONE',  ( 20.38963430460878001, -29.80403005538506989, 0.4642353305732739854 ) ) ;
#2157 = ADVANCED_FACE ( 'NONE', ( #73 ), #52, .T. ) ;
#2158 = CARTESIAN_POINT ( 'NONE',  ( -10.65391250003772683, -19.30890508526828242, 0.8536278155334384721 ) ) ;
#2159 = CARTESIAN_POINT ( 'NONE',  ( -43.61982517259273351, -30.21899295459589752, -1.456183461664791068 ) ) ;
#2160 = ORIENTED_EDGE ( 'NONE', *, *, #3741, .T. ) ;
#2161 = CARTESIAN_POINT ( 'NONE',  ( -74.33232427436544754, 1.027496301198058903, -15.23888633471944054 ) ) ;
#2162 = EDGE_CURVE ( 'NONE', #3721, #1583, #2164, .T. ) ;
#2163 = CARTESIAN_POINT ( 'NONE',  ( 54.98374008100811494, 1.144209673724351450, -2.917975974990496102 ) ) ;
#2164 = B_SPLINE_CURVE_WITH_KNOTS ( 'NONE', 3,
 ( #3708, #157, #1485, #3041 ),
 .UNSPECIFIED., .F., .F.,
 ( 4, 4 ),
 ( 0.000000000000000000, 1.000000000000000000 ),
 .UNSPECIFIED. ) ;
#2165 = VERTEX_POINT ( 'NONE', #2790 ) ;
#2166 = VECTOR ( 'NONE', #1232, 1000.000000000000000 ) ;
#2167 = CARTESIAN_POINT ( 'NONE',  ( 9.191791590048190130, -6.476866555711677798, 0.09098178459556531539 ) ) ;
#2168 = UNCERTAINTY_MEASURE_WITH_UNIT (LENGTH_MEASURE( 1.000000000000000082E-05 ), #3561, 'distance_accuracy_value', 'NONE');
#2169 = CARTESIAN_POINT ( 'NONE',  ( 43.93089450389105366, 7.474899988731518619, -2.074498871710958259 ) ) ;
#2170 = EDGE_CURVE ( 'NONE', #1625, #1539, #1509, .T. ) ;
#2171 = CARTESIAN_POINT ( 'NONE',  ( 47.36256316717131654, -28.99203072184941732, -3.112580304781176199 ) ) ;
#2172 = ORIENTED_EDGE ( 'NONE', *, *, #784, .T. ) ;
#2173 = CARTESIAN_POINT ( 'NONE',  ( -9.843286979991365371, -2.895212991042659390, 0.8751195162910172520 ) ) ;
#2174 = CARTESIAN_POINT ( 'NONE',  ( 47.36256316717131654, -28.99203072184941732, -3.112580304781176199 ) ) ;
#2175 = EDGE_CURVE ( 'NONE', #3093, #3034, #3414, .T. ) ;
#2176 = B_SPLINE_CURVE_WITH_KNOTS ( 'NONE', 3,
 ( #4103, #2179, #1483, #931, #3166, #585, #2768, #276, #1566, #2849, #4123, #2532, #525, #2218, #3500, #1821, #3104, #218, #1267, #2552, #1589, #2869, #4144, #300 ),
 .UNSPECIFIED., .F., .F.,
 ( 4, 2, 2, 2, 2, 2, 2, 2, 2, 2, 2, 4 ),
 ( 0.000000000000000000, 0.001858021183284232474, 0.002787031774926348494, 0.003716042366568464948, 0.005574063549852696989, 0.007432084733136929897, 0.009290105916421161070, 0.01021911650806328099, 0.01114812709970540092, 0.01300614828298964076, 0.01393515887463176069, 0.01486416946627387888 ),
 .UNSPECIFIED. ) ;
#2177 = CARTESIAN_POINT ( 'NONE',  ( 71.61129374225021138, -1.571431512466895164, -15.73888633471939968 ) ) ;
#2178 = CARTESIAN_POINT ( 'NONE',  ( 6.855174307339550133, -15.50978806173891655, 0.9393974074487683179 ) ) ;
#2179 = CARTESIAN_POINT ( 'NONE',  ( -53.11089983213801702, 2.011548743041682297, -2.654128737642653668 ) ) ;
#2180 = CARTESIAN_POINT ( 'NONE',  ( 52.36893594038699007, -25.78839938999781722, -3.359848355345639970 ) ) ;
#2181 = B_SPLINE_CURVE_WITH_KNOTS ( 'NONE', 3,
 ( #2103, #208, #789, #1852, #518, #1516 ),
 .UNSPECIFIED., .F., .F.,
 ( 4, 2, 4 ),
 ( 1.351516536186313657E-11, 0.007516272416104684620, 0.01503254481869420282 ),
 .UNSPECIFIED. ) ;
#2182 = PRESENTATION_LAYER_ASSIGNMENT (  '', '', ( #2314 ) ) ;
#2183 = CARTESIAN_POINT ( 'NONE',  ( -85.30513192396472277, -11.25322035869498905, -7.856896082460145259 ) ) ;
#2184 = ORIENTED_EDGE ( 'NONE', *, *, #752, .F. ) ;
#2185 = CARTESIAN_POINT ( 'NONE',  ( 10.11541118717710397, -17.36977416608136338, 0.8680554379637627216 ) ) ;
#2186 = FILL_AREA_STYLE_COLOUR ( '', #1685 ) ;
#2187 = DIRECTION ( 'NONE',  ( -0.1397437239215590932, 7.864273835440841103E-15, 0.9901877052481186103 ) ) ;
#2188 = ORIENTED_EDGE ( 'NONE', *, *, #2691, .T. ) ;
#2189 = DIRECTION ( 'NONE',  ( -0.9999998518342840814, 0.0005443633068966032560, 0.000000000000000000 ) ) ;
#2190 = CARTESIAN_POINT ( 'NONE',  ( 43.74946739346287217, 7.474899988731517730, -3.664295283954228655 ) ) ;
#2191 = CARTESIAN_POINT ( 'NONE',  ( -6.358833679739311684, -11.99295224482437128, 0.9478654730880746726 ) ) ;
#2192 = CARTESIAN_POINT ( 'NONE',  ( -10.39572806148925466, -18.55947972158576320, 0.06032866722194274445 ) ) ;
#2193 = VERTEX_POINT ( 'NONE', #824 ) ;
#2194 = EDGE_CURVE ( 'NONE', #773, #1477, #2907, .T. ) ;
#2195 = CARTESIAN_POINT ( 'NONE',  ( -10.21650633311011447, -2.073936347931312874, 0.8654022310918688676 ) ) ;
#2196 = VERTEX_POINT ( 'NONE', #2115 ) ;
#2197 = CARTESIAN_POINT ( 'NONE',  ( 58.95654693898450205, -11.81794265597075189, -4.317449260260006305 ) ) ;
#2198 = CARTESIAN_POINT ( 'NONE',  ( -10.42665669773803216, -18.55691319536747841, 0.8596157923531517753 ) ) ;
#2199 = CARTESIAN_POINT ( 'NONE',  ( -8.041958482692331600, 0.9708200567078041354, -1.083222919508648907 ) ) ;
#2200 = CARTESIAN_POINT ( 'NONE',  ( -9.817775275146072289, -2.892390803982619385, 0.07550983191634871861 ) ) ;
#2201 = CARTESIAN_POINT ( 'NONE',  ( -39.65847316780738652, -31.04913091594065477, -1.028309267085827372 ) ) ;
#2202 = ORIENTED_EDGE ( 'NONE', *, *, #1784, .T. ) ;
#2203 = DIRECTION ( 'NONE',  ( 0.9994923749638410237, 0.000000000000000000, 0.03185894519818400356 ) ) ;
#2204 = VERTEX_POINT ( 'NONE', #1802 ) ;
#2205 = CYLINDRICAL_SURFACE ( 'NONE', #2812, 0.2500000000000037192 ) ;
#2206 = CIRCLE ( 'NONE', #383, 5.378530346272100360 ) ;
#2207 = SURFACE_STYLE_FILL_AREA ( #346 ) ;
#2208 = CARTESIAN_POINT ( 'NONE',  ( 13.97444591346516241, 1.148922094363807878, -0.4526849711010139110 ) ) ;
#2209 = CARTESIAN_POINT ( 'NONE',  ( 66.21390328573284023, -6.067375239207142279, -4.694984318984546157 ) ) ;
#2210 = EDGE_LOOP ( 'NONE', ( #3714, #1205 ) ) ;
#2211 = CARTESIAN_POINT ( 'NONE',  ( -9.255853644101870614, -5.809481926614073366, -1.110971618083945955 ) ) ;
#2212 = EDGE_LOOP ( 'NONE', ( #1635, #1878, #1667, #352 ) ) ;
#2213 = CARTESIAN_POINT ( 'NONE',  ( -62.48657761812643230, -9.959804985429737911, -4.068188793777547829 ) ) ;
#2214 = ORIENTED_EDGE ( 'NONE', *, *, #3037, .T. ) ;
#2215 = CARTESIAN_POINT ( 'NONE',  ( 31.31843899671512332, -31.62473894988010414, -2.268150543515361051 ) ) ;
#2216 = CARTESIAN_POINT ( 'NONE',  ( 23.39007884152525563, -30.68223936111589367, 0.2938519568721940645 ) ) ;
#2217 = ADVANCED_FACE ( 'NONE', ( #2433 ), #1118, .F. ) ;
#2218 = CARTESIAN_POINT ( 'NONE',  ( -59.23797411750985020, -4.121020805890685423, -3.551741142686255959 ) ) ;
#2219 = ADVANCED_FACE ( 'NONE', ( #1823 ), #3668, .F. ) ;
#2220 = STYLED_ITEM ( 'NONE', ( #3506 ), #290 ) ;
#2221 = CARTESIAN_POINT ( 'NONE',  ( 9.578864787540959824, -4.067742127412493858, 0.8816401026671676355 ) ) ;
#2222 = CARTESIAN_POINT ( 'NONE',  ( 9.603997254121409810, -10.82513488819481040, 1.081103584090125969 ) ) ;
#2223 = CARTESIAN_POINT ( 'NONE',  ( 59.39826745182350720, -9.353953579702759313, -4.790949453183027451 ) ) ;
#2224 = CARTESIAN_POINT ( 'NONE',  ( -34.75163273619467219, -34.54486740906168762, -0.5589107933623667090 ) ) ;
#2225 = EDGE_CURVE ( 'NONE', #2066, #1729, #3364, .T. ) ;
#2226 = CARTESIAN_POINT ( 'NONE',  ( -2.687880112888557565E-15, -31.58816513860072916, -386.7465117133056651 ) ) ;
#2227 = CARTESIAN_POINT ( 'NONE',  ( 27.97787756539148418, 13.82385007179582281, -48.59146545372102111 ) ) ;
#2228 = EDGE_LOOP ( 'NONE', ( #3773, #339, #4002, #3574 ) ) ;
#2229 = CARTESIAN_POINT ( 'NONE',  ( -62.17406678493110661, -9.961853179025142779, -6.043422485588382465 ) ) ;
#2230 = CARTESIAN_POINT ( 'NONE',  ( -45.93045711912182583, 3.621836092800795104, -3.730588800253959114 ) ) ;
#2231 = CARTESIAN_POINT ( 'NONE',  ( 10.15545380521784935, -2.070231588386741262, -1.133683365570349766 ) ) ;
#2232 = B_SPLINE_CURVE_WITH_KNOTS ( 'NONE', 3,
 ( #851, #1487, #3108, #2670, #725, #1062 ),
 .UNSPECIFIED., .F., .F.,
 ( 4, 2, 4 ),
 ( 0.000000000000000000, 0.5000000000000000000, 1.000000000000000000 ),
 .UNSPECIFIED. ) ;
#2233 = EDGE_LOOP ( 'NONE', ( #2245, #648, #2519, #4153 ) ) ;
#2234 = CARTESIAN_POINT ( 'NONE',  ( -63.08923515257779258, -7.904860737209270738, -6.194078734878692316 ) ) ;
#2235 = ORIENTED_EDGE ( 'NONE', *, *, #417, .T. ) ;
#2236 = LINE ( 'NONE', #2570, #3809 ) ;
#2237 = AXIS2_PLACEMENT_3D ( 'NONE', #3889, #1011, #759 ) ;
#2238 = ADVANCED_FACE ( 'NONE', ( #2724 ), #3687, .F. ) ;
#2239 = CARTESIAN_POINT ( 'NONE',  ( -17.63876605063127201, -28.38395070964282141, 0.5991165458870032490 ) ) ;
#2240 = CARTESIAN_POINT ( 'NONE',  ( -47.76886483912048931, 7.028927331064124040, -2.532399903367359872 ) ) ;
#2241 = CARTESIAN_POINT ( 'NONE',  ( -72.36270890600182781, -5.972304474962074394, -12.23888628320016281 ) ) ;
#2242 = CARTESIAN_POINT ( 'NONE',  ( -9.635423966453018352, -3.473169532923022107, -0.3200992989547349898 ) ) ;
#2243 = CARTESIAN_POINT ( 'NONE',  ( 58.74386985459636179, -2.941126051962268839, -3.475678629606081760 ) ) ;
#2244 = LINE ( 'NONE', #3465, #2166 ) ;
#2245 = ORIENTED_EDGE ( 'NONE', *, *, #108, .F. ) ;
#2246 = CARTESIAN_POINT ( 'NONE',  ( -6.772358371308363267, -15.50889419600222041, -1.059453774975818829 ) ) ;
#2247 = DIRECTION ( 'NONE',  ( 4.884682305490612792E-17, 1.000000000000000000, 2.666878455998264135E-17 ) ) ;
#2248 = CARTESIAN_POINT ( 'NONE',  ( -5.100653341573453403, -9.922511038056322619, 0.9665772604851359251 ) ) ;
#2249 = B_SPLINE_CURVE_WITH_KNOTS ( 'NONE', 3,
 ( #3091, #206, #3027, #456, #1790, #2420, #3694, #143, #3341, #3384, #2732, #832, #1491, #2712, #3366, #2776, #4045, #2754, #1768, #2123, #4024, #1448 ),
 .UNSPECIFIED., .F., .F.,
 ( 4, 2, 2, 2, 2, 2, 2, 2, 2, 2, 4 ),
 ( 0.002002420440898614474, 0.002805639420838374528, 0.003608858400778134148, 0.005215296360657654257, 0.006018515340597409974, 0.006821734320537167426, 0.008428172280416670187, 0.01003461024029617295, 0.01164104820017567571, 0.01324748616005517847, 0.01485392411993468123 ),
 .UNSPECIFIED. ) ;
#2250 = LINE ( 'NONE', #2543, #2445 ) ;
#2251 = CARTESIAN_POINT ( 'NONE',  ( 13.99673057126971898, -25.35289135416622130, -1.253708566851264417 ) ) ;
#2252 = ORIENTED_EDGE ( 'NONE', *, *, #2998, .T. ) ;
#2253 = ADVANCED_FACE ( 'NONE', ( #2453 ), #3378, .F. ) ;
#2254 = CARTESIAN_POINT ( 'NONE',  ( 45.57580017681983975, -29.67045318129590825, -1.682898604655869601 ) ) ;
#2255 = ORIENTED_EDGE ( 'NONE', *, *, #1981, .F. ) ;
#2256 = CARTESIAN_POINT ( 'NONE',  ( 47.41157415211752379, -28.99203072184975483, -2.715594255461320383 ) ) ;
#2257 = CARTESIAN_POINT ( 'NONE',  ( -10.63004018292715536, -1.286090014303327367, -0.3459950240590079495 ) ) ;
#2258 = CARTESIAN_POINT ( 'NONE',  ( -11.02594280709389274, 2.364914076947106647, 0.2556064007654420545 ) ) ;
#2259 = EDGE_LOOP ( 'NONE', ( #1982, #2901, #4135, #1210, #3957, #1352, #1489, #1087, #1318, #2774, #2255, #3656, #684, #3001, #1054, #985 ) ) ;
#2260 = CARTESIAN_POINT ( 'NONE',  ( -46.44301382638712283, -32.54386081562267918, -1.785862158212525586 ) ) ;
#2261 = CARTESIAN_POINT ( 'NONE',  ( 53.53586551772608715, 1.851930330712981743, -2.713291516487954524 ) ) ;
#2262 = EDGE_CURVE ( 'NONE', #2477, #1186, #3951, .T. ) ;
#2263 = CARTESIAN_POINT ( 'NONE',  ( -56.71618464764382139, -24.89849163149590439, -3.844370444988066016 ) ) ;
#2264 = EDGE_LOOP ( 'NONE', ( #1321, #4025, #1460, #1688 ) ) ;
#2265 = CARTESIAN_POINT ( 'NONE',  ( -9.122566037954543461, -23.55124119026174156, -1.107784394627247870 ) ) ;
#2266 = CARTESIAN_POINT ( 'NONE',  ( -23.31723196209597759, -30.68450847370872481, -0.9039111475431274023 ) ) ;
#2267 = CYLINDRICAL_SURFACE ( 'NONE', #499, 49.46946406470954116 ) ;
#2268 = EDGE_CURVE ( 'NONE', #2579, #3346, #1124, .T. ) ;
#2269 = LINE ( 'NONE', #389, #2634 ) ;
#2270 = MECHANICAL_DESIGN_GEOMETRIC_PRESENTATION_REPRESENTATION (  '', ( #2070 ), #927 ) ;
#2271 = CARTESIAN_POINT ( 'NONE',  ( 25.65098692548962944, 6.537585234594724959, 0.1526407530489864439 ) ) ;
#2272 = CARTESIAN_POINT ( 'NONE',  ( 18.14857758862757464, 4.845375726763687219, -1.419764553864800050 ) ) ;
#2273 = ORIENTED_EDGE ( 'NONE', *, *, #3318, .T. ) ;
#2274 = CYLINDRICAL_SURFACE ( 'NONE', #2542, 5.378530200181927512 ) ;
#2275 = CARTESIAN_POINT ( 'NONE',  ( 6.595172042849438476, -16.17371138458655011, 1.143925711922916033 ) ) ;
#2276 = B_SPLINE_CURVE_WITH_KNOTS ( 'NONE', 1,
 ( #2657, #2591 ),
 .UNSPECIFIED., .F., .F.,
 ( 2, 2 ),
 ( 0.000000000000000000, 1.000000000000000000 ),
 .UNSPECIFIED. ) ;
#2277 = CARTESIAN_POINT ( 'NONE',  ( -32.26072606615030480, 7.527193366182291179, -1.723309480553234296 ) ) ;
#2278 = CARTESIAN_POINT ( 'NONE',  ( 54.72475200468552003, 1.301886109526555702, -3.688024631347818882 ) ) ;
#2279 =( NAMED_UNIT ( * ) SI_UNIT ( $, .STERADIAN. ) SOLID_ANGLE_UNIT ( ) );
#2280 = CARTESIAN_POINT ( 'NONE',  ( -52.46180797320204903, -25.77440061593352993, -2.565321091927438069 ) ) ;
#2281 = EDGE_CURVE ( 'NONE', #246, #3983, #544, .T. ) ;
#2282 = CARTESIAN_POINT ( 'NONE',  ( -59.45973303555225442, -9.353953579702766419, -4.395700187507789458 ) ) ;
#2283 = VERTEX_POINT ( 'NONE', #4038 ) ;
#2284 =( LENGTH_UNIT ( ) NAMED_UNIT ( * ) SI_UNIT ( .MILLI., .METRE. ) );
#2285 = CARTESIAN_POINT ( 'NONE',  ( -59.38221667069963416, -9.354880160303508774, -4.923325501037682628 ) ) ;
#2286 = CARTESIAN_POINT ( 'NONE',  ( 2.173397161606010375, -7.995714980462268251, 0.9941251089790817952 ) ) ;
#2287 = EDGE_CURVE ( 'NONE', #76, #3324, #3013, .T. ) ;
#2288 = CARTESIAN_POINT ( 'NONE',  ( 12.87180980586691170, 0.7008901212504411449, -0.01382651814104467192 ) ) ;
#2289 = CARTESIAN_POINT ( 'NONE',  ( 66.98417885191005894, -5.972304474962074394, -12.23888633471946363 ) ) ;
#2290 = CARTESIAN_POINT ( 'NONE',  ( 4.450936988427510954, -9.305438762129755403, -1.025550280658098723 ) ) ;
#2291 =( NAMED_UNIT ( * ) PLANE_ANGLE_UNIT ( ) SI_UNIT ( $, .RADIAN. ) );
#2292 = ORIENTED_EDGE ( 'NONE', *, *, #417, .F. ) ;
#2293 = EDGE_CURVE ( 'NONE', #2697, #145, #1611, .T. ) ;
#2294 = CARTESIAN_POINT ( 'NONE',  ( -62.17406678493110661, -9.961853179025142779, -6.043422485588382465 ) ) ;
#2295 = COLOUR_RGB ( '',0.2509803921568627416, 0.2509803921568627416, 0.2509803921568627416 ) ;
#2296 = ORIENTED_EDGE ( 'NONE', *, *, #1359, .T. ) ;
#2297 = CARTESIAN_POINT ( 'NONE',  ( 5.961837143509657544, 0.1977364776171733896, 0.9569314035721869782 ) ) ;
#2298 = CARTESIAN_POINT ( 'NONE',  ( -13.40329605214582642, 0.9646081676219077083, -0.4320230106685172822 ) ) ;
#2299 = CARTESIAN_POINT ( 'NONE',  ( -79.27271271571946443, -6.144661151139389155, -8.417312334900127979 ) ) ;
#2300 = CARTESIAN_POINT ( 'NONE',  ( -67.04220041322825807, -5.972301305139007255, -6.531299362597443370 ) ) ;
#2301 = CARTESIAN_POINT ( 'NONE',  ( 72.11129381633308810, -1.571431512466895164, -15.23888633471938370 ) ) ;
#2302 = FACE_OUTER_BOUND ( 'NONE', #854, .T. ) ;
#2303 = LINE ( 'NONE', #3956, #1425 ) ;
#2304 = ORIENTED_EDGE ( 'NONE', *, *, #2175, .T. ) ;
#2305 = CARTESIAN_POINT ( 'NONE',  ( 59.24041365523108738, -4.427118364414430296, -4.361593193950884739 ) ) ;
#2306 = DIRECTION ( 'NONE',  ( -0.03185894519818400356, 0.000000000000000000, 0.9994923749638409127 ) ) ;
#2307 = CARTESIAN_POINT ( 'NONE',  ( 6.087300341484560562, -11.38505866085411888, 0.9522288899032488318 ) ) ;
#2308 = DIRECTION ( 'NONE',  ( 0.0005443633068965336502, 0.9999998518342840814, -2.518186154490093769E-18 ) ) ;
#2309 = CARTESIAN_POINT ( 'NONE',  ( -51.92083358516710945, 6.180735435014998558, -2.489931974085783484 ) ) ;
#2310 = CARTESIAN_POINT ( 'NONE',  ( -4.456156391997553534, -9.310704011902833699, -1.025613377568856510 ) ) ;
#2311 = AXIS2_PLACEMENT_3D ( 'NONE', #1937, #4117, #3514 ) ;
#2312 = CARTESIAN_POINT ( 'NONE',  ( 85.30513192396472277, -11.25322035869499793, -7.856896082460147035 ) ) ;
#2313 = VERTEX_POINT ( 'NONE', #210 ) ;
#2314 = STYLED_ITEM ( 'NONE', ( #2643 ), #2561 ) ;
#2315 = CARTESIAN_POINT ( 'NONE',  ( 71.56946175102197572, -1.571431512466895164, -14.83288868384772741 ) ) ;
#2316 = ORIENTED_EDGE ( 'NONE', *, *, #850, .F. ) ;
#2317 = EDGE_CURVE ( 'NONE', #2371, #1539, #1763, .T. ) ;
#2318 = CARTESIAN_POINT ( 'NONE',  ( -72.11129381633308810, -1.571431512466895164, -15.23888633471938370 ) ) ;
#2319 = CARTESIAN_POINT ( 'NONE',  ( -6.654635405598746445, -15.86227131820228387, 1.142889271360950199 ) ) ;
#2320 = CARTESIAN_POINT ( 'NONE',  ( -72.36270890600181360, -5.972304474962074394, -15.23888628320016458 ) ) ;
#2321 = CARTESIAN_POINT ( 'NONE',  ( 17.55351842731650791, -28.42806802323650572, -0.5962985397302983381 ) ) ;
#2322 = CARTESIAN_POINT ( 'NONE',  ( 72.36270890600182781, -5.972304474962074394, -12.23888628320016281 ) ) ;
#2323 = DIRECTION ( 'NONE',  ( -0.8119951814335659712, -0.0004420204476415801075, 0.5836639700603371006 ) ) ;
#2324 = PRODUCT_DEFINITION ( 'UNKNOWN', '', #689, #2917 ) ;
#2325 = AXIS2_PLACEMENT_3D ( 'NONE', #1766, #3047, #3715 ) ;
#2326 = CARTESIAN_POINT ( 'NONE',  ( 72.36270919818217351, 1.028568487533104481, -12.23888633471943699 ) ) ;
#2327 = VERTEX_POINT ( 'NONE', #3116 ) ;
#2328 = CARTESIAN_POINT ( 'NONE',  ( -48.41886958799617702, -31.81660870557537280, -2.706953730122721336 ) ) ;
#2329 = CARTESIAN_POINT ( 'NONE',  ( 10.35365832981629985, -18.56215944170708454, -1.138790000481002984 ) ) ;
#2330 =( NAMED_UNIT ( * ) PLANE_ANGLE_UNIT ( ) SI_UNIT ( $, .RADIAN. ) );
#2331 = CARTESIAN_POINT ( 'NONE',  ( -54.07861530701788411, -23.38744780005218971, -4.001545601143241981 ) ) ;
#2332 = CARTESIAN_POINT ( 'NONE',  ( -31.89806843055135843, 7.355922160694601253, -0.3122155276140390900 ) ) ;
#2333 = CARTESIAN_POINT ( 'NONE',  ( 6.770832967758924070, -14.37226586872156986, -1.059150969939341325 ) ) ;
#2334 = CARTESIAN_POINT ( 'NONE',  ( 70.88973462291083649, -0.6697080072573514675, -5.317188814632714866 ) ) ;
#2335 = EDGE_LOOP ( 'NONE', ( #297, #3969, #3445, #2437 ) ) ;
#2336 = CARTESIAN_POINT ( 'NONE',  ( -36.41469686049082100, 4.514565794610088112, -1.503437403067574563 ) ) ;
#2337 = EDGE_CURVE ( 'NONE', #1170, #4042, #49, .T. ) ;
#2338 = ORIENTED_EDGE ( 'NONE', *, *, #1738, .F. ) ;
#2339 = CARTESIAN_POINT ( 'NONE',  ( -53.35295078266258884, -28.81057485545312247, -4.707295881505235258 ) ) ;
#2340 = AXIS2_PLACEMENT_3D ( 'NONE', #735, #1719, #179 ) ;
#2341 = CARTESIAN_POINT ( 'NONE',  ( -53.97067245265889568, -23.38979298291714315, -4.794197116653828417 ) ) ;
#2342 = B_SPLINE_CURVE_WITH_KNOTS ( 'NONE', 3,
 ( #2677, #3035, #3947, #3351, #1069, #2698 ),
 .UNSPECIFIED., .F., .F.,
 ( 4, 2, 4 ),
 ( 0.000000000000000000, 0.5000000000000000000, 1.000000000000000000 ),
 .UNSPECIFIED. ) ;
#2343 = CARTESIAN_POINT ( 'NONE',  ( -6.640912616080760777, -15.86227131820228387, 0.3430070416760106489 ) ) ;
#2344 = EDGE_CURVE ( 'NONE', #2967, #1520, #3719, .T. ) ;
#2345 = ADVANCED_FACE ( 'NONE', ( #1110 ), #1794, .F. ) ;
#2346 = CARTESIAN_POINT ( 'NONE',  ( 48.76237278020595056, -28.49353083875386972, -3.285397449537291070 ) ) ;
#2347 = CARTESIAN_POINT ( 'NONE',  ( 58.46607439635336334, -2.701819843533399546, -4.647007195586201789 ) ) ;
#2348 = CYLINDRICAL_SURFACE ( 'NONE', #2927, 35.19179426837347791 ) ;
#2349 = CARTESIAN_POINT ( 'NONE',  ( 26.65097146073101797, 4.023897249189135827, -1.106435928687219183 ) ) ;
#2350 = ORIENTED_EDGE ( 'NONE', *, *, #2571, .T. ) ;
#2351 = EDGE_CURVE ( 'NONE', #4042, #1291, #2606, .T. ) ;
#2352 = SURFACE_STYLE_USAGE ( .BOTH. , #1399 ) ;
#2353 = CARTESIAN_POINT ( 'NONE',  ( -49.27358670833209686, 3.005180769253338102, -2.937086288124939326 ) ) ;
#2354 = CARTESIAN_POINT ( 'NONE',  ( 43.54123288058976016, -30.22242806060027220, -2.252321491195277137 ) ) ;
#2355 = CARTESIAN_POINT ( 'NONE',  ( -47.41157415211770854, -28.99203072184976904, -2.715594255461320383 ) ) ;
#2356 = ORIENTED_EDGE ( 'NONE', *, *, #904, .T. ) ;
#2357 = CYLINDRICAL_SURFACE ( 'NONE', #2944, 0.4999999999999796829 ) ;
#2358 = CARTESIAN_POINT ( 'NONE',  ( -9.780179008591220580, -2.894928471937218362, -1.123922727486303286 ) ) ;
#2359 = ORIENTED_EDGE ( 'NONE', *, *, #2107, .T. ) ;
#2360 = CARTESIAN_POINT ( 'NONE',  ( -39.61083056956817927, 4.368707988947912568, -2.221239903990817055 ) ) ;
#2361 = ORIENTED_EDGE ( 'NONE', *, *, #4054, .T. ) ;
#2362 =( BOUNDED_CURVE ( )  B_SPLINE_CURVE ( 3, ( #3553, #1236, #3176, #289 ),
 .UNSPECIFIED., .F., .T. ) 
 B_SPLINE_CURVE_WITH_KNOTS ( ( 4, 4 ),
 ( 3.141592653589790896, 6.283185307179586232 ),
 .UNSPECIFIED. ) 
 CURVE ( )  GEOMETRIC_REPRESENTATION_ITEM ( )  RATIONAL_B_SPLINE_CURVE ( ( 1.000000000000000000, 0.3333333333333325932, 0.3333333333333325932, 1.000000000000000000 ) ) 
 REPRESENTATION_ITEM ( '' )  );
#2363 = CARTESIAN_POINT ( 'NONE',  ( -72.11096727264151696, -2.171294947509881279, -15.23888633471938370 ) ) ;
#2364 = CARTESIAN_POINT ( 'NONE',  ( -53.59727496593992413, -24.04393877522731060, -4.741474296670792121 ) ) ;
#2365 = CARTESIAN_POINT ( 'NONE',  ( 4.745945576247330600, -9.477908308251766556, -1.228401521221981652 ) ) ;
#2366 = FILL_AREA_STYLE ('',( #2409 ) ) ;
#2367 = CARTESIAN_POINT ( 'NONE',  ( 61.93783104134367790, -12.60474496175448778, -3.978486378868764994 ) ) ;
#2368 = CARTESIAN_POINT ( 'NONE',  ( -28.98554205315156906, -63.85663865890116142, -72.64632266997438137 ) ) ;
#2369 = CARTESIAN_POINT ( 'NONE',  ( -59.60732273390529201, -6.877646156516580511, -4.823518473558920938 ) ) ;
#2370 = CARTESIAN_POINT ( 'NONE',  ( -20.31561744932387725, -29.85481788596218067, -0.7317531622798658653 ) ) ;
#2371 = VERTEX_POINT ( 'NONE', #189 ) ;
#2372 = SURFACE_STYLE_USAGE ( .BOTH. , #1376 ) ;
#2373 = CARTESIAN_POINT ( 'NONE',  ( -58.35338218527217435, -2.702373318197702101, -5.439075561198103870 ) ) ;
#2374 = CARTESIAN_POINT ( 'NONE',  ( -1.752292271346565622, -7.880719491247791808, 0.9960983676742590776 ) ) ;
#2375 = B_SPLINE_CURVE_WITH_KNOTS ( 'NONE', 3,
 ( #2658, #3309, #1094, #3061 ),
 .UNSPECIFIED., .F., .F.,
 ( 4, 4 ),
 ( 0.000000000000000000, 1.000000000000000000 ),
 .UNSPECIFIED. ) ;
#2376 = DIRECTION ( 'NONE',  ( 0.000000000000000000, 0.000000000000000000, -1.000000000000000000 ) ) ;
#2377 = CARTESIAN_POINT ( 'NONE',  ( -13.47256388744661493, 3.237150294209962809, 0.7676852033892364036 ) ) ;
#2378 = ORIENTED_EDGE ( 'NONE', *, *, #358, .F. ) ;
#2379 = CARTESIAN_POINT ( 'NONE',  ( -71.86096730968294821, -2.171158856683157001, -15.23888633471938370 ) ) ;
#2380 = CARTESIAN_POINT ( 'NONE',  ( -9.291509603387213545, -12.43005587004779855, 0.8887128083511196541 ) ) ;
#2381 = ORIENTED_EDGE ( 'NONE', *, *, #1098, .T. ) ;
#2382 = CARTESIAN_POINT ( 'NONE',  ( -26.67788439088677421, 4.023857744322824281, -0.7073334039813334861 ) ) ;
#2383 = ORIENTED_EDGE ( 'NONE', *, *, #1203, .T. ) ;
#2384 = DIRECTION ( 'NONE',  ( -0.0005443633068965336502, 0.9999998518342840814, -2.518186154490093769E-18 ) ) ;
#2385 = EDGE_CURVE ( 'NONE', #3441, #3201, #2206, .T. ) ;
#2386 = B_SPLINE_SURFACE_WITH_KNOTS ( 'NONE', 1, 3, ( 
 ( #562, #3804, #1861, #3142, #2197, #1242 ),
 ( #4057, #1564, #1524, #254, #2808, #3124 ) ),
 .UNSPECIFIED., .F., .F., .F.,
 ( 2, 2 ),
 ( 4, 2, 4 ),
 ( 0.000000000000000000, 1.000000000000000000 ),
 ( 0.000000000000000000, 0.5000000000000000000, 1.000000000000000000 ),
 .UNSPECIFIED. ) ;
#2387 = FACE_OUTER_BOUND ( 'NONE', #1311, .T. ) ;
#2388 = CARTESIAN_POINT ( 'NONE',  ( 74.33232427436546175, 1.027496301198058903, -12.58618261426071250 ) ) ;
#2389 = DIRECTION ( 'NONE',  ( 0.9999998518342840814, 0.0005443633068966032560, 0.000000000000000000 ) ) ;
#2390 = CARTESIAN_POINT ( 'NONE',  ( -52.36908279894844043, -25.78827916691915334, -3.359868603494803097 ) ) ;
#2391 = DIRECTION ( 'NONE',  ( 0.9897547569913133225, 0.000000000000000000, -0.1427778729813075631 ) ) ;
#2392 = CARTESIAN_POINT ( 'NONE',  ( 26.76333872742278785, 3.970859106149863482, 0.07870429540911909327 ) ) ;
#2393 = CARTESIAN_POINT ( 'NONE',  ( 13.94373341695030710, 1.154498292037051899, -1.252010064568245040 ) ) ;
#2394 = CARTESIAN_POINT ( 'NONE',  ( -66.21203138150420386, -6.067637465487423221, -4.694658695962401040 ) ) ;
#2395 = AXIS2_PLACEMENT_3D ( 'NONE', #1803, #3085, #448 ) ;
#2396 = FACE_OUTER_BOUND ( 'NONE', #2600, .T. ) ;
#2397 = CARTESIAN_POINT ( 'NONE',  ( 56.34124512001900342, -25.70203231491666784, -3.114861064711621275 ) ) ;
#2398 = B_SPLINE_CURVE_WITH_KNOTS ( 'NONE', 3,
 ( #3845, #3242, #2297, #605, #69, #968, #626, #3557, #356, #376, #1922, #25, #3185, #2926, #3206, #1670 ),
 .UNSPECIFIED., .F., .F.,
 ( 4, 2, 2, 2, 2, 2, 2, 4 ),
 ( 3.741236326359384963E-11, 0.004493357611946668592, 0.006740036399213821319, 0.007863375792847397683, 0.008986715186480974046, 0.01348007276101527950, 0.01572675154828243396, 0.01797343033554958669 ),
 .UNSPECIFIED. ) ;
#2399 = EDGE_LOOP ( 'NONE', ( #4106, #2846, #1551, #3462 ) ) ;
#2400 = CARTESIAN_POINT ( 'NONE',  ( -47.42646018021125798, -28.98793312973866776, -2.583134425556758096 ) ) ;
#2401 = EDGE_CURVE ( 'NONE', #192, #1249, #1854, .T. ) ;
#2402 = CARTESIAN_POINT ( 'NONE',  ( -9.188325095021259159, -9.321047096406250176, 0.8911180748573270805 ) ) ;
#2403 = CARTESIAN_POINT ( 'NONE',  ( 12.15201334351448281, 0.2035056584195680252, 0.8096113436253626894 ) ) ;
#2404 = ORIENTED_EDGE ( 'NONE', *, *, #1442, .T. ) ;
#2405 = DIRECTION ( 'NONE',  ( 4.173484458121928399E-08, 0.9999999999999991118, 0.000000000000000000 ) ) ;
#2406 = CARTESIAN_POINT ( 'NONE',  ( 3.211664136125276681, -8.364347729640424944, -0.4121237178952682489 ) ) ;
#2407 = B_SPLINE_CURVE_WITH_KNOTS ( 'NONE', 3,
 ( #2644, #142, #1683, #3275 ),
 .UNSPECIFIED., .F., .F.,
 ( 4, 4 ),
 ( 0.000000000000000000, 1.000000000000000000 ),
 .UNSPECIFIED. ) ;
#2408 = B_SPLINE_CURVE_WITH_KNOTS ( 'NONE', 3,
 ( #2583, #656, #3533, #18, #4156, #962, #942, #3156, #3839, #2208 ),
 .UNSPECIFIED., .F., .F.,
 ( 4, 2, 2, 2, 4 ),
 ( 0.000000000000000000, 0.2500000000000000000, 0.5000000000000000000, 0.7500000000000000000, 1.000000000000000000 ),
 .UNSPECIFIED. ) ;
#2409 = FILL_AREA_STYLE_COLOUR ( '', #3539 ) ;
#2410 = LINE ( 'NONE', #3929, #263 ) ;
#2411 = COLOUR_RGB ( '',0.2509803921568627416, 0.2509803921568627416, 0.2509803921568627416 ) ;
#2412 = DIRECTION ( 'NONE',  ( 0.000000000000000000, 1.000000000000000000, -0.000000000000000000 ) ) ;
#2413 = CARTESIAN_POINT ( 'NONE',  ( -14.01627699917146508, -25.35405407804679356, -1.254636807638409346 ) ) ;
#2414 = CARTESIAN_POINT ( 'NONE',  ( -21.81769866685917592, -30.37570249460904037, -0.4125615571590299790 ) ) ;
#2415 = B_SPLINE_CURVE_WITH_KNOTS ( 'NONE', 3,
 ( #2881, #4157, #2920, #921, #618, #1914, #3819, #943, #329, #3491, #2231, #2584, #3511, #3199, #311, #1276 ),
 .UNSPECIFIED., .F., .F.,
 ( 4, 2, 2, 2, 2, 2, 2, 4 ),
 ( 4.614534396805018336E-14, 0.001791058015562081241, 0.002686587023320048846, 0.003582116031078017102, 0.004477645038835985358, 0.005373174046593952313, 0.006268703054351921870, 0.007164232062109890560 ),
 .UNSPECIFIED. ) ;
#2416 = CARTESIAN_POINT ( 'NONE',  ( 15.56683121170299877, -30.60167159744600340, 0.6876634999766986223 ) ) ;
#2417 = CARTESIAN_POINT ( 'NONE',  ( -27.33604191747682677, -31.35972682035336589, -1.162392623401163227 ) ) ;
#2418 = FACE_OUTER_BOUND ( 'NONE', #3578, .T. ) ;
#2419 = EDGE_CURVE ( 'NONE', #2283, #2477, #2408, .T. ) ;
#2420 = CARTESIAN_POINT ( 'NONE',  ( 59.26948063088013896, -5.215774764227570692, -5.580527178311220915 ) ) ;
#2421 = ORIENTED_EDGE ( 'NONE', *, *, #1098, .F. ) ;
#2422 = CARTESIAN_POINT ( 'NONE',  ( 9.351535363072464691, -13.78996542475871045, -0.3131063924761958717 ) ) ;
#2423 = CARTESIAN_POINT ( 'NONE',  ( 20.84563072922273363, 5.657392638444433075, -0.1370157959097672018 ) ) ;
#2424 = SURFACE_STYLE_FILL_AREA ( #2736 ) ;
#2425 = CIRCLE ( 'NONE', #4019, 7.356348135786666909 ) ;
#2426 = CARTESIAN_POINT ( 'NONE',  ( -39.61083056956817927, 4.368707988947912568, -2.221239903990817055 ) ) ;
#2427 = ORIENTED_EDGE ( 'NONE', *, *, #2089, .T. ) ;
#2428 = CARTESIAN_POINT ( 'NONE',  ( 10.31588726970216818, -1.798140565481151310, 0.06254737132175489100 ) ) ;
#2429 = CARTESIAN_POINT ( 'NONE',  ( -45.43543665242322760, -16.94402603429776022, 14.41732172255163036 ) ) ;
#2430 = CARTESIAN_POINT ( 'NONE',  ( 6.554371539623014442, -16.17371138458655011, -1.255727388988365334 ) ) ;
#2431 =( NAMED_UNIT ( * ) SI_UNIT ( $, .STERADIAN. ) SOLID_ANGLE_UNIT ( ) );
#2432 = ORIENTED_EDGE ( 'NONE', *, *, #1389, .F. ) ;
#2433 = FACE_OUTER_BOUND ( 'NONE', #1986, .T. ) ;
#2434 = CARTESIAN_POINT ( 'NONE',  ( -16.26645162035815062, -27.47986115080059832, -1.342598601287951388 ) ) ;
#2435 = FACE_OUTER_BOUND ( 'NONE', #2935, .T. ) ;
#2436 = CARTESIAN_POINT ( 'NONE',  ( -59.49463726247082462, -6.865498252993522676, -5.615616212593912415 ) ) ;
#2437 = ORIENTED_EDGE ( 'NONE', *, *, #1726, .F. ) ;
#2438 = CARTESIAN_POINT ( 'NONE',  ( -54.07861530701784858, -23.38744780005216484, -4.001545601143270403 ) ) ;
#2439 = EDGE_CURVE ( 'NONE', #1781, #3335, #688, .T. ) ;
#2440 = DIRECTION ( 'NONE',  ( 0.9995064647790758983, 0.000000000000000000, -0.03141380054743484612 ) ) ;
#2441 = VERTEX_POINT ( 'NONE', #1641 ) ;
#2442 = CARTESIAN_POINT ( 'NONE',  ( -55.31721040778509035, 5.350431146940287874, -4.978966294671365311 ) ) ;
#2443 =( NAMED_UNIT ( * ) PLANE_ANGLE_UNIT ( ) SI_UNIT ( $, .RADIAN. ) );
#2444 = CARTESIAN_POINT ( 'NONE',  ( 51.14504662155202652, -30.44372322804642650, -4.405413549686805652 ) ) ;
#2445 = VECTOR ( 'NONE', #1643, 1000.000000000000000 ) ;
#2446 = CARTESIAN_POINT ( 'NONE',  ( 53.53816355766767998, 1.851208186883199103, -3.923682476751523041 ) ) ;
#2447 = ORIENTED_EDGE ( 'NONE', *, *, #2385, .T. ) ;
#2448 = CARTESIAN_POINT ( 'NONE',  ( 10.64104019442047999, -1.286090014303280293, 0.05385389951630295546 ) ) ;
#2449 = CARTESIAN_POINT ( 'NONE',  ( -56.81239730767611462, -24.89761982630561121, -3.184701407127283890 ) ) ;
#2450 = CARTESIAN_POINT ( 'NONE',  ( 1.418856112963594374, -7.716735782361043405, -1.201109378196312916 ) ) ;
#2451 = CARTESIAN_POINT ( 'NONE',  ( -12.14150195664972642, -27.69513099669682177, 0.8105390444477073020 ) ) ;
#2452 = ORIENTED_EDGE ( 'NONE', *, *, #1549, .F. ) ;
#2453 = FACE_OUTER_BOUND ( 'NONE', #1870, .T. ) ;
#2454 = CARTESIAN_POINT ( 'NONE',  ( -21.73510199930018416, -30.36919626203789235, -1.609757062459992616 ) ) ;
#2455 = FACE_BOUND ( 'NONE', #2210, .T. ) ;
#2456 = CARTESIAN_POINT ( 'NONE',  ( -23.31723196209597759, -30.68450847370872481, -0.9039111475431238496 ) ) ;
#2457 = EDGE_LOOP ( 'NONE', ( #3946, #233, #553, #1732 ) ) ;
#2458 = CARTESIAN_POINT ( 'NONE',  ( -55.33430034993649116, -21.21479562524304896, -4.178963247101740386 ) ) ;
#2459 = CARTESIAN_POINT ( 'NONE',  ( 49.37933678583724628, -31.51247421659914139, -2.156059819061468819 ) ) ;
#2460 = ORIENTED_EDGE ( 'NONE', *, *, #3559, .F. ) ;
#2461 = CARTESIAN_POINT ( 'NONE',  ( 9.069765063203563571, -8.924293864813204635, -0.3063930546751019168 ) ) ;
#2462 = CARTESIAN_POINT ( 'NONE',  ( 36.19817153943166232, 7.724348755971301550, -1.269812644684281011 ) ) ;
#2463 = CARTESIAN_POINT ( 'NONE',  ( 49.12462831084221193, -31.50711613028843416, -4.139775363860223933 ) ) ;
#2464 = CARTESIAN_POINT ( 'NONE',  ( 22.79436345058470081, -33.62299216816840897, 0.3293906635821423068 ) ) ;
#2465 = EDGE_LOOP ( 'NONE', ( #2784, #2738, #344, #994 ) ) ;
#2466 = AXIS2_PLACEMENT_3D ( 'NONE', #561, #3080, #1177 ) ;
#2467 = CARTESIAN_POINT ( 'NONE',  ( 61.53489223054161528, 3.456508973028091791, -3.912012470123715335 ) ) ;
#2468 = FACE_OUTER_BOUND ( 'NONE', #1273, .T. ) ;
#2469 = ADVANCED_FACE ( 'NONE', ( #3776 ), #2267, .T. ) ;
#2470 = CARTESIAN_POINT ( 'NONE',  ( -39.45688908300871844, -31.05218405767926981, -3.018148720180866107 ) ) ;
#2471 = CARTESIAN_POINT ( 'NONE',  ( 71.56946175102197572, -1.571431512466895164, -14.83288868384772741 ) ) ;
#2472 = CARTESIAN_POINT ( 'NONE',  ( 21.49277936009722723, -30.19262086503581344, 0.4040447864807470424 ) ) ;
#2473 = CARTESIAN_POINT ( 'NONE',  ( -13.11470110733116456, -24.14816087462325456, 0.7784620260375948453 ) ) ;
#2474 = CIRCLE ( 'NONE', #987, 0.2500000000000037192 ) ;
#2475 = ADVANCED_FACE ( 'NONE', ( #1913, #576, #347 ), #1558, .F. ) ;
#2476 = CARTESIAN_POINT ( 'NONE',  ( -49.35372557361297652, 3.000534823733440604, -2.140635226362884502 ) ) ;
#2477 = VERTEX_POINT ( 'NONE', #4114 ) ;
#2478 = CARTESIAN_POINT ( 'NONE',  ( -55.39156058818498707, -21.21479551249508333, -3.783080704666706318 ) ) ;
#2479 = LINE ( 'NONE', #3049, #68 ) ;
#2480 = ADVANCED_FACE ( 'NONE', ( #288 ), #1213, .T. ) ;
#2481 = ORIENTED_EDGE ( 'NONE', *, *, #3405, .F. ) ;
#2482 = FACE_OUTER_BOUND ( 'NONE', #3028, .T. ) ;
#2483 = CARTESIAN_POINT ( 'NONE',  ( 36.04853665823953435, 7.724348755971299774, -2.862905468726401281 ) ) ;
#2484 = CARTESIAN_POINT ( 'NONE',  ( 62.17423663352469987, -9.961888886619691519, -6.043441438079321770 ) ) ;
#2485 = DIRECTION ( 'NONE',  ( -4.625929269271484533E-15, 0.000000000000000000, 1.000000000000000000 ) ) ;
#2486 = ORIENTED_EDGE ( 'NONE', *, *, #1047, .F. ) ;
#2487 = CARTESIAN_POINT ( 'NONE',  ( 11.85995381868513654, 0.03284538247885261664, -0.3816655531563051817 ) ) ;
#2488 = CYLINDRICAL_SURFACE ( 'NONE', #1567, 12.77795947684133182 ) ;
#2489 = CARTESIAN_POINT ( 'NONE',  ( -13.01432915568339332, -24.17328014133338243, -0.4183137799707496440 ) ) ;
#2490 = CARTESIAN_POINT ( 'NONE',  ( -9.361212372183034702, -13.78996542475779030, 0.08677656134942626776 ) ) ;
#2491 = CARTESIAN_POINT ( 'NONE',  ( -6.855962013945100963, -15.50974906871815762, 0.9393834780035458243 ) ) ;
#2492 = CARTESIAN_POINT ( 'NONE',  ( -2.687880112888557565E-15, -31.58816513860072916, -386.7465117133056651 ) ) ;
#2493 = CARTESIAN_POINT ( 'NONE',  ( -25.40901407539111290, -31.08934253910224399, 0.1718610679176921507 ) ) ;
#2494 = VERTEX_POINT ( 'NONE', #899 ) ;
#2495 = CARTESIAN_POINT ( 'NONE',  ( -10.35400005103250720, -18.56206631971965848, -1.138811692849617252 ) ) ;
#2496 = VECTOR ( 'NONE', #2306, 1000.000000000000000 ) ;
#2497 = CARTESIAN_POINT ( 'NONE',  ( 59.76241234656117030, -6.822898171894876462, -3.633197009986754100 ) ) ;
#2498 = DIRECTION ( 'NONE',  ( 0.9959400630484334105, 0.000000000000000000, 0.09001883589051036527 ) ) ;
#2499 = ORIENTED_EDGE ( 'NONE', *, *, #211, .F. ) ;
#2500 = AXIS2_PLACEMENT_3D ( 'NONE', #1543, #3163, #929 ) ;
#2501 = LINE ( 'NONE', #1534, #581 ) ;
#2502 = CARTESIAN_POINT ( 'NONE',  ( 65.01085565456256177, 2.118897876212712639, -5.085721055527066881 ) ) ;
#2503 = CARTESIAN_POINT ( 'NONE',  ( -72.36096723560009991, -2.171431038336605113, -15.23888633471938370 ) ) ;
#2504 = CARTESIAN_POINT ( 'NONE',  ( 58.74000288264477376, -3.262331830609445316, -4.689098720210449933 ) ) ;
#2505 = ORIENTED_EDGE ( 'NONE', *, *, #3520, .F. ) ;
#2506 = CARTESIAN_POINT ( 'NONE',  ( 9.545808712541361984, -4.067225507411682983, -0.3178853749502424386 ) ) ;
#2507 = CARTESIAN_POINT ( 'NONE',  ( 58.05339155755487468, -7.359678565581375231, -15.55687638935399519 ) ) ;
#2508 = ORIENTED_EDGE ( 'NONE', *, *, #26, .F. ) ;
#2509 = EDGE_CURVE ( 'NONE', #2528, #2697, #497, .T. ) ;
#2510 = CARTESIAN_POINT ( 'NONE',  ( -10.38498163763293647, -18.55947972158576320, -0.3395269496878072779 ) ) ;
#2511 = CARTESIAN_POINT ( 'NONE',  ( 53.57647134226386498, 1.794884401686376307, -3.526624921196770845 ) ) ;
#2512 = CARTESIAN_POINT ( 'NONE',  ( -9.545808712541447250, -4.067225507411758478, -0.3178853749501997505 ) ) ;
#2513 = CARTESIAN_POINT ( 'NONE',  ( -10.91202570458027843, -20.05048493523532116, 0.8464470841376363630 ) ) ;
#2514 = CARTESIAN_POINT ( 'NONE',  ( -32.39431754614155778, 7.527193366182288514, -0.1287877006394806678 ) ) ;
#2515 = ORIENTED_EDGE ( 'NONE', *, *, #1851, .F. ) ;
#2516 = CARTESIAN_POINT ( 'NONE',  ( -59.01231554003577884, -20.15437238609419879, -5.539443175351225435 ) ) ;
#2517 = CARTESIAN_POINT ( 'NONE',  ( -48.50210279798924518, -31.81614761215615417, -2.045522794672268496 ) ) ;
#2518 = CARTESIAN_POINT ( 'NONE',  ( -9.561240715019604153, -4.067565977296447421, 0.2152137085812006745 ) ) ;
#2519 = ORIENTED_EDGE ( 'NONE', *, *, #1411, .T. ) ;
#2520 = CARTESIAN_POINT ( 'NONE',  ( 44.12513133375456675, -33.14250702287901618, -3.526086632869319448 ) ) ;
#2521 = APPLICATION_PROTOCOL_DEFINITION ( 'draft international standard', 'automotive_design', 1998, #1556 ) ;
#2522 = CARTESIAN_POINT ( 'NONE',  ( -6.436157084431644471, -12.20299571859283283, 0.9465855202037914973 ) ) ;
#2523 = CARTESIAN_POINT ( 'NONE',  ( 64.43599024684077392, -6.911530525804967517, -4.391427709425277826 ) ) ;
#2524 = ORIENTED_EDGE ( 'NONE', *, *, #2007, .F. ) ;
#2525 = EDGE_CURVE ( 'NONE', #750, #149, #3057, .T. ) ;
#2526 = CARTESIAN_POINT ( 'NONE',  ( 54.24277224150512922, -23.38525610815846534, -2.812860548487907675 ) ) ;
#2527 = VECTOR ( 'NONE', #3734, 999.9999999999998863 ) ;
#2528 = VERTEX_POINT ( 'NONE', #1682 ) ;
#2529 = EDGE_CURVE ( 'NONE', #3158, #1233, #433, .T. ) ;
#2530 = CARTESIAN_POINT ( 'NONE',  ( -17.55351842731657541, -28.42806802323659809, -0.5962985397300958335 ) ) ;
#2531 = CARTESIAN_POINT ( 'NONE',  ( 14.65317058281839913, -29.94356804466415767, 0.7232947865567915802 ) ) ;
#2532 = CARTESIAN_POINT ( 'NONE',  ( -58.63533095805912154, -2.694154827284730658, -3.458940076015526444 ) ) ;
#2533 = DIRECTION ( 'NONE',  ( -0.9999998518342840814, 0.0005443633068965336502, 0.000000000000000000 ) ) ;
#2534 = CARTESIAN_POINT ( 'NONE',  ( -34.60662263383327542, -31.54734438358164539, -0.5460729496157432639 ) ) ;
#2535 = CARTESIAN_POINT ( 'NONE',  ( 59.58424163687720210, -8.744268346357157995, -4.415062714542485445 ) ) ;
#2536 = CARTESIAN_POINT ( 'NONE',  ( -48.50210279798924518, -31.81614761215615417, -2.045522794672268496 ) ) ;
#2537 = B_SPLINE_CURVE_WITH_KNOTS ( 'NONE', 3,
 ( #2341, #2364, #1947, #3622, #2048, #3230, #3328, #2678, #731, #2912, #3307, #33 ),
 .UNSPECIFIED., .F., .F.,
 ( 4, 2, 2, 2, 2, 4 ),
 ( 5.926525733041588541E-13, 0.002232987091156812647, 0.003349480636438895674, 0.004465974181720978702, 0.006698961272285160369, 0.008931948362849342904 ),
 .UNSPECIFIED. ) ;
#2538 = DIRECTION ( 'NONE',  ( 0.04651948195591300989, -2.891852433121680177E-15, 0.9989173828693510560 ) ) ;
#2539 = VERTEX_POINT ( 'NONE', #3004 ) ;
#2540 = CARTESIAN_POINT ( 'NONE',  ( -17.39179183223821568, -31.77283652197676744, -1.391031246643192665 ) ) ;
#2541 = CARTESIAN_POINT ( 'NONE',  ( -13.94368572206943568, 1.154647042940119883, -1.252001421199163467 ) ) ;
#2542 = AXIS2_PLACEMENT_3D ( 'NONE', #3305, #3642, #2971 ) ;
#2543 = CARTESIAN_POINT ( 'NONE',  ( -72.36096723560009991, -2.171431038336605113, -14.26371814922621262 ) ) ;
#2544 = B_SPLINE_CURVE_WITH_KNOTS ( 'NONE', 3,
 ( #682, #1240, #2211, #2546 ),
 .UNSPECIFIED., .F., .F.,
 ( 4, 4 ),
 ( 0.009315831937141928407, 0.01453000447290332675 ),
 .UNSPECIFIED. ) ;
#2545 = ORIENTED_EDGE ( 'NONE', *, *, #2194, .F. ) ;
#2546 = CARTESIAN_POINT ( 'NONE',  ( -9.522598872476157439, -4.066703691913454044, -1.117531654426466625 ) ) ;
#2547 = ADVANCED_FACE ( 'NONE', ( #3317 ), #3221, .T. ) ;
#2548 = CARTESIAN_POINT ( 'NONE',  ( 66.98417885191005894, 1.028568487533104481, -6.860355988447369491 ) ) ;
#2549 = ORIENTED_EDGE ( 'NONE', *, *, #2823, .F. ) ;
#2550 = FACE_OUTER_BOUND ( 'NONE', #2457, .T. ) ;
#2551 = CYLINDRICAL_SURFACE ( 'NONE', #193, 9.858128918148707953 ) ;
#2552 = CARTESIAN_POINT ( 'NONE',  ( -59.76883138623279734, -7.798088857301284982, -3.634198994917872572 ) ) ;
#2553 = CARTESIAN_POINT ( 'NONE',  ( -72.36129385337453357, -1.571431512466895164, -15.23888633471938370 ) ) ;
#2554 = CARTESIAN_POINT ( 'NONE',  ( -52.50668674978268768, 2.162940687080963542, -2.571652550467943055 ) ) ;
#2555 = CARTESIAN_POINT ( 'NONE',  ( 72.36270890600181360, -5.972304474962074394, -15.23888628320016458 ) ) ;
#2556 = CARTESIAN_POINT ( 'NONE',  ( 9.216069766126333107, -6.496517073182407565, 0.8906327476929769560 ) ) ;
#2557 = CARTESIAN_POINT ( 'NONE',  ( 59.16894017270372785, -3.931283741416091715, -3.541082054015266323 ) ) ;
#2558 = B_SPLINE_CURVE_WITH_KNOTS ( 'NONE', 3,
 ( #2683, #1988, #3955, #2053 ),
 .UNSPECIFIED., .F., .F.,
 ( 4, 4 ),
 ( 0.000000000000000000, 1.000000000000000000 ),
 .UNSPECIFIED. ) ;
#2559 = CARTESIAN_POINT ( 'NONE',  ( -48.76237278020614241, -28.49353083875422499, -3.285397449537286629 ) ) ;
#2560 = ORIENTED_EDGE ( 'NONE', *, *, #2262, .F. ) ;
#2561 = ADVANCED_FACE ( 'NONE', ( #1972 ), #2687, .T. ) ;
#2562 = CARTESIAN_POINT ( 'NONE',  ( -72.36270919818217351, 1.028568487533104481, -12.23888633471943699 ) ) ;
#2563 = CARTESIAN_POINT ( 'NONE',  ( 0.000000000000000000, 0.000000000000000000, 0.000000000000000000 ) ) ;
#2564 = CARTESIAN_POINT ( 'NONE',  ( 71.36096738376582493, -2.170886675029708890, -15.23888633471938370 ) ) ;
#2565 = CARTESIAN_POINT ( 'NONE',  ( 14.02000791343456143, 1.142169376749460952, 0.7463472551112251274 ) ) ;
#2566 = CARTESIAN_POINT ( 'NONE',  ( 15.36927640974715104, -26.71354927528160772, -1.306196830713844070 ) ) ;
#2567 = ORIENTED_EDGE ( 'NONE', *, *, #1652, .F. ) ;
#2568 = CARTESIAN_POINT ( 'NONE',  ( 43.61118699262074472, -30.22263418566685544, -1.455111130930478947 ) ) ;
#2569 = ORIENTED_EDGE ( 'NONE', *, *, #3660, .F. ) ;
#2570 = CARTESIAN_POINT ( 'NONE',  ( -74.33232441199881180, -5.972304432543244168, -12.58618263852918950 ) ) ;
#2571 = EDGE_CURVE ( 'NONE', #634, #2014, #1439, .T. ) ;
#2572 = B_SPLINE_CURVE_WITH_KNOTS ( 'NONE', 3,
 ( #636, #1859, #3724, #3141, #2110, #541, #1458, #4099, #1219, #253, #1541, #841, #3101, #2153, #1479, #2740, #960, #1933, #1840, #216 ),
 .UNSPECIFIED., .F., .F.,
 ( 4, 2, 2, 2, 2, 2, 2, 2, 2, 4 ),
 ( 3.021597944869744857E-13, 0.003361158010896889668, 0.006722316021491619997, 0.01008347403208634946, 0.01344463204268107892, 0.01680579005327580838, 0.01848636905857317311, 0.02016694806387053437, 0.02352810607446526037, 0.02688926408505998983 ),
 .UNSPECIFIED. ) ;
#2573 = CARTESIAN_POINT ( 'NONE',  ( -13.41716580387607749, 0.9646081557226207082, -0.03226310797404214475 ) ) ;
#2574 = CARTESIAN_POINT ( 'NONE',  ( 8.579603073843481198, -9.968064906625611954, -1.296393191508856013 ) ) ;
#2575 = ORIENTED_EDGE ( 'NONE', *, *, #650, .T. ) ;
#2576 = CARTESIAN_POINT ( 'NONE',  ( -9.124605069403042279, -10.88101692248807240, -1.107933662158272048 ) ) ;
#2577 = FACE_OUTER_BOUND ( 'NONE', #3372, .T. ) ;
#2578 = CARTESIAN_POINT ( 'NONE',  ( -50.12460538285044720, -27.74486028184681885, -3.058542987424528903 ) ) ;
#2579 = VERTEX_POINT ( 'NONE', #1268 ) ;
#2580 = FACE_OUTER_BOUND ( 'NONE', #151, .T. ) ;
#2581 = CARTESIAN_POINT ( 'NONE',  ( -31.43907451809384312, -31.62516646220151628, -1.073901184539798104 ) ) ;
#2582 =( NAMED_UNIT ( * ) PLANE_ANGLE_UNIT ( ) SI_UNIT ( $, .RADIAN. ) );
#2583 = CARTESIAN_POINT ( 'NONE',  ( 52.34605302607611321, 2.169978146757339577, -3.760746376895274246 ) ) ;
#2584 = CARTESIAN_POINT ( 'NONE',  ( 9.907914078261642388, -2.613529688645412907, -1.127243695033943505 ) ) ;
#2585 = ORIENTED_EDGE ( 'NONE', *, *, #1917, .T. ) ;
#2586 = CARTESIAN_POINT ( 'NONE',  ( 48.50194627490331811, -31.81570602321563612, -2.045510759679171287 ) ) ;
#2587 = ORIENTED_EDGE ( 'NONE', *, *, #449, .F. ) ;
#2588 = B_SPLINE_CURVE_WITH_KNOTS ( 'NONE', 3,
 ( #1331, #741, #721, #1015, #2959, #2895 ),
 .UNSPECIFIED., .F., .F.,
 ( 4, 2, 4 ),
 ( 0.000000000000000000, 0.5000000000000000000, 1.000000000000000000 ),
 .UNSPECIFIED. ) ;
#2589 = CARTESIAN_POINT ( 'NONE',  ( -54.07861530701788411, -23.38744780005218971, -4.001545601143241981 ) ) ;
#2590 = EDGE_CURVE ( 'NONE', #56, #76, #3187, .T. ) ;
#2591 = CARTESIAN_POINT ( 'NONE',  ( 52.40022094785527429, 2.169978146757343573, -3.364431052626737362 ) ) ;
#2592 = EDGE_CURVE ( 'NONE', #1084, #2371, #923, .T. ) ;
#2593 = CARTESIAN_POINT ( 'NONE',  ( -17.03151049186989141, 4.614245537124638474, -1.552620489631790335 ) ) ;
#2594 = ORIENTED_EDGE ( 'NONE', *, *, #1915, .T. ) ;
#2595 = CARTESIAN_POINT ( 'NONE',  ( 39.55524771667405304, -31.05452893542556581, -1.821839013060722268 ) ) ;
#2596 = CARTESIAN_POINT ( 'NONE',  ( -59.55755557537732869, -6.254336259651071650, -4.815729887885051852 ) ) ;
#2597 = DIRECTION ( 'NONE',  ( -0.000000000000000000, -1.000000000000000000, 0.000000000000000000 ) ) ;
#2598 = CARTESIAN_POINT ( 'NONE',  ( 48.21901846232700706, -28.74253036900299207, -2.009207293610789868 ) ) ;
#2599 = EDGE_CURVE ( 'NONE', #1217, #375, #1199, .T. ) ;
#2600 = EDGE_LOOP ( 'NONE', ( #4008, #4112, #1654, #2055 ) ) ;
#2601 = CARTESIAN_POINT ( 'NONE',  ( -43.49611967966471582, -30.22243126600640295, -2.649775304562418388 ) ) ;
#2602 = CARTESIAN_POINT ( 'NONE',  ( 5.102869902379304712, -9.924324219780052303, 0.9665509515166366139 ) ) ;
#2603 = CARTESIAN_POINT ( 'NONE',  ( 63.40674836763546551, -7.884987674806403390, -4.219348183156144572 ) ) ;
#2604 = CARTESIAN_POINT ( 'NONE',  ( -62.73853938423640386, 3.042017152602667807, -4.101820273937096140 ) ) ;
#2605 = EDGE_CURVE ( 'NONE', #582, #1729, #3330, .T. ) ;
#2606 = B_SPLINE_CURVE_WITH_KNOTS ( 'NONE', 3,
 ( #1518, #2758, #2802, #1192, #3076, #2484 ),
 .UNSPECIFIED., .F., .F.,
 ( 4, 2, 4 ),
 ( 3.963768580833609852E-13, 0.007998539085046966687, 0.01599707816969754906 ),
 .UNSPECIFIED. ) ;
#2607 = COLOUR_RGB ( '',0.2509803921568627416, 0.2509803921568627416, 0.2509803921568627416 ) ;
#2608 = CARTESIAN_POINT ( 'NONE',  ( 18.24475817521745924, 4.845983896549649117, 0.5779614139157895902 ) ) ;
#2609 = VERTEX_POINT ( 'NONE', #2221 ) ;
#2610 = CARTESIAN_POINT ( 'NONE',  ( -62.48310918642960843, -8.870769884119603432, -6.094018378287395343 ) ) ;
#2611 = ORIENTED_EDGE ( 'NONE', *, *, #4011, .F. ) ;
#2612 = CARTESIAN_POINT ( 'NONE',  ( 48.76237278020595056, -28.49353083875386972, -3.285397449537291070 ) ) ;
#2613 = FACE_OUTER_BOUND ( 'NONE', #2022, .T. ) ;
#2614 = CARTESIAN_POINT ( 'NONE',  ( 47.36256316717131654, -28.99203072184941732, -3.112580304781176199 ) ) ;
#2615 = ORIENTED_EDGE ( 'NONE', *, *, #3421, .T. ) ;
#2616 =( LENGTH_UNIT ( ) NAMED_UNIT ( * ) SI_UNIT ( .MILLI., .METRE. ) );
#2617 = CARTESIAN_POINT ( 'NONE',  ( -56.61206125769125208, -0.2282836251278402007, -4.367828324851220856 ) ) ;
#2618 = CARTESIAN_POINT ( 'NONE',  ( 49.86105483987116571, -27.88008296238610839, -2.219090022261253736 ) ) ;
#2619 = ORIENTED_EDGE ( 'NONE', *, *, #1838, .T. ) ;
#2620 =( NAMED_UNIT ( * ) SI_UNIT ( $, .STERADIAN. ) SOLID_ANGLE_UNIT ( ) );
#2621 = CARTESIAN_POINT ( 'NONE',  ( 71.56913536789227237, -2.170999994058727456, -14.83288868384772563 ) ) ;
#2622 = CARTESIAN_POINT ( 'NONE',  ( 3.573128384247423739, -8.660425663601230895, 0.9835798144623776329 ) ) ;
#2623 = ADVANCED_FACE ( 'NONE', ( #889, #3168 ), #3502, .F. ) ;
#2624 = CARTESIAN_POINT ( 'NONE',  ( -58.80078729139432880, -3.262331830609334293, -4.293744058695213361 ) ) ;
#2625 = CARTESIAN_POINT ( 'NONE',  ( -36.94615531141555920, 7.605234688939146004, -0.7621438001829843323 ) ) ;
#2626 = CARTESIAN_POINT ( 'NONE',  ( -67.26504051868967338, 1.027701400671258147, -5.267510323812497397 ) ) ;
#2627 = CARTESIAN_POINT ( 'NONE',  ( -72.36096723560009991, -2.171431038336605113, -15.23888633471938370 ) ) ;
#2628 = ORIENTED_EDGE ( 'NONE', *, *, #2882, .T. ) ;
#2629 = CARTESIAN_POINT ( 'NONE',  ( 24.94681141276824476, -34.05643614273205344, 0.2026568408159464540 ) ) ;
#2630 = AXIS2_PLACEMENT_3D ( 'NONE', #2226, #3813, #3464 ) ;
#2631 = ORIENTED_EDGE ( 'NONE', *, *, #1091, .F. ) ;
#2632 = CARTESIAN_POINT ( 'NONE',  ( 52.35785589792356376, -25.83769692428422360, -3.760624728254338134 ) ) ;
#2633 = CARTESIAN_POINT ( 'NONE',  ( 6.829398364620291595, -14.37197475349328002, 0.9395797310053517482 ) ) ;
#2634 = VECTOR ( 'NONE', #2017, 1000.000000000000114 ) ;
#2635 = CARTESIAN_POINT ( 'NONE',  ( -79.13345806925219961, -6.144661151139389155, -9.205100490734151819 ) ) ;
#2636 = FACE_OUTER_BOUND ( 'NONE', #3599, .T. ) ;
#2637 = LINE ( 'NONE', #1033, #176 ) ;
#2638 = LINE ( 'NONE', #737, #419 ) ;
#2639 = CARTESIAN_POINT ( 'NONE',  ( 9.191549538031846822, -6.478469379840291253, 0.09098778876178743868 ) ) ;
#2640 = ORIENTED_EDGE ( 'NONE', *, *, #2653, .T. ) ;
#2641 = PRESENTATION_STYLE_ASSIGNMENT (( #2352 ) ) ;
#2642 = CARTESIAN_POINT ( 'NONE',  ( -33.43980472194847664, -31.62001486570551023, -1.643736370125486124 ) ) ;
#2643 = PRESENTATION_STYLE_ASSIGNMENT (( #79 ) ) ;
#2644 = CARTESIAN_POINT ( 'NONE',  ( 13.94373341695030710, 1.154498292037051899, -1.252010064568245040 ) ) ;
#2645 = CARTESIAN_POINT ( 'NONE',  ( 29.91147918529572536, 4.341839787007422125, -0.9440296233653332481 ) ) ;
#2646 = CARTESIAN_POINT ( 'NONE',  ( -2.170214062870229998, -8.009589053353188604, -1.006047187296289502 ) ) ;
#2647 = AXIS2_PLACEMENT_3D ( 'NONE', #2563, #575, #1578 ) ;
#2648 = B_SPLINE_CURVE_WITH_KNOTS ( 'NONE', 1,
 ( #1437, #2092 ),
 .UNSPECIFIED., .F., .F.,
 ( 2, 2 ),
 ( 0.000000000000000000, 1.000000000000000000 ),
 .UNSPECIFIED. ) ;
#2649 = CARTESIAN_POINT ( 'NONE',  ( -9.584192467710613172, -10.82513488819481040, 0.2813487651392037048 ) ) ;
#2650 = VERTEX_POINT ( 'NONE', #3439 ) ;
#2651 = CARTESIAN_POINT ( 'NONE',  ( -67.26504051868967338, 1.027701400671258147, -5.267510323812497397 ) ) ;
#2652 = EDGE_CURVE ( 'NONE', #178, #3638, #227, .T. ) ;
#2653 = EDGE_CURVE ( 'NONE', #693, #178, #3582, .T. ) ;
#2654 = ORIENTED_EDGE ( 'NONE', *, *, #885, .F. ) ;
#2655 = DIRECTION ( 'NONE',  ( 0.9999998518342840814, 0.0005443633068965336502, 0.000000000000000000 ) ) ;
#2656 = ADVANCED_FACE ( 'NONE', ( #2613 ), #3623, .T. ) ;
#2657 = CARTESIAN_POINT ( 'NONE',  ( 52.34605302607611321, 2.169978146757339577, -3.760746376895274246 ) ) ;
#2658 = CARTESIAN_POINT ( 'NONE',  ( -8.769921363075528831, 1.295913291444664717, 0.9007668078101489506 ) ) ;
#2659 = CARTESIAN_POINT ( 'NONE',  ( 56.61206125769154340, -0.2282836251278638207, -4.367828324851108945 ) ) ;
#2660 = CARTESIAN_POINT ( 'NONE',  ( 43.54123288058977437, -30.22242806060027931, -2.252321491195297565 ) ) ;
#2661 = CARTESIAN_POINT ( 'NONE',  ( -54.66818113438648652, 1.301886109526658064, -4.084005447966251090 ) ) ;
#2662 = CARTESIAN_POINT ( 'NONE',  ( -56.62474125490074783, -24.90217115134348802, -4.504685347452968891 ) ) ;
#2663 = ORIENTED_EDGE ( 'NONE', *, *, #2225, .T. ) ;
#2664 = CARTESIAN_POINT ( 'NONE',  ( -48.25490760331916817, -31.82461956704189632, -4.030061489257390939 ) ) ;
#2665 = CARTESIAN_POINT ( 'NONE',  ( -36.41469686049082100, 4.514565794610088112, -1.503437403067620526 ) ) ;
#2666 = CARTESIAN_POINT ( 'NONE',  ( -71.63591906163591716, 1.027496301198058903, -5.094182362657604379 ) ) ;
#2667 = CARTESIAN_POINT ( 'NONE',  ( 23.34136073444847170, -30.68450847370868217, -0.5046395578391336123 ) ) ;
#2668 = CARTESIAN_POINT ( 'NONE',  ( 49.27365274236686332, 3.005163129902671759, -2.937095313580742939 ) ) ;
#2669 = ORIENTED_EDGE ( 'NONE', *, *, #483, .T. ) ;
#2670 = CARTESIAN_POINT ( 'NONE',  ( -56.47209173804431259, -18.93989740837525559, -3.941968101438449334 ) ) ;
#2671 = CARTESIAN_POINT ( 'NONE',  ( 23.26861726477444847, -30.68629387014524568, -1.702411614934511652 ) ) ;
#2672 = ORIENTED_EDGE ( 'NONE', *, *, #662, .F. ) ;
#2673 = CARTESIAN_POINT ( 'NONE',  ( -36.37705372816304816, 4.514565794610088112, -1.901676500874116327 ) ) ;
#2674 = EDGE_LOOP ( 'NONE', ( #2569, #2844 ) ) ;
#2675 = AXIS2_PLACEMENT_3D ( 'NONE', #2727, #512, #530 ) ;
#2676 = EDGE_CURVE ( 'NONE', #3754, #891, #646, .T. ) ;
#2677 = CARTESIAN_POINT ( 'NONE',  ( -54.07861530701788411, -23.38744780005218971, -4.001545601143241981 ) ) ;
#2678 = CARTESIAN_POINT ( 'NONE',  ( -50.53340621496302276, -27.27401783667064095, -4.323861643550595879 ) ) ;
#2679 = CARTESIAN_POINT ( 'NONE',  ( -0.4760115647701144703, -7.584668243112911767, -1.198732305125893571 ) ) ;
#2680 = CARTESIAN_POINT ( 'NONE',  ( 53.33168120624100084, -24.67983492730165551, -3.896010198753180109 ) ) ;
#2681 = CARTESIAN_POINT ( 'NONE',  ( 14.00156020576243421, -25.39492041076884021, -0.4519966034493404505 ) ) ;
#2682 = CARTESIAN_POINT ( 'NONE',  ( -13.99576524820846579, 1.142623794592844133, 0.08012877220059562433 ) ) ;
#2683 = CARTESIAN_POINT ( 'NONE',  ( 52.23898935287444800, 2.174796628552852162, -4.553470942937517307 ) ) ;
#2684 = CARTESIAN_POINT ( 'NONE',  ( -59.39826745182362089, -9.353953579702766419, -4.790949453183090512 ) ) ;
#2685 = ORIENTED_EDGE ( 'NONE', *, *, #3911, .F. ) ;
#2686 = CARTESIAN_POINT ( 'NONE',  ( -27.36432937173046653, -31.35972682035337300, -0.7633885114449141529 ) ) ;
#2687 = CYLINDRICAL_SURFACE ( 'NONE', #166, 386.9465117133056538 ) ;
#2688 = B_SPLINE_SURFACE_WITH_KNOTS ( 'NONE', 1, 3, ( 
 ( #3143, #3045, #2490, #3691, #139, #472 ),
 ( #3671, #2098, #3763, #887, #909, #1423 ) ),
 .UNSPECIFIED., .F., .F., .F.,
 ( 2, 2 ),
 ( 4, 2, 4 ),
 ( 0.000000000000000000, 1.000000000000000000 ),
 ( 0.000000000000000000, 0.5000000000000000000, 1.000000000000000000 ),
 .UNSPECIFIED. ) ;
#2689 = FACE_OUTER_BOUND ( 'NONE', #3099, .T. ) ;
#2690 = CARTESIAN_POINT ( 'NONE',  ( 7.673819401444332833, 0.04612231514301407681, -45.48531776382458247 ) ) ;
#2691 = EDGE_CURVE ( 'NONE', #2946, #4042, #871, .T. ) ;
#2692 = ORIENTED_EDGE ( 'NONE', *, *, #1908, .T. ) ;
#2693 = CARTESIAN_POINT ( 'NONE',  ( 6.546532882465414538, -12.62190954380475638, -1.055544345742193801 ) ) ;
#2694 = CARTESIAN_POINT ( 'NONE',  ( -10.42665669773803216, -18.55691319536747841, 0.8596157923531517753 ) ) ;
#2695 = VERTEX_POINT ( 'NONE', #3906 ) ;
#2696 = CARTESIAN_POINT ( 'NONE',  ( 10.86571740275682529, -1.051709655910660679, 0.8477751154876348449 ) ) ;
#2697 = VERTEX_POINT ( 'NONE', #2633 ) ;
#2698 = CARTESIAN_POINT ( 'NONE',  ( -47.36256316717078363, -28.99203072184976193, -3.112580304781065177 ) ) ;
#2699 = AXIS2_PLACEMENT_3D ( 'NONE', #2227, #2855, #2892 ) ;
#2700 = CARTESIAN_POINT ( 'NONE',  ( -6.613467037044785890, -15.86227131820228387, -1.256757417693866952 ) ) ;
#2701 = EDGE_CURVE ( 'NONE', #2283, #1089, #2276, .T. ) ;
#2702 = LINE ( 'NONE', #445, #848 ) ;
#2703 = CARTESIAN_POINT ( 'NONE',  ( 57.44524091399217269, -1.144761270703996470, -4.492110087126247819 ) ) ;
#2704 = CARTESIAN_POINT ( 'NONE',  ( 14.62061162378559587, -25.92411714848417859, 0.7246684234479803255 ) ) ;
#2705 = CARTESIAN_POINT ( 'NONE',  ( -10.55182528410565190, -19.32107492865200626, -1.144290800959531174 ) ) ;
#2706 = ADVANCED_FACE ( 'NONE', ( #970 ), #2121, .T. ) ;
#2707 = DIRECTION ( 'NONE',  ( -1.000000000000000000, -4.615198660203559618E-17, 0.000000000000000000 ) ) ;
#2708 = CARTESIAN_POINT ( 'NONE',  ( 11.42074005368351486, -21.50432438321031370, 0.03225826182355339550 ) ) ;
#2709 = CARTESIAN_POINT ( 'NONE',  ( 39.56707596146878814, 4.368240959888996855, -3.021214890006648446 ) ) ;
#2710 = CARTESIAN_POINT ( 'NONE',  ( -66.76427331543379751, -5.971484403700700661, -4.790726100012932420 ) ) ;
#2711 = CARTESIAN_POINT ( 'NONE',  ( 31.40664536589164868, -31.62509332549633001, -1.472589682921640275 ) ) ;
#2712 = CARTESIAN_POINT ( 'NONE',  ( 57.14832549842019915, -0.9297367687809316994, -5.256608014769766690 ) ) ;
#2713 = ORIENTED_EDGE ( 'NONE', *, *, #2843, .T. ) ;
#2714 = CARTESIAN_POINT ( 'NONE',  ( -66.98417885191005894, 1.028568487533104481, -6.860355988447369491 ) ) ;
#2715 = CARTESIAN_POINT ( 'NONE',  ( 8.301729133030601560, 1.164669439050466604, 1.123514075218147168 ) ) ;
#2716 = CARTESIAN_POINT ( 'NONE',  ( 64.09701381042224000, -6.915413892271932816, -6.362503679418269442 ) ) ;
#2717 = VERTEX_POINT ( 'NONE', #3726 ) ;
#2718 = AXIS2_PLACEMENT_3D ( 'NONE', #1235, #4093, #3175 ) ;
#2719 = DIRECTION ( 'NONE',  ( -0.0005443633068965336502, 0.9999998518342840814, -2.518186154490093769E-18 ) ) ;
#2720 = ADVANCED_FACE ( 'NONE', ( #843 ), #3705, .F. ) ;
#2721 = CARTESIAN_POINT ( 'NONE',  ( -6.627189826562772446, -15.86227131820228387, -0.4568751880089281792 ) ) ;
#2722 = B_SPLINE_CURVE_WITH_KNOTS ( 'NONE', 3,
 ( #4010, #3413, #235, #3393 ),
 .UNSPECIFIED., .F., .F.,
 ( 4, 4 ),
 ( 0.000000000000000000, 0.002002420440898614474 ),
 .UNSPECIFIED. ) ;
#2723 = DIRECTION ( 'NONE',  ( 4.625929269271484533E-15, 0.000000000000000000, 1.000000000000000000 ) ) ;
#2724 = FACE_OUTER_BOUND ( 'NONE', #1362, .T. ) ;
#2725 = CARTESIAN_POINT ( 'NONE',  ( -61.93832368015939949, -12.60487577800496517, -3.978566081452457937 ) ) ;
#2726 = ADVANCED_FACE ( 'NONE', ( #2387 ), #3646, .F. ) ;
#2727 = CARTESIAN_POINT ( 'NONE',  ( -68.18908041087082950, -10.97228249791134047, 0.2268699066322304447 ) ) ;
#2728 = CARTESIAN_POINT ( 'NONE',  ( 52.50651980417335096, 2.162313714343155002, -2.571643726370622218 ) ) ;
#2729 = CARTESIAN_POINT ( 'NONE',  ( -57.70728047118461035, -1.645767081939027321, -5.340759452050359180 ) ) ;
#2730 = DIRECTION ( 'NONE',  ( -1.966246612733025158E-08, -0.9999999999999997780, 0.000000000000000000 ) ) ;
#2731 = CARTESIAN_POINT ( 'NONE',  ( -59.65146027555493191, -8.122629294146728185, -4.425564227915320004 ) ) ;
#2732 = CARTESIAN_POINT ( 'NONE',  ( 58.46054422001488859, -2.945671425205006244, -5.455609131560359870 ) ) ;
#2733 = VERTEX_POINT ( 'NONE', #755 ) ;
#2734 = CARTESIAN_POINT ( 'NONE',  ( -14.59172192613727148, 3.666715405361393287, -1.274222812831302454 ) ) ;
#2735 = CARTESIAN_POINT ( 'NONE',  ( -3.683378089834268287, -5.769959496445904001, -0.3972028020317934227 ) ) ;
#2736 = FILL_AREA_STYLE ('',( #4071 ) ) ;
#2737 = CARTESIAN_POINT ( 'NONE',  ( 64.81499252157725266, -6.477527333163227041, -6.484169490126333812 ) ) ;
#2738 = ORIENTED_EDGE ( 'NONE', *, *, #3042, .F. ) ;
#2739 = CARTESIAN_POINT ( 'NONE',  ( -56.66967970813451672, -0.2272523163447418837, -3.971997243437812131 ) ) ;
#2740 = CARTESIAN_POINT ( 'NONE',  ( 17.39582566022577126, -31.77448547769210663, -1.391214781482967622 ) ) ;
#2741 = B_SPLINE_CURVE_WITH_KNOTS ( 'NONE', 3,
 ( #999, #3613, #2921, #1335, #3276, #3571 ),
 .UNSPECIFIED., .F., .F.,
 ( 4, 2, 4 ),
 ( 1.320728012814550606E-11, 0.007513391787505187269, 0.01502678356180309552 ),
 .UNSPECIFIED. ) ;
#2742 = CARTESIAN_POINT ( 'NONE',  ( -6.837790820042945583, -14.93827723285031794, -0.4604969970285924252 ) ) ;
#2743 = PRESENTATION_LAYER_ASSIGNMENT (  '', '', ( #3615 ) ) ;
#2744 =( LENGTH_UNIT ( ) NAMED_UNIT ( * ) SI_UNIT ( .MILLI., .METRE. ) );
#2745 = VERTEX_POINT ( 'NONE', #3081 ) ;
#2746 = DIRECTION ( 'NONE',  ( 0.000000000000000000, 0.000000000000000000, 1.000000000000000000 ) ) ;
#2747 = CARTESIAN_POINT ( 'NONE',  ( -61.19324217710938996, -15.17198164499940916, -3.857942959131193117 ) ) ;
#2748 = B_SPLINE_CURVE_WITH_KNOTS ( 'NONE', 3,
 ( #3100, #906, #2785, #3121 ),
 .UNSPECIFIED., .F., .F.,
 ( 4, 4 ),
 ( 0.000000000000000000, 1.000000000000000000 ),
 .UNSPECIFIED. ) ;
#2749 = PLANE ( 'NONE',  #1831 ) ;
#2750 = CARTESIAN_POINT ( 'NONE',  ( 56.66954377264635667, -0.2270470317073499111, -3.971976966477088755 ) ) ;
#2751 = CARTESIAN_POINT ( 'NONE',  ( -59.44448339519271940, -6.247957522460300339, -5.607775291276642093 ) ) ;
#2752 = ORIENTED_EDGE ( 'NONE', *, *, #196, .T. ) ;
#2753 = FACE_OUTER_BOUND ( 'NONE', #1405, .T. ) ;
#2754 = CARTESIAN_POINT ( 'NONE',  ( 54.70783361461154470, 1.138415407318599248, -4.898868427781947865 ) ) ;
#2755 = VERTEX_POINT ( 'NONE', #1716 ) ;
#2756 = CARTESIAN_POINT ( 'NONE',  ( -67.33147515126222515, -5.972304965155426970, -4.890740773849204359 ) ) ;
#2757 = CARTESIAN_POINT ( 'NONE',  ( 84.88837629756407921, -11.25322035869499793, -10.22043468968944602 ) ) ;
#2758 = CARTESIAN_POINT ( 'NONE',  ( 57.87181811730018666, -22.56736513006991274, -5.363397006819679902 ) ) ;
#2759 = EDGE_CURVE ( 'NONE', #3737, #460, #3092, .T. ) ;
#2760 = PRESENTATION_LAYER_ASSIGNMENT (  '', '', ( #2220 ) ) ;
#2761 = CARTESIAN_POINT ( 'NONE',  ( -9.188325095021259159, -9.321047096406250176, 0.8911180748573270805 ) ) ;
#2762 = B_SPLINE_SURFACE_WITH_KNOTS ( 'NONE', 1, 3, ( 
 ( #2085, #88, #1734, #2382, #3944, #2336, #3661, #2044, #3619, #749 ),
 ( #107, #1387, #1065, #728, #418, #2673, #2360, #1453, #1088, #1409 ) ),
 .UNSPECIFIED., .F., .F., .F.,
 ( 2, 2 ),
 ( 4, 2, 2, 2, 4 ),
 ( 0.000000000000000000, 1.000000000000000000 ),
 ( 0.000000000000000000, 0.2500000000000000000, 0.5000000000000000000, 0.7500000000000000000, 1.000000000000000000 ),
 .UNSPECIFIED. ) ;
#2763 = B_SPLINE_CURVE_WITH_KNOTS ( 'NONE', 1,
 ( #2651, #1045 ),
 .UNSPECIFIED., .F., .F.,
 ( 2, 2 ),
 ( 0.1912908852619747968, 1.000000000000000000 ),
 .UNSPECIFIED. ) ;
#2764 = EDGE_LOOP ( 'NONE', ( #1850, #3641, #1511, #3196 ) ) ;
#2765 = CARTESIAN_POINT ( 'NONE',  ( 62.71335959531941739, 3.015640344973764986, -4.103352390038341291 ) ) ;
#2766 = CYLINDRICAL_SURFACE ( 'NONE', #2999, 387.7465117133056651 ) ;
#2767 = CARTESIAN_POINT ( 'NONE',  ( 5.935579782927159265, -10.97173934209919466, -0.4452110599990685147 ) ) ;
#2768 = CARTESIAN_POINT ( 'NONE',  ( -55.57598794521815222, 0.7501859441808588214, -3.003459814595511368 ) ) ;
#2769 = ORIENTED_EDGE ( 'NONE', *, *, #2129, .F. ) ;
#2770 = CARTESIAN_POINT ( 'NONE',  ( 10.63004018292715180, -1.286090014303280293, -0.3459950240592418180 ) ) ;
#2771 = CARTESIAN_POINT ( 'NONE',  ( -11.77843388306839856, -22.18553128761165993, -1.179657305691415026 ) ) ;
#2772 = CARTESIAN_POINT ( 'NONE',  ( -23.34136073444840065, -30.68450847370868928, -0.5046395578391337233 ) ) ;
#2773 = CARTESIAN_POINT ( 'NONE',  ( -53.41455923136585682, 1.790880759819346579, -4.715665804754937795 ) ) ;
#2774 = ORIENTED_EDGE ( 'NONE', *, *, #3832, .F. ) ;
#2775 = CARTESIAN_POINT ( 'NONE',  ( -65.14299709554634887, -6.452445675658335489, -4.510928043940057641 ) ) ;
#2776 = CARTESIAN_POINT ( 'NONE',  ( 56.00640005381502107, 0.2110309338369010523, -5.087224781757774039 ) ) ;
#2777 = ORIENTED_EDGE ( 'NONE', *, *, #1106, .T. ) ;
#2778 = EDGE_CURVE ( 'NONE', #246, #1969, #1531, .T. ) ;
#2779 = CARTESIAN_POINT ( 'NONE',  ( 10.38498163763319937, -18.55947972158660519, -0.3395269496878497439 ) ) ;
#2780 =( NAMED_UNIT ( * ) SI_UNIT ( $, .STERADIAN. ) SOLID_ANGLE_UNIT ( ) );
#2781 = DIRECTION ( 'NONE',  ( -0.1736481776669313304, -2.120941530072250246E-08, -0.9848077530122075762 ) ) ;
#2782 = CIRCLE ( 'NONE', #1017, 5.378530054091751111 ) ;
#2783 = CARTESIAN_POINT ( 'NONE',  ( -17.07612626701287795, 2.149878705145030988, -0.5648903995622239771 ) ) ;
#2784 = ORIENTED_EDGE ( 'NONE', *, *, #318, .F. ) ;
#2785 = CARTESIAN_POINT ( 'NONE',  ( 48.33662834745044279, -31.81986073120805614, -3.368477932777691919 ) ) ;
#2786 = EDGE_CURVE ( 'NONE', #171, #3062, #423, .T. ) ;
#2787 = CARTESIAN_POINT ( 'NONE',  ( -71.86096730968294821, -2.171158856683157001, -15.23888633471938370 ) ) ;
#2788 = CARTESIAN_POINT ( 'NONE',  ( -9.069765063203622191, -8.924293864812392840, -0.3063930546747388739 ) ) ;
#2789 = ORIENTED_EDGE ( 'NONE', *, *, #3161, .F. ) ;
#2790 = CARTESIAN_POINT ( 'NONE',  ( 59.77320851352405384, -7.359678565581387666, -3.634881910926155868 ) ) ;
#2791 = CARTESIAN_POINT ( 'NONE',  ( 54.15334046716863980, -23.38751313937437715, -3.473473100381543333 ) ) ;
#2792 = ADVANCED_FACE ( 'NONE', ( #3784 ), #2827, .F. ) ;
#2793 = CARTESIAN_POINT ( 'NONE',  ( -71.43618241015013837, -1.571431512466895164, -14.92869014664854355 ) ) ;
#2794 =( BOUNDED_CURVE ( )  B_SPLINE_CURVE ( 3, ( #2301, #3585, #1370, #3229 ),
 .UNSPECIFIED., .F., .T. ) 
 B_SPLINE_CURVE_WITH_KNOTS ( ( 4, 4 ),
 ( -2.664535259100375697E-15, 3.141592653589790896 ),
 .UNSPECIFIED. ) 
 CURVE ( )  GEOMETRIC_REPRESENTATION_ITEM ( )  RATIONAL_B_SPLINE_CURVE ( ( 1.000000000000000000, 0.3333333333333332038, 0.3333333333333332038, 1.000000000000000000 ) ) 
 REPRESENTATION_ITEM ( '' )  );
#2795 = CARTESIAN_POINT ( 'NONE',  ( -59.28153533113967200, -9.355247069915128222, -5.582328043439863663 ) ) ;
#2796 = ORIENTED_EDGE ( 'NONE', *, *, #2073, .T. ) ;
#2797 = LINE ( 'NONE', #4065, #4134 ) ;
#2798 = DIRECTION ( 'NONE',  ( 0.9994902114390862291, 0.000000000000000000, -0.03192674799365950028 ) ) ;
#2799 = ORIENTED_EDGE ( 'NONE', *, *, #1319, .F. ) ;
#2800 = DIRECTION ( 'NONE',  ( 0.000000000000000000, 0.000000000000000000, -1.000000000000000000 ) ) ;
#2801 = CARTESIAN_POINT ( 'NONE',  ( -7.588091929206638220, -9.139892380292334195, -1.277839042694984606 ) ) ;
#2802 = CARTESIAN_POINT ( 'NONE',  ( 59.01275834217909022, -20.15456996788645938, -5.539511666801739231 ) ) ;
#2803 = CARTESIAN_POINT ( 'NONE',  ( 59.52264734376945654, -8.744268348890896547, -4.810291964501657525 ) ) ;
#2804 = EDGE_LOOP ( 'NONE', ( #2832, #1302, #1471, #4015, #2359 ) ) ;
#2805 = B_SPLINE_CURVE_WITH_KNOTS ( 'NONE', 3,
 ( #3072, #2459, #3735, #1428, #3981, #3404, #808, #856, #2145, #1105, #2397, #3425 ),
 .UNSPECIFIED., .F., .F.,
 ( 4, 2, 2, 2, 2, 4 ),
 ( 2.399241184700376382E-13, 0.002764683809365981338, 0.004147025713928998748, 0.005529367618492016592, 0.008294051427618034933, 0.01105873523674405154 ),
 .UNSPECIFIED. ) ;
#2806 = CARTESIAN_POINT ( 'NONE',  ( 10.30522338006368166, -1.798140565481151310, -0.3373105380873532844 ) ) ;
#2807 = CARTESIAN_POINT ( 'NONE',  ( 67.15821575622180717, -5.972304453705173266, -5.873343657081524505 ) ) ;
#2808 = CARTESIAN_POINT ( 'NONE',  ( 58.89560150384911452, -11.81794271619483183, -4.712779414730564831 ) ) ;
#2809 = CARTESIAN_POINT ( 'NONE',  ( -8.952127588284877646, -23.06285081206775089, 0.8967182186142208522 ) ) ;
#2810 = B_SPLINE_CURVE_WITH_KNOTS ( 'NONE', 3,
 ( #394, #130, #3325, #2403, #441, #772, #3011, #2696, #3371, #3967, #482, #1363, #2065, #3347, #461, #2023 ),
 .UNSPECIFIED., .F., .F.,
 ( 4, 2, 2, 2, 2, 2, 2, 4 ),
 ( 5.540602477926830321E-14, 0.001793784780190117245, 0.002690677170257472876, 0.003587569560324828724, 0.004484461950392184572, 0.005381354340459539552, 0.006278246730526895400, 0.007175139120594251248 ),
 .UNSPECIFIED. ) ;
#2811 = DIRECTION ( 'NONE',  ( 0.0005443633068965336502, 0.9999998518342840814, -2.518186154490093769E-18 ) ) ;
#2812 = AXIS2_PLACEMENT_3D ( 'NONE', #2858, #2819, #2189 ) ;
#2813 = CARTESIAN_POINT ( 'NONE',  ( -46.16560736980736124, 3.611281262520664281, -1.744402205650616988 ) ) ;
#2814 = ORIENTED_EDGE ( 'NONE', *, *, #2786, .T. ) ;
#2815 = CARTESIAN_POINT ( 'NONE',  ( 53.16899647679054652, -24.65152303389298893, -4.681516874154978858 ) ) ;
#2816 = CARTESIAN_POINT ( 'NONE',  ( 58.36418663524241168, -2.224600812649790260, -3.417612941553981987 ) ) ;
#2817 = CARTESIAN_POINT ( 'NONE',  ( -43.17112944061525326, -9.321047096406250176, -37.59855687941917779 ) ) ;
#2818 = ORIENTED_EDGE ( 'NONE', *, *, #632, .T. ) ;
#2819 = DIRECTION ( 'NONE',  ( 0.0005443633068965336502, 0.9999998518342840814, -2.518186154490093769E-18 ) ) ;
#2820 = CARTESIAN_POINT ( 'NONE',  ( 84.08136606467890317, -10.38746360755481035, -9.265816001617379172 ) ) ;
#2821 = CARTESIAN_POINT ( 'NONE',  ( 55.54022213540181951, -26.46141420916067233, -5.018850275653757187 ) ) ;
#2822 = CARTESIAN_POINT ( 'NONE',  ( 59.39826745182346457, -9.353953579702759313, -4.790949453183035445 ) ) ;
#2823 = EDGE_CURVE ( 'NONE', #1623, #1918, #1636, .T. ) ;
#2824 = ORIENTED_EDGE ( 'NONE', *, *, #1838, .F. ) ;
#2825 = DIRECTION ( 'NONE',  ( -5.373078839852057817E-18, -1.000000000000000000, 8.077003046403982708E-18 ) ) ;
#2826 = CYLINDRICAL_SURFACE ( 'NONE', #2466, 21.11474921619061718 ) ;
#2827 = CYLINDRICAL_SURFACE ( 'NONE', #1081, 0.2500000000000037192 ) ;
#2828 = CARTESIAN_POINT ( 'NONE',  ( 13.02901078110332378, -24.17531902997345128, -0.01857752065696491317 ) ) ;
#2829 = CARTESIAN_POINT ( 'NONE',  ( 23.31723196209548377, -30.68450847370865375, -0.9039111475430683385 ) ) ;
#2830 = CARTESIAN_POINT ( 'NONE',  ( -13.85414377305232314, -25.06183405035023881, 0.7524958646447030830 ) ) ;
#2831 = CARTESIAN_POINT ( 'NONE',  ( -61.94014959505207685, 3.413243352908217343, -3.758390417576508824 ) ) ;
#2832 = ORIENTED_EDGE ( 'NONE', *, *, #1164, .T. ) ;
#2833 = CARTESIAN_POINT ( 'NONE',  ( 47.97015963177075548, -28.73789486847128671, -3.993664930047380324 ) ) ;
#2834 = STYLED_ITEM ( 'NONE', ( #989 ), #753 ) ;
#2835 = CARTESIAN_POINT ( 'NONE',  ( -51.79850571188343622, -30.22386099531922099, -2.474586814004401170 ) ) ;
#2836 = ADVANCED_FACE ( 'NONE', ( #2550 ), #2386, .T. ) ;
#2837 = LINE ( 'NONE', #4152, #1282 ) ;
#2838 = ORIENTED_EDGE ( 'NONE', *, *, #1259, .T. ) ;
#2839 = CARTESIAN_POINT ( 'NONE',  ( -6.771041445455909802, -14.37226678043900030, -1.059135254886776734 ) ) ;
#2840 = UNCERTAINTY_MEASURE_WITH_UNIT (LENGTH_MEASURE( 1.000000000000000082E-05 ), #944, 'distance_accuracy_value', 'NONE');
#2841 = DIRECTION ( 'NONE',  ( 0.0005443633068965336502, 0.9999998518342840814, -2.518186154490093769E-18 ) ) ;
#2842 = CARTESIAN_POINT ( 'NONE',  ( -29.87984810964623961, 4.341710135934352621, -1.342785856160214619 ) ) ;
#2843 = EDGE_CURVE ( 'NONE', #67, #285, #3478, .T. ) ;
#2844 = ORIENTED_EDGE ( 'NONE', *, *, #1785, .F. ) ;
#2845 = CARTESIAN_POINT ( 'NONE',  ( 29.40193258055084158, 7.097045197076500500, -0.1143076817411810969 ) ) ;
#2846 = ORIENTED_EDGE ( 'NONE', *, *, #591, .F. ) ;
#2847 = CARTESIAN_POINT ( 'NONE',  ( 74.33232427436546175, 1.027496301198058903, -12.58618261426071250 ) ) ;
#2848 = CARTESIAN_POINT ( 'NONE',  ( 21.81564959047130259, -30.37528720210868372, -0.4124378139179185609 ) ) ;
#2849 = CARTESIAN_POINT ( 'NONE',  ( -57.60895535156850400, -1.133580182458520769, -3.303240110609325431 ) ) ;
#2850 = EDGE_CURVE ( 'NONE', #103, #3492, #2029, .T. ) ;
#2851 = CARTESIAN_POINT ( 'NONE',  ( 10.42699304719285003, -18.55682158173675589, 0.8595943815470388216 ) ) ;
#2852 = CARTESIAN_POINT ( 'NONE',  ( -5.175177125068914918, -0.3728262295290246109, 1.177773410937922982 ) ) ;
#2853 = CARTESIAN_POINT ( 'NONE',  ( 9.522627960318182261, -4.066707890778600287, -1.117532755479633266 ) ) ;
#2854 = CARTESIAN_POINT ( 'NONE',  ( 50.82916649781013518, -27.02753554644011302, -4.363390625181477134 ) ) ;
#2855 = DIRECTION ( 'NONE',  ( 0.09170447053513956781, 5.070629350602297903E-15, 0.9957862672701758289 ) ) ;
#2856 = ADVANCED_FACE ( 'NONE', ( #604 ), #4079, .F. ) ;
#2857 = ORIENTED_EDGE ( 'NONE', *, *, #764, .T. ) ;
#2858 = CARTESIAN_POINT ( 'NONE',  ( 71.86096730968294821, -2.171158856683157001, -15.23888633471938370 ) ) ;
#2859 = CARTESIAN_POINT ( 'NONE',  ( -17.05634951326300808, 2.164688873460474117, -1.364666372739869349 ) ) ;
#2860 = CARTESIAN_POINT ( 'NONE',  ( 74.53576572475900264, 1.027496301198058903, -8.281738684076112023 ) ) ;
#2861 = ORIENTED_EDGE ( 'NONE', *, *, #1333, .T. ) ;
#2862 = FACE_OUTER_BOUND ( 'NONE', #199, .T. ) ;
#2863 = ORIENTED_EDGE ( 'NONE', *, *, #2140, .F. ) ;
#2864 = CARTESIAN_POINT ( 'NONE',  ( -63.65682033332106471, -7.279628526146912471, -6.288590349689349601 ) ) ;
#2865 = AXIS2_PLACEMENT_3D ( 'NONE', #1740, #776, #2113 ) ;
#2866 = EDGE_LOOP ( 'NONE', ( #2545, #2818, #2893, #4116 ) ) ;
#2867 = CARTESIAN_POINT ( 'NONE',  ( 47.26589031668713403, -28.99586973487285846, -3.906666372423405864 ) ) ;
#2868 = CARTESIAN_POINT ( 'NONE',  ( 47.36256316717059178, -28.99203072184975483, -3.112580304781106921 ) ) ;
#2869 = CARTESIAN_POINT ( 'NONE',  ( -59.68328806900342443, -8.734751228543244039, -3.620861811627577698 ) ) ;
#2870 = EDGE_CURVE ( 'NONE', #1603, #3721, #3438, .T. ) ;
#2871 = DIRECTION ( 'NONE',  ( 4.884682305490612792E-17, 1.000000000000000000, 2.666878455998264135E-17 ) ) ;
#2872 = CARTESIAN_POINT ( 'NONE',  ( -27.43971283603046984, -31.36040865731118288, 0.03329341935310178857 ) ) ;
#2873 = ORIENTED_EDGE ( 'NONE', *, *, #1419, .T. ) ;
#2874 = CARTESIAN_POINT ( 'NONE',  ( 72.11129381633308810, -1.571431512466895164, -15.23888633471938370 ) ) ;
#2875 = CARTESIAN_POINT ( 'NONE',  ( 59.68578084839185749, -6.014364658695533272, -3.621249077804761907 ) ) ;
#2876 = CYLINDRICAL_SURFACE ( 'NONE', #1626, 45.41237741890780200 ) ;
#2877 = EDGE_LOOP ( 'NONE', ( #3863, #2861, #2991, #3835 ) ) ;
#2878 = CARTESIAN_POINT ( 'NONE',  ( -6.796518924020872987, -14.37210115404097088, -0.3931090475076137181 ) ) ;
#2879 = PRODUCT_CONTEXT ( 'NONE', #1556, 'mechanical' ) ;
#2880 = CARTESIAN_POINT ( 'NONE',  ( -36.25010263794971621, 4.446263320106021766, -2.706190016183071201 ) ) ;
#2881 = CARTESIAN_POINT ( 'NONE',  ( 13.94373341695030710, 1.154498292037051899, -1.252010064568245040 ) ) ;
#2882 = EDGE_CURVE ( 'NONE', #2039, #693, #24, .T. ) ;
#2883 = ORIENTED_EDGE ( 'NONE', *, *, #857, .T. ) ;
#2884 = CARTESIAN_POINT ( 'NONE',  ( 39.60506981366159351, -31.02381048720121726, -1.026613692143334200 ) ) ;
#2885 = ORIENTED_EDGE ( 'NONE', *, *, #282, .F. ) ;
#2886 = CARTESIAN_POINT ( 'NONE',  ( 48.81283285937474403, -28.49353063768146299, -2.888590302058501091 ) ) ;
#2887 = CARTESIAN_POINT ( 'NONE',  ( 6.779512877821171735, -15.48517697636201973, 1.140786807769073263 ) ) ;
#2888 = CARTESIAN_POINT ( 'NONE',  ( 9.584192467710609620, -10.82513488819481040, 0.2813487651392028166 ) ) ;
#2889 = CARTESIAN_POINT ( 'NONE',  ( 58.52657534262616679, -2.701819843533399546, -4.251608978202749078 ) ) ;
#2890 = CARTESIAN_POINT ( 'NONE',  ( -9.545808712541447250, -4.067225507411758478, -0.3178853749501997505 ) ) ;
#2891 = CARTESIAN_POINT ( 'NONE',  ( 66.98417885191005894, -5.972304432543244168, -12.23888633471946363 ) ) ;
#2892 = DIRECTION ( 'NONE',  ( 0.9957862672701757178, 0.000000000000000000, -0.09170447053513962332 ) ) ;
#2893 = ORIENTED_EDGE ( 'NONE', *, *, #2281, .T. ) ;
#2894 = CARTESIAN_POINT ( 'NONE',  ( -67.33147515126222515, -5.972304965155426970, -4.890740773849204359 ) ) ;
#2895 = CARTESIAN_POINT ( 'NONE',  ( 10.38498163763279258, -18.55947972158575965, -0.3395269496878072779 ) ) ;
#2896 = CARTESIAN_POINT ( 'NONE',  ( -2.790674522294820825, -8.247795829107992915, 0.9900108466890740200 ) ) ;
#2897 = CARTESIAN_POINT ( 'NONE',  ( 62.48641579219008690, -9.959771843234342725, -4.068171048128999878 ) ) ;
#2898 = AXIS2_PLACEMENT_3D ( 'NONE', #1532, #2538, #593 ) ;
#2899 = ADVANCED_FACE ( 'NONE', ( #1607 ), #4056, .T. ) ;
#2900 = CARTESIAN_POINT ( 'NONE',  ( 19.56805874590397565, -29.48841279620973310, -1.496029202528616597 ) ) ;
#2901 = ORIENTED_EDGE ( 'NONE', *, *, #1164, .F. ) ;
#2902 = CARTESIAN_POINT ( 'NONE',  ( 62.39116393081972234, 3.014094840528310559, -6.077240380351008220 ) ) ;
#2903 = ORIENTED_EDGE ( 'NONE', *, *, #2162, .F. ) ;
#2904 = DIRECTION ( 'NONE',  ( 0.0005443633068965336502, -0.9999998518342840814, 2.518186154490093769E-18 ) ) ;
#2905 = ADVANCED_FACE ( 'NONE', ( #4111 ), #264, .F. ) ;
#2906 = CARTESIAN_POINT ( 'NONE',  ( -9.555686756630001000, -4.067225507411759367, 0.08199263675455584210 ) ) ;
#2907 = B_SPLINE_CURVE_WITH_KNOTS ( 'NONE', 1,
 ( #447, #3106 ),
 .UNSPECIFIED., .F., .F.,
 ( 2, 2 ),
 ( 0.000000000000000000, 1.000000000000000000 ),
 .UNSPECIFIED. ) ;
#2908 = CARTESIAN_POINT ( 'NONE',  ( -73.19053937203915439, -2.114193178507995707, -7.347648032857596156 ) ) ;
#2909 = CARTESIAN_POINT ( 'NONE',  ( 57.87847640565648533, -1.643059569525959107, -4.153003173894353139 ) ) ;
#2910 = EDGE_CURVE ( 'NONE', #532, #3441, #2837, .T. ) ;
#2911 = DIRECTION ( 'NONE',  ( 0.8119953427286267233, -3.965605148610141197E-17, -0.5836639130415894883 ) ) ;
#2912 = CARTESIAN_POINT ( 'NONE',  ( -48.64300070010300914, -28.42768975276943877, -4.078709024805763583 ) ) ;
#2913 = CARTESIAN_POINT ( 'NONE',  ( 9.555686756629947709, -4.067225507411745156, 0.08199263675456869294 ) ) ;
#2914 = ORIENTED_EDGE ( 'NONE', *, *, #307, .F. ) ;
#2915 = VECTOR ( 'NONE', #3581, 999.9999999999998863 ) ;
#2916 = CARTESIAN_POINT ( 'NONE',  ( 71.61096734672436526, -2.171022765856432724, -15.23888633471938370 ) ) ;
#2917 = PRODUCT_DEFINITION_CONTEXT ( 'detailed design', #1609, 'design' ) ;
#2918 = CARTESIAN_POINT ( 'NONE',  ( -59.57645070159809819, -9.352657451645590925, -3.604319627827002215 ) ) ;
#2919 = CARTESIAN_POINT ( 'NONE',  ( 6.579380439986049822, -12.61774685597803547, 0.9441863459332019426 ) ) ;
#2920 = CARTESIAN_POINT ( 'NONE',  ( 12.83307683758537365, 0.7004902680698337214, -1.213202208627031986 ) ) ;
#2921 = CARTESIAN_POINT ( 'NONE',  ( 56.30653080600629323, -18.92930802033145810, -5.130539940831074119 ) ) ;
#2922 = CARTESIAN_POINT ( 'NONE',  ( 33.15808196166621258, 7.486113348499656261, -0.4121890105204887855 ) ) ;
#2923 = ORIENTED_EDGE ( 'NONE', *, *, #2344, .T. ) ;
#2924 = CARTESIAN_POINT ( 'NONE',  ( 11.03081923895117633, 2.344737018213391089, -1.150862908942287044 ) ) ;
#2925 = ORIENTED_EDGE ( 'NONE', *, *, #3290, .T. ) ;
#2926 = CARTESIAN_POINT ( 'NONE',  ( -7.372532007292433853, 0.7080980439110713398, 0.9305687782011142772 ) ) ;
#2927 = AXIS2_PLACEMENT_3D ( 'NONE', #3269, #3628, #695 ) ;
#2928 = CARTESIAN_POINT ( 'NONE',  ( -9.818038849279616898, -2.891723246447288620, 0.07550491431407034548 ) ) ;
#2929 = ADVANCED_FACE ( 'NONE', ( #3213 ), #916, .F. ) ;
#2930 = CARTESIAN_POINT ( 'NONE',  ( 9.544582894889007463, -10.82513488819481040, -1.318160872762641267 ) ) ;
#2931 = ORIENTED_EDGE ( 'NONE', *, *, #857, .F. ) ;
#2932 = CARTESIAN_POINT ( 'NONE',  ( 33.47456470649920135, -31.61997772969103693, -1.245244761514546994 ) ) ;
#2933 = CARTESIAN_POINT ( 'NONE',  ( -53.43156335698697745, -24.64718883729232601, -2.698781792272278324 ) ) ;
#2934 = CARTESIAN_POINT ( 'NONE',  ( -53.97067245265889568, -23.38979298291714315, -4.794197116653828417 ) ) ;
#2935 = EDGE_LOOP ( 'NONE', ( #2499, #881, #64, #3466 ) ) ;
#2936 = DIRECTION ( 'NONE',  ( 0.0005443633068965336502, 0.9999998518342840814, -2.518186154490093769E-18 ) ) ;
#2937 = LINE ( 'NONE', #407, #2496 ) ;
#2938 = CARTESIAN_POINT ( 'NONE',  ( -1.535170185224255857, -7.826952360911824336, 0.9970221850474343395 ) ) ;
#2939 = B_SPLINE_CURVE_WITH_KNOTS ( 'NONE', 3,
 ( #369, #1974, #1644, #3899 ),
 .UNSPECIFIED., .F., .F.,
 ( 4, 4 ),
 ( 0.000000000000000000, 1.000000000000000000 ),
 .UNSPECIFIED. ) ;
#2940 = CARTESIAN_POINT ( 'NONE',  ( -57.87847640565640006, -1.643059569525868735, -4.153003173894409095 ) ) ;
#2941 = CARTESIAN_POINT ( 'NONE',  ( -14.66952346454833567, 3.667470191352810716, 0.7242748369773114314 ) ) ;
#2942 =( GEOMETRIC_REPRESENTATION_CONTEXT ( 3 ) GLOBAL_UNCERTAINTY_ASSIGNED_CONTEXT ( ( #676 ) ) GLOBAL_UNIT_ASSIGNED_CONTEXT ( ( #2616, #1051, #2279 ) ) REPRESENTATION_CONTEXT ( 'NONE', 'WORKASPACE' ) );
#2943 = CARTESIAN_POINT ( 'NONE',  ( -6.328215098454171184, -11.99864861424340923, -1.051901458299191683 ) ) ;
#2944 = AXIS2_PLACEMENT_3D ( 'NONE', #458, #1020, #3029 ) ;
#2945 = CARTESIAN_POINT ( 'NONE',  ( 14.29911971810919979, 3.627154607124123853, 0.9522520782272563267 ) ) ;
#2946 = VERTEX_POINT ( 'NONE', #1869 ) ;
#2947 = CARTESIAN_POINT ( 'NONE',  ( -65.86787333587156468, -6.070355452076918290, -6.664827166716841944 ) ) ;
#2948 = ORIENTED_EDGE ( 'NONE', *, *, #3467, .F. ) ;
#2949 = CARTESIAN_POINT ( 'NONE',  ( 53.38686949350120159, -24.67983417857065120, -3.499834907228382086 ) ) ;
#2950 = CARTESIAN_POINT ( 'NONE',  ( -6.780797653483302767, -13.36424320151719414, 1.140731239537970731 ) ) ;
#2951 = CARTESIAN_POINT ( 'NONE',  ( 5.709489082598913967, -7.397946776921730638, 0.3687529851234815914 ) ) ;
#2952 = CARTESIAN_POINT ( 'NONE',  ( 59.17861909176203028, -4.425573612006118651, -4.756791303654692271 ) ) ;
#2953 = SURFACE_STYLE_FILL_AREA ( #1327 ) ;
#2954 = VECTOR ( 'NONE', #3152, 1000.000000000000000 ) ;
#2955 = DIRECTION ( 'NONE',  ( -0.1334698500773016938, -1.445832581561076290E-14, -0.9910528740285973193 ) ) ;
#2956 = CARTESIAN_POINT ( 'NONE',  ( 17.09417449425664870, 2.150000493489502063, -0.1652816561046441812 ) ) ;
#2957 = ORIENTED_EDGE ( 'NONE', *, *, #3344, .F. ) ;
#2958 = CARTESIAN_POINT ( 'NONE',  ( -71.61129374225021138, -1.571431512466894942, -14.73888633471937126 ) ) ;
#2959 = CARTESIAN_POINT ( 'NONE',  ( 9.745798736232373471, -16.20800041507334299, -0.3223484450991152550 ) ) ;
#2960 = SURFACE_SIDE_STYLE ('',( #1056 ) ) ;
#2961 = EDGE_CURVE ( 'NONE', #2494, #4140, #4129, .T. ) ;
#2962 = ADVANCED_FACE ( 'NONE', ( #1597 ), #4130, .F. ) ;
#2963 = CARTESIAN_POINT ( 'NONE',  ( 22.71525283534335671, -33.62661265082643780, -1.001556815359856190 ) ) ;
#2964 = CARTESIAN_POINT ( 'NONE',  ( 39.65240958384192282, 4.368642006646412668, -1.823397230990318141 ) ) ;
#2965 = PLANE ( 'NONE',  #1470 ) ;
#2966 = CARTESIAN_POINT ( 'NONE',  ( -12.57601678982818427, 0.5291624550896528723, -1.204974873204758046 ) ) ;
#2967 = VERTEX_POINT ( 'NONE', #1888 ) ;
#2968 = ADVANCED_FACE ( 'NONE', ( #552 ), #3814, .F. ) ;
#2969 = CARTESIAN_POINT ( 'NONE',  ( 59.48763376947754722, -7.359678565581385001, -5.614523122093435958 ) ) ;
#2970 = ORIENTED_EDGE ( 'NONE', *, *, #3473, .F. ) ;
#2971 = DIRECTION ( 'NONE',  ( 0.000000000000000000, 0.000000000000000000, -1.000000000000000000 ) ) ;
#2972 = CARTESIAN_POINT ( 'NONE',  ( -6.866108573614868149, -14.93827723285031794, 1.139252463126188220 ) ) ;
#2973 = VECTOR ( 'NONE', #1057, 1000.000000000000000 ) ;
#2974 = CARTESIAN_POINT ( 'NONE',  ( -82.97007022146014776, -9.550367289509793522, -9.881989956704348543 ) ) ;
#2975 = CARTESIAN_POINT ( 'NONE',  ( 14.01604908071226774, -25.39492041076884021, -0.05225737136237407904 ) ) ;
#2976 = FILL_AREA_STYLE_COLOUR ( '', #3071 ) ;
#2977 = CARTESIAN_POINT ( 'NONE',  ( 59.45973303555210521, -9.353953579702759313, -4.395700187507733503 ) ) ;
#2978 = CARTESIAN_POINT ( 'NONE',  ( 53.43233644152580553, -24.64652508749548332, -2.698891047476792870 ) ) ;
#2979 = VERTEX_POINT ( 'NONE', #3195 ) ;
#2980 = LINE ( 'NONE', #3590, #1344 ) ;
#2981 = CARTESIAN_POINT ( 'NONE',  ( -67.33147513145131313, 1.027496301198058903, -4.890740912264060825 ) ) ;
#2982 = CARTESIAN_POINT ( 'NONE',  ( 71.86096730968294821, -2.171158856683157001, -15.23888633471938370 ) ) ;
#2983 = B_SPLINE_CURVE_WITH_KNOTS ( 'NONE', 3,
 ( #202, #3976, #3065, #493 ),
 .UNSPECIFIED., .F., .F.,
 ( 4, 4 ),
 ( 0.000000000000000000, 1.000000000000000000 ),
 .UNSPECIFIED. ) ;
#2984 = CARTESIAN_POINT ( 'NONE',  ( -28.12148054190836532, 6.963811645370122427, -0.01285860416027029968 ) ) ;
#2985 = ADVANCED_FACE ( 'NONE', ( #1849 ), #2876, .F. ) ;
#2986 = ORIENTED_EDGE ( 'NONE', *, *, #487, .T. ) ;
#2987 = CARTESIAN_POINT ( 'NONE',  ( 2.166811225450124390, -7.997222875919394625, -1.005869971546579977 ) ) ;
#2988 = CARTESIAN_POINT ( 'NONE',  ( -9.701726998855505713, -15.50920657319105445, 0.8786628224883598071 ) ) ;
#2989 = ORIENTED_EDGE ( 'NONE', *, *, #784, .F. ) ;
#2990 = CARTESIAN_POINT ( 'NONE',  ( 71.36129370520879434, -1.571431512466895164, -15.07474829003088601 ) ) ;
#2991 = ORIENTED_EDGE ( 'NONE', *, *, #2140, .T. ) ;
#2992 = CARTESIAN_POINT ( 'NONE',  ( -58.52742691166803723, -2.703169128575965807, -4.251738898718214976 ) ) ;
#2993 = CARTESIAN_POINT ( 'NONE',  ( 52.50651980417335096, 2.162313714343155002, -2.571643726370622218 ) ) ;
#2994 = CARTESIAN_POINT ( 'NONE',  ( -54.13457609172895957, -23.38744780005218971, -3.605479456952054296 ) ) ;
#2995 = CARTESIAN_POINT ( 'NONE',  ( 58.74000288264477376, -3.262331830609445316, -4.689098720210449933 ) ) ;
#2996 = CARTESIAN_POINT ( 'NONE',  ( 45.49568828285851652, -29.67361213521243712, -2.479063390814629120 ) ) ;
#2997 = CARTESIAN_POINT ( 'NONE',  ( 10.38498163763279258, -18.55947972158575965, -0.3395269496878072779 ) ) ;
#2998 = EDGE_CURVE ( 'NONE', #126, #3183, #2244, .T. ) ;
#2999 = AXIS2_PLACEMENT_3D ( 'NONE', #3122, #2247, #173 ) ;
#3000 = CARTESIAN_POINT ( 'NONE',  ( -59.58979649686547475, -8.122629294146728185, -4.820782621315691685 ) ) ;
#3001 = ORIENTED_EDGE ( 'NONE', *, *, #3409, .F. ) ;
#3002 = CARTESIAN_POINT ( 'NONE',  ( 9.540157325646548614, -4.066868979021090347, -0.4511027013117915319 ) ) ;
#3003 = CARTESIAN_POINT ( 'NONE',  ( 72.36129385337453357, -1.571431512466895164, -15.23888633471938370 ) ) ;
#3004 = CARTESIAN_POINT ( 'NONE',  ( -48.50210279798924518, -31.81614761215615417, -2.045522794672268496 ) ) ;
#3005 = CARTESIAN_POINT ( 'NONE',  ( 47.36256316717130943, -28.99203072184941732, -3.112580304781162432 ) ) ;
#3006 = DIRECTION ( 'NONE',  ( 0.5836638835813471315, 0.0003177252488584065768, 0.8119953017434311526 ) ) ;
#3007 = ORIENTED_EDGE ( 'NONE', *, *, #632, .F. ) ;
#3008 = CARTESIAN_POINT ( 'NONE',  ( 3.560950425536988373, -8.664276679998009101, -1.016393121994452420 ) ) ;
#3009 = DIRECTION ( 'NONE',  ( 0.9999998518342840814, -0.0005443633068965336502, 0.000000000000000000 ) ) ;
#3010 = ORIENTED_EDGE ( 'NONE', *, *, #1955, .F. ) ;
#3011 = CARTESIAN_POINT ( 'NONE',  ( 11.25363764880478001, -0.5959122758266978126, 0.8367059789299046146 ) ) ;
#3012 = ORIENTED_EDGE ( 'NONE', *, *, #436, .F. ) ;
#3013 = B_SPLINE_CURVE_WITH_KNOTS ( 'NONE', 3,
 ( #3729, #847, #2136, #3418, #758, #3332, #2704, #1742, #1418, #3020, #136, #3437, #869, #1181, #2156, #2472, #3747, #3408, #3370, #3097 ),
 .UNSPECIFIED., .F., .F.,
 ( 4, 2, 2, 2, 2, 2, 2, 2, 2, 4 ),
 ( 2.893815905305151473E-12, 0.004648641914386097453, 0.006972962870132232843, 0.009297283825878369101, 0.01045944430375144243, 0.01162160478162451750, 0.01394592573737064856, 0.01627024669311678481, 0.01743240717098984427, 0.01859456764886290372 ),
 .UNSPECIFIED. ) ;
#3014 = ADVANCED_FACE ( 'NONE', ( #3529 ), #572, .F. ) ;
#3015 = CIRCLE ( 'NONE', #3280, 0.4999999999999796829 ) ;
#3016 = CARTESIAN_POINT ( 'NONE',  ( -71.86096730968294821, -2.171158856683157001, -15.23888633471938370 ) ) ;
#3017 = EDGE_CURVE ( 'NONE', #1139, #214, #825, .T. ) ;
#3018 = CARTESIAN_POINT ( 'NONE',  ( 6.850459857318272228, -14.22371950113055306, 0.3393729814616073814 ) ) ;
#3019 = CARTESIAN_POINT ( 'NONE',  ( 41.34722426019823160, -16.94371535259523043, -16.26973976478943129 ) ) ;
#3020 = CARTESIAN_POINT ( 'NONE',  ( 16.36543443239031603, -27.46813522676515262, 0.6545999200569206922 ) ) ;
#3021 = CARTESIAN_POINT ( 'NONE',  ( -10.35400005103250720, -18.56206631971965848, -1.138811692849617252 ) ) ;
#3022 = DIRECTION ( 'NONE',  ( -4.615198660203559618E-17, 1.000000000000000000, -3.736488172122332627E-18 ) ) ;
#3023 = CARTESIAN_POINT ( 'NONE',  ( 20.33860175552305094, -29.85585597339612463, -0.3324003118841746263 ) ) ;
#3024 = CARTESIAN_POINT ( 'NONE',  ( 26.62400291114862583, 3.973435497282659323, -1.916451176622207653 ) ) ;
#3025 = DIRECTION ( 'NONE',  ( 0.0005443633068965336502, 0.9999998518342840814, -2.518186154490093769E-18 ) ) ;
#3026 = LINE ( 'NONE', #1704, #2973 ) ;
#3027 = CARTESIAN_POINT ( 'NONE',  ( 59.47686130327245735, -6.823481713057146791, -5.612841260251935083 ) ) ;
#3028 = EDGE_LOOP ( 'NONE', ( #1699, #1281, #3367, #578 ) ) ;
#3029 = DIRECTION ( 'NONE',  ( 0.9999998518342840814, 0.0005443633068966335052, 0.000000000000000000 ) ) ;
#3030 = CARTESIAN_POINT ( 'NONE',  ( 72.36096723560009991, -2.171431038336605113, -15.23888633471938370 ) ) ;
#3031 = ORIENTED_EDGE ( 'NONE', *, *, #2599, .F. ) ;
#3032 = DIRECTION ( 'NONE',  ( -0.000000000000000000, -0.000000000000000000, -1.000000000000000000 ) ) ;
#3033 = EDGE_CURVE ( 'NONE', #3815, #3093, #2084, .T. ) ;
#3034 = VERTEX_POINT ( 'NONE', #2282 ) ;
#3035 = CARTESIAN_POINT ( 'NONE',  ( -53.33168120624021213, -24.67983492730151696, -3.896010198756194143 ) ) ;
#3036 = AXIS2_PLACEMENT_3D ( 'NONE', #4105, #890, #259 ) ;
#3037 = EDGE_CURVE ( 'NONE', #3696, #3232, #565, .T. ) ;
#3038 = CARTESIAN_POINT ( 'NONE',  ( 6.765532573478948208, -15.48517697636201973, 0.3409089136582985069 ) ) ;
#3039 = CARTESIAN_POINT ( 'NONE',  ( 3.747712624848856588, -0.2843881841462891913, -1.017516492669001904 ) ) ;
#3040 = CARTESIAN_POINT ( 'NONE',  ( -72.36270890600181360, -5.972304474962074394, -15.23888633471944054 ) ) ;
#3041 = CARTESIAN_POINT ( 'NONE',  ( 47.50804008522567301, -28.98762727043579090, -1.921488931554431234 ) ) ;
#3042 = EDGE_CURVE ( 'NONE', #794, #67, #1990, .T. ) ;
#3043 = CARTESIAN_POINT ( 'NONE',  ( -74.33232441199881180, -5.972304453752658837, -12.58618263852918950 ) ) ;
#3044 = CARTESIAN_POINT ( 'NONE',  ( 10.39572806148910900, -18.55947972158575965, 0.06032866722194274445 ) ) ;
#3045 = CARTESIAN_POINT ( 'NONE',  ( -9.755883688327637415, -16.20800025875496431, 0.07752494936724788066 ) ) ;
#3046 = CARTESIAN_POINT ( 'NONE',  ( -8.769921363075528831, 1.295913291444664717, 0.9007668078101489506 ) ) ;
#3047 = DIRECTION ( 'NONE',  ( -0.04099718878562561702, -1.446433562424617898E-15, -0.9991592618355074062 ) ) ;
#3048 = CARTESIAN_POINT ( 'NONE',  ( -59.45973303555218337, -9.353953579702665166, -4.395700187507686429 ) ) ;
#3049 = CARTESIAN_POINT ( 'NONE',  ( -74.33232427436546175, 1.027496301198058903, -12.58618261426071250 ) ) ;
#3050 = ORIENTED_EDGE ( 'NONE', *, *, #3614, .F. ) ;
#3051 = CARTESIAN_POINT ( 'NONE',  ( -66.98417885191005894, 1.028568487533104481, -12.23888633471946363 ) ) ;
#3052 = CARTESIAN_POINT ( 'NONE',  ( 81.10535250330025292, -7.790853845348025608, -9.553466459500597807 ) ) ;
#3053 = CARTESIAN_POINT ( 'NONE',  ( 49.95607204144278057, -31.12351238678225940, -4.247620832860343754 ) ) ;
#3054 = CARTESIAN_POINT ( 'NONE',  ( 48.25500605289746403, -31.82490027087495932, -4.030068685185029587 ) ) ;
#3055 = ORIENTED_EDGE ( 'NONE', *, *, #2759, .T. ) ;
#3056 = STYLED_ITEM ( 'NONE', ( #640 ), #4044 ) ;
#3057 = CIRCLE ( 'NONE', #3783, 7.356347997161058139 ) ;
#3058 = CARTESIAN_POINT ( 'NONE',  ( -71.36096738376582493, -2.170886675029708890, -15.23888633471938370 ) ) ;
#3059 = B_SPLINE_SURFACE_WITH_KNOTS ( 'NONE', 1, 3, ( 
 ( #2772, #2414, #1077, #1142, #3380, #3670, #760, #3712, #2054, #2139 ),
 ( #181, #3334, #2370, #1786, #1165, #1744, #1762, #780, #1463, #2097 ) ),
 .UNSPECIFIED., .F., .F., .F.,
 ( 2, 2 ),
 ( 4, 2, 2, 2, 4 ),
 ( 0.000000000000000000, 1.000000000000000000 ),
 ( 0.000000000000000000, 0.2500000000000000000, 0.5000000000000000000, 0.7500000000000000000, 1.000000000000000000 ),
 .UNSPECIFIED. ) ;
#3060 = CARTESIAN_POINT ( 'NONE',  ( -6.752831746024414272, -13.36424320151719414, -0.4590243195046404545 ) ) ;
#3061 = CARTESIAN_POINT ( 'NONE',  ( -8.728473713316333260, 1.287572035498690148, -1.098723221247326132 ) ) ;
#3062 = VERTEX_POINT ( 'NONE', #1678 ) ;
#3063 = CARTESIAN_POINT ( 'NONE',  ( 11.40748358662430206, -0.3705715824428148508, -0.3681660573257171110 ) ) ;
#3064 = CARTESIAN_POINT ( 'NONE',  ( -56.30694788546880858, -18.92949299617504977, -5.130601431472473273 ) ) ;
#3065 = CARTESIAN_POINT ( 'NONE',  ( -22.71583526564021938, -33.62372386398902080, -1.001598113546253721 ) ) ;
#3066 = B_SPLINE_CURVE_WITH_KNOTS ( 'NONE', 3,
 ( #954, #2833, #4107, #280, #3812, #1530, #2854, #4127, #3463, #2815, #4086, #630 ),
 .UNSPECIFIED., .F., .F.,
 ( 4, 2, 2, 2, 2, 4 ),
 ( 1.213804376036965954E-13, 0.002232936217123303747, 0.003349404325624265669, 0.004465872434125227157, 0.006698808651127151001, 0.008931744868129073978 ),
 .UNSPECIFIED. ) ;
#3067 = EDGE_CURVE ( 'NONE', #1583, #2327, #3924, .T. ) ;
#3068 = CARTESIAN_POINT ( 'NONE',  ( 52.99857218638423006, 2.010144617412473522, -3.446213010326264481 ) ) ;
#3069 = CARTESIAN_POINT ( 'NONE',  ( -25.34411293334954252, -31.09041409783045751, -0.6256698368076012429 ) ) ;
#3070 = CARTESIAN_POINT ( 'NONE',  ( -67.26504051868967338, 1.027701400671258147, -5.267510323812497397 ) ) ;
#3071 = COLOUR_RGB ( '',0.2509803921568627416, 0.2509803921568627416, 0.2509803921568627416 ) ;
#3072 = CARTESIAN_POINT ( 'NONE',  ( 48.50194627490331811, -31.81570602321563612, -2.045510759679171287 ) ) ;
#3073 = VERTEX_POINT ( 'NONE', #1634 ) ;
#3074 = CARTESIAN_POINT ( 'NONE',  ( 9.545808712541370866, -4.067225507411724728, -0.3178853749502424386 ) ) ;
#3075 = CARTESIAN_POINT ( 'NONE',  ( 75.97066353708186170, -3.944331254840212964, -8.647273247340784508 ) ) ;
#3076 = CARTESIAN_POINT ( 'NONE',  ( 61.64374879193668022, -12.60962738233300762, -5.956913046487860797 ) ) ;
#3077 = CARTESIAN_POINT ( 'NONE',  ( 59.58979649686548896, -8.122629294146822332, -4.820782621315585104 ) ) ;
#3078 = ORIENTED_EDGE ( 'NONE', *, *, #2089, .F. ) ;
#3079 = CARTESIAN_POINT ( 'NONE',  ( 9.645394742100739549, -3.473169550786824544, 0.07977642203539588028 ) ) ;
#3080 = DIRECTION ( 'NONE',  ( 0.0004999796423275586600, 0.000000000000000000, -0.9999998750101708467 ) ) ;
#3081 = CARTESIAN_POINT ( 'NONE',  ( -71.61096734672436526, -2.171022765856432724, -15.23888633471938370 ) ) ;
#3082 = CARTESIAN_POINT ( 'NONE',  ( -72.36270919818215930, 1.028568487533104481, -15.23888633471944054 ) ) ;
#3083 = EDGE_LOOP ( 'NONE', ( #2000, #3584, #3682, #4096 ) ) ;
#3084 = CARTESIAN_POINT ( 'NONE',  ( -23.34136073444861736, -30.68450847370872481, -0.5046395578391926762 ) ) ;
#3085 = DIRECTION ( 'NONE',  ( 0.0005443633068965336502, -0.9999998518342840814, 2.518186154490093769E-18 ) ) ;
#3086 = CARTESIAN_POINT ( 'NONE',  ( -71.36129370520879434, -1.571431512466895164, -15.07474829003088601 ) ) ;
#3087 =( BOUNDED_CURVE ( )  B_SPLINE_CURVE ( 3, ( #1926, #3849, #2300, #1904 ),
 .UNSPECIFIED., .F., .T. ) 
 B_SPLINE_CURVE_WITH_KNOTS ( ( 4, 4 ),
 ( 4.712388758690012835, 4.713767961326599476 ),
 .UNSPECIFIED. ) 
 CURVE ( )  GEOMETRIC_REPRESENTATION_ITEM ( )  RATIONAL_B_SPLINE_CURVE ( ( 1.000000000000000000, 0.9999998414833468630, 0.9999998414833468630, 1.000000000000000000 ) ) 
 REPRESENTATION_ITEM ( '' )  );
#3088 = CARTESIAN_POINT ( 'NONE',  ( -47.41157415211753090, -28.99203072184976193, -2.715594255461362128 ) ) ;
#3089 = VERTEX_POINT ( 'NONE', #1659 ) ;
#3090 = CARTESIAN_POINT ( 'NONE',  ( -67.33147295269333199, 1.027594070906433288, -4.890740392771682821 ) ) ;
#3091 = CARTESIAN_POINT ( 'NONE',  ( 59.48763376947754722, -7.359678565581385001, -5.614523122093435958 ) ) ;
#3092 = B_SPLINE_CURVE_WITH_KNOTS ( 'NONE', 1,
 ( #775, #2994 ),
 .UNSPECIFIED., .F., .F.,
 ( 2, 2 ),
 ( 0.000000000000000000, 1.000000000000000000 ),
 .UNSPECIFIED. ) ;
#3093 = VERTEX_POINT ( 'NONE', #2684 ) ;
#3094 = CARTESIAN_POINT ( 'NONE',  ( -58.36123149595011483, -14.24892846472965857, -3.416199338986590561 ) ) ;
#3095 = EDGE_CURVE ( 'NONE', #526, #873, #2303, .T. ) ;
#3096 = CARTESIAN_POINT ( 'NONE',  ( 8.284609744546507670, 1.164669439050466382, 0.3236718106887393476 ) ) ;
#3097 = CARTESIAN_POINT ( 'NONE',  ( 23.39007884152525563, -30.68223936111589367, 0.2938519568721940645 ) ) ;
#3098 = CARTESIAN_POINT ( 'NONE',  ( 54.66818113438655047, 1.301886109526555702, -4.084005447966470470 ) ) ;
#3099 = EDGE_LOOP ( 'NONE', ( #4037, #3803, #3177, #1959 ) ) ;
#3100 = CARTESIAN_POINT ( 'NONE',  ( 48.50194627490331811, -31.81570602321563612, -2.045510759679171287 ) ) ;
#3101 = CARTESIAN_POINT ( 'NONE',  ( 14.55252742649374298, -29.92927110482335351, -1.274329471723198326 ) ) ;
#3102 = EDGE_CURVE ( 'NONE', #928, #3892, #1068, .T. ) ;
#3103 = CARTESIAN_POINT ( 'NONE',  ( 37.37912699002036732, -31.30612143464452757, -2.813957311543858086 ) ) ;
#3104 = CARTESIAN_POINT ( 'NONE',  ( -59.56890975880460104, -5.325848252907663394, -3.603059086508793918 ) ) ;
#3105 = VERTEX_POINT ( 'NONE', #993 ) ;
#3106 = CARTESIAN_POINT ( 'NONE',  ( -47.41157415211753090, -28.99203072184976193, -2.715594255461362128 ) ) ;
#3107 = CARTESIAN_POINT ( 'NONE',  ( -53.97067245265889568, -23.38979298291714315, -4.794197116653828417 ) ) ;
#3108 = CARTESIAN_POINT ( 'NONE',  ( -58.25530723455904081, -14.23946788478057535, -4.209278317434542949 ) ) ;
#3109 = CARTESIAN_POINT ( 'NONE',  ( -73.46586291072398467, -2.114193178507996596, -5.771521528565330073 ) ) ;
#3110 = VERTEX_POINT ( 'NONE', #2934 ) ;
#3111 = CARTESIAN_POINT ( 'NONE',  ( -58.19473649644148594, -14.24045285161366081, -4.604666670680043872 ) ) ;
#3112 = CARTESIAN_POINT ( 'NONE',  ( 43.16886083331262824, -9.321046884328707094, -37.59240581045946072 ) ) ;
#3113 = ORIENTED_EDGE ( 'NONE', *, *, #969, .T. ) ;
#3114 = CARTESIAN_POINT ( 'NONE',  ( -18.17940126867408779, 4.855017154390521839, -1.421180456295913830 ) ) ;
#3115 = CARTESIAN_POINT ( 'NONE',  ( 81.24430139457253119, -7.790853845348025608, -8.765625776397749647 ) ) ;
#3116 = CARTESIAN_POINT ( 'NONE',  ( 54.24277224150512922, -23.38525610815846534, -2.812860548487907675 ) ) ;
#3117 = B_SPLINE_CURVE_WITH_KNOTS ( 'NONE', 3,
 ( #3709, #3398, #2791, #2526 ),
 .UNSPECIFIED., .F., .F.,
 ( 4, 4 ),
 ( 0.000000000000000000, 1.000000000000000000 ),
 .UNSPECIFIED. ) ;
#3118 = CARTESIAN_POINT ( 'NONE',  ( -9.319465611828773532, -5.810914506679422331, 0.8880766652044822518 ) ) ;
#3119 = ORIENTED_EDGE ( 'NONE', *, *, #2653, .F. ) ;
#3120 = B_SPLINE_CURVE_WITH_KNOTS ( 'NONE', 3,
 ( #714, #1307, #694, #3954, #2932, #3268, #2595, #2660, #2996, #3246 ),
 .UNSPECIFIED., .F., .F.,
 ( 4, 2, 2, 2, 4 ),
 ( 0.000000000000000000, 0.2500000000000000000, 0.5000000000000000000, 0.7500000000000000000, 1.000000000000000000 ),
 .UNSPECIFIED. ) ;
#3121 = CARTESIAN_POINT ( 'NONE',  ( 48.25500605289746403, -31.82490027087495932, -4.030068685185029587 ) ) ;
#3122 = CARTESIAN_POINT ( 'NONE',  ( -2.834420581994278934E-15, -34.58816513739292020, -386.7465117133056651 ) ) ;
#3123 =( GEOMETRIC_REPRESENTATION_CONTEXT ( 3 ) GLOBAL_UNCERTAINTY_ASSIGNED_CONTEXT ( ( #1993 ) ) GLOBAL_UNIT_ASSIGNED_CONTEXT ( ( #502, #2443, #2780 ) ) REPRESENTATION_CONTEXT ( 'NONE', 'WORKASPACE' ) );
#3124 = CARTESIAN_POINT ( 'NONE',  ( 59.39826745182330114, -9.353953579703858878, -4.790949453182972384 ) ) ;
#3125 = CARTESIAN_POINT ( 'NONE',  ( 20.31561744932376357, -29.85481788596217356, -0.7317531622798860713 ) ) ;
#3126 = CARTESIAN_POINT ( 'NONE',  ( 54.13457609172882457, -23.38744780005217550, -3.605479456952054296 ) ) ;
#3127 = B_SPLINE_CURVE_WITH_KNOTS ( 'NONE', 3,
 ( #853, #1528, #2159, #2201, #241, #2534, #3767, #2141, #912, #2872, #2493, #3440 ),
 .UNSPECIFIED., .F., .F.,
 ( 4, 2, 2, 2, 2, 4 ),
 ( 3.267131347599267979E-11, 0.006101645737426320687, 0.01220329144218132780, 0.01525411429455881922, 0.01830493714693631410, 0.02440658285169131081 ),
 .UNSPECIFIED. ) ;
#3128 = PLANE ( 'NONE',  #3036 ) ;
#3129 = ORIENTED_EDGE ( 'NONE', *, *, #1288, .T. ) ;
#3130 = CARTESIAN_POINT ( 'NONE',  ( 10.42699304719285003, -18.55682158173675589, 0.8595943815470388216 ) ) ;
#3131 = ADVANCED_FACE ( 'NONE', ( #673 ), #763, .T. ) ;
#3132 = CARTESIAN_POINT ( 'NONE',  ( -56.81239730767611462, -24.89761982630561121, -3.184701407127283890 ) ) ;
#3133 = DIRECTION ( 'NONE',  ( 0.9901877052481187214, 0.000000000000000000, 0.1397437239215590377 ) ) ;
#3134 = ORIENTED_EDGE ( 'NONE', *, *, #409, .F. ) ;
#3135 = CARTESIAN_POINT ( 'NONE',  ( -40.50486016333012884, 7.587685053489305886, -3.124250464431300944 ) ) ;
#3136 = CARTESIAN_POINT ( 'NONE',  ( -7.619582152081722626, -9.139892380292334195, 0.3218379282287464060 ) ) ;
#3137 = B_SPLINE_CURVE_WITH_KNOTS ( 'NONE', 3,
 ( #3755, #1450, #1108, #247, #2734, #3114, #3718, #3427, #537, #4003, #4069, #1128, #3386, #3135, #230, #501, #1149, #1190, #1793, #2442, #1832, #834, #2125, #2714 ),
 .UNSPECIFIED., .F., .F.,
 ( 4, 2, 2, 2, 2, 2, 2, 2, 2, 2, 2, 4 ),
 ( 0.000000000000000000, 0.003798520634708265221, 0.007597041269416530442, 0.01519408253883305047, 0.02279112380824956791, 0.02658964444295782228, 0.03038816507766607319, 0.03798520634708255073, 0.04178372698179078082, 0.04558224761649901091, 0.05317928888591549191, 0.06077633015533195904 ),
 .UNSPECIFIED. ) ;
#3138 = CARTESIAN_POINT ( 'NONE',  ( 57.44524091399217269, -1.144761270703996470, -4.492110087126247819 ) ) ;
#3139 = ORIENTED_EDGE ( 'NONE', *, *, #1975, .F. ) ;
#3140 = CARTESIAN_POINT ( 'NONE',  ( 13.40329605214585129, 0.9646081676219177004, -0.4320230106685175597 ) ) ;
#3141 = CARTESIAN_POINT ( 'NONE',  ( 7.289795765830805685, -18.83127950857281618, -1.068833591178544928 ) ) ;
#3142 = CARTESIAN_POINT ( 'NONE',  ( 58.25495666096278313, -14.24045285161433583, -4.209224639916146593 ) ) ;
#3143 = CARTESIAN_POINT ( 'NONE',  ( -10.39572806148928663, -18.55947972158578452, 0.06032866722192967851 ) ) ;
#3144 = CARTESIAN_POINT ( 'NONE',  ( -8.474944984451138197, -22.04235110252490415, 0.9074442937480889926 ) ) ;
#3145 = EDGE_CURVE ( 'NONE', #1233, #1217, #905, .T. ) ;
#3146 = B_SPLINE_CURVE_WITH_KNOTS ( 'NONE', 3,
 ( #3855, #36, #387, #3873, #3234, #3567, #3254, #3610, #996, #2329 ),
 .UNSPECIFIED., .F., .F.,
 ( 4, 2, 2, 2, 4 ),
 ( 0.000000000000000000, 0.007265015806007728109, 0.01089752370901158826, 0.01271377766051352311, 0.01453003161201545622 ),
 .UNSPECIFIED. ) ;
#3147 = CARTESIAN_POINT ( 'NONE',  ( -18.31404313195455913, -28.79335233179123676, 0.5678740871286501735 ) ) ;
#3148 = VECTOR ( 'NONE', #1588, 1000.000000000000000 ) ;
#3149 = CARTESIAN_POINT ( 'NONE',  ( -67.84569357858826777, 0.8927607368526098153, -4.772113162085533489 ) ) ;
#3150 = VERTEX_POINT ( 'NONE', #4040 ) ;
#3151 = CARTESIAN_POINT ( 'NONE',  ( 10.26085291163179747, -17.96579032369900730, 0.8642443446681009611 ) ) ;
#3152 = DIRECTION ( 'NONE',  ( 4.625929269271484533E-15, 0.000000000000000000, 1.000000000000000000 ) ) ;
#3153 = DIRECTION ( 'NONE',  ( -4.173484458121928399E-08, 0.9999999999999991118, 0.000000000000000000 ) ) ;
#3154 = ORIENTED_EDGE ( 'NONE', *, *, #842, .T. ) ;
#3155 = CARTESIAN_POINT ( 'NONE',  ( 36.64002661582763665, -34.39914685383850923, -2.742540505190624867 ) ) ;
#3156 = CARTESIAN_POINT ( 'NONE',  ( 20.23268570720177095, 2.925213414465439588, -0.7164859898646256386 ) ) ;
#3157 = CARTESIAN_POINT ( 'NONE',  ( -54.15058859950393355, -23.38589692435867207, -3.473112982444120256 ) ) ;
#3158 = VERTEX_POINT ( 'NONE', #450 ) ;
#3159 = CARTESIAN_POINT ( 'NONE',  ( 9.818038849279625779, -2.891723246447218454, 0.07550491431404798837 ) ) ;
#3160 = VECTOR ( 'NONE', #786, 1000.000000000000000 ) ;
#3161 = EDGE_CURVE ( 'NONE', #2441, #727, #2983, .T. ) ;
#3162 = VERTEX_POINT ( 'NONE', #804 ) ;
#3163 = DIRECTION ( 'NONE',  ( -0.1668691080768256452, 0.000000000000000000, -0.9859790569629989232 ) ) ;
#3164 = CARTESIAN_POINT ( 'NONE',  ( 8.454671579120686786, -22.05904395827394637, 0.9080124014533005328 ) ) ;
#3165 = ADVANCED_FACE ( 'NONE', ( #222 ), #3059, .T. ) ;
#3166 = CARTESIAN_POINT ( 'NONE',  ( -54.78781962468404032, 1.247014889534598492, -2.890127766143228083 ) ) ;
#3167 = B_SPLINE_CURVE_WITH_KNOTS ( 'NONE', 3,
 ( #3612, #723, #2963, #83 ),
 .UNSPECIFIED., .F., .F.,
 ( 4, 4 ),
 ( 0.000000000000000000, 1.000000000000000000 ),
 .UNSPECIFIED. ) ;
#3168 = FACE_OUTER_BOUND ( 'NONE', #1931, .T. ) ;
#3169 = CARTESIAN_POINT ( 'NONE',  ( -20.31293199967332086, 2.922115064861484868, 0.4807729046390721295 ) ) ;
#3170 = ORIENTED_EDGE ( 'NONE', *, *, #449, .T. ) ;
#3171 = CARTESIAN_POINT ( 'NONE',  ( -24.94692866123403974, -34.05599137417443956, 0.2026492562387529617 ) ) ;
#3172 = CARTESIAN_POINT ( 'NONE',  ( -52.41203603331713623, -25.83769692428442610, -3.364309278474498566 ) ) ;
#3173 = ORIENTED_EDGE ( 'NONE', *, *, #3625, .T. ) ;
#3174 = CYLINDRICAL_SURFACE ( 'NONE', #4078, 0.2500000000000037192 ) ;
#3175 = DIRECTION ( 'NONE',  ( 1.000000000000000000, -5.396466612041082756E-17, 0.000000000000000000 ) ) ;
#3176 = CARTESIAN_POINT ( 'NONE',  ( 72.36129385337450515, -1.571431512466895164, -16.23888633471933929 ) ) ;
#3177 = ORIENTED_EDGE ( 'NONE', *, *, #918, .T. ) ;
#3178 = AXIS2_PLACEMENT_3D ( 'NONE', #2132, #1522, #4053 ) ;
#3179 =( NAMED_UNIT ( * ) SI_UNIT ( $, .STERADIAN. ) SOLID_ANGLE_UNIT ( ) );
#3180 = ORIENTED_EDGE ( 'NONE', *, *, #2419, .F. ) ;
#3181 = ADVANCED_FACE ( 'NONE', ( #138 ), #1421, .F. ) ;
#3182 = LINE ( 'NONE', #294, #819 ) ;
#3183 = VERTEX_POINT ( 'NONE', #3359 ) ;
#3184 = CARTESIAN_POINT ( 'NONE',  ( 43.39048704085028874, -30.23173215546552939, -3.442922704163502878 ) ) ;
#3185 = CARTESIAN_POINT ( 'NONE',  ( -5.936608737540879588, 0.2312881170112833507, 0.9552159631571475185 ) ) ;
#3186 = CARTESIAN_POINT ( 'NONE',  ( -8.256555782597207127, -21.51866258166517198, 0.9121332737898723009 ) ) ;
#3187 = B_SPLINE_CURVE_WITH_KNOTS ( 'NONE', 3,
 ( #1246, #3766, #1548, #2851 ),
 .UNSPECIFIED., .F., .F.,
 ( 4, 4 ),
 ( 0.000000000000000000, 1.000000000000000000 ),
 .UNSPECIFIED. ) ;
#3188 = CARTESIAN_POINT ( 'NONE',  ( -11.87210844170548363, 0.03273879182625201445, 0.01815293727651712610 ) ) ;
#3189 = PRESENTATION_LAYER_ASSIGNMENT (  '', '', ( #3056 ) ) ;
#3190 = CARTESIAN_POINT ( 'NONE',  ( -73.32820114138156953, -2.114193178507996596, -6.559584780711466223 ) ) ;
#3191 = VERTEX_POINT ( 'NONE', #471 ) ;
#3192 = CARTESIAN_POINT ( 'NONE',  ( -9.227848809329886492, -12.43093923119324806, -1.110335703674030450 ) ) ;
#3193 = CARTESIAN_POINT ( 'NONE',  ( 59.77320851352405384, -7.091478596535824686, -3.634881910926207382 ) ) ;
#3194 =( BOUNDED_CURVE ( )  B_SPLINE_CURVE ( 3, ( #3959, #57, #2958, #1079 ),
 .UNSPECIFIED., .F., .F. ) 
 B_SPLINE_CURVE_WITH_KNOTS ( ( 4, 4 ),
 ( -2.664535259100375697E-15, 3.141592653589790896 ),
 .UNSPECIFIED. ) 
 CURVE ( )  GEOMETRIC_REPRESENTATION_ITEM ( )  RATIONAL_B_SPLINE_CURVE ( ( 1.000000000000000000, 0.3333333333333332038, 0.3333333333333332038, 1.000000000000000000 ) ) 
 REPRESENTATION_ITEM ( '' )  );
#3195 = CARTESIAN_POINT ( 'NONE',  ( 53.97042376938023978, -23.38964688655295987, -4.794165262184212573 ) ) ;
#3196 = ORIENTED_EDGE ( 'NONE', *, *, #3594, .F. ) ;
#3197 = CARTESIAN_POINT ( 'NONE',  ( 24.81675606577810811, -34.06389399666041129, -1.793135316130033408 ) ) ;
#3198 = CARTESIAN_POINT ( 'NONE',  ( -37.06567055055444371, 4.424625795244566895, -2.784048985178616320 ) ) ;
#3199 = CARTESIAN_POINT ( 'NONE',  ( 9.631115126843454277, -3.470123948899145994, -1.120241472442068842 ) ) ;
#3200 = CARTESIAN_POINT ( 'NONE',  ( 57.97947156800596957, 4.676923222617614506, -3.351811789592940904 ) ) ;
#3201 = VERTEX_POINT ( 'NONE', #3689 ) ;
#3202 = CARTESIAN_POINT ( 'NONE',  ( 44.24469307627155246, 7.299000403573376872, -3.543753645730822743 ) ) ;
#3203 = PRESENTATION_LAYER_ASSIGNMENT (  '', '', ( #2834 ) ) ;
#3204 = ORIENTED_EDGE ( 'NONE', *, *, #100, .T. ) ;
#3205 = CARTESIAN_POINT ( 'NONE',  ( -27.29787040906333573, -31.36418505292131442, -1.961693487087339260 ) ) ;
#3206 = CARTESIAN_POINT ( 'NONE',  ( -8.077060078554088918, 0.9847580688779450364, 0.9164812141931398815 ) ) ;
#3207 = CARTESIAN_POINT ( 'NONE',  ( -15.76738699216323880, -26.99861334628823784, 0.6796980582839010632 ) ) ;
#3208 = CARTESIAN_POINT ( 'NONE',  ( -55.09881533964198752, 5.501644552193210025, -5.133520115371253745 ) ) ;
#3209 = ORIENTED_EDGE ( 'NONE', *, *, #3306, .T. ) ;
#3210 = CARTESIAN_POINT ( 'NONE',  ( -10.35400005103250720, -18.56206631971965848, -1.138811692849617252 ) ) ;
#3211 = ADVANCED_FACE ( 'NONE', ( #2435, #2455 ), #2749, .T. ) ;
#3212 = CARTESIAN_POINT ( 'NONE',  ( 57.42890890111010549, -0.9238287662794650856, -3.276324293397636644 ) ) ;
#3213 = FACE_OUTER_BOUND ( 'NONE', #2135, .T. ) ;
#3214 = ORIENTED_EDGE ( 'NONE', *, *, #2998, .F. ) ;
#3215 = CARTESIAN_POINT ( 'NONE',  ( -8.863900008943188524, -23.05362269095081018, -1.101779795551431462 ) ) ;
#3216 = CARTESIAN_POINT ( 'NONE',  ( -25.34411211287232391, -31.09041393154112853, -0.6256697872244801895 ) ) ;
#3217 = CARTESIAN_POINT ( 'NONE',  ( -4.130266695397194709, -9.027403974367297579, 0.9781794764407675258 ) ) ;
#3218 = CARTESIAN_POINT ( 'NONE',  ( -46.05069587741677140, 3.611967262190577177, -2.939221569353121399 ) ) ;
#3219 = CARTESIAN_POINT ( 'NONE',  ( 16.57542101795628042, -27.69848167955456120, -1.356152704985253532 ) ) ;
#3220 = VERTEX_POINT ( 'NONE', #827 ) ;
#3221 =( BOUNDED_SURFACE ( )  B_SPLINE_SURFACE ( 1, 3, ( 
 ( #454, #1401, #37, #3255 ),
 ( #1314, #3874, #2666, #2981 ) ),
 .UNSPECIFIED., .F., .F., .F. ) 
 B_SPLINE_SURFACE_WITH_KNOTS ( ( 2, 2 ),
 ( 4, 4 ),
 ( 0.000000000000000000, 1.000000000000000000 ),
 ( 0.000000000000000000, 1.000000000000000000 ),
 .UNSPECIFIED. ) 
 GEOMETRIC_REPRESENTATION_ITEM ( )  RATIONAL_B_SPLINE_SURFACE ( (
 ( 1.000000000000000000, 0.8047378541243649375, 0.8047378541243649375, 1.000000000000000000),
 ( 1.000000000000000000, 0.8047378541243649375, 0.8047378541243649375, 1.000000000000000000) ) ) 
 REPRESENTATION_ITEM ( '' )  SURFACE ( )  );
#3222 = CARTESIAN_POINT ( 'NONE',  ( 33.50800343656452185, -31.62186228299847812, -0.4451634065535092777 ) ) ;
#3223 = ORIENTED_EDGE ( 'NONE', *, *, #2571, .F. ) ;
#3224 = ADVANCED_FACE ( 'NONE', ( #1441 ), #1099, .F. ) ;
#3225 = CARTESIAN_POINT ( 'NONE',  ( 21.67959500776979809, -33.40349920001514761, 0.3950607801353954174 ) ) ;
#3226 = CARTESIAN_POINT ( 'NONE',  ( -4.039130391455939773, -8.867433818977792370, 1.180004414421746750 ) ) ;
#3227 = CARTESIAN_POINT ( 'NONE',  ( -32.19393032615467831, 7.527193366182288514, -2.520570370510098801 ) ) ;
#3228 = DIRECTION ( 'NONE',  ( 0.08095859487068314542, 0.000000000000000000, 0.9967174654417192414 ) ) ;
#3229 = CARTESIAN_POINT ( 'NONE',  ( 71.61129374225021138, -1.571431512466895164, -15.23888633471938370 ) ) ;
#3230 = CARTESIAN_POINT ( 'NONE',  ( -51.67395954032499361, -26.30149243093961786, -4.476654142437089590 ) ) ;
#3231 = CARTESIAN_POINT ( 'NONE',  ( 51.95180618991074084, -26.30686046250027488, -2.495674876700200162 ) ) ;
#3232 = VERTEX_POINT ( 'NONE', #3044 ) ;
#3233 = CARTESIAN_POINT ( 'NONE',  ( -21.56523247595360360, -33.39512101645252784, -1.601665487226800577 ) ) ;
#3234 = CARTESIAN_POINT ( 'NONE',  ( 9.383759799349315145, -13.75709985765672450, -1.114102767982416253 ) ) ;
#3235 = CARTESIAN_POINT ( 'NONE',  ( -34.62320403948980641, 4.460058716260544287, -2.556100103995514239 ) ) ;
#3236 = CARTESIAN_POINT ( 'NONE',  ( 66.98417885191003052, 1.028568487533104481, -6.860355988447364162 ) ) ;
#3237 = CARTESIAN_POINT ( 'NONE',  ( 20.25362257776621533, 2.925213414465440032, -0.3170204517979537395 ) ) ;
#3238 = VECTOR ( 'NONE', #738, 1000.000000000000114 ) ;
#3239 = CARTESIAN_POINT ( 'NONE',  ( 35.66628214480099501, 7.610390214759049421, -0.6355859955379715709 ) ) ;
#3240 = CARTESIAN_POINT ( 'NONE',  ( 64.70867594443980408, 2.068209478427849746, -6.464328681648826347 ) ) ;
#3241 = ORIENTED_EDGE ( 'NONE', *, *, #542, .F. ) ;
#3242 = CARTESIAN_POINT ( 'NONE',  ( 7.385970130005627077, 0.6697385550288913469, 0.9321121779398513496 ) ) ;
#3243 = CARTESIAN_POINT ( 'NONE',  ( -0.4779869905112205664, -7.584668243112911767, 0.4012729557485719134 ) ) ;
#3244 = CARTESIAN_POINT ( 'NONE',  ( -67.56078389389469407, 0.8927607368526098153, -6.346584100249487825 ) ) ;
#3245 = CARTESIAN_POINT ( 'NONE',  ( 29.14512918957232657, -63.85604311902949348, -72.95763822110340868 ) ) ;
#3246 = CARTESIAN_POINT ( 'NONE',  ( 47.41157415211824144, -28.99203072184941732, -2.715594255461417639 ) ) ;
#3247 = DIRECTION ( 'NONE',  ( 0.0005443633068965336502, 0.9999998518342840814, -2.518186154490093769E-18 ) ) ;
#3248 = VECTOR ( 'NONE', #2825, 1000.000000000000000 ) ;
#3249 = CARTESIAN_POINT ( 'NONE',  ( -59.34329752832426408, -5.028276267352661755, -4.782387471926613287 ) ) ;
#3250 = EDGE_LOOP ( 'NONE', ( #3556, #3223, #1260, #2524 ) ) ;
#3251 = VECTOR ( 'NONE', #3338, 1000.000000000000000 ) ;
#3252 = ADVANCED_FACE ( 'NONE', ( #3731 ), #3400, .F. ) ;
#3253 = CARTESIAN_POINT ( 'NONE',  ( 59.45973303555210521, -9.353953579702759313, -4.395700187507733503 ) ) ;
#3254 = CARTESIAN_POINT ( 'NONE',  ( 9.792266444422077498, -16.17236351364982383, -1.124287635853041589 ) ) ;
#3255 = CARTESIAN_POINT ( 'NONE',  ( -66.98417885191003052, 1.028568487533104481, -6.860355988447364162 ) ) ;
#3256 = CARTESIAN_POINT ( 'NONE',  ( 62.81728367317383999, -8.868693886526541448, -4.122106520821363418 ) ) ;
#3257 = CARTESIAN_POINT ( 'NONE',  ( 26.67855000111685726, 4.023897249189135827, -0.7073739125016210716 ) ) ;
#3258 = CARTESIAN_POINT ( 'NONE',  ( 54.07861530701774910, -23.38744780005217550, -4.001545601143241981 ) ) ;
#3259 = CARTESIAN_POINT ( 'NONE',  ( 16.26338168225511183, -27.46109438534661962, -1.342873139341820510 ) ) ;
#3260 = CARTESIAN_POINT ( 'NONE',  ( 55.29183938308239021, 5.356660901293939681, -4.975407298383439425 ) ) ;
#3261 = EDGE_LOOP ( 'NONE', ( #3299, #308, #2383, #3390, #719 ) ) ;
#3262 = B_SPLINE_CURVE_WITH_KNOTS ( 'NONE', 3,
 ( #3210, #1250, #322, #3769 ),
 .UNSPECIFIED., .F., .F.,
 ( 4, 4 ),
 ( 0.000000000000000000, 1.000000000000000000 ),
 .UNSPECIFIED. ) ;
#3263 = CARTESIAN_POINT ( 'NONE',  ( 71.86096730968294821, -2.171158856683157001, -15.23888633471938370 ) ) ;
#3264 = AXIS2_PLACEMENT_3D ( 'NONE', #783, #1466, #807 ) ;
#3265 = CARTESIAN_POINT ( 'NONE',  ( -9.635423966453018352, -3.473169532923022107, -0.3200992989547349898 ) ) ;
#3266 = EDGE_CURVE ( 'NONE', #3034, #460, #2232, .T. ) ;
#3267 = VERTEX_POINT ( 'NONE', #2626 ) ;
#3268 = CARTESIAN_POINT ( 'NONE',  ( 37.54163183405612614, -31.33408441660167654, -1.620040040736908438 ) ) ;
#3269 = CARTESIAN_POINT ( 'NONE',  ( -43.17112944061525326, -9.321047096406250176, -37.59855687941917779 ) ) ;
#3270 = CARTESIAN_POINT ( 'NONE',  ( 26.67855000111685726, 4.023897249189135827, -0.7073739125015545692 ) ) ;
#3271 = ORIENTED_EDGE ( 'NONE', *, *, #1157, .T. ) ;
#3272 = ADVANCED_FACE ( 'NONE', ( #3300 ), #2357, .T. ) ;
#3273 = CARTESIAN_POINT ( 'NONE',  ( -20.25427173869461939, 2.925348884175660746, -0.3170599609231241067 ) ) ;
#3274 = CARTESIAN_POINT ( 'NONE',  ( 4.124456025047039454, -9.023614409305052320, 0.9782377099344652382 ) ) ;
#3275 = CARTESIAN_POINT ( 'NONE',  ( 14.02000791343456143, 1.142169376749460952, 0.7463472551112251274 ) ) ;
#3276 = CARTESIAN_POINT ( 'NONE',  ( 58.78070969126579115, -11.84198782628048363, -5.504510861174232161 ) ) ;
#3277 = AXIS2_PLACEMENT_3D ( 'NONE', #3357, #2412, #2746 ) ;
#3278 = CARTESIAN_POINT ( 'NONE',  ( -52.23896421689945413, 2.174703292199955396, -4.553471990397930824 ) ) ;
#3279 = CLOSED_SHELL ( 'NONE', ( #1513, #3765, #2836, #46, #3131, #3945, #3374, #81, #290, #2345 ) ) ;
#3280 = AXIS2_PLACEMENT_3D ( 'NONE', #2379, #2020, #2062 ) ;
#3281 = CARTESIAN_POINT ( 'NONE',  ( -10.61885063880299640, -1.300973793259933675, -1.146152381862515668 ) ) ;
#3282 = ORIENTED_EDGE ( 'NONE', *, *, #1671, .F. ) ;
#3283 = CARTESIAN_POINT ( 'NONE',  ( 67.33147515572444775, -34.58816513739293441, -4.890740774603274943 ) ) ;
#3284 = ORIENTED_EDGE ( 'NONE', *, *, #3897, .F. ) ;
#3285 = CARTESIAN_POINT ( 'NONE',  ( -53.69507882508757746, -28.49828270883516979, -4.755258213303924286 ) ) ;
#3286 = CARTESIAN_POINT ( 'NONE',  ( -2.348898036232754727, -7.978312530076289377, 1.194283531992486047 ) ) ;
#3287 = CARTESIAN_POINT ( 'NONE',  ( -61.68664093978968310, 3.413243352908217343, -5.338284440332859759 ) ) ;
#3288 = CYLINDRICAL_SURFACE ( 'NONE', #1336, 12.77799299098181152 ) ;
#3289 = CARTESIAN_POINT ( 'NONE',  ( -13.94368572206943568, 1.154647042940119883, -1.252001421199163467 ) ) ;
#3290 = EDGE_CURVE ( 'NONE', #2733, #2371, #1375, .T. ) ;
#3291 = CARTESIAN_POINT ( 'NONE',  ( -66.98417885191005894, -5.972304474962074394, -12.23888633471946363 ) ) ;
#3292 = CARTESIAN_POINT ( 'NONE',  ( 46.09775752906028146, 3.612025542909349074, -2.541990137410610195 ) ) ;
#3293 = ORIENTED_EDGE ( 'NONE', *, *, #1319, .T. ) ;
#3294 =( NAMED_UNIT ( * ) SI_UNIT ( $, .STERADIAN. ) SOLID_ANGLE_UNIT ( ) );
#3295 = CARTESIAN_POINT ( 'NONE',  ( -59.47575003947476091, -9.353021677180166193, -4.263319372726666501 ) ) ;
#3296 = CARTESIAN_POINT ( 'NONE',  ( 6.761153398764805367, -13.48046792469186350, 0.9410589068424882742 ) ) ;
#3297 = CARTESIAN_POINT ( 'NONE',  ( 33.43996089052653531, -31.61997772969102982, -1.643750761989743125 ) ) ;
#3298 = CARTESIAN_POINT ( 'NONE',  ( 36.41398015012792655, 4.514583776060135278, -1.503375728461414873 ) ) ;
#3299 = ORIENTED_EDGE ( 'NONE', *, *, #2525, .T. ) ;
#3300 = FACE_OUTER_BOUND ( 'NONE', #4059, .T. ) ;
#3301 = CARTESIAN_POINT ( 'NONE',  ( -11.39297677968745326, -0.3884231723954099103, -1.168215971401073361 ) ) ;
#3302 = ORIENTED_EDGE ( 'NONE', *, *, #2337, .T. ) ;
#3303 = CARTESIAN_POINT ( 'NONE',  ( 63.07123707390879730, -7.887543571046286672, -6.191024203267487813 ) ) ;
#3304 = ORIENTED_EDGE ( 'NONE', *, *, #1930, .T. ) ;
#3305 = CARTESIAN_POINT ( 'NONE',  ( -66.98417885191005894, 1.028568487533104481, -12.23888633471946363 ) ) ;
#3306 = EDGE_CURVE ( 'NONE', #603, #145, #2137, .T. ) ;
#3307 = CARTESIAN_POINT ( 'NONE',  ( -47.97022891373362086, -28.73804332688615659, -3.993673570590017707 ) ) ;
#3308 = CARTESIAN_POINT ( 'NONE',  ( -6.766814699753856743, -13.36424320151719414, 0.3408534600166659434 ) ) ;
#3309 = CARTESIAN_POINT ( 'NONE',  ( -8.756733869968636341, 1.291763896777177845, 0.2342708240932321051 ) ) ;
#3310 = CARTESIAN_POINT ( 'NONE',  ( 59.55755557537720080, -6.254336259651172902, -4.815729887884896421 ) ) ;
#3311 = CARTESIAN_POINT ( 'NONE',  ( -47.26598171559211181, -28.99612849199822406, -3.906672837020707778 ) ) ;
#3312 = CARTESIAN_POINT ( 'NONE',  ( 72.36129385337453357, -1.571431512466895164, -14.26371814922621262 ) ) ;
#3313 = CARTESIAN_POINT ( 'NONE',  ( -58.74000288264475245, -3.262331830609334293, -4.689098720210504112 ) ) ;
#3314 = ORIENTED_EDGE ( 'NONE', *, *, #3399, .F. ) ;
#3315 =( NAMED_UNIT ( * ) PLANE_ANGLE_UNIT ( ) SI_UNIT ( $, .RADIAN. ) );
#3316 = CARTESIAN_POINT ( 'NONE',  ( -54.51302806051277372, 1.240513092159130082, -4.871175796267309899 ) ) ;
#3317 = FACE_OUTER_BOUND ( 'NONE', #3261, .T. ) ;
#3318 = EDGE_CURVE ( 'NONE', #118, #3158, #3015, .T. ) ;
#3319 = CYLINDRICAL_SURFACE ( 'NONE', #613, 7.356348066473861635 ) ;
#3320 = CARTESIAN_POINT ( 'NONE',  ( -67.33147295269333199, 1.027594070906433288, -4.890740392771682821 ) ) ;
#3321 = EDGE_LOOP ( 'NONE', ( #3717, #2769, #2045, #219 ) ) ;
#3322 = CARTESIAN_POINT ( 'NONE',  ( 1.746759423904764352, -7.870407876120420809, -1.003712776014086927 ) ) ;
#3323 = CARTESIAN_POINT ( 'NONE',  ( -74.33232441199879759, -5.972304432543244168, -15.58618263852919128 ) ) ;
#3324 = VERTEX_POINT ( 'NONE', #703 ) ;
#3325 = CARTESIAN_POINT ( 'NONE',  ( 12.90223734647805642, 0.7040207762889274523, 0.7856031143884076862 ) ) ;
#3326 = ORIENTED_EDGE ( 'NONE', *, *, #3405, .T. ) ;
#3327 = CARTESIAN_POINT ( 'NONE',  ( -59.66899490042772669, -6.875903892941613194, -4.428301248097812781 ) ) ;
#3328 = CARTESIAN_POINT ( 'NONE',  ( -51.39667269763020130, -26.55440326114520033, -4.439256200981544609 ) ) ;
#3329 = CARTESIAN_POINT ( 'NONE',  ( -20.31561744932387725, -29.85481788596218067, -0.7317531622798658653 ) ) ;
#3330 = B_SPLINE_CURVE_WITH_KNOTS ( 'NONE', 3,
 ( #4124, #932, #2200, #240, #3808, #3460, #3188, #1527, #277, #3828 ),
 .UNSPECIFIED., .F., .F.,
 ( 4, 2, 2, 2, 4 ),
 ( 0.000000000000000000, 0.2500000000000000555, 0.5000000000000000000, 0.7500000000000000000, 1.000000000000000000 ),
 .UNSPECIFIED. ) ;
#3331 = CARTESIAN_POINT ( 'NONE',  ( 57.81864542171615540, -1.643059569525959107, -4.548503323288317191 ) ) ;
#3332 = CARTESIAN_POINT ( 'NONE',  ( 14.09309891696130279, -25.35674069914509587, 0.7441093277468855405 ) ) ;
#3333 = CARTESIAN_POINT ( 'NONE',  ( -58.46607439635319992, -2.701819843533314724, -4.647007195586356332 ) ) ;
#3334 = CARTESIAN_POINT ( 'NONE',  ( -21.79514512977043594, -30.37570252971814000, -0.8119283414475338967 ) ) ;
#3335 = VERTEX_POINT ( 'NONE', #3278 ) ;
#3336 = CARTESIAN_POINT ( 'NONE',  ( 6.966023370827789662, -16.63003111815231705, 0.9374746574029735324 ) ) ;
#3337 = CARTESIAN_POINT ( 'NONE',  ( 31.49567385203708270, 4.376807257256014161, -2.287074724278016724 ) ) ;
#3338 = DIRECTION ( 'NONE',  ( -0.0005443633068965336502, 0.9999998518342840814, -2.518186154490093769E-18 ) ) ;
#3339 = ADVANCED_FACE ( 'NONE', ( #391 ), #2965, .F. ) ;
#3340 = CARTESIAN_POINT ( 'NONE',  ( -53.59356557039514257, 1.851208056033266214, -3.527535826611945868 ) ) ;
#3341 = CARTESIAN_POINT ( 'NONE',  ( 58.78925993701012231, -3.684574227451596684, -5.506160105307039032 ) ) ;
#3342 = ORIENTED_EDGE ( 'NONE', *, *, #1819, .T. ) ;
#3343 = CARTESIAN_POINT ( 'NONE',  ( 54.13457609172882457, -23.38744780005217550, -3.605479456952054296 ) ) ;
#3344 = EDGE_CURVE ( 'NONE', #526, #4073, #4047, .T. ) ;
#3345 = CARTESIAN_POINT ( 'NONE',  ( -12.83509873763825482, 0.6781391340382876276, -1.213497827212331792 ) ) ;
#3346 = VERTEX_POINT ( 'NONE', #2756 ) ;
#3347 = CARTESIAN_POINT ( 'NONE',  ( 9.693655230190875827, -3.471189372843745069, 0.8788200109711129526 ) ) ;
#3348 = ORIENTED_EDGE ( 'NONE', *, *, #790, .T. ) ;
#3349 = CIRCLE ( 'NONE', #787, 0.2500000000000037192 ) ;
#3350 = EDGE_CURVE ( 'NONE', #3904, #1412, #123, .T. ) ;
#3351 = CARTESIAN_POINT ( 'NONE',  ( -50.07278984346071127, -27.74486028184681885, -3.455174520063337251 ) ) ;
#3352 = B_SPLINE_CURVE_WITH_KNOTS ( 'NONE', 3,
 ( #3925, #2088, #1048, #464, #3663, #3285, #2339, #774, #1457, #3621, #3683, #730 ),
 .UNSPECIFIED., .F., .F.,
 ( 4, 2, 2, 2, 2, 4 ),
 ( 1.010728753778251210E-12, 0.002757182096247893285, 0.004135773143866472261, 0.005514364191485051671, 0.008271546286722202684, 0.01102872838195935457 ),
 .UNSPECIFIED. ) ;
#3353 = B_SPLINE_CURVE_WITH_KNOTS ( 'NONE', 3,
 ( #2079, #516, #1810, #185, #476, #3716 ),
 .UNSPECIFIED., .F., .F.,
 ( 4, 2, 4 ),
 ( 0.000000000000000000, 0.5000000000000000000, 1.000000000000000000 ),
 .UNSPECIFIED. ) ;
#3354 = ADVANCED_FACE ( 'NONE', ( #2482 ), #479, .T. ) ;
#3355 = CARTESIAN_POINT ( 'NONE',  ( -5.397259366926384416, -10.18390284179582395, -0.4371076513498287630 ) ) ;
#3356 = CARTESIAN_POINT ( 'NONE',  ( 11.41012976625099107, -21.50637450528479278, -0.3676047850222601832 ) ) ;
#3357 = CARTESIAN_POINT ( 'NONE',  ( 74.33232441199881180, -5.972304453752658837, -12.58618263852918950 ) ) ;
#3358 = CARTESIAN_POINT ( 'NONE',  ( -17.53391998800112361, -28.37544810326910039, -1.398181834704107285 ) ) ;
#3359 = CARTESIAN_POINT ( 'NONE',  ( -74.33232441199879759, -5.972304432543244168, -15.23888633471944054 ) ) ;
#3360 = AXIS2_PLACEMENT_3D ( 'NONE', #3245, #3228, #610 ) ;
#3361 = CARTESIAN_POINT ( 'NONE',  ( 12.14531741523264863, -27.70012659786750575, 0.8104201857061090752 ) ) ;
#3362 = CARTESIAN_POINT ( 'NONE',  ( -39.55535094496227089, -31.05452572884107454, -1.821850161614675168 ) ) ;
#3363 = CARTESIAN_POINT ( 'NONE',  ( -58.25495666096333025, -14.24045285161366081, -4.209224639914890709 ) ) ;
#3364 = B_SPLINE_CURVE_WITH_KNOTS ( 'NONE', 1,
 ( #778, #3974 ),
 .UNSPECIFIED., .F., .F.,
 ( 2, 2 ),
 ( 0.000000000000000000, 1.000000000000000000 ),
 .UNSPECIFIED. ) ;
#3365 = CARTESIAN_POINT ( 'NONE',  ( -56.67064366324223101, -0.2282836251278402562, -3.972141211423821261 ) ) ;
#3366 = CARTESIAN_POINT ( 'NONE',  ( 56.78997212353689861, -0.5296701259500246062, -5.203031603510740233 ) ) ;
#3367 = ORIENTED_EDGE ( 'NONE', *, *, #236, .T. ) ;
#3368 = CARTESIAN_POINT ( 'NONE',  ( -59.06194456217003363, -11.83752713051792504, -3.524242406653418147 ) ) ;
#3369 = CARTESIAN_POINT ( 'NONE',  ( -10.29768105831456104, -1.807093726196278727, -1.137441708140314534 ) ) ;
#3370 = CARTESIAN_POINT ( 'NONE',  ( 23.00456611695201303, -30.60954055197612433, 0.3171725539894328372 ) ) ;
#3371 = CARTESIAN_POINT ( 'NONE',  ( 10.68594877587057823, -1.295012427949761014, 0.8527583608199463816 ) ) ;
#3372 = EDGE_LOOP ( 'NONE', ( #3495, #3867, #972, #3342 ) ) ;
#3373 = CARTESIAN_POINT ( 'NONE',  ( -57.87762469757792871, -1.641710284483214988, -4.152874167214438472 ) ) ;
#3374 = ADVANCED_FACE ( 'NONE', ( #1771 ), #1715, .T. ) ;
#3375 = CARTESIAN_POINT ( 'NONE',  ( -6.738848792294968248, -13.36424320151719414, -1.258902099025945409 ) ) ;
#3376 = CARTESIAN_POINT ( 'NONE',  ( -74.33232441199879759, -5.972304432543244168, -15.58618263852919128 ) ) ;
#3377 = ORIENTED_EDGE ( 'NONE', *, *, #712, .F. ) ;
#3378 = PLANE ( 'NONE',  #1261 ) ;
#3379 = CARTESIAN_POINT ( 'NONE',  ( -51.84132350150169799, -26.31351403631538943, -3.288020734631049269 ) ) ;
#3380 = CARTESIAN_POINT ( 'NONE',  ( -16.28807955479122427, -27.52243917402021012, -0.1412963883190513359 ) ) ;
#3381 = CARTESIAN_POINT ( 'NONE',  ( 10.80498289409963775, -20.06352638159034996, 0.04932963229411198997 ) ) ;
#3382 = CARTESIAN_POINT ( 'NONE',  ( 25.01367246496639396, 3.757093038386045691, -1.808521435484406359 ) ) ;
#3383 = CARTESIAN_POINT ( 'NONE',  ( -39.93254191486445848, -34.01672444183322597, -3.066657421603050881 ) ) ;
#3384 = CARTESIAN_POINT ( 'NONE',  ( 58.57747247280573077, -3.190473346467983085, -5.473561588556516533 ) ) ;
#3385 = ORIENTED_EDGE ( 'NONE', *, *, #4004, .F. ) ;
#3386 = CARTESIAN_POINT ( 'NONE',  ( -36.75472292175314237, 7.605230501816005351, -2.752970657182711722 ) ) ;
#3387 = CARTESIAN_POINT ( 'NONE',  ( 51.35865577091509948, 6.370305151598564919, -4.610963331963218614 ) ) ;
#3388 = CARTESIAN_POINT ( 'NONE',  ( 52.28500004061748285, -29.67595161690475436, -4.559653509061353027 ) ) ;
#3389 = CARTESIAN_POINT ( 'NONE',  ( -9.188325095021268041, -7.575496136460563967, 0.8911180748572440358 ) ) ;
#3390 = ORIENTED_EDGE ( 'NONE', *, *, #2385, .F. ) ;
#3391 = COLOUR_RGB ( '',0.2509803921568627416, 0.2509803921568627416, 0.2509803921568627416 ) ;
#3392 = DIRECTION ( 'NONE',  ( 0.9989489082797300412, 0.000000000000000000, 0.04583752443942889360 ) ) ;
#3393 = CARTESIAN_POINT ( 'NONE',  ( 59.48763376947754722, -7.359678565581385001, -5.614523122093435958 ) ) ;
#3394 = DIRECTION ( 'NONE',  ( -0.9999999999999998890, -1.966246612733025489E-08, 4.625929269271484533E-15 ) ) ;
#3395 = CARTESIAN_POINT ( 'NONE',  ( 1.883875361156086781, -0.5253844912537813938, -1.004418042214549445 ) ) ;
#3396 = ORIENTED_EDGE ( 'NONE', *, *, #2592, .T. ) ;
#3397 = CARTESIAN_POINT ( 'NONE',  ( 13.97444591346516241, 1.148922094363807878, -0.4526849711010139110 ) ) ;
#3398 = CARTESIAN_POINT ( 'NONE',  ( 54.05990198124041513, -23.38741257224858927, -4.133559188635901549 ) ) ;
#3399 = EDGE_CURVE ( 'NONE', #2039, #3472, #1586, .T. ) ;
#3400 = CYLINDRICAL_SURFACE ( 'NONE', #2675, 4.999982586909747617 ) ;
#3401 = CARTESIAN_POINT ( 'NONE',  ( 71.61096734672436526, -2.171022765856432724, -15.23888633471938370 ) ) ;
#3402 = ORIENTED_EDGE ( 'NONE', *, *, #3614, .T. ) ;
#3403 = CARTESIAN_POINT ( 'NONE',  ( -48.25490760331916817, -31.82461956704189632, -4.030061489257390939 ) ) ;
#3404 = CARTESIAN_POINT ( 'NONE',  ( 52.54922015418330261, -29.67800948502848613, -2.577171209672466379 ) ) ;
#3405 = EDGE_CURVE ( 'NONE', #2327, #3426, #2181, .T. ) ;
#3406 = ORIENTED_EDGE ( 'NONE', *, *, #3145, .T. ) ;
#3407 = CARTESIAN_POINT ( 'NONE',  ( 9.755883688327553926, -16.20800025875583117, 0.07752494936739467990 ) ) ;
#3408 = CARTESIAN_POINT ( 'NONE',  ( 22.62334748428397546, -30.51860220174195604, 0.3396347620429571723 ) ) ;
#3409 = EDGE_CURVE ( 'NONE', #1910, #3201, #3137, .T. ) ;
#3410 = CARTESIAN_POINT ( 'NONE',  ( 62.17423663352469987, -9.961888886619691519, -6.043441438079321770 ) ) ;
#3411 = ORIENTED_EDGE ( 'NONE', *, *, #1981, .T. ) ;
#3412 = CARTESIAN_POINT ( 'NONE',  ( 13.97444591346476450, 1.148922094363622914, -0.4526849711010587085 ) ) ;
#3413 = CARTESIAN_POINT ( 'NONE',  ( 59.42128020865893490, -8.693086841877084581, -5.604147809579946404 ) ) ;
#3414 = B_SPLINE_CURVE_WITH_KNOTS ( 'NONE', 1,
 ( #200, #527 ),
 .UNSPECIFIED., .F., .F.,
 ( 2, 2 ),
 ( 0.000000000000000000, 1.000000000000000000 ),
 .UNSPECIFIED. ) ;
#3415 = CARTESIAN_POINT ( 'NONE',  ( -6.348395843893635870, -11.82672518258413596, -1.252059652436141590 ) ) ;
#3416 = CARTESIAN_POINT ( 'NONE',  ( -9.351535363072283502, -13.78996542475779030, -0.3131063924771154139 ) ) ;
#3417 = ORIENTED_EDGE ( 'NONE', *, *, #3042, .T. ) ;
#3418 = CARTESIAN_POINT ( 'NONE',  ( 12.66182448613422196, -23.49980628400510696, 0.7934176565479316157 ) ) ;
#3419 = CARTESIAN_POINT ( 'NONE',  ( -54.13457609172895957, -23.38744780005218971, -3.605479456952054296 ) ) ;
#3420 = DIRECTION ( 'NONE',  ( 0.000000000000000000, 0.000000000000000000, -1.000000000000000000 ) ) ;
#3421 = EDGE_CURVE ( 'NONE', #727, #603, #4077, .T. ) ;
#3422 = DIRECTION ( 'NONE',  ( -0.0005443633068965336502, 0.9999998518342840814, -2.518186154490093769E-18 ) ) ;
#3423 = EDGE_LOOP ( 'NONE', ( #1561, #2508, #2970, #3882, #335 ) ) ;
#3424 = CARTESIAN_POINT ( 'NONE',  ( -34.57441966391353105, -34.54439034850697254, -2.551052793816273478 ) ) ;
#3425 = CARTESIAN_POINT ( 'NONE',  ( 56.81210148162212903, -24.89744629570826362, -3.184662601421978323 ) ) ;
#3426 = VERTEX_POINT ( 'NONE', #1577 ) ;
#3427 = CARTESIAN_POINT ( 'NONE',  ( -25.49656461738248225, 6.567711103605355483, -1.835726518056387313 ) ) ;
#3428 = CARTESIAN_POINT ( 'NONE',  ( 51.46546850974099385, 6.370305151598564919, -3.818084153397601099 ) ) ;
#3429 = CARTESIAN_POINT ( 'NONE',  ( 55.39191842925112041, -21.21417699870927365, -3.783131258021511734 ) ) ;
#3430 = CARTESIAN_POINT ( 'NONE',  ( 39.51435808824295748, -31.05452893542555870, -2.219748968104247488 ) ) ;
#3431 = VERTEX_POINT ( 'NONE', #4113 ) ;
#3432 = CARTESIAN_POINT ( 'NONE',  ( 13.98890673045832500, 1.148922094363622914, -0.05294645060062116299 ) ) ;
#3433 = DIRECTION ( 'NONE',  ( 0.1427778729813076741, -1.084238558021670272E-15, 0.9897547569913132115 ) ) ;
#3434 = ADVANCED_FACE ( 'NONE', ( #2580 ), #2205, .F. ) ;
#3435 = CARTESIAN_POINT ( 'NONE',  ( -31.36773333303908373, -31.59223423933894992, -2.276109367853193621 ) ) ;
#3436 = CARTESIAN_POINT ( 'NONE',  ( 16.27122431030377214, -27.52245502340909056, -0.5409427996174041020 ) ) ;
#3437 = CARTESIAN_POINT ( 'NONE',  ( 17.63826908143394334, -28.38351122750974298, 0.5991467221510243801 ) ) ;
#3438 = B_SPLINE_CURVE_WITH_KNOTS ( 'NONE', 3,
 ( #948, #274, #4121, #2215, #1179, #3498, #3103, #1587, #1899, #3184, #298, #2867 ),
 .UNSPECIFIED., .F., .F.,
 ( 4, 2, 2, 2, 2, 4 ),
 ( 1.192726691521170783E-11, 0.006071685214172324249, 0.01214337041641738030, 0.01517921301753991092, 0.01821505561866244155, 0.02428674082090750280 ),
 .UNSPECIFIED. ) ;
#3439 = CARTESIAN_POINT ( 'NONE',  ( -72.11096727264151696, -2.171294947509881279, -15.23888633471938370 ) ) ;
#3440 = CARTESIAN_POINT ( 'NONE',  ( -23.39001403186060202, -30.68256082903890913, 0.2938580573995622225 ) ) ;
#3441 = VERTEX_POINT ( 'NONE', #2562 ) ;
#3442 = CARTESIAN_POINT ( 'NONE',  ( -63.25733818177571521, -8.133614384134070008, -4.194699924582293349 ) ) ;
#3443 = CARTESIAN_POINT ( 'NONE',  ( 74.33232441199881180, -5.972304432543244168, -12.58618263852918950 ) ) ;
#3444 = CARTESIAN_POINT ( 'NONE',  ( 67.21570776679384096, 1.027657838230303655, -5.547278966807284384 ) ) ;
#3445 = ORIENTED_EDGE ( 'NONE', *, *, #2194, .T. ) ;
#3446 = CARTESIAN_POINT ( 'NONE',  ( 72.36096723560009991, -2.171431038336605113, -14.26371814922621262 ) ) ;
#3447 = CARTESIAN_POINT ( 'NONE',  ( 43.84018094867695936, 7.474899988731517730, -2.869397077832603671 ) ) ;
#3448 = DIRECTION ( 'NONE',  ( -0.000000000000000000, 1.000000000000000000, -0.000000000000000000 ) ) ;
#3449 = EDGE_CURVE ( 'NONE', #109, #750, #2501, .T. ) ;
#3450 = CARTESIAN_POINT ( 'NONE',  ( -72.36270890600181360, -5.972304474962074394, -15.23888628320016458 ) ) ;
#3451 = ORIENTED_EDGE ( 'NONE', *, *, #2652, .F. ) ;
#3452 = ADVANCED_FACE ( 'NONE', ( #978 ), #3174, .F. ) ;
#3453 = CARTESIAN_POINT ( 'NONE',  ( 9.635423966453004141, -3.473169532922944391, -0.3200992989547344902 ) ) ;
#3454 = CARTESIAN_POINT ( 'NONE',  ( -10.39572806148925466, -18.55947972158576320, 0.06032866722194274445 ) ) ;
#3455 = PRESENTATION_LAYER_ASSIGNMENT (  '', '', ( #3781 ) ) ;
#3456 = AXIS2_PLACEMENT_3D ( 'NONE', #2133, #3394, #508 ) ;
#3457 = CARTESIAN_POINT ( 'NONE',  ( 72.11129381633308810, -1.571431512466895164, -15.23888633471938370 ) ) ;
#3458 = CARTESIAN_POINT ( 'NONE',  ( 12.93503146171063278, -28.50131055103784661, 0.7851230959716860580 ) ) ;
#3459 = CARTESIAN_POINT ( 'NONE',  ( -5.177803211038827236, 0.02482085846104181009, -1.034051086043948020 ) ) ;
#3460 = CARTESIAN_POINT ( 'NONE',  ( -11.41992707850407029, -0.3697773722172500444, 0.03164205355298448791 ) ) ;
#3461 = CARTESIAN_POINT ( 'NONE',  ( -23.26865289713983742, -30.68611784667740849, -1.702414906222134316 ) ) ;
#3462 = ORIENTED_EDGE ( 'NONE', *, *, #1473, .T. ) ;
#3463 = CARTESIAN_POINT ( 'NONE',  ( 52.21640980501754115, -25.78325509074486632, -4.550162941023862651 ) ) ;
#3464 = DIRECTION ( 'NONE',  ( 1.000000000000000000, -5.379731069172958753E-17, 0.000000000000000000 ) ) ;
#3465 = CARTESIAN_POINT ( 'NONE',  ( -74.33232441199879759, -5.972304432543244168, -15.23888633471944054 ) ) ;
#3466 = ORIENTED_EDGE ( 'NONE', *, *, #1178, .F. ) ;
#3467 = EDGE_CURVE ( 'NONE', #2528, #603, #659, .T. ) ;
#3468 = CARTESIAN_POINT ( 'NONE',  ( -20.48843410977563906, -33.07729236410817464, -1.543076724942323397 ) ) ;
#3469 = CARTESIAN_POINT ( 'NONE',  ( -5.886985831969479221, -10.99691582982024052, 0.9553876061571390244 ) ) ;
#3470 = VECTOR ( 'NONE', #3979, 1000.000000000000227 ) ;
#3471 = CARTESIAN_POINT ( 'NONE',  ( -20.23333419707005021, 2.925348884175660302, -0.7165254581479174600 ) ) ;
#3472 = VERTEX_POINT ( 'NONE', #4132 ) ;
#3473 = EDGE_CURVE ( 'NONE', #3346, #1807, #3841, .T. ) ;
#3474 = CARTESIAN_POINT ( 'NONE',  ( -11.91056102902235381, 0.01678257102043378968, 0.8170919024587389723 ) ) ;
#3475 = B_SPLINE_CURVE_WITH_KNOTS ( 'NONE', 1,
 ( #4033, #1155 ),
 .UNSPECIFIED., .F., .F.,
 ( 2, 2 ),
 ( 0.000000000000000000, 1.000000000000000000 ),
 .UNSPECIFIED. ) ;
#3476 = EDGE_LOOP ( 'NONE', ( #1711, #521, #90, #2427 ) ) ;
#3477 = ADVANCED_FACE ( 'NONE', ( #1911 ), #3774, .T. ) ;
#3478 = LINE ( 'NONE', #2847, #543 ) ;
#3479 = CARTESIAN_POINT ( 'NONE',  ( 23.34136073444825499, -30.68450847370865375, -0.5046395578391371650 ) ) ;
#3480 = CARTESIAN_POINT ( 'NONE',  ( -17.49837663158346146, -31.78497094663256561, 0.6061923149374519593 ) ) ;
#3481 = CARTESIAN_POINT ( 'NONE',  ( -10.53785835576138474, -18.93390689287946671, 0.8567925901828910007 ) ) ;
#3482 = CLOSED_SHELL ( 'NONE', ( #3434, #55, #1480, #4137, #330, #3452, #2623, #3211 ) ) ;
#3483 = PRESENTATION_LAYER_ASSIGNMENT (  '', '', ( #2070 ) ) ;
#3484 = CARTESIAN_POINT ( 'NONE',  ( -55.44272375505194361, 5.501644552193210025, -2.758168602817939075 ) ) ;
#3485 = ORIENTED_EDGE ( 'NONE', *, *, #685, .T. ) ;
#3486 = CARTESIAN_POINT ( 'NONE',  ( -9.807889602804950258, -2.891723246447288620, -0.3243663888013705865 ) ) ;
#3487 = CARTESIAN_POINT ( 'NONE',  ( -52.35785589792356376, -25.83769692428442610, -3.760624728254587268 ) ) ;
#3488 = VERTEX_POINT ( 'NONE', #1618 ) ;
#3489 = CARTESIAN_POINT ( 'NONE',  ( 46.20933813678377788, -32.55872297476392419, -3.772193666981915605 ) ) ;
#3490 = CARTESIAN_POINT ( 'NONE',  ( -26.55676879185592298, 4.022255404155087533, -1.902076448273930964 ) ) ;
#3491 = CARTESIAN_POINT ( 'NONE',  ( 10.29794596072216706, -1.806832928377512193, -1.137448247807080204 ) ) ;
#3492 = VERTEX_POINT ( 'NONE', #2229 ) ;
#3493 = B_SPLINE_CURVE_WITH_KNOTS ( 'NONE', 3,
 ( #345, #1639, #1951, #17 ),
 .UNSPECIFIED., .F., .F.,
 ( 4, 4 ),
 ( 0.000000000000000000, 1.000000000000000000 ),
 .UNSPECIFIED. ) ;
#3494 = CARTESIAN_POINT ( 'NONE',  ( 13.44821121197656844, 3.264141300702108950, 0.7741513478399230097 ) ) ;
#3495 = ORIENTED_EDGE ( 'NONE', *, *, #48, .F. ) ;
#3496 = CARTESIAN_POINT ( 'NONE',  ( 13.37694245564301454, 3.263431495759104628, -1.224618229285072246 ) ) ;
#3497 = VERTEX_POINT ( 'NONE', #3509 ) ;
#3498 = CARTESIAN_POINT ( 'NONE',  ( 36.36776881524904326, -31.41060144601922488, -2.716843076802017976 ) ) ;
#3499 = CARTESIAN_POINT ( 'NONE',  ( -48.28769026512840412, -7.359681903089647648, -14.18121061562632690 ) ) ;
#3500 = CARTESIAN_POINT ( 'NONE',  ( -59.33549692276010035, -4.420054746823223191, -3.566836946533133546 ) ) ;
#3501 = EDGE_CURVE ( 'NONE', #3220, #1170, #3644, .T. ) ;
#3502 = PLANE ( 'NONE',  #690 ) ;
#3503 = CARTESIAN_POINT ( 'NONE',  ( -85.16621338183117018, -11.25322035869498905, -8.644742284869915139 ) ) ;
#3504 = ORIENTED_EDGE ( 'NONE', *, *, #26, .T. ) ;
#3505 = CARTESIAN_POINT ( 'NONE',  ( 9.107402148803235065, -8.919877166347783159, 0.8930526550185622359 ) ) ;
#3506 = PRESENTATION_STYLE_ASSIGNMENT (( #323 ) ) ;
#3507 = CARTESIAN_POINT ( 'NONE',  ( -56.15232654234794296, 0.1898975167689398169, -4.299950826674029614 ) ) ;
#3508 = EDGE_LOOP ( 'NONE', ( #2986, #1845, #830, #1408, #279, #1563, #810, #1161, #664 ) ) ;
#3509 = CARTESIAN_POINT ( 'NONE',  ( -9.545808712541447250, -4.067225507411758478, -0.3178853749501997505 ) ) ;
#3510 = CARTESIAN_POINT ( 'NONE',  ( -6.761650038262410511, -13.48732563329111578, 0.9410503296479924007 ) ) ;
#3511 = CARTESIAN_POINT ( 'NONE',  ( 9.802868438272192009, -2.893429984241472130, -1.124569328217832176 ) ) ;
#3512 = VECTOR ( 'NONE', #3247, 1000.000000000000000 ) ;
#3513 = B_SPLINE_CURVE_WITH_KNOTS ( 'NONE', 3,
 ( #1476, #837, #1519, #250, #1194, #1538, #2128, #3778, #1875, #2192 ),
 .UNSPECIFIED., .F., .F.,
 ( 4, 2, 2, 2, 4 ),
 ( 0.000000000000000000, 0.2500000000000000000, 0.5000000000000000000, 0.7500000000000000000, 1.000000000000000000 ),
 .UNSPECIFIED. ) ;
#3514 = DIRECTION ( 'NONE',  ( 1.000000000000000000, -5.385298038120966970E-17, 0.000000000000000000 ) ) ;
#3515 = ORIENTED_EDGE ( 'NONE', *, *, #1091, .T. ) ;
#3516 = CARTESIAN_POINT ( 'NONE',  ( 27.43061031145749951, -31.35825544685561539, 0.03384235399015991796 ) ) ;
#3517 = ORIENTED_EDGE ( 'NONE', *, *, #2509, .T. ) ;
#3518 = CARTESIAN_POINT ( 'NONE',  ( -23.26865289713983742, -30.68611784667740849, -1.702414906222134316 ) ) ;
#3519 = DIRECTION ( 'NONE',  ( 0.0005443633068965336502, 0.9999998518342840814, -2.518186154490093769E-18 ) ) ;
#3520 = EDGE_CURVE ( 'NONE', #6, #2609, #1941, .T. ) ;
#3521 = CARTESIAN_POINT ( 'NONE',  ( -14.64345859749471224, -25.92925175778357882, 0.7234834830098967329 ) ) ;
#3522 = AXIS2_PLACEMENT_3D ( 'NONE', #3030, #3009, #1752 ) ;
#3523 = CARTESIAN_POINT ( 'NONE',  ( -67.41832905154788591, 0.8927607368526098153, -7.133819569331468102 ) ) ;
#3524 = CARTESIAN_POINT ( 'NONE',  ( 59.65146027555495323, -8.122629294146822332, -4.425564227915212534 ) ) ;
#3525 = CARTESIAN_POINT ( 'NONE',  ( -27.11172955983454358, -34.34509117505096043, 0.05716157667553392607 ) ) ;
#3526 = EDGE_CURVE ( 'NONE', #2539, #3150, #431, .T. ) ;
#3527 = CARTESIAN_POINT ( 'NONE',  ( 72.11096727264151696, -2.171294947509881279, -15.23888633471938370 ) ) ;
#3528 = B_SPLINE_CURVE_WITH_KNOTS ( 'NONE', 3,
 ( #1201, #3727, #1180, #564, #3480, #1863, #1244, #1160, #2451, #910, #1842, #1525, #2809, #3144, #3186, #3764, #4081, #3806, #2491, #888 ),
 .UNSPECIFIED., .F., .F.,
 ( 4, 2, 2, 2, 2, 2, 2, 2, 2, 4 ),
 ( 0.000000000000000000, 0.003365582889660833493, 0.006731165779321666987, 0.01009674866898250048, 0.01346233155864333397, 0.01682791444830416747, 0.01851070589313458248, 0.02019349733796500096, 0.02355908022762583445, 0.02692466311728666795 ),
 .UNSPECIFIED. ) ;
#3529 = FACE_OUTER_BOUND ( 'NONE', #3728, .T. ) ;
#3530 = ORIENTED_EDGE ( 'NONE', *, *, #790, .F. ) ;
#3531 = CARTESIAN_POINT ( 'NONE',  ( -14.53460691310511521, -29.94581198165245794, -1.272986312082938776 ) ) ;
#3532 = LINE ( 'NONE', #2507, #1044 ) ;
#3533 = CARTESIAN_POINT ( 'NONE',  ( 46.05010468182312877, 3.612025542909349074, -2.939155647315045972 ) ) ;
#3534 = CARTESIAN_POINT ( 'NONE',  ( 11.41971719251955442, -0.3701093268050641427, 0.03164803892292000070 ) ) ;
#3535 = EDGE_CURVE ( 'NONE', #1969, #913, #1847, .T. ) ;
#3536 = CARTESIAN_POINT ( 'NONE',  ( 56.52884899597769675, -24.90322680848372272, -5.164396660716898957 ) ) ;
#3537 = EDGE_LOOP ( 'NONE', ( #2061, #3209, #1388, #2119 ) ) ;
#3538 = CARTESIAN_POINT ( 'NONE',  ( 29.24996353554310957, 7.097006859287811054, -2.108536294141904133 ) ) ;
#3539 = COLOUR_RGB ( '',0.2509803921568627416, 0.2509803921568627416, 0.2509803921568627416 ) ;
#3540 = ORIENTED_EDGE ( 'NONE', *, *, #1131, .T. ) ;
#3541 = CARTESIAN_POINT ( 'NONE',  ( 50.07278984346093154, -27.74486028184680819, -3.455174520062728849 ) ) ;
#3542 = CARTESIAN_POINT ( 'NONE',  ( -9.545808712541353103, -4.067225507411759367, -0.3178853749502424941 ) ) ;
#3543 = CARTESIAN_POINT ( 'NONE',  ( -55.21345147811197052, 5.501644552193210025, -4.341736277853484260 ) ) ;
#3544 = CARTESIAN_POINT ( 'NONE',  ( 59.66900464896501433, -6.877646156516677323, -4.428302910304140028 ) ) ;
#3545 = SURFACE_STYLE_USAGE ( .BOTH. , #1010 ) ;
#3546 = PLANE ( 'NONE',  #1006 ) ;
#3547 = VECTOR ( 'NONE', #2081, 1000.000000000000000 ) ;
#3548 = CARTESIAN_POINT ( 'NONE',  ( 29.91147918529572891, 4.341839787007422125, -0.9440296233652989422 ) ) ;
#3549 = ORIENTED_EDGE ( 'NONE', *, *, #1203, .F. ) ;
#3550 = CARTESIAN_POINT ( 'NONE',  ( 22.67612527335521833, -33.62629957799191516, -1.667061108909974498 ) ) ;
#3551 = CARTESIAN_POINT ( 'NONE',  ( -6.771041445455909802, -14.37226678043900030, -1.059135254886776734 ) ) ;
#3552 = DIRECTION ( 'NONE',  ( -0.1463631007731221456, -8.047954932903742413E-16, -0.9892309349853940503 ) ) ;
#3553 = CARTESIAN_POINT ( 'NONE',  ( 71.36129370520879434, -1.571431512466895164, -15.23888633471938370 ) ) ;
#3554 = ORIENTED_EDGE ( 'NONE', *, *, #4011, .T. ) ;
#3555 = CARTESIAN_POINT ( 'NONE',  ( 23.39007884152525563, -30.68223936111589367, 0.2938519568721940645 ) ) ;
#3556 = ORIENTED_EDGE ( 'NONE', *, *, #239, .F. ) ;
#3557 = CARTESIAN_POINT ( 'NONE',  ( 0.7587042449814489498, -0.5958997075592410431, 0.9994411369981075488 ) ) ;
#3558 = B_SPLINE_CURVE_WITH_KNOTS ( 'NONE', 3,
 ( #3403, #2100, #2120, #3383, #2143, #3424, #515, #1490, #874, #533, #225, #1747 ),
 .UNSPECIFIED., .F., .F.,
 ( 4, 2, 2, 2, 2, 4 ),
 ( 2.749625236331565486E-11, 0.006472401169305117691, 0.01294480231111398184, 0.01618100288201841305, 0.01941720345292284600, 0.02588960459473171188 ),
 .UNSPECIFIED. ) ;
#3559 = EDGE_CURVE ( 'NONE', #634, #1623, #1638, .T. ) ;
#3560 = CARTESIAN_POINT ( 'NONE',  ( -23.30938391069552651, -30.68355693456134148, -1.037010619326142580 ) ) ;
#3561 =( LENGTH_UNIT ( ) NAMED_UNIT ( * ) SI_UNIT ( .MILLI., .METRE. ) );
#3562 = CARTESIAN_POINT ( 'NONE',  ( 53.59356557039549784, 1.851208056033321281, -3.527535826611450265 ) ) ;
#3563 = DIRECTION ( 'NONE',  ( -2.034007358926454027E-21, 3.736488172122332627E-18, 1.000000000000000000 ) ) ;
#3564 = CARTESIAN_POINT ( 'NONE',  ( -48.89370374296572663, -28.43174249835749734, -2.094483388398581170 ) ) ;
#3565 = CARTESIAN_POINT ( 'NONE',  ( -58.46607439635319992, -2.701819843533314724, -4.647007195586356332 ) ) ;
#3566 = EDGE_LOOP ( 'NONE', ( #2447, #13, #1605, #1449 ) ) ;
#3567 = CARTESIAN_POINT ( 'NONE',  ( 9.677906050937036042, -15.56814249121415017, -1.121410023927769339 ) ) ;
#3568 = DIRECTION ( 'NONE',  ( -0.9988849664658578931, 0.000000000000000000, -0.04721042012630147222 ) ) ;
#3569 = VECTOR ( 'NONE', #952, 999.9999999999998863 ) ;
#3570 = CARTESIAN_POINT ( 'NONE',  ( 63.77604378712435818, -7.455661319347123062, -4.280601321053587149 ) ) ;
#3571 = CARTESIAN_POINT ( 'NONE',  ( 59.28135062179150339, -9.355209283805878684, -5.582304607681224162 ) ) ;
#3572 = CARTESIAN_POINT ( 'NONE',  ( -2.377063523138727597, -8.083358308321173524, -1.007270779760154999 ) ) ;
#3573 = CYLINDRICAL_SURFACE ( 'NONE', #2311, 386.5465117133056765 ) ;
#3574 = ORIENTED_EDGE ( 'NONE', *, *, #318, .T. ) ;
#3575 = MANIFOLD_SOLID_BREP ( 'Mirror3', #1126 ) ;
#3576 = CARTESIAN_POINT ( 'NONE',  ( 22.79436345058470081, -33.62299216816840897, 0.3293906635821423068 ) ) ;
#3577 = EDGE_CURVE ( 'NONE', #3921, #2755, #3194, .T. ) ;
#3578 = EDGE_LOOP ( 'NONE', ( #1827, #2151, #1679, #816 ) ) ;
#3579 = CARTESIAN_POINT ( 'NONE',  ( 20.60139513150994262, -33.08709615733646103, 0.4537375923697585800 ) ) ;
#3580 = MANIFOLD_SOLID_BREP ( 'Thicken3', #1136 ) ;
#3581 = DIRECTION ( 'NONE',  ( -1.966246612733025489E-08, 0.9999999999999998890, -2.518185781354285324E-18 ) ) ;
#3582 = B_SPLINE_CURVE_WITH_KNOTS ( 'NONE', 3,
 ( #2006, #3560, #1651, #691 ),
 .UNSPECIFIED., .F., .F.,
 ( 4, 4 ),
 ( 0.000000000000000000, 1.000000000000000000 ),
 .UNSPECIFIED. ) ;
#3583 = CARTESIAN_POINT ( 'NONE',  ( -47.57160958085005831, 7.028927331064125816, -4.120309794868878051 ) ) ;
#3584 = ORIENTED_EDGE ( 'NONE', *, *, #2262, .T. ) ;
#3585 = CARTESIAN_POINT ( 'NONE',  ( 72.11129381633308810, -1.571431512466894942, -14.73888633471937126 ) ) ;
#3586 = CARTESIAN_POINT ( 'NONE',  ( -51.65496210678238498, -26.55474529155532792, -2.455987551587269557 ) ) ;
#3587 = CARTESIAN_POINT ( 'NONE',  ( 39.65240958384194414, 4.368642006646413556, -1.823397230990271956 ) ) ;
#3588 = ORIENTED_EDGE ( 'NONE', *, *, #2073, .F. ) ;
#3589 = CARTESIAN_POINT ( 'NONE',  ( 58.80023095944971345, -3.260787078201133671, -4.293657938867402990 ) ) ;
#3590 = CARTESIAN_POINT ( 'NONE',  ( 74.33232427436544754, 1.027496301198058903, -15.58618261426071605 ) ) ;
#3591 = CARTESIAN_POINT ( 'NONE',  ( -0.8814654616634314266, -7.698536931999663047, 0.9992429907959290425 ) ) ;
#3592 = CARTESIAN_POINT ( 'NONE',  ( -58.19473649644148594, -14.24045285161366081, -4.604666670680043872 ) ) ;
#3593 = CARTESIAN_POINT ( 'NONE',  ( -40.71453444325737081, 7.587670349106946155, -1.135234246073208997 ) ) ;
#3594 = EDGE_CURVE ( 'NONE', #1539, #1089, #486, .T. ) ;
#3595 = CARTESIAN_POINT ( 'NONE',  ( 6.726536508625652999, -13.48273510942956221, -1.058641657341579778 ) ) ;
#3596 = FACE_OUTER_BOUND ( 'NONE', #3321, .T. ) ;
#3597 = ORIENTED_EDGE ( 'NONE', *, *, #2043, .T. ) ;
#3598 = CARTESIAN_POINT ( 'NONE',  ( 71.43618241015013837, -1.571431512466895164, -14.92869014664854355 ) ) ;
#3599 = EDGE_LOOP ( 'NONE', ( #788, #293, #2873, #1706 ) ) ;
#3600 = CARTESIAN_POINT ( 'NONE',  ( -59.57645070159809819, -9.352657451645590925, -3.604319627827002215 ) ) ;
#3601 = B_SPLINE_CURVE_WITH_KNOTS ( 'NONE', 3,
 ( #1154, #3760, #2173, #2195, #4032, #540, #3701, #252, #3723, #3474, #840, #4052, #882, #1816, #1839, #1500 ),
 .UNSPECIFIED., .F., .F.,
 ( 4, 2, 2, 2, 2, 2, 2, 4 ),
 ( 8.556967715098310197E-14, 0.001793740199655003299, 0.002690610299439719945, 0.003587480399224437025, 0.004484350499009154105, 0.005381220598793870317, 0.006278090698578587397, 0.007174960798363304477 ),
 .UNSPECIFIED. ) ;
#3602 = MECHANICAL_DESIGN_GEOMETRIC_PRESENTATION_REPRESENTATION (  '', ( #2834 ), #1182 ) ;
#3603 = CARTESIAN_POINT ( 'NONE',  ( -11.40748358662428785, -0.3705715824428517657, -0.3681660573256029245 ) ) ;
#3604 = SURFACE_STYLE_USAGE ( .BOTH. , #3866 ) ;
#3605 = CARTESIAN_POINT ( 'NONE',  ( 20.33664013798788517, -29.85481788596217356, -0.3323034234569182677 ) ) ;
#3606 = CARTESIAN_POINT ( 'NONE',  ( 62.27479179007922738, -9.960449275283719928, -5.384475051470613671 ) ) ;
#3607 = DIRECTION ( 'NONE',  ( -0.000000000000000000, 1.000000000000000000, -0.000000000000000000 ) ) ;
#3608 = CARTESIAN_POINT ( 'NONE',  ( 9.755241789690771270, -16.20564122752806568, 0.07754222296513003931 ) ) ;
#3609 = ORIENTED_EDGE ( 'NONE', *, *, #350, .F. ) ;
#3610 = CARTESIAN_POINT ( 'NONE',  ( 10.05206947977109344, -17.37197311171150460, -1.130972498748738175 ) ) ;
#3611 =( NAMED_UNIT ( * ) SI_UNIT ( $, .STERADIAN. ) SOLID_ANGLE_UNIT ( ) );
#3612 = CARTESIAN_POINT ( 'NONE',  ( 22.79436345058470081, -33.62299216816840897, 0.3293906635821423068 ) ) ;
#3613 = CARTESIAN_POINT ( 'NONE',  ( 55.23366112306617026, -21.19576105011201506, -4.972688928183850443 ) ) ;
#3614 = EDGE_CURVE ( 'NONE', #3232, #3062, #1238, .T. ) ;
#3615 = STYLED_ITEM ( 'NONE', ( #4049 ), #2345 ) ;
#3616 = CARTESIAN_POINT ( 'NONE',  ( 6.415243174439626550, -12.20310291648170065, -1.053310070045966107 ) ) ;
#3617 = CARTESIAN_POINT ( 'NONE',  ( 22.50226551484857751, -30.52559678031404644, -1.656119488366936343 ) ) ;
#3618 = ORIENTED_EDGE ( 'NONE', *, *, #3594, .T. ) ;
#3619 = CARTESIAN_POINT ( 'NONE',  ( -49.27359140962469297, 3.005179513419869775, -2.937086930692207165 ) ) ;
#3620 = VERTEX_POINT ( 'NONE', #1544 ) ;
#3621 = CARTESIAN_POINT ( 'NONE',  ( -49.95488864801934881, -31.12370084354938271, -4.247470156133672070 ) ) ;
#3622 = CARTESIAN_POINT ( 'NONE',  ( -52.45242967374218068, -25.50320549371148715, -4.582709103761628988 ) ) ;
#3623 = B_SPLINE_SURFACE_WITH_KNOTS ( 'NONE', 1, 3, ( 
 ( #2906, #3865, #2928, #1984, #424, #1007, #1324, #1628, #2573, #3624 ),
 ( #3542, #3265, #1367, #70, #2257, #3603, #28, #377, #2298, #1345 ) ),
 .UNSPECIFIED., .F., .F., .F.,
 ( 2, 2 ),
 ( 4, 2, 2, 2, 4 ),
 ( 0.000000000000000000, 1.000000000000000000 ),
 ( 0.000000000000000000, 0.2500000000000000000, 0.5000000000000000000, 0.7500000000000000000, 1.000000000000000000 ),
 .UNSPECIFIED. ) ;
#3624 = CARTESIAN_POINT ( 'NONE',  ( -13.98890673045831079, 1.148922094363605595, -0.05294645060062127401 ) ) ;
#3625 = EDGE_CURVE ( 'NONE', #600, #1398, #4146, .T. ) ;
#3626 = CARTESIAN_POINT ( 'NONE',  ( 50.07278984346093154, -27.74486028184680819, -3.455174520062728849 ) ) ;
#3627 = CARTESIAN_POINT ( 'NONE',  ( 10.38498163763296489, -18.55947972158575254, -0.3395269496878497439 ) ) ;
#3628 = DIRECTION ( 'NONE',  ( -0.03185894519818400356, 0.000000000000000000, 0.9994923749638409127 ) ) ;
#3629 = CARTESIAN_POINT ( 'NONE',  ( 20.23268570720177095, 2.925213414465439588, -0.7164859898646256386 ) ) ;
#3630 = ORIENTED_EDGE ( 'NONE', *, *, #3846, .F. ) ;
#3631 = CARTESIAN_POINT ( 'NONE',  ( -37.50298005094751375, -31.33405333684924443, -2.018173006419941462 ) ) ;
#3632 = DIRECTION ( 'NONE',  ( -0.000000000000000000, 1.000000000000000000, -0.000000000000000000 ) ) ;
#3633 = CARTESIAN_POINT ( 'NONE',  ( 43.49622280135394448, -30.22242806060027220, -2.649786441603707132 ) ) ;
#3634 = CARTESIAN_POINT ( 'NONE',  ( -45.49597836867287270, -29.67350893642493759, -2.479099204142312107 ) ) ;
#3635 = ORIENTED_EDGE ( 'NONE', *, *, #820, .T. ) ;
#3636 = CARTESIAN_POINT ( 'NONE',  ( -6.727054192142035483, -13.48971821211897471, -1.058650608354327671 ) ) ;
#3637 = CARTESIAN_POINT ( 'NONE',  ( -11.84340811515358993, 0.01362628546534066717, -1.181788545648569499 ) ) ;
#3638 = VERTEX_POINT ( 'NONE', #2198 ) ;
#3639 = FACE_OUTER_BOUND ( 'NONE', #2877, .T. ) ;
#3640 = AXIS2_PLACEMENT_3D ( 'NONE', #709, #398, #796 ) ;
#3641 = ORIENTED_EDGE ( 'NONE', *, *, #1229, .T. ) ;
#3642 = DIRECTION ( 'NONE',  ( 0.000000000000000000, -1.000000000000000000, 0.000000000000000000 ) ) ;
#3643 = FACE_BOUND ( 'NONE', #3871, .T. ) ;
#3644 = B_SPLINE_CURVE_WITH_KNOTS ( 'NONE', 3,
 ( #3550, #3197, #3854, #654, #4091, #3155, #1950, #1599, #1234, #2520, #3489, #595 ),
 .UNSPECIFIED., .F., .F.,
 ( 4, 2, 2, 2, 2, 4 ),
 ( 1.435256300589085609E-11, 0.006472357751179098721, 0.01294471548800563317, 0.01618089435641891644, 0.01941707322483219450, 0.02588943096165872981 ),
 .UNSPECIFIED. ) ;
#3645 = ADVANCED_FACE ( 'NONE', ( #1143 ), #2688, .T. ) ;
#3646 = PLANE ( 'NONE',  #3456 ) ;
#3647 = CARTESIAN_POINT ( 'NONE',  ( 10.79325605214787309, -20.06147593205301405, -0.3504996929709371378 ) ) ;
#3648 = CARTESIAN_POINT ( 'NONE',  ( -23.31723196209597759, -30.68450847370872481, -0.9039111475431238496 ) ) ;
#3649 = CARTESIAN_POINT ( 'NONE',  ( -59.52264734376944944, -8.744268348890818388, -4.810291964501650419 ) ) ;
#3650 = ORIENTED_EDGE ( 'NONE', *, *, #4, .T. ) ;
#3651 = CARTESIAN_POINT ( 'NONE',  ( -58.62483487184633901, -3.257018866920192490, -5.480791466445043447 ) ) ;
#3652 = CARTESIAN_POINT ( 'NONE',  ( 5.386606811324479160, -10.26445250192110059, 0.9626620571900180723 ) ) ;
#3653 = CARTESIAN_POINT ( 'NONE',  ( 27.36425923759099632, -31.35971720916294458, -0.7633831657449685615 ) ) ;
#3654 = CARTESIAN_POINT ( 'NONE',  ( -33.16504007355477768, 7.452834560370765971, -0.4188777093232728399 ) ) ;
#3655 = EDGE_CURVE ( 'NONE', #2697, #1239, #281, .T. ) ;
#3656 = ORIENTED_EDGE ( 'NONE', *, *, #1076, .F. ) ;
#3657 = CARTESIAN_POINT ( 'NONE',  ( 0.8823537138047916617, -7.699286150342385504, -1.000767015603923449 ) ) ;
#3658 = CARTESIAN_POINT ( 'NONE',  ( -7.635327263519267049, -9.139892380292334195, 1.121676413690612995 ) ) ;
#3659 = ORIENTED_EDGE ( 'NONE', *, *, #711, .F. ) ;
#3660 = EDGE_CURVE ( 'NONE', #2745, #2650, #2474, .T. ) ;
#3661 = CARTESIAN_POINT ( 'NONE',  ( -39.65182002813966733, 4.368707988947912568, -1.823331491774167201 ) ) ;
#3662 = ORIENTED_EDGE ( 'NONE', *, *, #570, .T. ) ;
#3663 = CARTESIAN_POINT ( 'NONE',  ( -54.34569285250964299, -27.84983887862766849, -4.847277740631084519 ) ) ;
#3664 = B_SPLINE_CURVE_WITH_KNOTS ( 'NONE', 3,
 ( #2495, #11, #304, #3192, #2576, #1905 ),
 .UNSPECIFIED., .F., .F.,
 ( 4, 2, 4 ),
 ( 5.066687096058684748E-13, 0.004657915968824298016, 0.009315831937141928407 ),
 .UNSPECIFIED. ) ;
#3665 = CARTESIAN_POINT ( 'NONE',  ( 5.947870469350813316, -10.97173934209919466, 0.3546953223626148066 ) ) ;
#3666 = LINE ( 'NONE', #3376, #638 ) ;
#3667 = CARTESIAN_POINT ( 'NONE',  ( 10.80442489576331155, -20.06147569548713605, 0.04934457108650980306 ) ) ;
#3668 = PLANE ( 'NONE',  #3277 ) ;
#3669 = CARTESIAN_POINT ( 'NONE',  ( -9.191449789816569904, -6.479129892581042327, 0.09099025280642344948 ) ) ;
#3670 = CARTESIAN_POINT ( 'NONE',  ( -14.01600947199288605, -25.39495585576661441, -0.05225562382373272197 ) ) ;
#3671 = CARTESIAN_POINT ( 'NONE',  ( -10.38498163763296489, -18.55947972158578452, -0.3395269496878497995 ) ) ;
#3672 = CARTESIAN_POINT ( 'NONE',  ( -33.43980472194847664, -31.62001486570551023, -1.643736370125486124 ) ) ;
#3673 = PLANE ( 'NONE',  #911 ) ;
#3674 = CARTESIAN_POINT ( 'NONE',  ( 27.33597185583745315, -31.35971720916294458, -1.162387283227274803 ) ) ;
#3675 = CYLINDRICAL_SURFACE ( 'NONE', #397, 35.19179901301509261 ) ;
#3676 = EDGE_LOOP ( 'NONE', ( #242, #739, #661, #3588 ) ) ;
#3677 = CARTESIAN_POINT ( 'NONE',  ( 10.39572806148951933, -18.55947972158660519, 0.06032866722192973402 ) ) ;
#3678 = CARTESIAN_POINT ( 'NONE',  ( 44.02160805910516217, 7.474899988731517730, -1.279600665589333497 ) ) ;
#3679 = CARTESIAN_POINT ( 'NONE',  ( 54.13457609172882457, -23.38744780005217550, -3.605479456952054296 ) ) ;
#3680 = EDGE_CURVE ( 'NONE', #2579, #35, #2236, .T. ) ;
#3681 = CARTESIAN_POINT ( 'NONE',  ( 65.86935781568087123, -6.070041864751805072, -6.665085367400092053 ) ) ;
#3682 = ORIENTED_EDGE ( 'NONE', *, *, #108, .T. ) ;
#3683 = CARTESIAN_POINT ( 'NONE',  ( -49.12454436397641189, -31.50693157952384027, -4.139764647634998518 ) ) ;
#3684 = CARTESIAN_POINT ( 'NONE',  ( -5.386083369828873479, -10.18390284179582395, -1.237030813277839369 ) ) ;
#3685 = CARTESIAN_POINT ( 'NONE',  ( 52.35785589792356376, -25.83769692428422360, -3.760624728254338134 ) ) ;
#3686 = CARTESIAN_POINT ( 'NONE',  ( 16.28806184357498665, -27.52245502340909056, -0.1412956069084720934 ) ) ;
#3687 = CYLINDRICAL_SURFACE ( 'NONE', #580, 68.31223491873578268 ) ;
#3688 = CARTESIAN_POINT ( 'NONE',  ( -55.23405445994405483, -21.19596268764110292, -4.972745665144918448 ) ) ;
#3689 = CARTESIAN_POINT ( 'NONE',  ( -66.98417885191005894, 1.028568487533104481, -6.860355988447369491 ) ) ;
#3690 = VECTOR ( 'NONE', #303, 999.9999999999998863 ) ;
#3691 = CARTESIAN_POINT ( 'NONE',  ( -9.079150495256559594, -8.924293864812392840, 0.09349684883815227721 ) ) ;
#3692 = CARTESIAN_POINT ( 'NONE',  ( -43.54112965218974551, -30.22243126600640650, -2.252310342629352036 ) ) ;
#3693 = CYLINDRICAL_SURFACE ( 'NONE', #2325, 19.89547294251965326 ) ;
#3694 = CARTESIAN_POINT ( 'NONE',  ( 59.14013133309119041, -4.695689425748202694, -5.560407745586627648 ) ) ;
#3695 = B_SPLINE_CURVE_WITH_KNOTS ( 'NONE', 3,
 ( #1756, #3988, #443, #1691, #421, #2067, #2739, #1712, #3373, #2992, #751, #485, #110, #2046, #3327, #1390, #1737, #1413 ),
 .UNSPECIFIED., .F., .F.,
 ( 4, 2, 2, 2, 2, 2, 2, 2, 4 ),
 ( 0.000000000000000000, 0.1250000000000000555, 0.2500000000000001110, 0.3750000000000001665, 0.5000000000000002220, 0.6250000000000002220, 0.7500000000000002220, 0.8750000000000001110, 1.000000000000000000 ),
 .UNSPECIFIED. ) ;
#3696 = VERTEX_POINT ( 'NONE', #299 ) ;
#3697 = CARTESIAN_POINT ( 'NONE',  ( -56.58730051955678420, -18.92766554144423807, -3.150318892487532274 ) ) ;
#3698 = CARTESIAN_POINT ( 'NONE',  ( 76.24795457995757886, -3.944331254840212964, -7.071481539208073208 ) ) ;
#3699 = CARTESIAN_POINT ( 'NONE',  ( 33.43996089052653531, -31.61997772969102982, -1.643750761989743125 ) ) ;
#3700 = ORIENTED_EDGE ( 'NONE', *, *, #2691, .F. ) ;
#3701 = CARTESIAN_POINT ( 'NONE',  ( -10.86080414281935447, -1.058363138105300694, 0.8479126709754216673 ) ) ;
#3702 = CARTESIAN_POINT ( 'NONE',  ( -41.35506154848366123, -16.94374592679639235, -16.25514882543365047 ) ) ;
#3703 = AXIS2_PLACEMENT_3D ( 'NONE', #702, #3006, #724 ) ;
#3704 = EDGE_CURVE ( 'NONE', #2014, #634, #3349, .T. ) ;
#3705 = CYLINDRICAL_SURFACE ( 'NONE', #3982, 9.858126235569340423 ) ;
#3706 = B_SPLINE_CURVE_WITH_KNOTS ( 'NONE', 3,
 ( #3419, #1097, #826, #2390, #3379, #2072, #1440, #1824, #1119, #492 ),
 .UNSPECIFIED., .F., .F.,
 ( 4, 2, 2, 2, 4 ),
 ( 0.000000000000000000, 0.2500000000000000000, 0.5000000000000000000, 0.7500000000000000000, 1.000000000000000000 ),
 .UNSPECIFIED. ) ;
#3707 = ORIENTED_EDGE ( 'NONE', *, *, #764, .F. ) ;
#3708 = CARTESIAN_POINT ( 'NONE',  ( 47.26589031668713403, -28.99586973487285846, -3.906666372423405864 ) ) ;
#3709 = CARTESIAN_POINT ( 'NONE',  ( 53.97042376938023978, -23.38964688655295987, -4.794165262184212573 ) ) ;
#3710 = EDGE_CURVE ( 'NONE', #2695, #623, #2398, .T. ) ;
#3711 = AXIS2_PLACEMENT_3D ( 'NONE', #2982, #2308, #3917 ) ;
#3712 = CARTESIAN_POINT ( 'NONE',  ( -11.42194602273919912, -21.50636846652926337, 0.03222188404730230021 ) ) ;
#3713 = LINE ( 'NONE', #1122, #3896 ) ;
#3714 = ORIENTED_EDGE ( 'NONE', *, *, #2823, .T. ) ;
#3715 = DIRECTION ( 'NONE',  ( -0.9991592618355072952, 0.000000000000000000, 0.04099718878562564478 ) ) ;
#3716 = CARTESIAN_POINT ( 'NONE',  ( 59.39826745182346457, -9.353953579702759313, -4.790949453183035445 ) ) ;
#3717 = ORIENTED_EDGE ( 'NONE', *, *, #3958, .T. ) ;
#3718 = CARTESIAN_POINT ( 'NONE',  ( -20.59979404264126046, 5.513512805276639561, -1.542623035747721305 ) ) ;
#3719 = LINE ( 'NONE', #4028, #1467 ) ;
#3720 = CARTESIAN_POINT ( 'NONE',  ( 52.34605302607611321, 2.169978146757339577, -3.760746376895274246 ) ) ;
#3721 = VERTEX_POINT ( 'NONE', #1983 ) ;
#3722 = AXIS2_PLACEMENT_3D ( 'NONE', #3323, #1687, #148 ) ;
#3723 = CARTESIAN_POINT ( 'NONE',  ( -11.45925385013501874, -0.3854772355949533935, 0.8306984176069381887 ) ) ;
#3724 = CARTESIAN_POINT ( 'NONE',  ( 6.883785494968488905, -16.62760868917907331, -1.061373263245758425 ) ) ;
#3725 = ADVANCED_FACE ( 'NONE', ( #1303 ), #4143, .T. ) ;
#3726 = CARTESIAN_POINT ( 'NONE',  ( 62.48641579219008690, -9.959771843234342725, -4.068171048128999878 ) ) ;
#3727 = CARTESIAN_POINT ( 'NONE',  ( -21.67966631485914419, -33.40331324794558299, 0.3950566679900746614 ) ) ;
#3728 = EDGE_LOOP ( 'NONE', ( #3515, #2903, #620, #2160 ) ) ;
#3729 = CARTESIAN_POINT ( 'NONE',  ( 10.42699304719285003, -18.55682158173675589, 0.8595943815470388216 ) ) ;
#3730 = CARTESIAN_POINT ( 'NONE',  ( -15.66733822187582881, -26.99137124981855251, -1.317886284174262013 ) ) ;
#3731 = FACE_OUTER_BOUND ( 'NONE', #2002, .T. ) ;
#3732 = DIRECTION ( 'NONE',  ( 0.9999998518342840814, -0.0005443633068965226997, 0.000000000000000000 ) ) ;
#3733 = ORIENTED_EDGE ( 'NONE', *, *, #2590, .T. ) ;
#3734 = DIRECTION ( 'NONE',  ( 1.966246612733025489E-08, 0.9999999999999998890, -2.518185781354285324E-18 ) ) ;
#3735 = CARTESIAN_POINT ( 'NONE',  ( 50.21330605780145362, -31.12848903860084704, -2.264230642682586669 ) ) ;
#3736 = MECHANICAL_DESIGN_GEOMETRIC_PRESENTATION_REPRESENTATION (  '', ( #1733 ), #1924 ) ;
#3737 = VERTEX_POINT ( 'NONE', #2589 ) ;
#3738 = CARTESIAN_POINT ( 'NONE',  ( 9.182289731064130933, -6.476866462390806767, -0.3089055198758754450 ) ) ;
#3739 = CARTESIAN_POINT ( 'NONE',  ( 81.38325028584480947, -7.790853845348025608, -7.977785093294897045 ) ) ;
#3740 = CARTESIAN_POINT ( 'NONE',  ( -9.578893593713631915, -4.067746674323867495, 0.8816390107505087670 ) ) ;
#3741 = EDGE_CURVE ( 'NONE', #1603, #3324, #3885, .T. ) ;
#3742 = ORIENTED_EDGE ( 'NONE', *, *, #1860, .F. ) ;
#3743 = CARTESIAN_POINT ( 'NONE',  ( -72.11129381633308810, -1.571431512466895164, -15.23888633471938370 ) ) ;
#3744 = FACE_BOUND ( 'NONE', #1107, .T. ) ;
#3745 = CARTESIAN_POINT ( 'NONE',  ( -62.48657761812643230, -9.959804985429737911, -4.068188793777547829 ) ) ;
#3746 = CARTESIAN_POINT ( 'NONE',  ( 10.79325605214787309, -20.06147593205301405, -0.3504996929709371378 ) ) ;
#3747 = CARTESIAN_POINT ( 'NONE',  ( 21.86749820196519778, -30.31020331658562483, 0.3830701671245932971 ) ) ;
#3748 = CARTESIAN_POINT ( 'NONE',  ( 51.84150303520015513, -26.31340229536778708, -3.288044733455569801 ) ) ;
#3749 = EDGE_CURVE ( 'NONE', #3431, #3754, #7, .T. ) ;
#3750 = CARTESIAN_POINT ( 'NONE',  ( -26.69735940333145052, 4.019736236216640002, 0.09303662669987430855 ) ) ;
#3751 = ORIENTED_EDGE ( 'NONE', *, *, #650, .F. ) ;
#3752 = CARTESIAN_POINT ( 'NONE',  ( -59.39826745182350720, -9.353953579702766419, -4.790949453183027451 ) ) ;
#3753 = CARTESIAN_POINT ( 'NONE',  ( 58.07544041496858966, -1.773716417801381340, -3.373706942233221540 ) ) ;
#3754 = VERTEX_POINT ( 'NONE', #1608 ) ;
#3755 = CARTESIAN_POINT ( 'NONE',  ( -8.728473713316333260, 1.287572035498690148, -1.098723221247326132 ) ) ;
#3756 = CARTESIAN_POINT ( 'NONE',  ( 8.267490356062408452, 1.164669439050466382, -0.4761704538406720255 ) ) ;
#3757 = CARTESIAN_POINT ( 'NONE',  ( 56.52884899597769675, -24.90322680848372272, -5.164396660716898957 ) ) ;
#3758 = CARTESIAN_POINT ( 'NONE',  ( 31.40664536589164868, -31.62509332549633001, -1.472589682921640275 ) ) ;
#3759 = ORIENTED_EDGE ( 'NONE', *, *, #3033, .T. ) ;
#3760 = CARTESIAN_POINT ( 'NONE',  ( -9.672662202461031811, -3.468511430457866140, 0.8793454396381682470 ) ) ;
#3761 = DIRECTION ( 'NONE',  ( 0.9916034532735665818, 0.000000000000000000, 0.1293158592591708012 ) ) ;
#3762 = CARTESIAN_POINT ( 'NONE',  ( 71.61129374225021138, -1.571431512466895164, -15.23888633471938370 ) ) ;
#3763 = CARTESIAN_POINT ( 'NONE',  ( -9.351535363072283502, -13.78996542475779030, -0.3131063924771154139 ) ) ;
#3764 = CARTESIAN_POINT ( 'NONE',  ( -7.668799275279444494, -19.91870787944232646, 0.9243544433528988469 ) ) ;
#3765 = ADVANCED_FACE ( 'NONE', ( #1962 ), #1481, .T. ) ;
#3766 = CARTESIAN_POINT ( 'NONE',  ( 10.37524671703115331, -18.56116120114164758, -0.4725256210111039579 ) ) ;
#3767 = CARTESIAN_POINT ( 'NONE',  ( -33.58426558085903224, -31.58563090861623479, -0.4557945497906309429 ) ) ;
#3768 = ORIENTED_EDGE ( 'NONE', *, *, #100, .F. ) ;
#3769 = CARTESIAN_POINT ( 'NONE',  ( -10.42665669773803216, -18.55691319536747841, 0.8596157923531517753 ) ) ;
#3770 = ADVANCED_FACE ( 'NONE', ( #1266 ), #2551, .F. ) ;
#3771 = CARTESIAN_POINT ( 'NONE',  ( -54.61552303293980515, -27.84792790528265982, -2.865526874587438044 ) ) ;
#3772 = CARTESIAN_POINT ( 'NONE',  ( -57.44524091399227217, -1.144761270703875677, -4.492110087126294893 ) ) ;
#3773 = ORIENTED_EDGE ( 'NONE', *, *, #1195, .F. ) ;
#3774 = CYLINDRICAL_SURFACE ( 'NONE', #862, 48.40115660687060029 ) ;
#3775 = CARTESIAN_POINT ( 'NONE',  ( 51.57228124856687401, 6.370305151598564919, -3.025204974831950278 ) ) ;
#3776 = FACE_OUTER_BOUND ( 'NONE', #1001, .T. ) ;
#3777 = ADVANCED_FACE ( 'NONE', ( #1627 ), #2274, .F. ) ;
#3778 = CARTESIAN_POINT ( 'NONE',  ( -11.42087517577047251, -21.50465252345873424, 0.03225398200342034088 ) ) ;
#3779 = ORIENTED_EDGE ( 'NONE', *, *, #3846, .T. ) ;
#3780 = FACE_OUTER_BOUND ( 'NONE', #3888, .T. ) ;
#3781 = STYLED_ITEM ( 'NONE', ( #287 ), #2047 ) ;
#3782 = ORIENTED_EDGE ( 'NONE', *, *, #1333, .F. ) ;
#3783 = AXIS2_PLACEMENT_3D ( 'NONE', #1995, #3632, #3568 ) ;
#3784 = FACE_OUTER_BOUND ( 'NONE', #315, .T. ) ;
#3785 = CARTESIAN_POINT ( 'NONE',  ( 20.32365793672473941, 2.926682245759319567, 0.4803955776283594381 ) ) ;
#3786 = CARTESIAN_POINT ( 'NONE',  ( -9.745798736232458737, -16.20800041507248679, -0.3223484450992620820 ) ) ;
#3787 = CARTESIAN_POINT ( 'NONE',  ( -20.39060667199559163, -29.86258369774621002, 0.4659643476614234170 ) ) ;
#3788 = CARTESIAN_POINT ( 'NONE',  ( -34.80455893903295106, 4.460158123755673110, -0.5643341160703867487 ) ) ;
#3789 = ORIENTED_EDGE ( 'NONE', *, *, #3911, .T. ) ;
#3790 = CARTESIAN_POINT ( 'NONE',  ( -57.87140086819723450, -22.56715003291990129, -5.363333792382562137 ) ) ;
#3791 = FACE_OUTER_BOUND ( 'NONE', #500, .T. ) ;
#3792 = CARTESIAN_POINT ( 'NONE',  ( -53.33168120624021213, -24.67983492730151696, -3.896010198756194143 ) ) ;
#3793 = ORIENTED_EDGE ( 'NONE', *, *, #1473, .F. ) ;
#3794 = CARTESIAN_POINT ( 'NONE',  ( -7.288535999987847624, -18.82928914786610974, -1.068809896858182062 ) ) ;
#3795 = UNCERTAINTY_MEASURE_WITH_UNIT (LENGTH_MEASURE( 1.000000000000000082E-05 ), #879, 'distance_accuracy_value', 'NONE');
#3796 = DIRECTION ( 'NONE',  ( -0.9892309349853940503, 0.000000000000000000, 0.1463631007731221179 ) ) ;
#3797 = AXIS2_PLACEMENT_3D ( 'NONE', #803, #4017, #3802 ) ;
#3798 = CARTESIAN_POINT ( 'NONE',  ( -52.34605302607556609, 2.169978146757524762, -3.760746376895218734 ) ) ;
#3799 = EDGE_LOOP ( 'NONE', ( #3940, #2857, #2925, #1148 ) ) ;
#3800 = ADVANCED_FACE ( 'NONE', ( #1114, #91 ), #1365, .F. ) ;
#3801 = FILL_AREA_STYLE ('',( #372 ) ) ;
#3802 = DIRECTION ( 'NONE',  ( -0.9957367615292023189, 0.000000000000000000, -0.09224045608807758534 ) ) ;
#3803 = ORIENTED_EDGE ( 'NONE', *, *, #1208, .T. ) ;
#3804 = CARTESIAN_POINT ( 'NONE',  ( 55.39156058818431916, -21.21479551249522189, -3.783080704669473882 ) ) ;
#3805 = CARTESIAN_POINT ( 'NONE',  ( 7.373011761815823739, -18.83657804063573238, 0.9299480665561890014 ) ) ;
#3806 = CARTESIAN_POINT ( 'NONE',  ( -6.966793510052681881, -16.62942375605076606, 0.9374606682674184732 ) ) ;
#3807 = COLOUR_RGB ( '',1.000000000000000000, 1.000000000000000000, 1.000000000000000000 ) ;
#3808 = CARTESIAN_POINT ( 'NONE',  ( -10.64040122191435600, -1.286884224528925813, 0.05387198300711255883 ) ) ;
#3809 = VECTOR ( 'NONE', #1900, 1000.000000000000227 ) ;
#3810 = CARTESIAN_POINT ( 'NONE',  ( 5.721287178276598162, -7.397946776921730638, 1.168688416401690633 ) ) ;
#3811 = FACE_OUTER_BOUND ( 'NONE', #1755, .T. ) ;
#3812 = CARTESIAN_POINT ( 'NONE',  ( 49.92035844432645320, -27.67897668314269666, -4.243670039711472164 ) ) ;
#3813 = DIRECTION ( 'NONE',  ( 4.884682305490612792E-17, 1.000000000000000000, 2.666878455998264135E-17 ) ) ;
#3814 = CYLINDRICAL_SURFACE ( 'NONE', #3968, 46.46921927202586033 ) ;
#3815 = VERTEX_POINT ( 'NONE', #132 ) ;
#3816 = DIRECTION ( 'NONE',  ( -0.09044333187633739335, 4.347250130113495552E-15, -0.9959016034323404654 ) ) ;
#3817 = CARTESIAN_POINT ( 'NONE',  ( -41.11528434306843849, 4.185493468708359366, -3.194021313812493545 ) ) ;
#3818 = B_SPLINE_CURVE_WITH_KNOTS ( 'NONE', 3,
 ( #3881, #1341, #2947, #3903, #1320, #2864, #43, #2234, #1301, #2610, #1002, #2294 ),
 .UNSPECIFIED., .F., .F.,
 ( 4, 2, 2, 2, 2, 4 ),
 ( 2.774381459773164099E-10, 0.001699138729634033307, 0.003398277181829920373, 0.004247846407927863797, 0.005097415634025810258, 0.006796554086221675423 ),
 .UNSPECIFIED. ) ;
#3819 = CARTESIAN_POINT ( 'NONE',  ( 11.18806871861161412, -0.5988813417257697891, -1.162233114380801791 ) ) ;
#3820 = EDGE_LOOP ( 'NONE', ( #1492, #3314, #3609, #3293 ) ) ;
#3821 = CARTESIAN_POINT ( 'NONE',  ( 13.02071215339172028, -24.14537792230309776, -1.219507731205498713 ) ) ;
#3822 = ORIENTED_EDGE ( 'NONE', *, *, #236, .F. ) ;
#3823 = CARTESIAN_POINT ( 'NONE',  ( 39.23243782350529330, 7.594030619484968270, -2.998202228034270167 ) ) ;
#3824 = EDGE_LOOP ( 'NONE', ( #2777, #1061, #823, #1133 ) ) ;
#3825 = CARTESIAN_POINT ( 'NONE',  ( -45.34633147828134980, -29.68438110995217372, -3.669717421699221216 ) ) ;
#3826 = DIRECTION ( 'NONE',  ( -0.1431291594815635726, 4.337344528946357501E-15, 0.9897040182327750957 ) ) ;
#3827 = ADVANCED_FACE ( 'NONE', ( #3970 ), #1090, .F. ) ;
#3828 = CARTESIAN_POINT ( 'NONE',  ( -13.98890673045830901, 1.148922094363605595, -0.05294645060066605069 ) ) ;
#3829 = CARTESIAN_POINT ( 'NONE',  ( -47.67023720998527381, 7.028927331064123152, -3.326354849118115631 ) ) ;
#3830 = ORIENTED_EDGE ( 'NONE', *, *, #3577, .F. ) ;
#3831 = CARTESIAN_POINT ( 'NONE',  ( 9.447500210553636535, -13.75607924939989246, 0.8849376271796743909 ) ) ;
#3832 = EDGE_CURVE ( 'NONE', #3892, #3150, #3352, .T. ) ;
#3833 = CARTESIAN_POINT ( 'NONE',  ( 59.07329869927009014, -3.680698829769927460, -3.526321410919095900 ) ) ;
#3834 = CARTESIAN_POINT ( 'NONE',  ( 66.98417885191005894, 1.028568487533104481, -6.860355988447369491 ) ) ;
#3835 = ORIENTED_EDGE ( 'NONE', *, *, #483, .F. ) ;
#3836 = CARTESIAN_POINT ( 'NONE',  ( -15.44476346519422627, -30.60449175614048656, -1.308085981863585712 ) ) ;
#3837 = UNCERTAINTY_MEASURE_WITH_UNIT (LENGTH_MEASURE( 1.000000000000000082E-05 ), #267, 'distance_accuracy_value', 'NONE');
#3838 = CARTESIAN_POINT ( 'NONE',  ( 67.33147513932385664, -5.972304432543244168, -4.890740771739674919 ) ) ;
#3839 = CARTESIAN_POINT ( 'NONE',  ( 17.07650365562444250, 2.150000493848058802, -0.5649040518558239299 ) ) ;
#3840 = CARTESIAN_POINT ( 'NONE',  ( 9.555686756629947709, -4.067225507411745156, 0.08199263675456869294 ) ) ;
#3841 = B_SPLINE_CURVE_WITH_KNOTS ( 'NONE', 3,
 ( #2894, #1255, #4154, #919 ),
 .UNSPECIFIED., .F., .F.,
 ( 4, 4 ),
 ( 0.000000000000000000, 0.4987999949150138113 ),
 .UNSPECIFIED. ) ;
#3842 = CARTESIAN_POINT ( 'NONE',  ( 15.66086979333184281, -26.96901604385080020, -1.317919926046621004 ) ) ;
#3843 = CARTESIAN_POINT ( 'NONE',  ( 24.27404672062567315, 6.304697563772682756, -1.762527300750190262 ) ) ;
#3844 = ORIENTED_EDGE ( 'NONE', *, *, #1076, .T. ) ;
#3845 = CARTESIAN_POINT ( 'NONE',  ( 8.769844120516106400, 1.296081811426298858, 0.9007644865471853279 ) ) ;
#3846 = EDGE_CURVE ( 'NONE', #3105, #118, #125, .T. ) ;
#3847 = CARTESIAN_POINT ( 'NONE',  ( -4.030801139315241421, -8.867433818977792370, 0.3800456481175772949 ) ) ;
#3848 = CARTESIAN_POINT ( 'NONE',  ( -17.06685004387948013, 4.614245537124638474, -0.7533520923506370481 ) ) ;
#3849 = CARTESIAN_POINT ( 'NONE',  ( -67.10022206744555717, -5.972299720487783681, -6.202242209890657776 ) ) ;
#3850 = CARTESIAN_POINT ( 'NONE',  ( 9.741471222838214317, -15.56651442464019830, 0.8776241351996909579 ) ) ;
#3851 = CARTESIAN_POINT ( 'NONE',  ( 66.98417885191005894, 1.027496301198058903, -12.23888633471946363 ) ) ;
#3852 = DIRECTION ( 'NONE',  ( -4.625929269271484533E-15, 0.000000000000000000, 1.000000000000000000 ) ) ;
#3853 = EDGE_LOOP ( 'NONE', ( #1241, #2615, #2948, #2654 ) ) ;
#3854 = CARTESIAN_POINT ( 'NONE',  ( 26.96160485657889083, -34.34749586598906745, -1.937359846053585022 ) ) ;
#3855 = CARTESIAN_POINT ( 'NONE',  ( 9.522627960318182261, -4.066707890778600287, -1.117532755479633266 ) ) ;
#3856 = APPLICATION_PROTOCOL_DEFINITION ( 'draft international standard', 'automotive_design', 1998, #1609 ) ;
#3857 = CARTESIAN_POINT ( 'NONE',  ( -49.10395011529469400, 3.017581654879105901, -4.125034032920175342 ) ) ;
#3858 = B_SPLINE_CURVE_WITH_KNOTS ( 'NONE', 3,
 ( #3289, #2011, #2682, #402 ),
 .UNSPECIFIED., .F., .F.,
 ( 4, 4 ),
 ( 0.000000000000000000, 1.000000000000000000 ),
 .UNSPECIFIED. ) ;
#3859 = CARTESIAN_POINT ( 'NONE',  ( 65.41338472185229591, -6.355043942502103249, -4.557396546775883017 ) ) ;
#3860 = CARTESIAN_POINT ( 'NONE',  ( 44.47061291985261278, 7.299330439082496014, -1.556540992816705549 ) ) ;
#3861 = EDGE_CURVE ( 'NONE', #2650, #3921, #2025, .T. ) ;
#3862 = CARTESIAN_POINT ( 'NONE',  ( 47.41157415211824144, -28.99203072184941732, -2.715594255461417639 ) ) ;
#3863 = ORIENTED_EDGE ( 'NONE', *, *, #2225, .F. ) ;
#3864 = CARTESIAN_POINT ( 'NONE',  ( 74.33232441199879759, -5.972304432543244168, -15.23888633471944054 ) ) ;
#3865 = CARTESIAN_POINT ( 'NONE',  ( -9.645394742100753760, -3.473169550786899595, 0.07977642203539538068 ) ) ;
#3866 = SURFACE_SIDE_STYLE ('',( #1629 ) ) ;
#3867 = ORIENTED_EDGE ( 'NONE', *, *, #3749, .T. ) ;
#3868 = CARTESIAN_POINT ( 'NONE',  ( -53.86082626633994863, -24.03671757768189821, -2.758863082383185450 ) ) ;
#3869 = DIRECTION ( 'NONE',  ( 0.9988849664658578931, 0.000000000000000000, -0.04721042012630147222 ) ) ;
#3870 = CARTESIAN_POINT ( 'NONE',  ( -56.52855893738279747, -24.90305529588341926, -5.164358709820375815 ) ) ;
#3871 = EDGE_LOOP ( 'NONE', ( #2685, #3830 ) ) ;
#3872 =( LENGTH_UNIT ( ) NAMED_UNIT ( * ) SI_UNIT ( .MILLI., .METRE. ) );
#3873 = CARTESIAN_POINT ( 'NONE',  ( 9.251872517019569031, -12.54853036608533934, -1.110959694194432856 ) ) ;
#3874 = CARTESIAN_POINT ( 'NONE',  ( -74.53576572475900264, 1.027496301198058903, -8.281738684076112023 ) ) ;
#3875 = EDGE_CURVE ( 'NONE', #23, #3034, #3695, .T. ) ;
#3876 = CARTESIAN_POINT ( 'NONE',  ( -49.22265559236435450, 3.005179513590079843, -3.333844015281532958 ) ) ;
#3877 = CARTESIAN_POINT ( 'NONE',  ( -20.70974279606455326, 5.514309207376678401, 0.4543965082701693636 ) ) ;
#3878 = CARTESIAN_POINT ( 'NONE',  ( 2.778796208560207148, -8.248874924536295339, -1.009954972274746732 ) ) ;
#3879 = SURFACE_STYLE_USAGE ( .BOTH. , #1978 ) ;
#3880 = ORIENTED_EDGE ( 'NONE', *, *, #3344, .T. ) ;
#3881 = CARTESIAN_POINT ( 'NONE',  ( -66.98417879198578362, -5.972304474962074394, -6.860356279145685576 ) ) ;
#3882 = ORIENTED_EDGE ( 'NONE', *, *, #2268, .F. ) ;
#3883 = B_SPLINE_CURVE_WITH_KNOTS ( 'NONE', 3,
 ( #1488, #1746, #1424, #1080, #120, #3672, #495, #2417, #1166, #2456 ),
 .UNSPECIFIED., .F., .F.,
 ( 4, 2, 2, 2, 4 ),
 ( 0.000000000000000000, 0.2500000000000000000, 0.5000000000000000000, 0.7500000000000000000, 1.000000000000000000 ),
 .UNSPECIFIED. ) ;
#3884 = CARTESIAN_POINT ( 'NONE',  ( 23.26861726477444847, -30.68629387014524568, -1.702411614934511652 ) ) ;
#3885 = B_SPLINE_CURVE_WITH_KNOTS ( 'NONE', 3,
 ( #3884, #3905, #686, #2216 ),
 .UNSPECIFIED., .F., .F.,
 ( 4, 4 ),
 ( 0.000000000000000000, 1.000000000000000000 ),
 .UNSPECIFIED. ) ;
#3886 = CARTESIAN_POINT ( 'NONE',  ( -5.419611361121403625, -10.18390284179582395, 1.162738672506192117 ) ) ;
#3887 = CARTESIAN_POINT ( 'NONE',  ( -24.63898029956162006, 6.491929769951054752, -0.3596468379093459289 ) ) ;
#3888 = EDGE_LOOP ( 'NONE', ( #457, #3139, #3282, #2640 ) ) ;
#3889 = CARTESIAN_POINT ( 'NONE',  ( 71.86096730968294821, -2.171158856683157001, -15.23888633471938370 ) ) ;
#3890 = EDGE_CURVE ( 'NONE', #3737, #773, #2342, .T. ) ;
#3891 = CARTESIAN_POINT ( 'NONE',  ( 53.86111696667276760, -24.03690735335050377, -2.758903840032671528 ) ) ;
#3892 = VERTEX_POINT ( 'NONE', #153 ) ;
#3893 = PRESENTATION_STYLE_ASSIGNMENT (( #2372 ) ) ;
#3894 = CARTESIAN_POINT ( 'NONE',  ( -31.40657485876999289, -31.62516646220151628, -1.472584308800152231 ) ) ;
#3895 = CARTESIAN_POINT ( 'NONE',  ( 2.787747963373539584, -8.246449972737567080, 0.9900325346068712395 ) ) ;
#3896 = VECTOR ( 'NONE', #3732, 1000.000000000000114 ) ;
#3897 = EDGE_CURVE ( 'NONE', #118, #1217, #1777, .T. ) ;
#3898 = CARTESIAN_POINT ( 'NONE',  ( -59.23985738231743881, -4.425573612006055590, -4.361506691635698374 ) ) ;
#3899 = CARTESIAN_POINT ( 'NONE',  ( -52.50668674978268768, 2.162940687080963542, -2.571652550467943055 ) ) ;
#3900 = CARTESIAN_POINT ( 'NONE',  ( -6.070403962760127392, -11.38897154407685086, -1.047728926591230181 ) ) ;
#3901 = CARTESIAN_POINT ( 'NONE',  ( 81.52219917711705932, -7.790853845348025608, -7.189944410192043556 ) ) ;
#3902 = ORIENTED_EDGE ( 'NONE', *, *, #2027, .F. ) ;
#3903 = CARTESIAN_POINT ( 'NONE',  ( -64.80207895671647123, -6.456433648121952196, -6.481664234011882186 ) ) ;
#3904 = VERTEX_POINT ( 'NONE', #3600 ) ;
#3905 = CARTESIAN_POINT ( 'NONE',  ( 23.30886501051325155, -30.68613493008231430, -1.036971836937431224 ) ) ;
#3906 = CARTESIAN_POINT ( 'NONE',  ( 8.769844120516106400, 1.296081811426298858, 0.9007644865471853279 ) ) ;
#3907 = CARTESIAN_POINT ( 'NONE',  ( -61.55988661215849334, 3.413243352908217343, -6.128231451711010358 ) ) ;
#3908 = CARTESIAN_POINT ( 'NONE',  ( 59.34329752832409355, -5.028276267352763007, -4.782387471926417888 ) ) ;
#3909 = CARTESIAN_POINT ( 'NONE',  ( 72.11096727264151696, -2.171294947509881279, -15.23888633471938370 ) ) ;
#3910 = CARTESIAN_POINT ( 'NONE',  ( -58.74000288264475245, -3.262331830609334293, -4.689098720210504112 ) ) ;
#3911 = EDGE_CURVE ( 'NONE', #2755, #3921, #4067, .T. ) ;
#3912 = MECHANICAL_DESIGN_GEOMETRIC_PRESENTATION_REPRESENTATION (  '', ( #3056 ), #357 ) ;
#3913 = CARTESIAN_POINT ( 'NONE',  ( 52.34605302607611321, 2.169978146757367554, -3.760746376895317766 ) ) ;
#3914 = ORIENTED_EDGE ( 'NONE', *, *, #3655, .T. ) ;
#3915 =( NAMED_UNIT ( * ) PLANE_ANGLE_UNIT ( ) SI_UNIT ( $, .RADIAN. ) );
#3916 = CARTESIAN_POINT ( 'NONE',  ( -29.91076790553543674, 4.341710135934352621, -0.9439684159004531061 ) ) ;
#3917 = DIRECTION ( 'NONE',  ( -0.9999998518342840814, 0.0005443633068966335052, 0.000000000000000000 ) ) ;
#3918 = CARTESIAN_POINT ( 'NONE',  ( -18.27648738535624773, 4.855855279335129282, 0.5765051158395372299 ) ) ;
#3919 = CARTESIAN_POINT ( 'NONE',  ( -2.981412520740878591, -8.344142036996256451, -1.011472624242561125 ) ) ;
#3920 = PLANE ( 'NONE',  #3722 ) ;
#3921 = VERTEX_POINT ( 'NONE', #2318 ) ;
#3922 = CARTESIAN_POINT ( 'NONE',  ( 71.36129370520879434, -1.571431512466895164, -15.23888633471938370 ) ) ;
#3923 = EDGE_LOOP ( 'NONE', ( #2378, #2064, #4064, #3113, #2923 ) ) ;
#3924 = B_SPLINE_CURVE_WITH_KNOTS ( 'NONE', 3,
 ( #1721, #2598, #364, #2618, #117, #1397, #2013, #3231, #1351, #2978, #3891, #652 ),
 .UNSPECIFIED., .F., .F.,
 ( 4, 2, 2, 2, 2, 4 ),
 ( 1.442126069979680608E-13, 0.002239065363543121107, 0.003358598045242565736, 0.004478130726942011232, 0.006717196090340916970, 0.008956261453739823575 ),
 .UNSPECIFIED. ) ;
#3925 = CARTESIAN_POINT ( 'NONE',  ( -56.52855893738279747, -24.90305529588341926, -5.164358709820375815 ) ) ;
#3926 = CIRCLE ( 'NONE', #3178, 0.4999999999999796829 ) ;
#3927 = CARTESIAN_POINT ( 'NONE',  ( 6.864615655498146118, -14.22371950113054595, 1.139247701720311756 ) ) ;
#3928 = CARTESIAN_POINT ( 'NONE',  ( 3.008424598532020600, -0.4044161024127411741, -1.011002913535687053 ) ) ;
#3929 = CARTESIAN_POINT ( 'NONE',  ( 72.36270890600181360, -5.972304474962074394, -15.23888628320016458 ) ) ;
#3930 = CARTESIAN_POINT ( 'NONE',  ( -72.36096723560009991, -2.171431038336605113, -15.23888633471938370 ) ) ;
#3931 =( BOUNDED_CURVE ( )  B_SPLINE_CURVE ( 3, ( #3838, #195, #818, #2807 ),
 .UNSPECIFIED., .F., .F. ) 
 B_SPLINE_CURVE_WITH_KNOTS ( ( 4, 4 ),
 ( 4.711016160407407227, 4.712388980383217074 ),
 .UNSPECIFIED. ) 
 CURVE ( )  GEOMETRIC_REPRESENTATION_ITEM ( )  RATIONAL_B_SPLINE_CURVE ( ( 1.000000000000000000, 0.9999998429471156358, 0.9999998429471156358, 1.000000000000000000 ) ) 
 REPRESENTATION_ITEM ( '' )  );
#3932 = CARTESIAN_POINT ( 'NONE',  ( -50.17894685546545475, -27.69859452673880540, -2.260035419735105133 ) ) ;
#3933 = CARTESIAN_POINT ( 'NONE',  ( 29.88055865413202028, 4.341839787007422125, -1.342847000352831888 ) ) ;
#3934 = ORIENTED_EDGE ( 'NONE', *, *, #3660, .T. ) ;
#3935 = SURFACE_STYLE_FILL_AREA ( #119 ) ;
#3936 = CARTESIAN_POINT ( 'NONE',  ( -59.28153533113967200, -9.355247069915128222, -5.582328043439863663 ) ) ;
#3937 = FILL_AREA_STYLE_COLOUR ( '', #4120 ) ;
#3938 = CARTESIAN_POINT ( 'NONE',  ( 47.41157415211824144, -28.99203072184941732, -2.715594255461375894 ) ) ;
#3939 = FACE_OUTER_BOUND ( 'NONE', #2866, .T. ) ;
#3940 = ORIENTED_EDGE ( 'NONE', *, *, #918, .F. ) ;
#3941 = CARTESIAN_POINT ( 'NONE',  ( 6.058994959423991133, -11.39121511058865188, -1.047573373381121220 ) ) ;
#3942 = CARTESIAN_POINT ( 'NONE',  ( -11.18235626342841016, -0.6047642473233352245, -1.162067543789353286 ) ) ;
#3943 = ORIENTED_EDGE ( 'NONE', *, *, #529, .T. ) ;
#3944 = CARTESIAN_POINT ( 'NONE',  ( -29.91076790553543674, 4.341710135934352621, -0.9439684159004071429 ) ) ;
#3945 = ADVANCED_FACE ( 'NONE', ( #1521 ), #1066, .T. ) ;
#3946 = ORIENTED_EDGE ( 'NONE', *, *, #3290, .F. ) ;
#3947 = CARTESIAN_POINT ( 'NONE',  ( -52.35785589792356376, -25.83769692428442610, -3.760624728254587268 ) ) ;
#3948 = DIRECTION ( 'NONE',  ( -0.9999999999999997780, -2.153660471889033782E-08, 0.000000000000000000 ) ) ;
#3949 = DIRECTION ( 'NONE',  ( 0.1427778729813077019, -1.084238558021670469E-15, 0.9897547569913134335 ) ) ;
#3950 = B_SPLINE_CURVE_WITH_KNOTS ( 'NONE', 3,
 ( #528, #511, #1486, #1462, #3669, #201 ),
 .UNSPECIFIED., .F., .F.,
 ( 4, 2, 4 ),
 ( 0.000000000000000000, 0.5000000000000000000, 1.000000000000000000 ),
 .UNSPECIFIED. ) ;
#3951 = B_SPLINE_CURVE_WITH_KNOTS ( 'NONE', 3,
 ( #3397, #220, #510, #1782, #3063, #2770, #2052, #1438, #3994, #4016 ),
 .UNSPECIFIED., .F., .F.,
 ( 4, 2, 2, 2, 4 ),
 ( 0.000000000000000000, 0.2500000000000000000, 0.5000000000000000000, 0.7500000000000000000, 1.000000000000000000 ),
 .UNSPECIFIED. ) ;
#3952 = DIRECTION ( 'NONE',  ( -4.625929269271484533E-15, 0.000000000000000000, 1.000000000000000000 ) ) ;
#3953 = CARTESIAN_POINT ( 'NONE',  ( 52.34605302607628374, 2.169978146757343573, -3.760746376895317766 ) ) ;
#3954 = CARTESIAN_POINT ( 'NONE',  ( 31.43914509817658498, -31.62509332549632290, -1.073906564222460336 ) ) ;
#3955 = CARTESIAN_POINT ( 'NONE',  ( 52.41632991280302889, 2.162667515611191416, -3.232167798305519923 ) ) ;
#3956 = CARTESIAN_POINT ( 'NONE',  ( 71.56913536789227237, -2.170999994058727456, -14.83288868384772563 ) ) ;
#3957 = ORIENTED_EDGE ( 'NONE', *, *, #3501, .F. ) ;
#3958 = EDGE_CURVE ( 'NONE', #214, #2024, #3601, .T. ) ;
#3959 = CARTESIAN_POINT ( 'NONE',  ( -72.11129381633308810, -1.571431512466895164, -15.23888633471938370 ) ) ;
#3960 = CARTESIAN_POINT ( 'NONE',  ( -55.04095668410097630, 0.9185000180477330689, -4.946910485939196356 ) ) ;
#3961 = CARTESIAN_POINT ( 'NONE',  ( 45.49568972344384576, -29.67361162272043273, -2.479063568665941908 ) ) ;
#3962 = CARTESIAN_POINT ( 'NONE',  ( -11.10272639122067950, 2.312094628419217202, 0.8428228360005477482 ) ) ;
#3963 = ORIENTED_EDGE ( 'NONE', *, *, #570, .F. ) ;
#3964 = CARTESIAN_POINT ( 'NONE',  ( -6.591551656608989340, -12.84445588877127520, -1.056318959523122381 ) ) ;
#3965 = CARTESIAN_POINT ( 'NONE',  ( -9.522598872476157439, -4.066703691913454044, -1.117531654426466625 ) ) ;
#3966 = ORIENTED_EDGE ( 'NONE', *, *, #685, .F. ) ;
#3967 = CARTESIAN_POINT ( 'NONE',  ( 10.36161553534746282, -1.805323648316183638, 0.8615642948357620234 ) ) ;
#3968 = AXIS2_PLACEMENT_3D ( 'NONE', #957, #2187, #3133 ) ;
#3969 = ORIENTED_EDGE ( 'NONE', *, *, #3890, .T. ) ;
#3970 = FACE_OUTER_BOUND ( 'NONE', #3476, .T. ) ;
#3971 = CARTESIAN_POINT ( 'NONE',  ( 6.473473064272191380, -16.47775753404175703, -1.254349872387894527 ) ) ;
#3972 = CARTESIAN_POINT ( 'NONE',  ( 0.7553760875925640272, -0.5960257825026067380, -1.000556816100717228 ) ) ;
#3973 = CARTESIAN_POINT ( 'NONE',  ( 20.31561744932376357, -29.85481788596217356, -0.7317531622798860713 ) ) ;
#3974 = CARTESIAN_POINT ( 'NONE',  ( -13.98890673045830901, 1.148922094363605595, -0.05294645060066605069 ) ) ;
#3975 = CARTESIAN_POINT ( 'NONE',  ( -20.27845102111992404, -29.85398151820999502, -1.530901218968757638 ) ) ;
#3976 = CARTESIAN_POINT ( 'NONE',  ( -22.75457992096941595, -33.62592830829651547, -0.3360657122722816581 ) ) ;
#3977 = CARTESIAN_POINT ( 'NONE',  ( 6.829398364620291595, -14.37197475349328002, 0.9395797310053517482 ) ) ;
#3978 = CARTESIAN_POINT ( 'NONE',  ( 36.35460775658133059, 4.516432370505198080, -2.703183856768106796 ) ) ;
#3979 = DIRECTION ( 'NONE',  ( -0.9848077530122067991, -2.120941530072250246E-08, 0.1736481776669358545 ) ) ;
#3980 = CARTESIAN_POINT ( 'NONE',  ( 37.54163183405613324, -31.33408441660167654, -1.620040040736861364 ) ) ;
#3981 = CARTESIAN_POINT ( 'NONE',  ( 51.79359030309496603, -30.20290575279495471, -2.474567999840630250 ) ) ;
#3982 = AXIS2_PLACEMENT_3D ( 'NONE', #1137, #3949, #821 ) ;
#3983 = VERTEX_POINT ( 'NONE', #4098 ) ;
#3984 = CARTESIAN_POINT ( 'NONE',  ( -22.67608642861552326, -33.62649283098895836, -1.667057767364614307 ) ) ;
#3985 = CARTESIAN_POINT ( 'NONE',  ( 28.52920603850634862, 7.115914183442288987, 0.1753019328870164539 ) ) ;
#3986 = CARTESIAN_POINT ( 'NONE',  ( 64.32851938454804497, -6.755660768551822848, -6.401571215312066521 ) ) ;
#3987 = VERTEX_POINT ( 'NONE', #817 ) ;
#3988 = CARTESIAN_POINT ( 'NONE',  ( -52.99841195229916480, 2.010187419662546660, -3.446191109716163492 ) ) ;
#3989 = EDGE_CURVE ( 'NONE', #3201, #3987, #4074, .T. ) ;
#3990 = CARTESIAN_POINT ( 'NONE',  ( 4.765641028524283840, -9.477908308251766556, 0.3714806137926655594 ) ) ;
#3991 = CIRCLE ( 'NONE', #2395, 0.2500000000000037192 ) ;
#3992 = CARTESIAN_POINT ( 'NONE',  ( 0.3806637870512694644, -0.6060632677129881296, -1.000006594020322881 ) ) ;
#3993 = CARTESIAN_POINT ( 'NONE',  ( 58.16512492801482637, -22.56634164144630361, -3.385020210294974685 ) ) ;
#3994 = CARTESIAN_POINT ( 'NONE',  ( 9.635423966453004141, -3.473169532922944391, -0.3200992989547344902 ) ) ;
#3995 = CYLINDRICAL_SURFACE ( 'NONE', #3797, 48.40168864916725511 ) ;
#3996 = CARTESIAN_POINT ( 'NONE',  ( 13.97444591346516063, 1.148922094363814761, -0.4526849711010587640 ) ) ;
#3997 = CARTESIAN_POINT ( 'NONE',  ( 17.15138977070070680, 2.147228552081687170, 0.6331344505373540654 ) ) ;
#3998 = CARTESIAN_POINT ( 'NONE',  ( 29.87005908420525557, 4.276497177770600899, -2.157359849111632144 ) ) ;
#3999 = CARTESIAN_POINT ( 'NONE',  ( -63.99378420912760390, -7.276134807044761565, -4.317168379125917888 ) ) ;
#4000 = CARTESIAN_POINT ( 'NONE',  ( -59.58424163687718789, -8.744268346357079835, -4.415062714542477451 ) ) ;
#4001 = FACE_OUTER_BOUND ( 'NONE', #437, .T. ) ;
#4002 = ORIENTED_EDGE ( 'NONE', *, *, #2843, .F. ) ;
#4003 = CARTESIAN_POINT ( 'NONE',  ( -31.73029148856733883, 7.355643865705659756, -2.305178908821313488 ) ) ;
#4004 = EDGE_CURVE ( 'NONE', #3073, #1170, #2748, .T. ) ;
#4005 = CARTESIAN_POINT ( 'NONE',  ( 58.90237779689251596, 4.425642715306498332, -4.892263390812675361 ) ) ;
#4006 = CARTESIAN_POINT ( 'NONE',  ( 9.545808712541301588, -4.067225507411745156, -0.3178853749501997505 ) ) ;
#4007 = AXIS2_PLACEMENT_3D ( 'NONE', #1461, #4060, #2389 ) ;
#4008 = ORIENTED_EDGE ( 'NONE', *, *, #2401, .F. ) ;
#4009 = CYLINDRICAL_SURFACE ( 'NONE', #900, 16.89560387563110311 ) ;
#4010 = CARTESIAN_POINT ( 'NONE',  ( 59.28135062179150339, -9.355209283805878684, -5.582304607681224162 ) ) ;
#4011 = EDGE_CURVE ( 'NONE', #3426, #2165, #4095, .T. ) ;
#4012 = ADVANCED_FACE ( 'NONE', ( #3780 ), #4009, .F. ) ;
#4013 = CARTESIAN_POINT ( 'NONE',  ( 6.822148260958532440, -14.22371950113054595, -1.260376459055803089 ) ) ;
#4014 = DIRECTION ( 'NONE',  ( -3.888892839013853754E-18, 1.000000000000000000, 8.887320570202915662E-18 ) ) ;
#4015 = ORIENTED_EDGE ( 'NONE', *, *, #1414, .F. ) ;
#4016 = CARTESIAN_POINT ( 'NONE',  ( 9.545808712541301588, -4.067225507411745156, -0.3178853749501997505 ) ) ;
#4017 = DIRECTION ( 'NONE',  ( 0.09224045608807754371, 6.521316093740979518E-15, -0.9957367615292023189 ) ) ;
#4018 = CARTESIAN_POINT ( 'NONE',  ( 72.36270908967155435, -1.571431512466895164, -17.23888633471944232 ) ) ;
#4019 = AXIS2_PLACEMENT_3D ( 'NONE', #2891, #1251, #1848 ) ;
#4020 = CARTESIAN_POINT ( 'NONE',  ( 17.56972151577573982, -28.42702993580255821, -0.1966066591483560111 ) ) ;
#4021 = CARTESIAN_POINT ( 'NONE',  ( 49.10405395572233544, 3.017530029575611561, -4.125047867103519117 ) ) ;
#4022 = ORIENTED_EDGE ( 'NONE', *, *, #2910, .T. ) ;
#4023 = CARTESIAN_POINT ( 'NONE',  ( -62.81639967158135818, -8.870374911137014706, -4.121962002360485933 ) ) ;
#4024 = CARTESIAN_POINT ( 'NONE',  ( 52.75738176378234101, 2.028710901604829697, -4.624403501871301891 ) ) ;
#4025 = ORIENTED_EDGE ( 'NONE', *, *, #940, .T. ) ;
#4026 = CARTESIAN_POINT ( 'NONE',  ( -55.51408781361892864, -21.19500129204117655, -2.992446564144236820 ) ) ;
#4027 = CARTESIAN_POINT ( 'NONE',  ( 64.73681858104971809, 2.118897876212712639, -6.662104531873437985 ) ) ;
#4028 = CARTESIAN_POINT ( 'NONE',  ( 67.33147515571978658, -5.972304432543244168, -4.890740774630716992 ) ) ;
#4029 = EDGE_CURVE ( 'NONE', #2494, #2695, #1896, .T. ) ;
#4030 = CARTESIAN_POINT ( 'NONE',  ( 71.36129370520879434, -1.571431512466895164, -15.23888633471938370 ) ) ;
#4031 = ORIENTED_EDGE ( 'NONE', *, *, #1784, .F. ) ;
#4032 = CARTESIAN_POINT ( 'NONE',  ( -10.36168842939618884, -1.805808679428645647, 0.8615618120113550660 ) ) ;
#4033 = CARTESIAN_POINT ( 'NONE',  ( 13.97444591346516241, 1.148922094363807878, -0.4526849711010139110 ) ) ;
#4034 = B_SPLINE_CURVE_WITH_KNOTS ( 'NONE', 3,
 ( #1971, #98, #3273, #677, #3916, #2665, #367, #1354, #2353, #1037 ),
 .UNSPECIFIED., .F., .F.,
 ( 4, 2, 2, 2, 4 ),
 ( 0.000000000000000000, 0.2500000000000002776, 0.5000000000000005551, 0.7500000000000002220, 1.000000000000000000 ),
 .UNSPECIFIED. ) ;
#4035 = CARTESIAN_POINT ( 'NONE',  ( 6.500337674865627413, -16.47775753404175703, 0.3454245781824549222 ) ) ;
#4036 = CARTESIAN_POINT ( 'NONE',  ( -7.340104181941523365, 0.6965508818375351074, -1.069177930542828836 ) ) ;
#4037 = ORIENTED_EDGE ( 'NONE', *, *, #2786, .F. ) ;
#4038 = CARTESIAN_POINT ( 'NONE',  ( 52.34605302607611321, 2.169978146757339577, -3.760746376895274246 ) ) ;
#4039 = CARTESIAN_POINT ( 'NONE',  ( -13.75914028599896888, -25.05788962163710565, -1.245386002362170341 ) ) ;
#4040 = CARTESIAN_POINT ( 'NONE',  ( -48.25490760331916817, -31.82461956704189632, -4.030061489257390939 ) ) ;
#4041 = CARTESIAN_POINT ( 'NONE',  ( -56.49886091735313443, -0.2291494268599336970, -5.159789918667337716 ) ) ;
#4042 = VERTEX_POINT ( 'NONE', #3536 ) ;
#4043 = DIRECTION ( 'NONE',  ( 0.000000000000000000, 0.000000000000000000, 1.000000000000000000 ) ) ;
#4044 = ADVANCED_FACE ( 'NONE', ( #2862 ), #3573, .F. ) ;
#4045 = CARTESIAN_POINT ( 'NONE',  ( 55.58961928919379858, 0.5440989352706205873, -5.026242446929031438 ) ) ;
#4046 = EDGE_LOOP ( 'NONE', ( #922, #3406, #2080, #2796 ) ) ;
#4047 = LINE ( 'NONE', #3446, #3547 ) ;
#4048 = CARTESIAN_POINT ( 'NONE',  ( 28.47037950657160010, 7.115914183442288987, -0.6225858221306862506 ) ) ;
#4049 = PRESENTATION_STYLE_ASSIGNMENT (( #249 ) ) ;
#4050 = CARTESIAN_POINT ( 'NONE',  ( 58.46607439635336334, -2.701819843533399546, -4.647007195586201789 ) ) ;
#4051 = ORIENTED_EDGE ( 'NONE', *, *, #3861, .T. ) ;
#4052 = CARTESIAN_POINT ( 'NONE',  ( -12.64466155742121245, 0.5324220885069846920, 0.7938496191064126073 ) ) ;
#4053 = DIRECTION ( 'NONE',  ( -0.9999998518342840814, 0.0005443633068966335052, 0.000000000000000000 ) ) ;
#4054 = EDGE_CURVE ( 'NONE', #4126, #1139, #2544, .T. ) ;
#4055 = B_SPLINE_CURVE_WITH_KNOTS ( 'NONE', 3,
 ( #2094, #2116, #137, #3064, #3688, #3107 ),
 .UNSPECIFIED., .F., .F.,
 ( 4, 2, 4 ),
 ( 7.732704016300950302E-13, 0.007513467331133575657, 0.01502693466149388792 ),
 .UNSPECIFIED. ) ;
#4056 = B_SPLINE_SURFACE_WITH_KNOTS ( 'NONE', 1, 3, ( 
 ( #1921, #614, #3172, #2578, #245, #1575 ),
 ( #1253, #3792, #3487, #1209, #2559, #938 ) ),
 .UNSPECIFIED., .F., .F., .F.,
 ( 2, 2 ),
 ( 4, 2, 4 ),
 ( 0.000000000000000000, 1.000000000000000000 ),
 ( 0.000000000000000000, 0.5000000000000000000, 1.000000000000000000 ),
 .UNSPECIFIED. ) ;
#4057 = CARTESIAN_POINT ( 'NONE',  ( 54.07861530701783437, -23.38744780005217550, -4.001545601143270403 ) ) ;
#4058 = CARTESIAN_POINT ( 'NONE',  ( 14.00156020576243421, -25.39492041076884021, -0.4519966034493404505 ) ) ;
#4059 = EDGE_LOOP ( 'NONE', ( #3284, #3630, #1533, #3031 ) ) ;
#4060 = DIRECTION ( 'NONE',  ( -0.0005443633068965336502, 0.9999998518342840814, -2.518186154490093769E-18 ) ) ;
#4061 = CARTESIAN_POINT ( 'NONE',  ( -13.02128356818614208, -24.14568826106692967, -1.219522073741925672 ) ) ;
#4062 = CARTESIAN_POINT ( 'NONE',  ( 50.69513850003634303, -27.26915491076324471, -3.134806641696068930 ) ) ;
#4063 = CARTESIAN_POINT ( 'NONE',  ( -39.70617632364205463, 4.313604632297735719, -1.034878833865755965 ) ) ;
#4064 = ORIENTED_EDGE ( 'NONE', *, *, #257, .T. ) ;
#4065 = CARTESIAN_POINT ( 'NONE',  ( 72.36096723560009991, -2.171431038336605113, -15.23888633471938370 ) ) ;
#4066 = CARTESIAN_POINT ( 'NONE',  ( -23.39001403186060202, -30.68256082903890913, 0.2938580573995622225 ) ) ;
#4067 =( BOUNDED_CURVE ( )  B_SPLINE_CURVE ( 3, ( #1197, #2131, #1858, #3743 ),
 .UNSPECIFIED., .F., .F. ) 
 B_SPLINE_CURVE_WITH_KNOTS ( ( 4, 4 ),
 ( 3.141592653589790896, 6.283185307179586232 ),
 .UNSPECIFIED. ) 
 CURVE ( )  GEOMETRIC_REPRESENTATION_ITEM ( )  RATIONAL_B_SPLINE_CURVE ( ( 1.000000000000000000, 0.3333333333333325932, 0.3333333333333325932, 1.000000000000000000 ) ) 
 REPRESENTATION_ITEM ( '' )  );
#4068 = ORIENTED_EDGE ( 'NONE', *, *, #3526, .F. ) ;
#4069 = CARTESIAN_POINT ( 'NONE',  ( -32.99137164379442311, 7.452669682814645036, -2.411333659924240536 ) ) ;
#4070 = CARTESIAN_POINT ( 'NONE',  ( 76.10930905851969897, -3.944331254840212964, -7.859377393274422197 ) ) ;
#4071 = FILL_AREA_STYLE_COLOUR ( '', #3807 ) ;
#4072 = CARTESIAN_POINT ( 'NONE',  ( 59.28135062179150339, -9.355209283805878684, -5.582304607681224162 ) ) ;
#4073 = VERTEX_POINT ( 'NONE', #619 ) ;
#4074 = LINE ( 'NONE', #1540, #3248 ) ;
#4075 = FACE_OUTER_BOUND ( 'NONE', #3820, .T. ) ;
#4076 = EDGE_CURVE ( 'NONE', #56, #1603, #625, .T. ) ;
#4077 = B_SPLINE_CURVE_WITH_KNOTS ( 'NONE', 3,
 ( #3984, #3233, #3468, #1932, #2540, #3836, #3531, #1557, #326, #266, #1211, #2265, #3215, #574, #1890, #15, #3794, #896, #2246, #2839 ),
 .UNSPECIFIED., .F., .F.,
 ( 4, 2, 2, 2, 2, 2, 2, 2, 2, 4 ),
 ( 0.000000000000000000, 0.003361272346393115798, 0.006722544692786231596, 0.01008381703917934219, 0.01344508938557245452, 0.01680636173196556685, 0.01848699790516212735, 0.02016763407835868785, 0.02352890642475180538, 0.02689017877114491945 ),
 .UNSPECIFIED. ) ;
#4078 = AXIS2_PLACEMENT_3D ( 'NONE', #309, #616, #286 ) ;
#4079 = CYLINDRICAL_SURFACE ( 'NONE', #2500, 4.999981800754931704 ) ;
#4080 = EDGE_CURVE ( 'NONE', #3162, #3105, #1109, .T. ) ;
#4081 = CARTESIAN_POINT ( 'NONE',  ( -7.373209094928135698, -18.83390372865000728, 0.9299441632545022429 ) ) ;
#4082 = DIRECTION ( 'NONE',  ( 0.0005443633068965336502, 0.9999998518342840814, -2.518186154490093769E-18 ) ) ;
#4083 = ADVANCED_FACE ( 'NONE', ( #3596 ), #105, .F. ) ;
#4084 = CARTESIAN_POINT ( 'NONE',  ( 74.33232441199879759, -5.972304432543244168, -15.58618263852919128 ) ) ;
#4085 = EDGE_LOOP ( 'NONE', ( #2883, #2814, #3050, #1598 ) ) ;
#4086 = CARTESIAN_POINT ( 'NONE',  ( 53.59698481618890042, -24.04374941091224827, -4.741433606475331075 ) ) ;
#4087 = CARTESIAN_POINT ( 'NONE',  ( 59.77320851352405384, -7.359678565581387666, -3.634881910926155868 ) ) ;
#4088 = EDGE_CURVE ( 'NONE', #3638, #228, #1498, .T. ) ;
#4089 = DIRECTION ( 'NONE',  ( -0.09001883589051036527, 1.014065555018365806E-14, 0.9959400630484334105 ) ) ;
#4090 = EDGE_LOOP ( 'NONE', ( #2350, #186 ) ) ;
#4091 = CARTESIAN_POINT ( 'NONE',  ( 33.40863615576288481, -34.62351864998033335, -2.443356705039898547 ) ) ;
#4092 = CARTESIAN_POINT ( 'NONE',  ( -3.675750998281671400, -5.769959496445904001, -1.197208593104090557 ) ) ;
#4093 = DIRECTION ( 'NONE',  ( 4.884682305490612792E-17, 1.000000000000000000, 2.666878455998264135E-17 ) ) ;
#4094 = CARTESIAN_POINT ( 'NONE',  ( -54.24251919480320794, -23.38510682105046357, -2.812828075175455744 ) ) ;
#4095 = B_SPLINE_CURVE_WITH_KNOTS ( 'NONE', 3,
 ( #579, #234, #272, #1176 ),
 .UNSPECIFIED., .F., .F.,
 ( 4, 4 ),
 ( 0.000000000000000000, 0.001997969077411593242 ),
 .UNSPECIFIED. ) ;
#4096 = ORIENTED_EDGE ( 'NONE', *, *, #1359, .F. ) ;
#4097 = B_SPLINE_CURVE_WITH_KNOTS ( 'NONE', 3,
 ( #3132, #571, #936, #1553, #3771, #4108, #1230, #4151, #2835, #612, #283, #2517 ),
 .UNSPECIFIED., .F., .F.,
 ( 4, 2, 2, 2, 2, 4 ),
 ( 1.014620920694012469E-12, 0.002764750133516408713, 0.004147125199767304898, 0.005529500266018202818, 0.008294250398520004730, 0.01105900053102180751 ),
 .UNSPECIFIED. ) ;
#4098 = CARTESIAN_POINT ( 'NONE',  ( -23.34136073444861736, -30.68450847370872481, -0.5046395578391926762 ) ) ;
#4099 = CARTESIAN_POINT ( 'NONE',  ( 9.961843041154647693, -25.01041579966353368, -1.128248712034450429 ) ) ;
#4100 = DIRECTION ( 'NONE',  ( 1.966246612733023172E-08, -0.9999999999999997780, -3.467023854065229448E-09 ) ) ;
#4101 = CARTESIAN_POINT ( 'NONE',  ( 36.54257615248091895, 4.516646501305961792, -0.7119670664630030066 ) ) ;
#4102 = CIRCLE ( 'NONE', #811, 7.356347997161058139 ) ;
#4103 = CARTESIAN_POINT ( 'NONE',  ( -52.50668674978268768, 2.162940687080963542, -2.571652550467943055 ) ) ;
#4104 = CARTESIAN_POINT ( 'NONE',  ( -11.51517075938942014, -21.49381403245724798, 0.8290972951838528893 ) ) ;
#4105 = CARTESIAN_POINT ( 'NONE',  ( -72.34180289922092300, -37.37647387807167831, -15.23888633471944054 ) ) ;
#4106 = ORIENTED_EDGE ( 'NONE', *, *, #3449, .T. ) ;
#4107 = CARTESIAN_POINT ( 'NONE',  ( 48.64377523797327285, -28.42721460086650254, -4.078805022807870273 ) ) ;
#4108 = CARTESIAN_POINT ( 'NONE',  ( -53.96313209902311314, -28.49825397937076943, -2.773275340027730351 ) ) ;
#4109 = EDGE_CURVE ( 'NONE', #1139, #1781, #1029, .T. ) ;
#4110 = B_SPLINE_CURVE_WITH_KNOTS ( 'NONE', 3,
 ( #212, #1497, #3157, #4094 ),
 .UNSPECIFIED., .F., .F.,
 ( 4, 4 ),
 ( 0.000000000000000000, 1.000000000000000000 ),
 .UNSPECIFIED. ) ;
#4111 = FACE_OUTER_BOUND ( 'NONE', #934, .T. ) ;
#4112 = ORIENTED_EDGE ( 'NONE', *, *, #1574, .T. ) ;
#4113 = CARTESIAN_POINT ( 'NONE',  ( 72.36270890600181360, -5.972304474962074394, -15.23888633471944054 ) ) ;
#4114 = CARTESIAN_POINT ( 'NONE',  ( 13.97444591346516241, 1.148922094363807878, -0.4526849711010139110 ) ) ;
#4115 = FACE_OUTER_BOUND ( 'NONE', #2465, .T. ) ;
#4116 = ORIENTED_EDGE ( 'NONE', *, *, #657, .F. ) ;
#4117 = DIRECTION ( 'NONE',  ( 4.884682305490612792E-17, 1.000000000000000000, 2.666878455998264135E-17 ) ) ;
#4118 = VECTOR ( 'NONE', #1708, 1000.000000000000000 ) ;
#4119 = ORIENTED_EDGE ( 'NONE', *, *, #3095, .F. ) ;
#4120 = COLOUR_RGB ( '',1.000000000000000000, 1.000000000000000000, 1.000000000000000000 ) ;
#4121 = CARTESIAN_POINT ( 'NONE',  ( 27.28856811476589073, -31.36238663443791808, -1.961131430680496557 ) ) ;
#4122 = CARTESIAN_POINT ( 'NONE',  ( 31.65876684745370895, 4.376916540112122611, -0.2937311490972775996 ) ) ;
#4123 = CARTESIAN_POINT ( 'NONE',  ( -57.98776164392668164, -1.637483094956420304, -3.360434621688929813 ) ) ;
#4124 = CARTESIAN_POINT ( 'NONE',  ( -9.555686756630093370, -4.067225507411758478, 0.08199263675456869294 ) ) ;
#4125 = CARTESIAN_POINT ( 'NONE',  ( -33.98890287789863152, 4.452493306665013861, -0.4917010294925178715 ) ) ;
#4126 = VERTEX_POINT ( 'NONE', #1361 ) ;
#4127 = CARTESIAN_POINT ( 'NONE',  ( 51.69180665743365211, -26.30720866780344025, -4.478719364318106244 ) ) ;
#4128 = CYLINDRICAL_SURFACE ( 'NONE', #2630, 386.9465117133056538 ) ;
#4129 = B_SPLINE_CURVE_WITH_KNOTS ( 'NONE', 3,
 ( #975, #3444, #1272, #3834 ),
 .UNSPECIFIED., .F., .F.,
 ( 4, 4 ),
 ( 0.000000000000000000, 1.000000000000000000 ),
 .UNSPECIFIED. ) ;
#4130 = CYLINDRICAL_SURFACE ( 'NONE', #1961, 35.19179426837347791 ) ;
#4131 = ORIENTED_EDGE ( 'NONE', *, *, #3710, .T. ) ;
#4132 = CARTESIAN_POINT ( 'NONE',  ( -47.50790178392362861, -28.98723528374028291, -1.921478602765692489 ) ) ;
#4133 = CARTESIAN_POINT ( 'NONE',  ( -39.50104017367928577, 4.316036916548070757, -3.024345558300490566 ) ) ;
#4134 = VECTOR ( 'NONE', #3025, 1000.000000000000000 ) ;
#4135 = ORIENTED_EDGE ( 'NONE', *, *, #2351, .F. ) ;
#4136 = ADVANCED_FACE ( 'NONE', ( #459 ), #3920, .F. ) ;
#4137 = ADVANCED_FACE ( 'NONE', ( #439 ), #1086, .T. ) ;
#4138 = CARTESIAN_POINT ( 'NONE',  ( 10.35365832981629985, -18.56215944170708454, -1.138790000481002984 ) ) ;
#4139 = CARTESIAN_POINT ( 'NONE',  ( 57.68312378447638622, 4.676414549148049105, -5.329779429449523320 ) ) ;
#4140 = VERTEX_POINT ( 'NONE', #128 ) ;
#4141 = ADVANCED_FACE ( 'NONE', ( #1338 ), #838, .F. ) ;
#4142 = CARTESIAN_POINT ( 'NONE',  ( -47.26598171559211181, -28.99612849199822406, -3.906672837020707778 ) ) ;
#4143 = CYLINDRICAL_SURFACE ( 'NONE', #1323, 19.89539047151184548 ) ;
#4144 = CARTESIAN_POINT ( 'NONE',  ( -59.63530807241076559, -9.044198980573165514, -3.613386798323167337 ) ) ;
#4145 =( GEOMETRIC_REPRESENTATION_CONTEXT ( 3 ) GLOBAL_UNCERTAINTY_ASSIGNED_CONTEXT ( ( #3795 ) ) GLOBAL_UNIT_ASSIGNED_CONTEXT ( ( #879, #519, #814 ) ) REPRESENTATION_CONTEXT ( 'NONE', 'WORKASPACE' ) );
#4146 = B_SPLINE_CURVE_WITH_KNOTS ( 'NONE', 3,
 ( #2728, #584, #930, #1745, #4101, #452, #4122, #1764, #494, #2392, #805, #3785, #3997, #1880 ),
 .UNSPECIFIED., .F., .F.,
 ( 4, 2, 2, 2, 2, 2, 4 ),
 ( 4.355715290558447454E-11, 0.009731791163291245161, 0.01946358228302533938, 0.02189653006295886120, 0.02432947784289236220, 0.02919537340275937809, 0.03892716452249340986 ),
 .UNSPECIFIED. ) ;
#4147 = CARTESIAN_POINT ( 'NONE',  ( 53.33176413967638752, -24.64495204099048564, -3.492598457318085714 ) ) ;
#4148 = FACE_OUTER_BOUND ( 'NONE', #10, .T. ) ;
#4149 = ORIENTED_EDGE ( 'NONE', *, *, #1442, .F. ) ;
#4150 = CARTESIAN_POINT ( 'NONE',  ( -40.13659465309081753, -34.01402205184783156, -1.077066353419786848 ) ) ;
#4151 = CARTESIAN_POINT ( 'NONE',  ( -52.55189232147537837, -29.70216070428009658, -2.577053396872166502 ) ) ;
#4152 = CARTESIAN_POINT ( 'NONE',  ( -72.36270919818215930, 1.028568487533104481, -15.23888633471944054 ) ) ;
#4153 = ORIENTED_EDGE ( 'NONE', *, *, #3037, .F. ) ;
#4154 = CARTESIAN_POINT ( 'NONE',  ( -67.21598754003588283, -5.972299911001587525, -5.545703577162488074 ) ) ;
#4155 = FILL_AREA_STYLE_COLOUR ( '', #3391 ) ;
#4156 = CARTESIAN_POINT ( 'NONE',  ( 36.37633775868846442, 4.514583776060134390, -1.901614890023097137 ) ) ;
#4157 = CARTESIAN_POINT ( 'NONE',  ( 13.37007173464088616, 0.9613425522510494758, -1.231343941716052992 ) ) ;
ENDSEC;
END-ISO-10303-21;
