ISO-10303-21;
HEADER;
FILE_DESCRIPTION (( 'STEP AP214' ),
    '1' );
FILE_NAME ('glass_Assembly.STEP',
    '2026-04-07T08:28:40',
    ( '' ),
    ( '' ),
    'SwSTEP 2.0',
    'SolidWorks 2021',
    '' );
FILE_SCHEMA (( 'AUTOMOTIVE_DESIGN' ));
ENDSEC;

DATA;
#1 = CARTESIAN_POINT ( 'NONE',  ( 8.769844120516106400, 1.296081811426298858, 0.9007644865471853279 ) ) ;
#2 = DIRECTION ( 'NONE',  ( 0.000000000000000000, -0.000000000000000000, -1.000000000000000000 ) ) ;
#3 = CIRCLE ( 'NONE', #1110, 0.2499999999999999445 ) ;
#4 = EDGE_LOOP ( 'NONE', ( #2397, #159, #3671, #3274 ) ) ;
#5 = FACE_OUTER_BOUND ( 'NONE', #5931, .T. ) ;
#6 = CARTESIAN_POINT ( 'NONE',  ( 10.42699304719285003, -18.55682158173675589, 0.8595943815470388216 ) ) ;
#7 = EDGE_LOOP ( 'NONE', ( #995, #2954, #2799, #4940 ) ) ;
#8 = FILL_AREA_STYLE ('',( #4759 ) ) ;
#9 = CARTESIAN_POINT ( 'NONE',  ( -9.182289731064004812, -6.476866462389908818, -0.3089055198731406882 ) ) ;
#10 = CARTESIAN_POINT ( 'NONE',  ( 45.42997301473947402, -16.94408796936638240, 14.44193574578182293 ) ) ;
#11 = CARTESIAN_POINT ( 'NONE',  ( -65.86787333587156468, -6.070355452076918290, -6.664827166716841944 ) ) ;
#12 = ORIENTED_EDGE ( 'NONE', *, *, #4559, .T. ) ;
#13 = AXIS2_PLACEMENT_3D ( 'NONE', #1073, #3634, #6292 ) ;
#14 = CIRCLE ( 'NONE', #4776, 32.48000000000001108 ) ;
#15 = CARTESIAN_POINT ( 'NONE',  ( -73.19053937203915439, -2.114193178507995707, -7.347648032857596156 ) ) ;
#16 = ORIENTED_EDGE ( 'NONE', *, *, #4537, .T. ) ;
#17 = CARTESIAN_POINT ( 'NONE',  ( 36.54257615248091895, 4.516646501305961792, -0.7119670664630030066 ) ) ;
#18 = DIRECTION ( 'NONE',  ( -1.000000000000000000, 0.000000000000000000, 4.837911188450828978E-15 ) ) ;
#19 = CARTESIAN_POINT ( 'NONE',  ( -14.11199244165889866, -25.35862452056261063, 0.7432039262915471900 ) ) ;
#20 = PLANE ( 'NONE',  #4077 ) ;
#21 = PRODUCT_RELATED_PRODUCT_CATEGORY ( 'part', '', ( #2390 ) ) ;
#22 = CARTESIAN_POINT ( 'NONE',  ( -0.1732050807568873418, -0.3000000000000001554, 0.2000000000000000111 ) ) ;
#23 = CARTESIAN_POINT ( 'NONE',  ( 58.36168375794304808, -14.24907550531664135, -3.416268159339862276 ) ) ;
#24 = PLANE ( 'NONE',  #6333 ) ;
#25 = VERTEX_POINT ( 'NONE', #4061 ) ;
#26 =( GEOMETRIC_REPRESENTATION_CONTEXT ( 3 ) GLOBAL_UNCERTAINTY_ASSIGNED_CONTEXT ( ( #4958 ) ) GLOBAL_UNIT_ASSIGNED_CONTEXT ( ( #537, #5284, #4112 ) ) REPRESENTATION_CONTEXT ( 'NONE', 'WORKASPACE' ) );
#27 = EDGE_LOOP ( 'NONE', ( #858, #1567 ) ) ;
#28 = CARTESIAN_POINT ( 'NONE',  ( 24.81675606577810811, -34.06389399666041129, -1.793135316130033408 ) ) ;
#29 = LINE ( 'NONE', #3534, #3811 ) ;
#30 = EDGE_CURVE ( 'NONE', #6256, #5011, #1874, .T. ) ;
#31 = CARTESIAN_POINT ( 'NONE',  ( -39.50104017367928577, 4.316036916548070757, -3.024345558300490566 ) ) ;
#32 = CARTESIAN_POINT ( 'NONE',  ( -52.45242967374218068, -25.50320549371148715, -4.582709103761628988 ) ) ;
#33 = EDGE_CURVE ( 'NONE', #5196, #1692, #4555, .T. ) ;
#34 = ORIENTED_EDGE ( 'NONE', *, *, #405, .T. ) ;
#35 = CARTESIAN_POINT ( 'NONE',  ( 57.44524091399217269, -1.144761270703996470, -4.492110087126247819 ) ) ;
#36 = CARTESIAN_POINT ( 'NONE',  ( 64.73681858104971809, 2.118897876212712639, -6.662104531873437985 ) ) ;
#37 = CARTESIAN_POINT ( 'NONE',  ( -66.98417885191005894, 1.028568487533104481, -6.860355988447369491 ) ) ;
#38 = ORIENTED_EDGE ( 'NONE', *, *, #4170, .F. ) ;
#39 = CYLINDRICAL_SURFACE ( 'NONE', #6222, 0.5000000000000000000 ) ;
#40 = DIRECTION ( 'NONE',  ( 0.000000000000000000, 0.000000000000000000, 1.000000000000000000 ) ) ;
#41 = EDGE_CURVE ( 'NONE', #5003, #459, #2652, .T. ) ;
#42 = MECHANICAL_DESIGN_GEOMETRIC_PRESENTATION_REPRESENTATION (  '', ( #6566 ), #2142 ) ;
#43 = ORIENTED_EDGE ( 'NONE', *, *, #3044, .T. ) ;
#44 = CARTESIAN_POINT ( 'NONE',  ( 70.13484898312097471, 1.028568487533104481, -6.860355988447348174 ) ) ;
#45 = VECTOR ( 'NONE', #78, 1000.000000000000000 ) ;
#46 = CARTESIAN_POINT ( 'NONE',  ( -53.97067245265889568, -23.38979298291714315, -4.794197116653828417 ) ) ;
#47 = AXIS2_PLACEMENT_3D ( 'NONE', #2916, #2366, #1337 ) ;
#48 = CARTESIAN_POINT ( 'NONE',  ( -62.92293870798691557, -8.135362161817687010, -6.166563262877060581 ) ) ;
#49 = CARTESIAN_POINT ( 'NONE',  ( -79.13345806925219961, -6.144661151139389155, -9.205100490734151819 ) ) ;
#50 = PRESENTATION_LAYER_ASSIGNMENT (  '', '', ( #1163 ) ) ;
#51 = ORIENTED_EDGE ( 'NONE', *, *, #5821, .F. ) ;
#52 = VERTEX_POINT ( 'NONE', #6130 ) ;
#53 = DIRECTION ( 'NONE',  ( 0.9999998518342840814, 0.0005443633068966032560, 0.000000000000000000 ) ) ;
#54 = EDGE_CURVE ( 'NONE', #1585, #2454, #3, .T. ) ;
#55 = CARTESIAN_POINT ( 'NONE',  ( 129.6058033746338651, -0.9849999999999997646, 20.15858122326973856 ) ) ;
#56 = DIRECTION ( 'NONE',  ( 2.153660471889033782E-08, 0.9999999999999997780, 9.962681012984517264E-23 ) ) ;
#57 = CARTESIAN_POINT ( 'NONE',  ( -20.23333419707005021, 2.925348884175660302, -0.7165254581479174600 ) ) ;
#58 = B_SPLINE_SURFACE_WITH_KNOTS ( 'NONE', 1, 3, ( 
 ( #3841, #4363, #4507, #237, #6021, #1824, #5571, #2279, #1352, #4399, #6089, #3352, #1791, #6493, #3877, #1242 ),
 ( #5464, #727, #2865, #4947, #202, #2310, #1278, #2347, #3945, #6056, #5056, #1316, #5019, #6601, #1860, #3985 ) ),
 .UNSPECIFIED., .F., .F., .F.,
 ( 2, 2 ),
 ( 4, 2, 2, 2, 2, 2, 2, 4 ),
 ( 0.000000000000000000, 1.000000000000000000 ),
 ( 0.000000000000000000, 0.2500000000000000000, 0.3750000000000000000, 0.5000000000000000000, 0.6250000000000000000, 0.7500000000000000000, 0.8750000000000000000, 1.000000000000000000 ),
 .UNSPECIFIED. ) ;
#59 = DIRECTION ( 'NONE',  ( 0.000000000000000000, 0.000000000000000000, 1.000000000000000000 ) ) ;
#60 = CARTESIAN_POINT ( 'NONE',  ( 29.40193258055084158, 7.097045197076500500, -0.1143076817411810969 ) ) ;
#61 = FACE_OUTER_BOUND ( 'NONE', #498, .T. ) ;
#62 = EDGE_CURVE ( 'NONE', #1645, #414, #2904, .T. ) ;
#63 = ORIENTED_EDGE ( 'NONE', *, *, #2124, .F. ) ;
#64 = VERTEX_POINT ( 'NONE', #5128 ) ;
#65 = CARTESIAN_POINT ( 'NONE',  ( 90.00000000000000000, -0.9849999999999995426, -3.500000000000000888 ) ) ;
#66 = CARTESIAN_POINT ( 'NONE',  ( 59.65141196049512473, -8.123616791608334609, -4.425557464248570660 ) ) ;
#67 = CIRCLE ( 'NONE', #3393, 0.9799999999999999822 ) ;
#68 = B_SPLINE_CURVE_WITH_KNOTS ( 'NONE', 3,
 ( #5471, #2214, #1179, #4921, #173, #4407, #2285, #6501, #3882, #732, #2838, #4955 ),
 .UNSPECIFIED., .F., .F.,
 ( 4, 2, 2, 2, 2, 4 ),
 ( 1.455923196837455015E-12, 0.001699187282746707347, 0.003398374564037491205, 0.004247968204682866546, 0.005097561845328241886, 0.006796749126619030731 ),
 .UNSPECIFIED. ) ;
#69 = DIRECTION ( 'NONE',  ( -0.000000000000000000, -1.000000000000000000, 0.000000000000000000 ) ) ;
#70 = DIRECTION ( 'NONE',  ( -0.9848077530122067991, -2.120941530072250246E-08, 0.1736481776669358545 ) ) ;
#71 = CARTESIAN_POINT ( 'NONE',  ( -47.97022891373362086, -28.73804332688615659, -3.993673570590017707 ) ) ;
#72 = ADVANCED_FACE ( 'NONE', ( #383 ), #4613, .T. ) ;
#73 = EDGE_LOOP ( 'NONE', ( #5970, #3389, #3235, #4088, #4737, #5753 ) ) ;
#74 = CARTESIAN_POINT ( 'NONE',  ( 48.50194627490331811, -31.81570602321563612, -2.045510759679171287 ) ) ;
#75 = CYLINDRICAL_SURFACE ( 'NONE', #133, 386.9465117133056538 ) ;
#76 = CARTESIAN_POINT ( 'NONE',  ( -4.456156391997553534, -9.310704011902833699, -1.025613377568856510 ) ) ;
#77 = ORIENTED_EDGE ( 'NONE', *, *, #5195, .F. ) ;
#78 = DIRECTION ( 'NONE',  ( -0.0005443633068965336502, 0.9999998518342840814, -2.518186154490093769E-18 ) ) ;
#79 = CARTESIAN_POINT ( 'NONE',  ( 89.99999999999997158, 0.005000000000000229955, 2.520000000000000018 ) ) ;
#80 = EDGE_CURVE ( 'NONE', #857, #3332, #5031, .T. ) ;
#81 = EDGE_CURVE ( 'NONE', #6765, #5498, #1400, .T. ) ;
#82 = ORIENTED_EDGE ( 'NONE', *, *, #4733, .T. ) ;
#83 = CARTESIAN_POINT ( 'NONE',  ( 10.30522338006368166, -1.798140565481151310, -0.3373105380873532844 ) ) ;
#84 =( GEOMETRIC_REPRESENTATION_CONTEXT ( 3 ) GLOBAL_UNCERTAINTY_ASSIGNED_CONTEXT ( ( #2319 ) ) GLOBAL_UNIT_ASSIGNED_CONTEXT ( ( #3809, #2689, #2145 ) ) REPRESENTATION_CONTEXT ( 'NONE', 'WORKASPACE' ) );
#85 = CARTESIAN_POINT ( 'NONE',  ( 9.540157325646548614, -4.066868979021090347, -0.4511027013117915319 ) ) ;
#86 = DIRECTION ( 'NONE',  ( 0.8660254037844384856, 0.000000000000000000, 0.5000000000000001110 ) ) ;
#87 = CARTESIAN_POINT ( 'NONE',  ( 27.97787756539148418, 13.82385007179582281, -48.59146545372102111 ) ) ;
#88 = ORIENTED_EDGE ( 'NONE', *, *, #3894, .T. ) ;
#89 = VERTEX_POINT ( 'NONE', #546 ) ;
#90 = FACE_OUTER_BOUND ( 'NONE', #5359, .T. ) ;
#91 = DIRECTION ( 'NONE',  ( 0.7071067811865466846, 0.000000000000000000, 0.7071067811865484609 ) ) ;
#92 = CARTESIAN_POINT ( 'NONE',  ( 89.99999999999997158, -0.9849999999999993205, 3.499999999999999112 ) ) ;
#93 = CARTESIAN_POINT ( 'NONE',  ( -39.61083056956817927, 4.368707988947912568, -2.221239903990817055 ) ) ;
#94 = TOROIDAL_SURFACE ( 'NONE', #522, 37.52000000000000313, 0.9799999999999999822 ) ;
#95 = CARTESIAN_POINT ( 'NONE',  ( 37.50282375004697144, -31.33408441660167654, -2.018158602361642018 ) ) ;
#96 = DIRECTION ( 'NONE',  ( 0.1427778729813076741, -1.084238558021670272E-15, 0.9897547569913132115 ) ) ;
#97 = ORIENTED_EDGE ( 'NONE', *, *, #6731, .F. ) ;
#98 = ORIENTED_EDGE ( 'NONE', *, *, #5180, .T. ) ;
#99 = CARTESIAN_POINT ( 'NONE',  ( 5.551115123125782702E-14, 1.505000000000000782, 0.2999999999999998224 ) ) ;
#100 = CARTESIAN_POINT ( 'NONE',  ( -9.188325095021268041, -7.575496136460563967, 0.8911180748572440358 ) ) ;
#101 = DIRECTION ( 'NONE',  ( 0.7071067811865475727, 0.000000000000000000, -0.7071067811865475727 ) ) ;
#102 = DIRECTION ( 'NONE',  ( 0.5000000000000001110, -0.8660254037844384856, 0.000000000000000000 ) ) ;
#103 = CARTESIAN_POINT ( 'NONE',  ( 0.3020426697765826174, -1.893459816837575582, -0.3000000000000001554 ) ) ;
#104 = AXIS2_PLACEMENT_3D ( 'NONE', #4083, #3493, #2417 ) ;
#105 = VERTEX_POINT ( 'NONE', #1067 ) ;
#106 = LINE ( 'NONE', #4961, #2927 ) ;
#107 = ADVANCED_FACE ( 'NONE', ( #2071 ), #1589, .T. ) ;
#108 = PRESENTATION_STYLE_ASSIGNMENT (( #3741 ) ) ;
#109 = CARTESIAN_POINT ( 'NONE',  ( 22.75527517888859563, -33.62249264915999447, -0.3361186108373458992 ) ) ;
#110 = ORIENTED_EDGE ( 'NONE', *, *, #6769, .F. ) ;
#111 = ADVANCED_FACE ( 'NONE', ( #6355, #5329 ), #6252, .T. ) ;
#112 = CARTESIAN_POINT ( 'NONE',  ( 59.30640520564534057, -20.15262449979279680, -3.561152856791796051 ) ) ;
#113 = CARTESIAN_POINT ( 'NONE',  ( -71.36129370520879434, -1.571431512466895164, -15.07474829003088601 ) ) ;
#114 = ORIENTED_EDGE ( 'NONE', *, *, #2841, .F. ) ;
#115 = CARTESIAN_POINT ( 'NONE',  ( -13.98890673045830901, 1.148922094363605595, -0.05294645060066605069 ) ) ;
#116 = B_SPLINE_SURFACE_WITH_KNOTS ( 'NONE', 1, 3, ( 
 ( #4791, #4760, #2194, #2629, #5827, #1228 ),
 ( #4240, #5378, #2668, #2264, #9, #4311 ) ),
 .UNSPECIFIED., .F., .F., .F.,
 ( 2, 2 ),
 ( 4, 2, 4 ),
 ( 0.000000000000000000, 1.000000000000000000 ),
 ( 0.000000000000000000, 0.5000000000000000000, 1.000000000000000000 ),
 .UNSPECIFIED. ) ;
#117 = CARTESIAN_POINT ( 'NONE',  ( 67.33147513145131313, 1.027496301198058903, -4.890740912264060825 ) ) ;
#118 = EDGE_CURVE ( 'NONE', #3335, #263, #1059, .T. ) ;
#119 = CARTESIAN_POINT ( 'NONE',  ( -59.63530807241076559, -9.044198980573165514, -3.613386798323167337 ) ) ;
#120 = LINE ( 'NONE', #1305, #2301 ) ;
#121 = CARTESIAN_POINT ( 'NONE',  ( 47.36256316717131654, -28.99203072184941732, -3.112580304781176199 ) ) ;
#122 = ORIENTED_EDGE ( 'NONE', *, *, #1269, .F. ) ;
#123 = ORIENTED_EDGE ( 'NONE', *, *, #2190, .F. ) ;
#124 = EDGE_CURVE ( 'NONE', #2915, #3107, #472, .T. ) ;
#125 = DIRECTION ( 'NONE',  ( 1.000000000000000000, 0.000000000000000000, -0.000000000000000000 ) ) ;
#126 = SURFACE_STYLE_FILL_AREA ( #2792 ) ;
#127 = CARTESIAN_POINT ( 'NONE',  ( -10.65391250003772683, -19.30890508526828242, 0.8536278155334384721 ) ) ;
#128 = CARTESIAN_POINT ( 'NONE',  ( -74.33232427436544754, 1.027496301198058903, -15.58618261426071605 ) ) ;
#129 = DIRECTION ( 'NONE',  ( 4.625929269271484533E-15, 0.000000000000000000, 1.000000000000000000 ) ) ;
#130 = CARTESIAN_POINT ( 'NONE',  ( 45.44865925420256758, -29.67361162283803111, -2.876294127901386499 ) ) ;
#131 = CARTESIAN_POINT ( 'NONE',  ( -13.01432915568339332, -24.17328014133338243, -0.4183137799707496440 ) ) ;
#132 = EDGE_CURVE ( 'NONE', #3930, #4079, #3032, .T. ) ;
#133 = AXIS2_PLACEMENT_3D ( 'NONE', #143, #3852, #667 ) ;
#134 = ORIENTED_EDGE ( 'NONE', *, *, #1855, .T. ) ;
#135 = ORIENTED_EDGE ( 'NONE', *, *, #808, .T. ) ;
#136 = CARTESIAN_POINT ( 'NONE',  ( 11.84384518244358553, 0.01365998053084817136, -1.181802894844781626 ) ) ;
#137 = CARTESIAN_POINT ( 'NONE',  ( 56.66954377264635667, -0.2270470317073499111, -3.971976966477088755 ) ) ;
#138 = CARTESIAN_POINT ( 'NONE',  ( 89.99999999999997158, -0.005000000000000013115, -3.500000000000000888 ) ) ;
#139 = DIRECTION ( 'NONE',  ( 0.9915492605870784848, 0.000000000000000000, -0.1297307358694069768 ) ) ;
#140 = LINE ( 'NONE', #103, #281 ) ;
#141 = ADVANCED_FACE ( 'NONE', ( #1728 ), #1761, .F. ) ;
#142 = CARTESIAN_POINT ( 'NONE',  ( 57.87847640565648533, -1.643059569525959107, -4.153003173894353139 ) ) ;
#143 = CARTESIAN_POINT ( 'NONE',  ( -2.687880112888557565E-15, -31.58816513860072916, -386.7465117133056651 ) ) ;
#144 = CARTESIAN_POINT ( 'NONE',  ( 5.847762175772906801, -11.00344534776690786, -1.044312945916162860 ) ) ;
#145 = EDGE_LOOP ( 'NONE', ( #6014, #461, #811, #6635 ) ) ;
#146 = B_SPLINE_SURFACE_WITH_KNOTS ( 'NONE', 1, 3, ( 
 ( #1790, #2410, #451, #3488, #1350, #4542, #269, #339, #4463, #1822 ),
 ( #2560, #1894, #3459, #6114, #2443, #3419, #793, #2898, #2381, #2926 ) ),
 .UNSPECIFIED., .F., .F., .F.,
 ( 2, 2 ),
 ( 4, 2, 2, 2, 4 ),
 ( 0.000000000000000000, 1.000000000000000000 ),
 ( 0.000000000000000000, 0.2500000000000000000, 0.5000000000000000000, 0.7500000000000000000, 1.000000000000000000 ),
 .UNSPECIFIED. ) ;
#147 = CARTESIAN_POINT ( 'NONE',  ( -52.83838207548043897, 2.006881694877139743, -4.635474387544034514 ) ) ;
#148 = CARTESIAN_POINT ( 'NONE',  ( -52.46180797320204903, -25.77440061593352993, -2.565321091927438069 ) ) ;
#149 =( GEOMETRIC_REPRESENTATION_CONTEXT ( 3 ) GLOBAL_UNCERTAINTY_ASSIGNED_CONTEXT ( ( #1252 ) ) GLOBAL_UNIT_ASSIGNED_CONTEXT ( ( #3907, #1272, #2860 ) ) REPRESENTATION_CONTEXT ( 'NONE', 'WORKASPACE' ) );
#150 = ORIENTED_EDGE ( 'NONE', *, *, #1587, .T. ) ;
#151 = CARTESIAN_POINT ( 'NONE',  ( 4.124456025047039454, -9.023614409305052320, 0.9782377099344652382 ) ) ;
#152 = SHAPE_REPRESENTATION_RELATIONSHIP ( 'NONE' , 'NONE' ,  #2958, #3746 ) ;
#153 = CARTESIAN_POINT ( 'NONE',  ( -48.28769026512840412, -7.359681903089647648, -14.18121061562632690 ) ) ;
#154 = PRODUCT_DEFINITION_FORMATION_WITH_SPECIFIED_SOURCE ( 'ANY', '', #3443, .NOT_KNOWN. ) ;
#155 = CYLINDRICAL_SURFACE ( 'NONE', #5109, 385.7465117133056651 ) ;
#156 = CARTESIAN_POINT ( 'NONE',  ( 0.000000000000000000, -0.004999999999999796274, 3.499999999999999112 ) ) ;
#157 = EDGE_CURVE ( 'NONE', #4012, #2056, #5985, .T. ) ;
#158 = CARTESIAN_POINT ( 'NONE',  ( -11.91056102902235381, 0.01678257102043378968, 0.8170919024587389723 ) ) ;
#159 = ORIENTED_EDGE ( 'NONE', *, *, #54, .F. ) ;
#160 = ORIENTED_EDGE ( 'NONE', *, *, #4049, .T. ) ;
#161 = DIRECTION ( 'NONE',  ( 0.000000000000000000, 0.000000000000000000, -1.000000000000000000 ) ) ;
#162 = CARTESIAN_POINT ( 'NONE',  ( -9.555686756630093370, -4.067225507411758478, 0.08199263675456869294 ) ) ;
#163 = CARTESIAN_POINT ( 'NONE',  ( -47.26598171559211181, -28.99612849199822406, -3.906672837020707778 ) ) ;
#164 = CARTESIAN_POINT ( 'NONE',  ( -66.98417885191005894, -5.972304474962074394, -12.23888633471946363 ) ) ;
#165 = PLANE ( 'NONE',  #4060 ) ;
#166 = CARTESIAN_POINT ( 'NONE',  ( 6.829398364620291595, -14.37197475349328002, 0.9395797310053517482 ) ) ;
#167 = AXIS2_PLACEMENT_3D ( 'NONE', #2767, #1138, #2722 ) ;
#168 = CARTESIAN_POINT ( 'NONE',  ( 13.01434656665904299, -24.17326890789896510, -0.4183134872551572681 ) ) ;
#169 = ORIENTED_EDGE ( 'NONE', *, *, #2484, .T. ) ;
#170 = ORIENTED_EDGE ( 'NONE', *, *, #231, .T. ) ;
#171 = DIRECTION ( 'NONE',  ( 0.4999999999999996114, 0.8660254037844389297, 0.000000000000000000 ) ) ;
#172 = CARTESIAN_POINT ( 'NONE',  ( -45.44894758665701318, -29.67350894166783348, -2.876329724763326379 ) ) ;
#173 = CARTESIAN_POINT ( 'NONE',  ( 63.43911445686117645, -7.459176609777247613, -6.252033633359362241 ) ) ;
#174 =( BOUNDED_SURFACE ( )  B_SPLINE_SURFACE ( 1, 3, ( 
 ( #316, #379, #1326, #5028 ),
 ( #5154, #6155, #5608, #280 ) ),
 .UNSPECIFIED., .F., .F., .T. ) 
 B_SPLINE_SURFACE_WITH_KNOTS ( ( 2, 2 ),
 ( 4, 4 ),
 ( 0.000000000000000000, 1.000000000000000000 ),
 ( 0.000000000000000000, 1.000000000000000000 ),
 .UNSPECIFIED. ) 
 GEOMETRIC_REPRESENTATION_ITEM ( )  RATIONAL_B_SPLINE_SURFACE ( (
 ( 1.000000000000000000, 0.8047378541243649375, 0.8047378541243649375, 1.000000000000000000),
 ( 1.000000000000000000, 0.8047378541243649375, 0.8047378541243649375, 1.000000000000000000) ) ) 
 REPRESENTATION_ITEM ( '' )  SURFACE ( )  );
#175 = CARTESIAN_POINT ( 'NONE',  ( 48.76237278020595056, -28.49353083875386972, -3.285397449537291070 ) ) ;
#176 = LINE ( 'NONE', #2287, #4700 ) ;
#177 = LINE ( 'NONE', #4375, #2991 ) ;
#178 = CARTESIAN_POINT ( 'NONE',  ( 0.8823537138047916617, -7.699286150342385504, -1.000767015603923449 ) ) ;
#179 = VERTEX_POINT ( 'NONE', #138 ) ;
#180 = CARTESIAN_POINT ( 'NONE',  ( -58.35338218527217435, -2.702373318197702101, -5.439075561198103870 ) ) ;
#181 = DIRECTION ( 'NONE',  ( 0.000000000000000000, 0.000000000000000000, 1.000000000000000000 ) ) ;
#182 = AXIS2_PLACEMENT_3D ( 'NONE', #5462, #5078, #4592 ) ;
#183 = EDGE_CURVE ( 'NONE', #3513, #5740, #6528, .T. ) ;
#184 = ORIENTED_EDGE ( 'NONE', *, *, #4179, .T. ) ;
#185 = CARTESIAN_POINT ( 'NONE',  ( 15.66086979333184281, -26.96901604385080020, -1.317919926046621004 ) ) ;
#186 = APPLICATION_PROTOCOL_DEFINITION ( 'draft international standard', 'automotive_design', 1998, #1980 ) ;
#187 = FACE_OUTER_BOUND ( 'NONE', #4229, .T. ) ;
#188 = CARTESIAN_POINT ( 'NONE',  ( -59.73004451316369767, -6.241355863189726350, -3.628134514448221992 ) ) ;
#189 = CARTESIAN_POINT ( 'NONE',  ( 55.54022213540181951, -26.46141420916067233, -5.018850275653757187 ) ) ;
#190 = CARTESIAN_POINT ( 'NONE',  ( -74.33232441199881180, -5.972304432543244168, -12.58618263852918950 ) ) ;
#191 = AXIS2_PLACEMENT_3D ( 'NONE', #6465, #4263, #102 ) ;
#192 = ORIENTED_EDGE ( 'NONE', *, *, #1056, .T. ) ;
#193 = EDGE_LOOP ( 'NONE', ( #3155, #5361 ) ) ;
#194 = LINE ( 'NONE', #2859, #6596 ) ;
#195 = DIRECTION ( 'NONE',  ( 1.000000000000000000, 0.000000000000000000, 0.000000000000000000 ) ) ;
#196 = CARTESIAN_POINT ( 'NONE',  ( 13.97444591346516241, 1.148922094363807878, -0.4526849711010139110 ) ) ;
#197 = CARTESIAN_POINT ( 'NONE',  ( 59.45973303555210521, -9.353953579702759313, -4.395700187507733503 ) ) ;
#198 = EDGE_CURVE ( 'NONE', #2612, #921, #2250, .T. ) ;
#199 = CARTESIAN_POINT ( 'NONE',  ( -0.3464101615137752388, -1.106352066656306181E-16, 0.2000000000000000111 ) ) ;
#200 = CARTESIAN_POINT ( 'NONE',  ( 23.34136073444847170, -30.68450847370868217, -0.5046395578391336123 ) ) ;
#201 = EDGE_CURVE ( 'NONE', #2585, #5089, #694, .T. ) ;
#202 = CARTESIAN_POINT ( 'NONE',  ( -56.61206125769125208, -0.2282836251278402007, -4.367828324851220856 ) ) ;
#203 = ORIENTED_EDGE ( 'NONE', *, *, #1812, .F. ) ;
#204 = EDGE_CURVE ( 'NONE', #5067, #5798, #4994, .T. ) ;
#205 = ORIENTED_EDGE ( 'NONE', *, *, #5969, .F. ) ;
#206 = CARTESIAN_POINT ( 'NONE',  ( 66.98417885191005894, 1.027496301198058903, -12.23888633471946363 ) ) ;
#207 = CARTESIAN_POINT ( 'NONE',  ( -47.36256316717078363, -28.99203072184976193, -3.112580304781065177 ) ) ;
#208 = VECTOR ( 'NONE', #5522, 1000.000000000000000 ) ;
#209 = ADVANCED_FACE ( 'NONE', ( #3919 ), #1195, .T. ) ;
#210 = LINE ( 'NONE', #4991, #4548 ) ;
#211 = SURFACE_STYLE_USAGE ( .BOTH. , #2905 ) ;
#212 = CARTESIAN_POINT ( 'NONE',  ( -25.34411293334954252, -31.09041409783045751, -0.6256698368076012429 ) ) ;
#213 = B_SPLINE_CURVE_WITH_KNOTS ( 'NONE', 3,
 ( #1845, #5558, #4934, #6553 ),
 .UNSPECIFIED., .F., .F.,
 ( 4, 4 ),
 ( 0.000000000000000000, 0.002002420440898614474 ),
 .UNSPECIFIED. ) ;
#214 = DIRECTION ( 'NONE',  ( 0.000000000000000000, 1.000000000000000000, -0.000000000000000000 ) ) ;
#215 = CARTESIAN_POINT ( 'NONE',  ( 10.40535143926271111, -18.55784063263002182, 0.1933325330834633760 ) ) ;
#216 = CARTESIAN_POINT ( 'NONE',  ( -53.97067245265889568, -23.38979298291714315, -4.794197116653828417 ) ) ;
#217 = ORIENTED_EDGE ( 'NONE', *, *, #5499, .F. ) ;
#218 = CARTESIAN_POINT ( 'NONE',  ( 72.36096723560009991, -2.171431038336605113, -14.26371814922621262 ) ) ;
#219 = CARTESIAN_POINT ( 'NONE',  ( -2.834420581994278934E-15, -34.58816513739292020, -386.7465117133056651 ) ) ;
#220 = AXIS2_PLACEMENT_3D ( 'NONE', #99, #3771, #6822 ) ;
#221 = ORIENTED_EDGE ( 'NONE', *, *, #3151, .T. ) ;
#222 = CARTESIAN_POINT ( 'NONE',  ( 21.74450137238038039, -30.31513922184071319, -1.612655097010307292 ) ) ;
#223 = DIRECTION ( 'NONE',  ( -0.0005443633068982283666, -0.9999998518342843035, -8.283285098453002980E-16 ) ) ;
#224 = CARTESIAN_POINT ( 'NONE',  ( 56.81210148162212903, -24.89744629570826362, -3.184662601421978323 ) ) ;
#225 = CARTESIAN_POINT ( 'NONE',  ( -52.50668674978268768, 2.162940687080963542, -2.571652550467943055 ) ) ;
#226 = CARTESIAN_POINT ( 'NONE',  ( -9.124605069403042279, -7.574782913218289337, -1.107933662158271826 ) ) ;
#227 = CARTESIAN_POINT ( 'NONE',  ( 47.41157415211824144, -28.99203072184941732, -2.715594255461417639 ) ) ;
#228 = ORIENTED_EDGE ( 'NONE', *, *, #3510, .T. ) ;
#229 = EDGE_LOOP ( 'NONE', ( #2436, #931, #3061, #4797 ) ) ;
#230 = DIRECTION ( 'NONE',  ( -0.000000000000000000, -6.195440985631454085E-17, -1.000000000000000000 ) ) ;
#231 = EDGE_CURVE ( 'NONE', #5692, #4582, #6427, .T. ) ;
#232 = PRODUCT_DEFINITION ( 'UNKNOWN', '', #5025, #4959 ) ;
#233 = CARTESIAN_POINT ( 'NONE',  ( -17.09423293671950006, 2.150019334211048516, -0.1652837703010864856 ) ) ;
#234 = PRODUCT_DEFINITION_SHAPE ( 'NONE', 'NONE',  #1248 ) ;
#235 = AXIS2_PLACEMENT_3D ( 'NONE', #5191, #442, #2549 ) ;
#236 = CARTESIAN_POINT ( 'NONE',  ( 0.000000000000000000, 0.2500000000000000000, 0.000000000000000000 ) ) ;
#237 = CARTESIAN_POINT ( 'NONE',  ( -56.21043321239046975, 0.1898975167689397892, -3.904193473589268049 ) ) ;
#238 = ORIENTED_EDGE ( 'NONE', *, *, #336, .T. ) ;
#239 = ORIENTED_EDGE ( 'NONE', *, *, #2621, .F. ) ;
#240 = CARTESIAN_POINT ( 'NONE',  ( 5.421010862427522170E-17, 0.2500000000000000000, -0.3464101615137754608 ) ) ;
#241 = CARTESIAN_POINT ( 'NONE',  ( 1.424744299503406531, -7.716735782361044294, 0.3988860179360356195 ) ) ;
#242 = DIRECTION ( 'NONE',  ( 0.0005443633068965336502, -0.9999998518342840814, 2.518186154490093769E-18 ) ) ;
#243 = DIRECTION ( 'NONE',  ( 1.000000000000000000, 0.000000000000000000, 0.000000000000000000 ) ) ;
#244 = STYLED_ITEM ( 'NONE', ( #1514 ), #2147 ) ;
#245 = CARTESIAN_POINT ( 'NONE',  ( -13.98890673045830901, 1.148922094363605595, -0.05294645060066605069 ) ) ;
#246 = CIRCLE ( 'NONE', #4111, 37.52000000000000313 ) ;
#247 = UNCERTAINTY_MEASURE_WITH_UNIT (LENGTH_MEASURE( 1.000000000000000082E-05 ), #2576, 'distance_accuracy_value', 'NONE');
#248 =( LENGTH_UNIT ( ) NAMED_UNIT ( * ) SI_UNIT ( .MILLI., .METRE. ) );
#249 = ADVANCED_FACE ( 'NONE', ( #1210 ), #2768, .F. ) ;
#250 = CARTESIAN_POINT ( 'NONE',  ( -0.1732050807568876749, 0.2999999999999999334, 0.000000000000000000 ) ) ;
#251 = CARTESIAN_POINT ( 'NONE',  ( -22.79443831382579333, -33.62262276534619332, 0.3293838417181573219 ) ) ;
#252 = ORIENTED_EDGE ( 'NONE', *, *, #4962, .F. ) ;
#253 = CARTESIAN_POINT ( 'NONE',  ( -48.50210279798924518, -31.81614761215615417, -2.045522794672268496 ) ) ;
#254 = LINE ( 'NONE', #2739, #5110 ) ;
#255 = EDGE_LOOP ( 'NONE', ( #2962, #5682, #5635 ) ) ;
#256 = CARTESIAN_POINT ( 'NONE',  ( -0.8814654616634314266, -7.698536931999663047, 0.9992429907959290425 ) ) ;
#257 = DIRECTION ( 'NONE',  ( 0.0005443633068961050651, -0.9999998518342845255, -1.752819181606894973E-15 ) ) ;
#258 = CARTESIAN_POINT ( 'NONE',  ( -59.57645070159809819, -9.352657451645590925, -3.604319627827002215 ) ) ;
#259 = CARTESIAN_POINT ( 'NONE',  ( 81.38325028584480947, -7.790853845348025608, -7.977785093294897045 ) ) ;
#260 = DIRECTION ( 'NONE',  ( 0.000000000000000000, 1.000000000000000000, 0.000000000000000000 ) ) ;
#261 = DIRECTION ( 'NONE',  ( 0.000000000000000000, 0.000000000000000000, -1.000000000000000000 ) ) ;
#262 = ORIENTED_EDGE ( 'NONE', *, *, #5756, .F. ) ;
#263 = VERTEX_POINT ( 'NONE', #3394 ) ;
#264 = CARTESIAN_POINT ( 'NONE',  ( 59.48763376947755432, -7.091772418174496551, -5.614523122093366680 ) ) ;
#265 = AXIS2_PLACEMENT_3D ( 'NONE', #2226, #257, #3932 ) ;
#266 = DIRECTION ( 'NONE',  ( 0.7071067811865484609, 0.000000000000000000, -0.7071067811865466846 ) ) ;
#267 = FACE_OUTER_BOUND ( 'NONE', #5082, .T. ) ;
#268 = FACE_OUTER_BOUND ( 'NONE', #2485, .T. ) ;
#269 = CARTESIAN_POINT ( 'NONE',  ( -31.43907451809384312, -31.62516646220151628, -1.073901184539798104 ) ) ;
#270 = DIRECTION ( 'NONE',  ( 0.7071067811865465735, 0.000000000000000000, 0.7071067811865483499 ) ) ;
#271 = EDGE_CURVE ( 'NONE', #2136, #3180, #659, .T. ) ;
#272 = VERTEX_POINT ( 'NONE', #2805 ) ;
#273 = CYLINDRICAL_SURFACE ( 'NONE', #1092, 0.9799999999999999822 ) ;
#274 = CARTESIAN_POINT ( 'NONE',  ( 1.418856112963594374, -7.716735782361043405, -1.201109378196312916 ) ) ;
#275 = AXIS2_PLACEMENT_3D ( 'NONE', #2155, #1187, #6365 ) ;
#276 = AXIS2_PLACEMENT_3D ( 'NONE', #4109, #5250, #5181 ) ;
#277 = EDGE_CURVE ( 'NONE', #5089, #1064, #428, .T. ) ;
#278 = CARTESIAN_POINT ( 'NONE',  ( -71.86096730968294821, -2.171158856683157001, -15.23888633471938370 ) ) ;
#279 = CYLINDRICAL_SURFACE ( 'NONE', #5717, 0.2499999999999999445 ) ;
#280 = CARTESIAN_POINT ( 'NONE',  ( -67.33147513145131313, 1.027496301198058903, -4.890740912264060825 ) ) ;
#281 = VECTOR ( 'NONE', #2252, 1000.000000000000000 ) ;
#282 = EDGE_CURVE ( 'NONE', #5498, #4685, #68, .T. ) ;
#283 = CIRCLE ( 'NONE', #4702, 0.2499999999999999445 ) ;
#284 = CARTESIAN_POINT ( 'NONE',  ( -47.36256316717078363, -28.99203072184976193, -3.112580304781065177 ) ) ;
#285 = CYLINDRICAL_SURFACE ( 'NONE', #1011, 386.9465117133056538 ) ;
#286 = ORIENTED_EDGE ( 'NONE', *, *, #6303, .F. ) ;
#287 = EDGE_LOOP ( 'NONE', ( #5278, #4020, #591, #1479 ) ) ;
#288 = CARTESIAN_POINT ( 'NONE',  ( -53.96313209902311314, -28.49825397937076943, -2.773275340027730351 ) ) ;
#289 = DIRECTION ( 'NONE',  ( 0.7071067811865475727, 0.000000000000000000, -0.7071067811865475727 ) ) ;
#290 = EDGE_CURVE ( 'NONE', #751, #4265, #210, .T. ) ;
#291 = EDGE_CURVE ( 'NONE', #1684, #2107, #3619, .T. ) ;
#292 = ORIENTED_EDGE ( 'NONE', *, *, #1319, .F. ) ;
#293 = CARTESIAN_POINT ( 'NONE',  ( 3.573128384247423739, -8.660425663601230895, 0.9835798144623776329 ) ) ;
#294 = PRODUCT_DEFINITION_SHAPE ( 'NONE', 'NONE',  #6827 ) ;
#295 = FACE_OUTER_BOUND ( 'NONE', #4566, .T. ) ;
#296 = CARTESIAN_POINT ( 'NONE',  ( -9.584192467710613172, -10.82513488819481040, 0.2813487651392037048 ) ) ;
#297 = DIRECTION ( 'NONE',  ( 0.000000000000000000, 0.000000000000000000, 1.000000000000000000 ) ) ;
#298 = EDGE_CURVE ( 'NONE', #4602, #5692, #1539, .T. ) ;
#299 = AXIS2_PLACEMENT_3D ( 'NONE', #5562, #6141, #6738 ) ;
#300 = CARTESIAN_POINT ( 'NONE',  ( -58.19473649644148594, -14.24045285161366081, -4.604666670680043872 ) ) ;
#301 = ORIENTED_EDGE ( 'NONE', *, *, #6227, .F. ) ;
#302 = ORIENTED_EDGE ( 'NONE', *, *, #298, .T. ) ;
#303 = CARTESIAN_POINT ( 'NONE',  ( -65.14299709554634887, -6.452445675658335489, -4.510928043940057641 ) ) ;
#304 = SHAPE_REPRESENTATION_RELATIONSHIP ( 'NONE' , 'NONE' ,  #2065, #4743 ) ;
#305 = CARTESIAN_POINT ( 'NONE',  ( -61.64324346998019166, -12.60949246133442436, -5.956831261827916890 ) ) ;
#306 = CARTESIAN_POINT ( 'NONE',  ( 12.87118709504178504, 0.7005016043820935234, -0.01380877937180349790 ) ) ;
#307 = CARTESIAN_POINT ( 'NONE',  ( -28.05870380058329161, 13.82335953646698812, -48.58022199793911255 ) ) ;
#308 = CARTESIAN_POINT ( 'NONE',  ( -85.16621338183117018, -11.25322035869498905, -8.644742284869915139 ) ) ;
#309 = ORIENTED_EDGE ( 'NONE', *, *, #6634, .T. ) ;
#310 = FACE_OUTER_BOUND ( 'NONE', #5340, .T. ) ;
#311 = CARTESIAN_POINT ( 'NONE',  ( 4.745945576247330600, -9.477908308251766556, -1.228401521221981652 ) ) ;
#312 = COLOUR_RGB ( '',0.7921568627450980005, 0.8196078431372548767, 0.9333333333333333481 ) ;
#313 = MANIFOLD_SOLID_BREP ( 'Boss-Extrude1', #6318 ) ;
#314 = CARTESIAN_POINT ( 'NONE',  ( 112.2738636073762848, -0.004999999999999362593, 12.72613639262379515 ) ) ;
#315 = DIRECTION ( 'NONE',  ( 0.000000000000000000, 0.000000000000000000, 1.000000000000000000 ) ) ;
#316 = CARTESIAN_POINT ( 'NONE',  ( -72.36270919818215930, 1.028568487533104481, -12.23888633471943699 ) ) ;
#317 = CARTESIAN_POINT ( 'NONE',  ( 117.2236110756821290, -0.004999999999999796274, 7.776388924317967799 ) ) ;
#318 = B_SPLINE_CURVE_WITH_KNOTS ( 'NONE', 3,
 ( #4064, #4123, #5102, #4090, #1999, #814 ),
 .UNSPECIFIED., .F., .F.,
 ( 4, 2, 4 ),
 ( 1.320728012814550606E-11, 0.007513391787505187269, 0.01502678356180309552 ),
 .UNSPECIFIED. ) ;
#319 = DIRECTION ( 'NONE',  ( 0.000000000000000000, 0.000000000000000000, -1.000000000000000000 ) ) ;
#320 = AXIS2_PLACEMENT_3D ( 'NONE', #6554, #676, #6517 ) ;
#321 = DIRECTION ( 'NONE',  ( 0.000000000000000000, 0.000000000000000000, 1.000000000000000000 ) ) ;
#322 = ORIENTED_EDGE ( 'NONE', *, *, #6320, .F. ) ;
#323 = CARTESIAN_POINT ( 'NONE',  ( 0.000000000000000000, -0.005000000000000013115, -3.500000000000000888 ) ) ;
#324 = DIRECTION ( 'NONE',  ( 0.000000000000000000, 1.000000000000000000, -0.000000000000000000 ) ) ;
#325 = DIRECTION ( 'NONE',  ( 0.000000000000000000, 0.000000000000000000, -1.000000000000000000 ) ) ;
#326 = DIRECTION ( 'NONE',  ( 0.9897040182327749847, 0.000000000000000000, 0.1431291594815635726 ) ) ;
#327 = CARTESIAN_POINT ( 'NONE',  ( 20.80255401934339687, 5.657392638444433075, -0.9359058811349363349 ) ) ;
#328 = EDGE_CURVE ( 'NONE', #4625, #5067, #5124, .T. ) ;
#329 = CARTESIAN_POINT ( 'NONE',  ( -12.14150195664972642, -27.69513099669682177, 0.8105390444477073020 ) ) ;
#330 = CARTESIAN_POINT ( 'NONE',  ( 0.2999999999999999889, 0.000000000000000000, 0.1732050807568873696 ) ) ;
#331 = CARTESIAN_POINT ( 'NONE',  ( -43.21665687284385626, 7.440863080217712699, -1.407731290531617718 ) ) ;
#332 = EDGE_LOOP ( 'NONE', ( #3168, #2018, #2164, #2027 ) ) ;
#333 = EDGE_LOOP ( 'NONE', ( #1362, #3001, #6812, #3405 ) ) ;
#334 = VECTOR ( 'NONE', #3355, 1000.000000000000000 ) ;
#335 = CARTESIAN_POINT ( 'NONE',  ( 59.40039441519392938, -6.015806415360582804, -5.600914345641638370 ) ) ;
#336 = EDGE_CURVE ( 'NONE', #5196, #2612, #3993, .T. ) ;
#337 = PLANE ( 'NONE',  #6675 ) ;
#338 = CARTESIAN_POINT ( 'NONE',  ( -10.15276178157801645, -2.074861434915852509, -1.133612341622724839 ) ) ;
#339 = CARTESIAN_POINT ( 'NONE',  ( -27.36432937173045588, -31.35972682035336589, -0.7633885114448922815 ) ) ;
#340 = CARTESIAN_POINT ( 'NONE',  ( -11.04872687994001978, 2.364914076947106647, 1.055308016519634906 ) ) ;
#341 = ADVANCED_FACE ( 'NONE', ( #5606 ), #4578, .F. ) ;
#342 = ORIENTED_EDGE ( 'NONE', *, *, #1201, .F. ) ;
#343 = CARTESIAN_POINT ( 'NONE',  ( 125.3490205518908454, 0.9850000000000002087, 24.41536404601275478 ) ) ;
#344 = CARTESIAN_POINT ( 'NONE',  ( 1.421800206233500452, -7.716735782361043405, -0.4011116801301408685 ) ) ;
#345 = EDGE_CURVE ( 'NONE', #1111, #1722, #6740, .T. ) ;
#346 = CARTESIAN_POINT ( 'NONE',  ( -21.73510199930018416, -30.36919626203789235, -1.609757062459992616 ) ) ;
#347 = B_SPLINE_CURVE_WITH_KNOTS ( 'NONE', 3,
 ( #5812, #4849, #3211, #5330, #2726, #6391, #3429, #2806, #5027, #2317, #6502, #2388, #5505, #5995, #1900, #3395, #4922, #6576, #5544, #2872 ),
 .UNSPECIFIED., .F., .F.,
 ( 4, 2, 2, 2, 2, 2, 2, 2, 2, 4 ),
 ( 3.021597944869744857E-13, 0.003361158010896889668, 0.006722316021491619997, 0.01008347403208634946, 0.01344463204268107892, 0.01680579005327580838, 0.01848636905857317311, 0.02016694806387053437, 0.02352810607446526037, 0.02688926408505998983 ),
 .UNSPECIFIED. ) ;
#348 = CARTESIAN_POINT ( 'NONE',  ( 52.34605302607611321, 2.169978146757339577, -3.760746376895274246 ) ) ;
#349 = CARTESIAN_POINT ( 'NONE',  ( 54.07861530701783437, -23.38744780005217550, -4.001545601143270403 ) ) ;
#350 = ORIENTED_EDGE ( 'NONE', *, *, #783, .F. ) ;
#351 = ORIENTED_EDGE ( 'NONE', *, *, #4496, .T. ) ;
#352 = MANIFOLD_SOLID_BREP ( 'Fillet1', #3351 ) ;
#353 = CARTESIAN_POINT ( 'NONE',  ( -26.69735940333145052, 4.019736236216640002, 0.09303662669987430855 ) ) ;
#354 = CARTESIAN_POINT ( 'NONE',  ( 5.551115123125782702E-14, 1.005000000000000782, 0.2999999999999998224 ) ) ;
#355 = EDGE_CURVE ( 'NONE', #4258, #3400, #5770, .T. ) ;
#356 = SHAPE_REPRESENTATION ( 'glass_Assembly', ( #1031, #3796, #1468, #1688, #4128, #3685, #5232, #265 ), #2571 ) ;
#357 = CARTESIAN_POINT ( 'NONE',  ( 17.09417449425664870, 2.150000493489502063, -0.1652816561046441812 ) ) ;
#358 = CARTESIAN_POINT ( 'NONE',  ( 63.40674836763546551, -7.884987674806403390, -4.219348183156144572 ) ) ;
#359 = CARTESIAN_POINT ( 'NONE',  ( 76.24795457995757886, -3.944331254840212964, -7.071481539208073208 ) ) ;
#360 = CARTESIAN_POINT ( 'NONE',  ( -14.63552498812319236, -29.95916721547373740, 0.7246280782965374145 ) ) ;
#361 = CARTESIAN_POINT ( 'NONE',  ( -62.37946508830171410, -9.959874162562085687, -4.726149880243538881 ) ) ;
#362 = CARTESIAN_POINT ( 'NONE',  ( -14.66952346454833567, 3.667470191352810716, 0.7242748369773114314 ) ) ;
#363 = STYLED_ITEM ( 'NONE', ( #5698 ), #364 ) ;
#364 = MANIFOLD_SOLID_BREP ( 'Cut-Extrude3', #1575 ) ;
#365 = ORIENTED_EDGE ( 'NONE', *, *, #4466, .T. ) ;
#366 = CARTESIAN_POINT ( 'NONE',  ( -53.53816355766738866, 1.851208186883128270, -3.923682476752026194 ) ) ;
#367 = CLOSED_SHELL ( 'NONE', ( #536, #4948, #6174, #5900, #5029, #2439, #209, #3065, #2147, #5197 ) ) ;
#368 = PRESENTATION_STYLE_ASSIGNMENT (( #5144 ) ) ;
#369 = CARTESIAN_POINT ( 'NONE',  ( 10.38498163763279258, -18.55947972158575965, -0.3395269496878072779 ) ) ;
#370 = CARTESIAN_POINT ( 'NONE',  ( 9.545808712541361984, -4.067225507411682983, -0.3178853749502424386 ) ) ;
#371 = B_SPLINE_CURVE_WITH_KNOTS ( 'NONE', 3,
 ( #4259, #28, #4366, #2766, #5397, #1586, #1656, #2210, #2102, #1099, #4778, #2650 ),
 .UNSPECIFIED., .F., .F.,
 ( 4, 2, 2, 2, 2, 4 ),
 ( 1.435256300589085609E-11, 0.006472357751179098721, 0.01294471548800563317, 0.01618089435641891644, 0.01941707322483219450, 0.02588943096165872981 ),
 .UNSPECIFIED. ) ;
#372 = CARTESIAN_POINT ( 'NONE',  ( -61.94014959505207685, 3.413243352908217343, -3.758390417576508824 ) ) ;
#373 =( GEOMETRIC_REPRESENTATION_CONTEXT ( 3 ) GLOBAL_UNCERTAINTY_ASSIGNED_CONTEXT ( ( #6299 ) ) GLOBAL_UNIT_ASSIGNED_CONTEXT ( ( #1409, #3542, #4171 ) ) REPRESENTATION_CONTEXT ( 'NONE', 'WORKASPACE' ) );
#374 = ORIENTED_EDGE ( 'NONE', *, *, #6731, .T. ) ;
#375 = CARTESIAN_POINT ( 'NONE',  ( -14.01600947199288605, -25.39495585576661441, -0.05225562382373272197 ) ) ;
#376 = CARTESIAN_POINT ( 'NONE',  ( -6.486905369568905400, -16.47775753404176413, -0.4544626471027197190 ) ) ;
#377 = COLOUR_RGB ( '',0.2509803921568627416, 0.2509803921568627416, 0.2509803921568627416 ) ;
#378 = CARTESIAN_POINT ( 'NONE',  ( -0.1732050807568873418, -0.3000000000000001554, 0.2000000000000000111 ) ) ;
#379 = CARTESIAN_POINT ( 'NONE',  ( -72.36270919818214509, 1.028568487533104481, -9.088216203508499902 ) ) ;
#380 = B_SPLINE_CURVE_WITH_KNOTS ( 'NONE', 3,
 ( #1466, #5794, #3679, #4723, #3015, #3086, #3642, #3543, #6743, #3573 ),
 .UNSPECIFIED., .F., .F.,
 ( 4, 2, 2, 2, 4 ),
 ( 0.000000000000000000, 0.2500000000000000000, 0.5000000000000000000, 0.7500000000000000000, 1.000000000000000000 ),
 .UNSPECIFIED. ) ;
#381 = LINE ( 'NONE', #6694, #2205 ) ;
#382 = AXIS2_PLACEMENT_3D ( 'NONE', #4478, #4753, #6225 ) ;
#383 = FACE_OUTER_BOUND ( 'NONE', #6550, .T. ) ;
#384 = EDGE_LOOP ( 'NONE', ( #1644, #1353, #2743, #5309 ) ) ;
#385 = DIRECTION ( 'NONE',  ( -4.173484458121925752E-08, 0.9999999999999992228, -7.358978692125614202E-09 ) ) ;
#386 = DIRECTION ( 'NONE',  ( -0.000000000000000000, -1.000000000000000000, 0.000000000000000000 ) ) ;
#387 = CIRCLE ( 'NONE', #2029, 0.2499999999999999445 ) ;
#388 = EDGE_CURVE ( 'NONE', #5692, #5981, #992, .T. ) ;
#389 = CARTESIAN_POINT ( 'NONE',  ( 39.65240958384194414, 4.368642006646413556, -1.823397230990271956 ) ) ;
#390 = ITEM_DEFINED_TRANSFORMATION ( 'NONE', 'NONE', #4128,  #6116 ) ;
#391 = CARTESIAN_POINT ( 'NONE',  ( 70.61032024309959354, -0.6697080072573514675, -6.892594371832464262 ) ) ;
#392 = CARTESIAN_POINT ( 'NONE',  ( -18.51082213831467627, -32.27787774346669636, 0.5593129359228787845 ) ) ;
#393 = VERTEX_POINT ( 'NONE', #6208 ) ;
#394 = CARTESIAN_POINT ( 'NONE',  ( 20.33664013798788517, -29.85481788596217356, -0.3323034234569182677 ) ) ;
#395 = EDGE_CURVE ( 'NONE', #5011, #3381, #1572, .T. ) ;
#396 = CARTESIAN_POINT ( 'NONE',  ( -56.41406539325115688, -18.93891244154216835, -4.337736028171304881 ) ) ;
#397 = ORIENTED_EDGE ( 'NONE', *, *, #30, .F. ) ;
#398 = SURFACE_STYLE_FILL_AREA ( #3540 ) ;
#399 =( NAMED_UNIT ( * ) PLANE_ANGLE_UNIT ( ) SI_UNIT ( $, .RADIAN. ) );
#400 = DIRECTION ( 'NONE',  ( -4.625929269271484533E-15, 0.000000000000000000, 1.000000000000000000 ) ) ;
#401 = CARTESIAN_POINT ( 'NONE',  ( -12.83509873763825482, 0.6781391340382876276, -1.213497827212331792 ) ) ;
#402 = CARTESIAN_POINT ( 'NONE',  ( -83.38716195219447513, -9.550367289509793522, -7.518509396050797378 ) ) ;
#403 = AXIS2_PLACEMENT_3D ( 'NONE', #6520, #1781, #5488 ) ;
#404 = ORIENTED_EDGE ( 'NONE', *, *, #5697, .F. ) ;
#405 = EDGE_CURVE ( 'NONE', #3353, #5067, #436, .T. ) ;
#406 = SURFACE_STYLE_FILL_AREA ( #1060 ) ;
#407 =( NAMED_UNIT ( * ) SI_UNIT ( $, .STERADIAN. ) SOLID_ANGLE_UNIT ( ) );
#408 = FACE_OUTER_BOUND ( 'NONE', #6512, .T. ) ;
#409 = ORIENTED_EDGE ( 'NONE', *, *, #2230, .T. ) ;
#410 = VECTOR ( 'NONE', #96, 1000.000000000000227 ) ;
#411 = CARTESIAN_POINT ( 'NONE',  ( 72.36096723560009991, -2.171431038336605113, -15.23888633471938370 ) ) ;
#412 = EDGE_CURVE ( 'NONE', #3708, #1001, #2023, .T. ) ;
#413 = ORIENTED_EDGE ( 'NONE', *, *, #157, .F. ) ;
#414 = VERTEX_POINT ( 'NONE', #1475 ) ;
#415 = CARTESIAN_POINT ( 'NONE',  ( 9.216069766126333107, -6.496517073182407565, 0.8906327476929769560 ) ) ;
#416 = FACE_OUTER_BOUND ( 'NONE', #3104, .T. ) ;
#417 = CARTESIAN_POINT ( 'NONE',  ( 26.67855000111685726, 4.023897249189135827, -0.7073739125015545692 ) ) ;
#418 = CYLINDRICAL_SURFACE ( 'NONE', #13, 0.9799999999999988720 ) ;
#419 = CARTESIAN_POINT ( 'NONE',  ( -6.830263914453380991, -14.37196701744635874, 0.9395455454612601232 ) ) ;
#420 = ORIENTED_EDGE ( 'NONE', *, *, #836, .T. ) ;
#421 = FACE_OUTER_BOUND ( 'NONE', #1342, .T. ) ;
#422 = CARTESIAN_POINT ( 'NONE',  ( 10.39572806148910900, -18.55947972158575965, 0.06032866722194274445 ) ) ;
#423 = EDGE_LOOP ( 'NONE', ( #3142, #6294, #77, #5903 ) ) ;
#424 = CARTESIAN_POINT ( 'NONE',  ( 125.3490205518908454, 0.9850000000000002087, 24.41536404601275478 ) ) ;
#425 = CARTESIAN_POINT ( 'NONE',  ( 9.361243200170612511, -13.79109637951008693, 0.08677274213105753975 ) ) ;
#426 = FACE_OUTER_BOUND ( 'NONE', #4567, .T. ) ;
#427 = EDGE_LOOP ( 'NONE', ( #2075, #5719, #5205, #150 ) ) ;
#428 = CIRCLE ( 'NONE', #2521, 0.9799999999999988720 ) ;
#429 = CARTESIAN_POINT ( 'NONE',  ( 0.000000000000000000, 0.000000000000000000, 0.000000000000000000 ) ) ;
#430 = CIRCLE ( 'NONE', #1764, 0.9799999999999999822 ) ;
#431 = EDGE_CURVE ( 'NONE', #3051, #5039, #1251, .T. ) ;
#432 = ORIENTED_EDGE ( 'NONE', *, *, #1936, .F. ) ;
#433 = CARTESIAN_POINT ( 'NONE',  ( 17.56972151577573982, -28.42702993580255821, -0.1966066591483560111 ) ) ;
#434 = FILL_AREA_STYLE_COLOUR ( '', #3217 ) ;
#435 = AXIS2_PLACEMENT_3D ( 'NONE', #1386, #462, #6717 ) ;
#436 = LINE ( 'NONE', #5773, #1903 ) ;
#437 = CARTESIAN_POINT ( 'NONE',  ( 0.000000000000000000, 0.000000000000000000, 1.700000000000000178 ) ) ;
#438 = FACE_OUTER_BOUND ( 'NONE', #2709, .T. ) ;
#439 = ORIENTED_EDGE ( 'NONE', *, *, #1995, .F. ) ;
#440 = EDGE_LOOP ( 'NONE', ( #4644, #2066 ) ) ;
#441 = LINE ( 'NONE', #4706, #6714 ) ;
#442 = DIRECTION ( 'NONE',  ( -4.615198660203559618E-17, 1.000000000000000000, -3.736488172122332627E-18 ) ) ;
#443 = ORIENTED_EDGE ( 'NONE', *, *, #5824, .T. ) ;
#444 = LINE ( 'NONE', #3559, #2404 ) ;
#445 = CARTESIAN_POINT ( 'NONE',  ( -48.64300070010300914, -28.42768975276943877, -4.078709024805763583 ) ) ;
#446 = ORIENTED_EDGE ( 'NONE', *, *, #6700, .T. ) ;
#447 = CARTESIAN_POINT ( 'NONE',  ( 28.35272644270208531, 7.115914183442288987, -2.218361332166112199 ) ) ;
#448 = CARTESIAN_POINT ( 'NONE',  ( -6.771041445455909802, -14.37226678043900030, -1.059135254886776734 ) ) ;
#449 = ORIENTED_EDGE ( 'NONE', *, *, #2060, .F. ) ;
#450 = CARTESIAN_POINT ( 'NONE',  ( 71.86096730968294821, -2.171158856683157001, -15.23888633471938370 ) ) ;
#451 = CARTESIAN_POINT ( 'NONE',  ( -43.54112965218974551, -30.22243126600640650, -2.252310342629329387 ) ) ;
#452 = CARTESIAN_POINT ( 'NONE',  ( 0.000000000000000000, 0.005000000000000229955, -2.520000000000001350 ) ) ;
#453 = VECTOR ( 'NONE', #4477, 1000.000000000000000 ) ;
#454 = ORIENTED_EDGE ( 'NONE', *, *, #1279, .F. ) ;
#455 = CARTESIAN_POINT ( 'NONE',  ( 0.000000000000000000, -0.004999999999999952399, -2.520000000000001350 ) ) ;
#456 = DIRECTION ( 'NONE',  ( 0.000000000000000000, 0.000000000000000000, -1.000000000000000000 ) ) ;
#457 = DIRECTION ( 'NONE',  ( 0.9999998518342840814, 0.0005443633068966032560, 0.000000000000000000 ) ) ;
#458 = CARTESIAN_POINT ( 'NONE',  ( -63.45589410309158751, -7.477468952016866233, -6.255046182849071101 ) ) ;
#459 = VERTEX_POINT ( 'NONE', #5216 ) ;
#460 = CARTESIAN_POINT ( 'NONE',  ( 9.544582894889007463, -10.82513488819481040, -1.318160872762641267 ) ) ;
#461 = ORIENTED_EDGE ( 'NONE', *, *, #2553, .T. ) ;
#462 = DIRECTION ( 'NONE',  ( 4.884682305490612792E-17, 1.000000000000000000, 2.666878455998264135E-17 ) ) ;
#463 = CARTESIAN_POINT ( 'NONE',  ( -21.85094650052829479, -30.37679096564126624, 0.3868863748430539373 ) ) ;
#464 = FACE_OUTER_BOUND ( 'NONE', #4916, .T. ) ;
#465 = DIRECTION ( 'NONE',  ( 0.9897547569913133225, 0.000000000000000000, -0.1427778729813075631 ) ) ;
#466 = FILL_AREA_STYLE ('',( #1960 ) ) ;
#467 = CARTESIAN_POINT ( 'NONE',  ( -54.15058859950393355, -23.38589692435867207, -3.473112982444120256 ) ) ;
#468 = ORIENTED_EDGE ( 'NONE', *, *, #841, .F. ) ;
#469 = ORIENTED_EDGE ( 'NONE', *, *, #282, .T. ) ;
#470 = DIRECTION ( 'NONE',  ( 0.0005443633068965336502, 0.9999998518342840814, -2.518186154490093769E-18 ) ) ;
#471 = PRODUCT_DEFINITION_FORMATION_WITH_SPECIFIED_SOURCE ( 'ANY', '', #2828, .NOT_KNOWN. ) ;
#472 = B_SPLINE_CURVE_WITH_KNOTS ( 'NONE', 3,
 ( #473, #4675, #2584, #2031 ),
 .UNSPECIFIED., .F., .F.,
 ( 4, 4 ),
 ( 0.000000000000000000, 1.000000000000000000 ),
 .UNSPECIFIED. ) ;
#473 = CARTESIAN_POINT ( 'NONE',  ( 23.26861726477444847, -30.68629387014524568, -1.702411614934511652 ) ) ;
#474 = ORIENTED_EDGE ( 'NONE', *, *, #2011, .F. ) ;
#475 = CARTESIAN_POINT ( 'NONE',  ( 0.000000000000000000, -0.9849999999999997646, -2.520000000000001350 ) ) ;
#476 = FACE_OUTER_BOUND ( 'NONE', #4705, .T. ) ;
#477 = ADVANCED_FACE ( 'NONE', ( #2645 ), #2132, .F. ) ;
#478 = VERTEX_POINT ( 'NONE', #1025 ) ;
#479 = CARTESIAN_POINT ( 'NONE',  ( 29.05546605647165848, 4.211496517003842754, -2.094965996407656572 ) ) ;
#480 = CARTESIAN_POINT ( 'NONE',  ( 43.39048704085028874, -30.23173215546552939, -3.442922704163502878 ) ) ;
#481 = ADVANCED_FACE ( 'NONE', ( #3125 ), #5253, .F. ) ;
#482 = ORIENTED_EDGE ( 'NONE', *, *, #6243, .T. ) ;
#483 = VECTOR ( 'NONE', #2607, 1000.000000000000000 ) ;
#484 = EDGE_CURVE ( 'NONE', #5627, #3176, #2097, .T. ) ;
#485 = CARTESIAN_POINT ( 'NONE',  ( 55.39191842925112041, -21.21417699870927365, -3.783131258021511734 ) ) ;
#486 = CARTESIAN_POINT ( 'NONE',  ( -72.36270919818215930, 1.028568487533104481, -15.23888633471944054 ) ) ;
#487 = AXIS2_PLACEMENT_3D ( 'NONE', #3212, #5849, #2034 ) ;
#488 = ADVANCED_FACE ( 'NONE', ( #4946, #1754 ), #1093, .T. ) ;
#489 = ORIENTED_EDGE ( 'NONE', *, *, #6020, .F. ) ;
#490 = CARTESIAN_POINT ( 'NONE',  ( 89.99999999999997158, -0.9849999999999997646, -3.500000000000000888 ) ) ;
#491 = UNCERTAINTY_MEASURE_WITH_UNIT (LENGTH_MEASURE( 1.000000000000000082E-05 ), #1890, 'distance_accuracy_value', 'NONE');
#492 = VECTOR ( 'NONE', #1048, 1000.000000000000000 ) ;
#493 = CARTESIAN_POINT ( 'NONE',  ( -2.972122626482303964, -0.4499347774521306187, -1.008646956604243305 ) ) ;
#494 = ADVANCED_FACE ( 'NONE', ( #1132 ), #2170, .T. ) ;
#495 = CARTESIAN_POINT ( 'NONE',  ( 71.36129370520879434, -1.571431512466895164, -16.23888633471934284 ) ) ;
#496 = EDGE_LOOP ( 'NONE', ( #2921, #2052, #930, #2328 ) ) ;
#497 = CARTESIAN_POINT ( 'NONE',  ( 0.4550313058869331906, -3.598723966335905189, -0.3825441389027663952 ) ) ;
#498 = EDGE_LOOP ( 'NONE', ( #1114, #4280, #2311, #443 ) ) ;
#499 = CARTESIAN_POINT ( 'NONE',  ( -9.555686756630093370, -4.067225507411758478, 0.08199263675456869294 ) ) ;
#500 = CARTESIAN_POINT ( 'NONE',  ( 112.2738636073762848, 0.005000000000000229955, 12.72613639262379337 ) ) ;
#501 = CARTESIAN_POINT ( 'NONE',  ( 53.98575257267182792, -28.50489430314872052, -2.775924550518222844 ) ) ;
#502 = CARTESIAN_POINT ( 'NONE',  ( -0.2999999999999999334, 0.2500000000000000000, -0.1732050807568876194 ) ) ;
#503 = CIRCLE ( 'NONE', #403, 0.9799999999999999822 ) ;
#504 = FACE_OUTER_BOUND ( 'NONE', #255, .T. ) ;
#505 = B_SPLINE_CURVE_WITH_KNOTS ( 'NONE', 3,
 ( #2797, #3420, #6531, #168, #2928, #4432, #4915, #759, #4464, #3913 ),
 .UNSPECIFIED., .F., .F.,
 ( 4, 2, 2, 2, 4 ),
 ( 0.000000000000000000, 0.2500000000000000000, 0.5000000000000000000, 0.7500000000000000000, 1.000000000000000000 ),
 .UNSPECIFIED. ) ;
#506 = ORIENTED_EDGE ( 'NONE', *, *, #4185, .F. ) ;
#507 = VERTEX_POINT ( 'NONE', #5987 ) ;
#508 = DIRECTION ( 'NONE',  ( 4.173484458121925752E-08, 0.9999999999999992228, -7.358978692125614202E-09 ) ) ;
#509 = VECTOR ( 'NONE', #6144, 1000.000000000000000 ) ;
#510 = CARTESIAN_POINT ( 'NONE',  ( -36.25010263794971621, 4.446263320106021766, -2.706190016183071201 ) ) ;
#511 = EDGE_LOOP ( 'NONE', ( #5120, #5555, #3616, #1506 ) ) ;
#512 = CARTESIAN_POINT ( 'NONE',  ( -59.28153533113967200, -9.355247069915128222, -5.582328043439863663 ) ) ;
#513 = CYLINDRICAL_SURFACE ( 'NONE', #3815, 0.9799999999999988720 ) ;
#514 = ORIENTED_EDGE ( 'NONE', *, *, #6317, .T. ) ;
#515 = CARTESIAN_POINT ( 'NONE',  ( 117.2236110756821290, -0.004999999999999796274, 7.776388924317967799 ) ) ;
#516 = CARTESIAN_POINT ( 'NONE',  ( -18.17940126867408779, 4.855017154390521839, -1.421180456295913830 ) ) ;
#517 = VERTEX_POINT ( 'NONE', #3876 ) ;
#518 = DIRECTION ( 'NONE',  ( -0.9999998518342840814, 0.0005443633068966032560, 0.000000000000000000 ) ) ;
#519 = CARTESIAN_POINT ( 'NONE',  ( 71.86096730968294821, -2.171158856683157001, -15.23888633471938370 ) ) ;
#520 = ORIENTED_EDGE ( 'NONE', *, *, #3376, .T. ) ;
#521 = PRESENTATION_STYLE_ASSIGNMENT (( #6708 ) ) ;
#522 = AXIS2_PLACEMENT_3D ( 'NONE', #1381, #5597, #4016 ) ;
#523 = EDGE_CURVE ( 'NONE', #3437, #3587, #5533, .T. ) ;
#524 =( NAMED_UNIT ( * ) PLANE_ANGLE_UNIT ( ) SI_UNIT ( $, .RADIAN. ) );
#525 = DIRECTION ( 'NONE',  ( -0.000000000000000000, -1.000000000000000000, 0.000000000000000000 ) ) ;
#526 = CARTESIAN_POINT ( 'NONE',  ( 0.2500000000000554556, 1.505000000000000782, -0.3000000000000001554 ) ) ;
#527 = CARTESIAN_POINT ( 'NONE',  ( -64.80207895671647123, -6.456433648121952196, -6.481664234011882186 ) ) ;
#528 = ORIENTED_EDGE ( 'NONE', *, *, #3740, .F. ) ;
#529 = LINE ( 'NONE', #6412, #2837 ) ;
#530 = ORIENTED_EDGE ( 'NONE', *, *, #545, .F. ) ;
#531 = CARTESIAN_POINT ( 'NONE',  ( 46.05010468182312877, 3.612025542909349074, -2.939155647315045972 ) ) ;
#532 = CARTESIAN_POINT ( 'NONE',  ( 66.98417880039076522, 1.027701400671255705, -6.860356280627669001 ) ) ;
#533 = CARTESIAN_POINT ( 'NONE',  ( 10.80498289409963775, -20.06352638159034996, 0.04932963229411198997 ) ) ;
#534 = CARTESIAN_POINT ( 'NONE',  ( 54.63456240393896479, -27.85619841640918537, -2.867916470015766439 ) ) ;
#535 =( GEOMETRIC_REPRESENTATION_CONTEXT ( 3 ) GLOBAL_UNCERTAINTY_ASSIGNED_CONTEXT ( ( #4372 ) ) GLOBAL_UNIT_ASSIGNED_CONTEXT ( ( #248, #3956, #736 ) ) REPRESENTATION_CONTEXT ( 'NONE', 'WORKASPACE' ) );
#536 = ADVANCED_FACE ( 'NONE', ( #4396 ), #2737, .T. ) ;
#537 =( LENGTH_UNIT ( ) NAMED_UNIT ( * ) SI_UNIT ( .MILLI., .METRE. ) );
#538 = CARTESIAN_POINT ( 'NONE',  ( -17.55351842731657541, -28.42806802323659809, -0.5962985397300958335 ) ) ;
#539 = DIRECTION ( 'NONE',  ( -0.5000000000000001110, 0.000000000000000000, 0.8660254037844385966 ) ) ;
#540 = VERTEX_POINT ( 'NONE', #1682 ) ;
#541 = EDGE_LOOP ( 'NONE', ( #3311, #5844, #2191, #6223, #5021, #5294, #2846, #2537, #4808, #1331, #711, #2221, #1233, #1309, #1260, #1576 ) ) ;
#542 = B_SPLINE_CURVE_WITH_KNOTS ( 'NONE', 3,
 ( #4371, #5403, #1286, #2840, #4409, #3775, #6031, #3921, #2355, #3254 ),
 .UNSPECIFIED., .F., .F.,
 ( 4, 2, 2, 2, 4 ),
 ( 0.000000000000000000, 0.2500000000000000000, 0.5000000000000000000, 0.7500000000000000000, 1.000000000000000000 ),
 .UNSPECIFIED. ) ;
#543 = CARTESIAN_POINT ( 'NONE',  ( 53.75981539470051018, -24.03520940250978200, -3.552528951103090193 ) ) ;
#544 = CARTESIAN_POINT ( 'NONE',  ( 17.07650365562444250, 2.150000493848058802, -0.5649040518558239299 ) ) ;
#545 = EDGE_CURVE ( 'NONE', #4062, #6807, #4362, .T. ) ;
#546 = CARTESIAN_POINT ( 'NONE',  ( -72.36270890600181360, -5.972304474962074394, -15.23888633471944054 ) ) ;
#547 = DIRECTION ( 'NONE',  ( -0.000000000000000000, -1.000000000000000000, -0.000000000000000000 ) ) ;
#548 = CARTESIAN_POINT ( 'NONE',  ( -9.545808712541353103, -4.067225507411759367, -0.3178853749502424941 ) ) ;
#549 = ORIENTED_EDGE ( 'NONE', *, *, #848, .F. ) ;
#550 = CARTESIAN_POINT ( 'NONE',  ( 59.58424163687720210, -8.744268346357157995, -4.415062714542485445 ) ) ;
#551 = CARTESIAN_POINT ( 'NONE',  ( 45.94179769361763732, 3.618768483303565375, -3.732141033890706172 ) ) ;
#552 = CARTESIAN_POINT ( 'NONE',  ( -40.50486016333012884, 7.587685053489305886, -3.124250464431300944 ) ) ;
#553 = CLOSED_SHELL ( 'NONE', ( #2730, #3872, #2711, #6811, #6232, #4900, #1633, #5097, #4898, #5736, #5617, #2357, #4611, #3957, #2849, #5676, #1146, #4609, #4544, #6676, #1760, #790, #581, #3566, #1574, #2143 ) ) ;
#554 = ORIENTED_EDGE ( 'NONE', *, *, #880, .F. ) ;
#555 = CARTESIAN_POINT ( 'NONE',  ( 67.33147513932385664, -5.972304432543244168, -4.890740771739674919 ) ) ;
#556 = CYLINDRICAL_SURFACE ( 'NONE', #5389, 9.858126235569340423 ) ;
#557 = VERTEX_POINT ( 'NONE', #5393 ) ;
#558 = CARTESIAN_POINT ( 'NONE',  ( 90.00000000000000000, 0.000000000000000000, 35.00000000000000000 ) ) ;
#559 = FACE_OUTER_BOUND ( 'NONE', #6748, .T. ) ;
#560 = LINE ( 'NONE', #4724, #1527 ) ;
#561 = CARTESIAN_POINT ( 'NONE',  ( 55.29183938308239021, 5.356660901293939681, -4.975407298383439425 ) ) ;
#562 = EDGE_CURVE ( 'NONE', #1697, #507, #6334, .T. ) ;
#563 = ORIENTED_EDGE ( 'NONE', *, *, #5061, .T. ) ;
#564 = VECTOR ( 'NONE', #6480, 1000.000000000000114 ) ;
#565 = CIRCLE ( 'NONE', #1451, 31.50000000000000000 ) ;
#566 = CARTESIAN_POINT ( 'NONE',  ( -79.27271271571946443, -6.144661151139389155, -8.417312334900127979 ) ) ;
#567 = B_SPLINE_CURVE_WITH_KNOTS ( 'NONE', 3,
 ( #6506, #5854, #5439, #6398, #1665, #3816, #5925, #701, #1184, #3779 ),
 .UNSPECIFIED., .F., .F.,
 ( 4, 2, 2, 2, 4 ),
 ( 0.000000000000000000, 0.2500000000000000000, 0.5000000000000000000, 0.7500000000000000000, 1.000000000000000000 ),
 .UNSPECIFIED. ) ;
#568 = ORIENTED_EDGE ( 'NONE', *, *, #1515, .F. ) ;
#569 = ORIENTED_EDGE ( 'NONE', *, *, #5977, .F. ) ;
#570 = DIRECTION ( 'NONE',  ( 0.8119953427286267233, -3.965605148610141197E-17, -0.5836639130415894883 ) ) ;
#571 = CARTESIAN_POINT ( 'NONE',  ( -12.87130535945921395, 0.7006081950346507714, -0.01381038140062574270 ) ) ;
#572 = CARTESIAN_POINT ( 'NONE',  ( 48.50194627490331811, -31.81570602321563612, -2.045510759679171287 ) ) ;
#573 = CARTESIAN_POINT ( 'NONE',  ( -39.65182002813966733, 4.368707988947912568, -1.823331491774167201 ) ) ;
#574 = CARTESIAN_POINT ( 'NONE',  ( 18.51293462985425364, -32.27914217915511585, 0.5592096427473052245 ) ) ;
#575 = CARTESIAN_POINT ( 'NONE',  ( -71.36129370520879434, -1.571431512466895164, -15.23888633471938370 ) ) ;
#576 = CARTESIAN_POINT ( 'NONE',  ( 90.00000000000000000, -0.9849999999999995426, -3.500000000000000888 ) ) ;
#577 = ORIENTED_EDGE ( 'NONE', *, *, #3251, .F. ) ;
#578 = ORIENTED_EDGE ( 'NONE', *, *, #4179, .F. ) ;
#579 = DIRECTION ( 'NONE',  ( -0.0005443633068965336502, 0.9999998518342840814, -2.518186154490093769E-18 ) ) ;
#580 = CARTESIAN_POINT ( 'NONE',  ( -33.43980472194847664, -31.62001486570551023, -1.643736370125486124 ) ) ;
#581 = ADVANCED_FACE ( 'NONE', ( #828 ), #3387, .T. ) ;
#582 = B_SPLINE_CURVE_WITH_KNOTS ( 'NONE', 3,
 ( #2033, #415, #4677, #4645, #1454, #5673, #4156, #1998, #4122, #6216 ),
 .UNSPECIFIED., .F., .F.,
 ( 4, 2, 2, 2, 4 ),
 ( 0.000000000000000000, 0.007262637085916797720, 0.01089395562887519875, 0.01270961490035439970, 0.01452527417183359891 ),
 .UNSPECIFIED. ) ;
#583 = EDGE_CURVE ( 'NONE', #3321, #5723, #1962, .T. ) ;
#584 = DIRECTION ( 'NONE',  ( -0.08357805239137798547, 0.000000000000000000, 0.9965012338971106498 ) ) ;
#585 = CARTESIAN_POINT ( 'NONE',  ( 72.34180289922092300, -37.37647387807167831, -15.23888633471944054 ) ) ;
#586 = CARTESIAN_POINT ( 'NONE',  ( -13.97444591346475029, 1.148922094363605595, -0.4526849711010588195 ) ) ;
#587 =( GEOMETRIC_REPRESENTATION_CONTEXT ( 3 ) GLOBAL_UNCERTAINTY_ASSIGNED_CONTEXT ( ( #2564 ) ) GLOBAL_UNIT_ASSIGNED_CONTEXT ( ( #3678, #4206, #1534 ) ) REPRESENTATION_CONTEXT ( 'NONE', 'WORKASPACE' ) );
#588 = ORIENTED_EDGE ( 'NONE', *, *, #1356, .F. ) ;
#589 = CARTESIAN_POINT ( 'NONE',  ( 52.34605302607628374, 2.169978146757343573, -3.760746376895317766 ) ) ;
#590 = PLANE ( 'NONE',  #1157 ) ;
#591 = ORIENTED_EDGE ( 'NONE', *, *, #271, .F. ) ;
#592 = CARTESIAN_POINT ( 'NONE',  ( 58.16512492801482637, -22.56634164144630361, -3.385020210294974685 ) ) ;
#593 = CARTESIAN_POINT ( 'NONE',  ( 14.62061162378559587, -25.92411714848417859, 0.7246684234479803255 ) ) ;
#594 = VECTOR ( 'NONE', #1063, 1000.000000000000000 ) ;
#595 = EDGE_LOOP ( 'NONE', ( #5081, #1280, #1532, #4950 ) ) ;
#596 = CARTESIAN_POINT ( 'NONE',  ( 13.97444591346516241, 1.148922094363807878, -0.4526849711010139110 ) ) ;
#597 =( NAMED_UNIT ( * ) SI_UNIT ( $, .STERADIAN. ) SOLID_ANGLE_UNIT ( ) );
#598 = FACE_OUTER_BOUND ( 'NONE', #5000, .T. ) ;
#599 = AXIS2_PLACEMENT_3D ( 'NONE', #5202, #5720, #1462 ) ;
#600 = FACE_OUTER_BOUND ( 'NONE', #2562, .T. ) ;
#601 = COLOUR_RGB ( '',1.000000000000000000, 1.000000000000000000, 1.000000000000000000 ) ;
#602 = CARTESIAN_POINT ( 'NONE',  ( 35.48230211412587920, 7.610416997306596265, -2.627143311702160311 ) ) ;
#603 = CIRCLE ( 'NONE', #3258, 37.52000000000000313 ) ;
#604 = CARTESIAN_POINT ( 'NONE',  ( -14.02022323956612482, 1.141500831036104335, 0.7463235250255078057 ) ) ;
#605 = ORIENTED_EDGE ( 'NONE', *, *, #4025, .F. ) ;
#606 = ORIENTED_EDGE ( 'NONE', *, *, #2670, .F. ) ;
#607 = DIRECTION ( 'NONE',  ( 0.000000000000000000, 1.000000000000000000, -0.000000000000000000 ) ) ;
#608 = DIRECTION ( 'NONE',  ( 1.000000000000000000, 0.000000000000000000, -0.000000000000000000 ) ) ;
#609 = CYLINDRICAL_SURFACE ( 'NONE', #1482, 7.356348066473861635 ) ;
#610 = DIRECTION ( 'NONE',  ( 4.884682305490612792E-17, 1.000000000000000000, 2.666878455998264135E-17 ) ) ;
#611 = PRODUCT_DEFINITION_SHAPE ( 'NONE', 'NONE',  #6824 ) ;
#612 = CARTESIAN_POINT ( 'NONE',  ( 31.40664536589164868, -31.62509332549633001, -1.472589682921640275 ) ) ;
#613 = CARTESIAN_POINT ( 'NONE',  ( -14.00152063799700031, -25.39495585576661441, -0.4519948574822930665 ) ) ;
#614 = CARTESIAN_POINT ( 'NONE',  ( -9.124605069403042279, -10.88101692248807240, -1.107933662158272048 ) ) ;
#615 = ADVANCED_FACE ( 'NONE', ( #6632 ), #6600, .F. ) ;
#616 = ORIENTED_EDGE ( 'NONE', *, *, #4902, .F. ) ;
#617 = ORIENTED_EDGE ( 'NONE', *, *, #5231, .T. ) ;
#618 = CARTESIAN_POINT ( 'NONE',  ( 50.69513850003634303, -27.26915491076324471, -3.134806641696068930 ) ) ;
#619 = CARTESIAN_POINT ( 'NONE',  ( -31.40657485876999289, -31.62516646220151628, -1.472584308800152231 ) ) ;
#620 = EDGE_CURVE ( 'NONE', #4381, #2349, #3958, .T. ) ;
#621 = CIRCLE ( 'NONE', #3717, 0.9799999999999988720 ) ;
#622 = DIRECTION ( 'NONE',  ( -0.7071067811865489050, 0.000000000000000000, 0.7071067811865462405 ) ) ;
#623 = DIRECTION ( 'NONE',  ( 0.000000000000000000, 0.000000000000000000, 1.000000000000000000 ) ) ;
#624 = CARTESIAN_POINT ( 'NONE',  ( -52.23896421689945413, 2.174703292199955396, -4.553471990397930824 ) ) ;
#625 = ADVANCED_FACE ( 'NONE', ( #2863 ), #5203, .T. ) ;
#626 = VECTOR ( 'NONE', #1013, 1000.000000000000000 ) ;
#627 = ORIENTED_EDGE ( 'NONE', *, *, #80, .F. ) ;
#628 = CARTESIAN_POINT ( 'NONE',  ( 59.34329752832409355, -5.028276267352763007, -4.782387471926417888 ) ) ;
#629 = APPLICATION_CONTEXT ( 'automotive_design' ) ;
#630 = FILL_AREA_STYLE ('',( #6470 ) ) ;
#631 = FACE_OUTER_BOUND ( 'NONE', #5313, .T. ) ;
#632 = EDGE_LOOP ( 'NONE', ( #3663, #5256, #170, #3818 ) ) ;
#633 = LINE ( 'NONE', #4235, #721 ) ;
#634 = DIRECTION ( 'NONE',  ( 0.1427778729813077019, -1.084238558021670469E-15, 0.9897547569913134335 ) ) ;
#635 = ADVANCED_FACE ( 'NONE', ( #1496 ), #5721, .F. ) ;
#636 = VECTOR ( 'NONE', #1601, 1000.000000000000114 ) ;
#637 = ORIENTED_EDGE ( 'NONE', *, *, #395, .T. ) ;
#638 = CARTESIAN_POINT ( 'NONE',  ( 9.635423966453004141, -3.473169532922944391, -0.3200992989547344902 ) ) ;
#639 = CARTESIAN_POINT ( 'NONE',  ( 9.561333828047901662, -4.067580939849364086, 0.2152101009655102148 ) ) ;
#640 = CARTESIAN_POINT ( 'NONE',  ( 72.36129385337453357, -1.571431512466895164, -15.23888633471938370 ) ) ;
#641 = CARTESIAN_POINT ( 'NONE',  ( -72.11129381633308810, -1.571431512466895164, -15.23888633471938370 ) ) ;
#642 = ADVANCED_FACE ( 'NONE', ( #5598 ), #146, .T. ) ;
#643 = DIRECTION ( 'NONE',  ( 0.000000000000000000, 0.000000000000000000, -1.000000000000000000 ) ) ;
#644 = ORIENTED_EDGE ( 'NONE', *, *, #979, .F. ) ;
#645 = VERTEX_POINT ( 'NONE', #3984 ) ;
#646 = DIRECTION ( 'NONE',  ( -0.0005443633068965336502, 0.9999998518342840814, 0.000000000000000000 ) ) ;
#647 = CARTESIAN_POINT ( 'NONE',  ( -10.64040122191435600, -1.286884224528925813, 0.05387198300711255883 ) ) ;
#648 = DIRECTION ( 'NONE',  ( 0.9999999999999997780, -2.153660471889033782E-08, 0.000000000000000000 ) ) ;
#649 = CARTESIAN_POINT ( 'NONE',  ( -0.2500000000000000000, 0.000000000000000000, 0.2000000000000000111 ) ) ;
#650 = MECHANICAL_DESIGN_GEOMETRIC_PRESENTATION_REPRESENTATION (  '', ( #2746 ), #6273 ) ;
#651 = LINE ( 'NONE', #4360, #2392 ) ;
#652 = DIRECTION ( 'NONE',  ( 0.000000000000000000, 0.000000000000000000, 1.000000000000000000 ) ) ;
#653 = ADVANCED_FACE ( 'NONE', ( #4017 ), #1382, .F. ) ;
#654 = CARTESIAN_POINT ( 'NONE',  ( 52.21640980501754115, -25.78325509074486632, -4.550162941023862651 ) ) ;
#655 = VERTEX_POINT ( 'NONE', #1925 ) ;
#656 = EDGE_LOOP ( 'NONE', ( #4342, #3370, #6192, #6594 ) ) ;
#657 = CARTESIAN_POINT ( 'NONE',  ( 53.33176413967638752, -24.64495204099048564, -3.492598457318085714 ) ) ;
#658 = CARTESIAN_POINT ( 'NONE',  ( 59.58456778162917544, -8.742671360926062007, -4.415113355863994116 ) ) ;
#659 = LINE ( 'NONE', #5435, #6188 ) ;
#660 =( BOUNDED_CURVE ( )  B_SPLINE_CURVE ( 3, ( #1313, #6629, #1891, #916 ),
 .UNSPECIFIED., .F., .F. ) 
 B_SPLINE_CURVE_WITH_KNOTS ( ( 4, 4 ),
 ( 4.712388758690012835, 4.713767961326599476 ),
 .UNSPECIFIED. ) 
 CURVE ( )  GEOMETRIC_REPRESENTATION_ITEM ( )  RATIONAL_B_SPLINE_CURVE ( ( 1.000000000000000000, 0.9999998414833468630, 0.9999998414833468630, 1.000000000000000000 ) ) 
 REPRESENTATION_ITEM ( '' )  );
#661 = CARTESIAN_POINT ( 'NONE',  ( 47.36256316717131654, -28.99203072184941732, -3.112580304781176199 ) ) ;
#662 = CARTESIAN_POINT ( 'NONE',  ( -52.32782737806431328, 2.169336684490851486, -3.892826947033250828 ) ) ;
#663 = VECTOR ( 'NONE', #3466, 1000.000000000000114 ) ;
#664 = VECTOR ( 'NONE', #832, 1000.000000000000000 ) ;
#665 = CARTESIAN_POINT ( 'NONE',  ( 58.80078729139434301, -3.262331830609445316, -4.293744058695159183 ) ) ;
#666 = ADVANCED_FACE ( 'NONE', ( #4131 ), #6226, .T. ) ;
#667 = DIRECTION ( 'NONE',  ( 1.000000000000000000, -5.379731069172958753E-17, 0.000000000000000000 ) ) ;
#668 = DIRECTION ( 'NONE',  ( -0.000000000000000000, -6.195440985631454085E-17, -1.000000000000000000 ) ) ;
#669 = ORIENTED_EDGE ( 'NONE', *, *, #1389, .F. ) ;
#670 = CARTESIAN_POINT ( 'NONE',  ( -22.67608642861552326, -33.62649283098895836, -1.667057767364614307 ) ) ;
#671 = CARTESIAN_POINT ( 'NONE',  ( -53.43156335698697745, -24.64718883729232601, -2.698781792272278324 ) ) ;
#672 = VERTEX_POINT ( 'NONE', #3145 ) ;
#673 = CARTESIAN_POINT ( 'NONE',  ( 48.76237278020595056, -28.49353083875386972, -3.285397449537291070 ) ) ;
#674 = PRODUCT_DEFINITION_SHAPE ( 'NONE', 'NONE',  #6829 ) ;
#675 = CARTESIAN_POINT ( 'NONE',  ( 47.50804008522567301, -28.98762727043579090, -1.921488931554431234 ) ) ;
#676 = DIRECTION ( 'NONE',  ( 0.000000000000000000, 0.000000000000000000, -1.000000000000000000 ) ) ;
#677 = CARTESIAN_POINT ( 'NONE',  ( 51.53161452212640370, -30.19962435977021897, -4.457342996715566663 ) ) ;
#678 = B_SPLINE_CURVE_WITH_KNOTS ( 'NONE', 1,
 ( #1180, #3701 ),
 .UNSPECIFIED., .F., .F.,
 ( 2, 2 ),
 ( 0.000000000000000000, 1.000000000000000000 ),
 .UNSPECIFIED. ) ;
#679 = CARTESIAN_POINT ( 'NONE',  ( -11.24812347556301084, -0.6020770825507455459, 0.8368658955507229935 ) ) ;
#680 = VERTEX_POINT ( 'NONE', #3783 ) ;
#681 = EDGE_LOOP ( 'NONE', ( #2545, #4004, #5441, #2336 ) ) ;
#682 = CARTESIAN_POINT ( 'NONE',  ( 39.77099851998966784, 4.366060279428396917, -1.031577949412174622 ) ) ;
#683 = CARTESIAN_POINT ( 'NONE',  ( 14.02000791343456143, 1.142169376749460952, 0.7463472551112251274 ) ) ;
#684 = CARTESIAN_POINT ( 'NONE',  ( -9.522598872476157439, -4.066703691913454044, -1.117531654426466625 ) ) ;
#685 = DIRECTION ( 'NONE',  ( 0.000000000000000000, 0.000000000000000000, -1.000000000000000000 ) ) ;
#686 = CARTESIAN_POINT ( 'NONE',  ( 0.1732050807568877859, 0.2999999999999999334, 0.2000000000000000111 ) ) ;
#687 = CARTESIAN_POINT ( 'NONE',  ( 27.36425923759099632, -31.35971720916294458, -0.7633831657449685615 ) ) ;
#688 = CARTESIAN_POINT ( 'NONE',  ( 89.99999999999997158, 0.005000000000000446795, 3.499999999999999112 ) ) ;
#689 = ORIENTED_EDGE ( 'NONE', *, *, #80, .T. ) ;
#690 = VERTEX_POINT ( 'NONE', #4166 ) ;
#691 = DIRECTION ( 'NONE',  ( 0.000000000000000000, -0.000000000000000000, 1.000000000000000000 ) ) ;
#692 = CARTESIAN_POINT ( 'NONE',  ( 90.00000000000000000, 0.9850000000000002087, 35.00000000000000000 ) ) ;
#693 = ADVANCED_FACE ( 'NONE', ( #6404 ), #3745, .F. ) ;
#694 = LINE ( 'NONE', #1796, #4102 ) ;
#695 = CARTESIAN_POINT ( 'NONE',  ( -59.58464154207323560, -8.742310175845368292, -4.415124826419808635 ) ) ;
#696 = CARTESIAN_POINT ( 'NONE',  ( -31.43907451809382891, -31.62516646220151628, -1.073901184539819642 ) ) ;
#697 = AXIS2_PLACEMENT_3D ( 'NONE', #725, #652, #2309 ) ;
#698 = UNCERTAINTY_MEASURE_WITH_UNIT (LENGTH_MEASURE( 1.000000000000000082E-05 ), #6181, 'distance_accuracy_value', 'NONE');
#699 = CLOSED_SHELL ( 'NONE', ( #3602, #4228, #2820, #3195, #1378, #4402, #6816 ) ) ;
#700 = CARTESIAN_POINT ( 'NONE',  ( 58.46607439635336334, -2.701819843533399546, -4.647007195586201789 ) ) ;
#701 = CARTESIAN_POINT ( 'NONE',  ( -46.05069587741677140, 3.611967262190577177, -2.939221569353121399 ) ) ;
#702 = B_SPLINE_CURVE_WITH_KNOTS ( 'NONE', 3,
 ( #499, #2712, #4250, #4729, #647, #2129, #5768, #571, #2167, #6277 ),
 .UNSPECIFIED., .F., .F.,
 ( 4, 2, 2, 2, 4 ),
 ( 0.000000000000000000, 0.2500000000000000555, 0.5000000000000000000, 0.7500000000000000000, 1.000000000000000000 ),
 .UNSPECIFIED. ) ;
#703 = CARTESIAN_POINT ( 'NONE',  ( -0.8797150050362692042, -7.698807465450069110, -1.000757924310092362 ) ) ;
#704 = ORIENTED_EDGE ( 'NONE', *, *, #1056, .F. ) ;
#705 = CARTESIAN_POINT ( 'NONE',  ( 43.16886083331262824, -9.321046884328707094, -37.59240581045946072 ) ) ;
#706 = CARTESIAN_POINT ( 'NONE',  ( -71.56946175102197572, -1.571431512466895164, -14.83288868384772741 ) ) ;
#707 = ORIENTED_EDGE ( 'NONE', *, *, #3128, .T. ) ;
#708 = CARTESIAN_POINT ( 'NONE',  ( 13.99673057126971898, -25.35289135416622130, -1.253708566851264417 ) ) ;
#709 = DIRECTION ( 'NONE',  ( -1.000000000000000000, 0.000000000000000000, 0.000000000000000000 ) ) ;
#710 = ADVANCED_FACE ( 'NONE', ( #3710 ), #556, .F. ) ;
#711 = ORIENTED_EDGE ( 'NONE', *, *, #4954, .T. ) ;
#712 = CARTESIAN_POINT ( 'NONE',  ( -57.98776164392668164, -1.637483094956420304, -3.360434621688929813 ) ) ;
#713 = ADVANCED_FACE ( 'NONE', ( #1531, #2626 ), #3639, .F. ) ;
#714 = CARTESIAN_POINT ( 'NONE',  ( 54.07861530701774910, -23.38744780005217550, -4.001545601143241981 ) ) ;
#715 = EDGE_CURVE ( 'NONE', #4365, #3107, #2044, .T. ) ;
#716 = CARTESIAN_POINT ( 'NONE',  ( -52.23896421689945413, 2.174703292199955396, -4.553471990397930824 ) ) ;
#717 = ORIENTED_EDGE ( 'NONE', *, *, #6238, .T. ) ;
#718 = ORIENTED_EDGE ( 'NONE', *, *, #5851, .F. ) ;
#719 = CARTESIAN_POINT ( 'NONE',  ( -62.61160538032702050, -9.397855624438065547, -4.088494989327469575 ) ) ;
#720 = EDGE_CURVE ( 'NONE', #6508, #6458, #5714, .T. ) ;
#721 = VECTOR ( 'NONE', #4858, 1000.000000000000000 ) ;
#722 = CARTESIAN_POINT ( 'NONE',  ( 0.3020426697766380730, 1.903459816837576479, 0.2999999999999998224 ) ) ;
#723 = CARTESIAN_POINT ( 'NONE',  ( -54.13457609172895957, -23.38744780005218971, -3.605479456952054296 ) ) ;
#724 = LINE ( 'NONE', #5107, #3037 ) ;
#725 = CARTESIAN_POINT ( 'NONE',  ( 0.000000000000000000, -1.494999999999999885, -0.3000000000000001554 ) ) ;
#726 = AXIS2_PLACEMENT_3D ( 'NONE', #2202, #3314, #3278 ) ;
#727 = CARTESIAN_POINT ( 'NONE',  ( -53.53816355766738866, 1.851208186883128270, -3.923682476752026194 ) ) ;
#728 = EDGE_LOOP ( 'NONE', ( #1801, #404, #6546, #1523 ) ) ;
#729 = ORIENTED_EDGE ( 'NONE', *, *, #2567, .F. ) ;
#730 = CYLINDRICAL_SURFACE ( 'NONE', #3994, 48.40115660687060029 ) ;
#731 = CARTESIAN_POINT ( 'NONE',  ( 6.829398364620291595, -14.37197475349328002, 0.9395797310053517482 ) ) ;
#732 = CARTESIAN_POINT ( 'NONE',  ( 65.86935781568087123, -6.070041864751805072, -6.665085367400092053 ) ) ;
#733 = CARTESIAN_POINT ( 'NONE',  ( 22.79436345058470081, -33.62299216816840897, 0.3293906635821423068 ) ) ;
#734 = DIRECTION ( 'NONE',  ( 0.7071067811865475727, 0.000000000000000000, -0.7071067811865475727 ) ) ;
#735 = PRODUCT_DEFINITION_CONTEXT ( 'detailed design', #3952, 'design' ) ;
#736 =( NAMED_UNIT ( * ) SI_UNIT ( $, .STERADIAN. ) SOLID_ANGLE_UNIT ( ) );
#737 =( LENGTH_UNIT ( ) NAMED_UNIT ( * ) SI_UNIT ( .MILLI., .METRE. ) );
#738 = CARTESIAN_POINT ( 'NONE',  ( -5.860544849524218947, -11.00368013747497109, -1.044442410659394360 ) ) ;
#739 = EDGE_LOOP ( 'NONE', ( #6736, #4434, #1436, #446 ) ) ;
#740 = LINE ( 'NONE', #774, #5795 ) ;
#741 = CARTESIAN_POINT ( 'NONE',  ( 0.3464101615137755164, 7.338015321782662425E-17, 0.000000000000000000 ) ) ;
#742 = CIRCLE ( 'NONE', #4277, 7.356348135786666909 ) ;
#743 = ORIENTED_EDGE ( 'NONE', *, *, #1938, .F. ) ;
#744 = CARTESIAN_POINT ( 'NONE',  ( 16.57542101795628042, -27.69848167955456120, -1.356152704985253532 ) ) ;
#745 = SHAPE_DEFINITION_REPRESENTATION ( #2275, #6495 ) ;
#746 = FILL_AREA_STYLE_COLOUR ( '', #3584 ) ;
#747 = CARTESIAN_POINT ( 'NONE',  ( -56.77690029638782221, -0.2211525441566550010, -3.179154047390349458 ) ) ;
#748 = LINE ( 'NONE', #6519, #3519 ) ;
#749 = FACE_OUTER_BOUND ( 'NONE', #3640, .T. ) ;
#750 = AXIS2_PLACEMENT_3D ( 'NONE', #3136, #2654, #1591 ) ;
#751 = VERTEX_POINT ( 'NONE', #5270 ) ;
#752 = ORIENTED_EDGE ( 'NONE', *, *, #6444, .T. ) ;
#753 = DIRECTION ( 'NONE',  ( 1.000000000000000000, 0.000000000000000000, 0.000000000000000000 ) ) ;
#754 = CYLINDRICAL_SURFACE ( 'NONE', #5534, 0.2499999999999999445 ) ;
#755 = CYLINDRICAL_SURFACE ( 'NONE', #4811, 19.89547294251965326 ) ;
#756 = CYLINDRICAL_SURFACE ( 'NONE', #5177, 31.50000000000000711 ) ;
#757 = CARTESIAN_POINT ( 'NONE',  ( -9.959742456263791510, -25.00843105028563329, -1.128194578859785802 ) ) ;
#758 = DIRECTION ( 'NONE',  ( 0.9959400630484334105, 0.000000000000000000, 0.09001883589051036527 ) ) ;
#759 = CARTESIAN_POINT ( 'NONE',  ( 20.31561744932376357, -29.85481788596217356, -0.7317531622798860713 ) ) ;
#760 = ADVANCED_FACE ( 'NONE', ( #3264 ), #4688, .F. ) ;
#761 = EDGE_LOOP ( 'NONE', ( #1084, #2208, #996, #3769 ) ) ;
#762 = EDGE_LOOP ( 'NONE', ( #3422, #3034, #2175, #4115 ) ) ;
#763 = DIRECTION ( 'NONE',  ( 0.8660254037844389297, -0.4999999999999996114, 0.000000000000000000 ) ) ;
#764 = CARTESIAN_POINT ( 'NONE',  ( -5.397259366926384416, -10.18390284179582395, -0.4371076513498287630 ) ) ;
#765 = VECTOR ( 'NONE', #2706, 1000.000000000000114 ) ;
#766 = EDGE_CURVE ( 'NONE', #5868, #2708, #2156, .T. ) ;
#767 = DIRECTION ( 'NONE',  ( 0.9999998518342840814, 0.0005443633068966335052, 0.000000000000000000 ) ) ;
#768 = CARTESIAN_POINT ( 'NONE',  ( 52.35785589792356376, -25.83769692428422360, -3.760624728254338134 ) ) ;
#769 = CARTESIAN_POINT ( 'NONE',  ( 67.33142813757753231, 1.027496301198058903, -4.890732625976187187 ) ) ;
#770 = DIRECTION ( 'NONE',  ( -0.000000000000000000, 1.000000000000000000, -0.000000000000000000 ) ) ;
#771 = CARTESIAN_POINT ( 'NONE',  ( -5.201724673734569038, 0.03049130753769611901, 0.9658110284897221121 ) ) ;
#772 = CARTESIAN_POINT ( 'NONE',  ( 5.363846032760367422, -10.27095293225725925, -1.037215576015301899 ) ) ;
#773 = ORIENTED_EDGE ( 'NONE', *, *, #3300, .F. ) ;
#774 = CARTESIAN_POINT ( 'NONE',  ( 0.000000000000000000, -0.9849999999999993205, 2.520000000000000018 ) ) ;
#775 = CARTESIAN_POINT ( 'NONE',  ( 0.3464101615137755164, 7.338015321782662425E-17, 0.2000000000000000111 ) ) ;
#776 = VECTOR ( 'NONE', #579, 1000.000000000000000 ) ;
#777 = ORIENTED_EDGE ( 'NONE', *, *, #766, .F. ) ;
#778 = DIRECTION ( 'NONE',  ( 0.000000000000000000, 1.000000000000000000, -0.000000000000000000 ) ) ;
#779 = DIRECTION ( 'NONE',  ( 0.000000000000000000, 0.000000000000000000, 1.000000000000000000 ) ) ;
#780 = LINE ( 'NONE', #4527, #934 ) ;
#781 = CARTESIAN_POINT ( 'NONE',  ( 76.38660010139547296, -3.944331254840212964, -6.283585685141711785 ) ) ;
#782 = CARTESIAN_POINT ( 'NONE',  ( 25.51894301657704744, 6.537627261904686904, -1.843006807503334343 ) ) ;
#783 = EDGE_CURVE ( 'NONE', #3033, #4807, #6332, .T. ) ;
#784 = CARTESIAN_POINT ( 'NONE',  ( 0.000000000000000000, -0.9849999999999997646, -3.500000000000000888 ) ) ;
#785 = VERTEX_POINT ( 'NONE', #5823 ) ;
#786 = ORIENTED_EDGE ( 'NONE', *, *, #4398, .T. ) ;
#787 = CARTESIAN_POINT ( 'NONE',  ( 112.2738636073762848, -0.004999999999999579434, 12.72613639262379337 ) ) ;
#788 = CARTESIAN_POINT ( 'NONE',  ( 5.551115123125782702E-14, 1.505000000000000782, -0.3000000000000001554 ) ) ;
#789 = CARTESIAN_POINT ( 'NONE',  ( -47.36256316717060599, -28.99203072184976193, -3.112580304781106921 ) ) ;
#790 = ADVANCED_FACE ( 'NONE', ( #4271 ), #2402, .T. ) ;
#791 = LINE ( 'NONE', #2274, #4533 ) ;
#792 = ADVANCED_FACE ( 'NONE', ( #2189, #4482, #2880 ), #5481, .T. ) ;
#793 = CARTESIAN_POINT ( 'NONE',  ( -31.40657485876999289, -31.62516646220151628, -1.472584308800152231 ) ) ;
#794 = DIRECTION ( 'NONE',  ( -0.7071067811865484609, -0.000000000000000000, 0.7071067811865466846 ) ) ;
#795 = ORIENTED_EDGE ( 'NONE', *, *, #1347, .F. ) ;
#796 = EDGE_LOOP ( 'NONE', ( #1825, #4100, #2516, #5186 ) ) ;
#797 = DIRECTION ( 'NONE',  ( -0.03185894519818400356, 0.000000000000000000, 0.9994923749638409127 ) ) ;
#798 = CARTESIAN_POINT ( 'NONE',  ( -0.4789747033817737809, -7.584668243112911767, 1.201275586185803768 ) ) ;
#799 = EDGE_CURVE ( 'NONE', #5820, #2579, #3403, .T. ) ;
#800 = EDGE_CURVE ( 'NONE', #1096, #1453, #4379, .T. ) ;
#801 = SURFACE_STYLE_FILL_AREA ( #2933 ) ;
#802 = CARTESIAN_POINT ( 'NONE',  ( 53.33168120624100084, -24.67983492730165551, -3.896010198753180109 ) ) ;
#803 = AXIS2_PLACEMENT_3D ( 'NONE', #6798, #4232, #6328 ) ;
#804 = CARTESIAN_POINT ( 'NONE',  ( 5.551115123125782702E-14, 1.505000000000000782, -0.3000000000000001554 ) ) ;
#805 = B_SPLINE_CURVE_WITH_KNOTS ( 'NONE', 3,
 ( #4703, #2099, #2578, #1991, #4150, #3693, #994, #1549, #4188, #3166, #5842, #6722 ),
 .UNSPECIFIED., .F., .F.,
 ( 4, 2, 2, 2, 2, 4 ),
 ( 1.442126069979680608E-13, 0.002239065363543121107, 0.003358598045242565736, 0.004478130726942011232, 0.006717196090340916970, 0.008956261453739823575 ),
 .UNSPECIFIED. ) ;
#806 = APPLICATION_CONTEXT ( 'automotive_design' ) ;
#807 = CARTESIAN_POINT ( 'NONE',  ( -50.07278984346071127, -27.74486028184681885, -3.455174520063337251 ) ) ;
#808 = EDGE_CURVE ( 'NONE', #5517, #1046, #1121, .T. ) ;
#809 = EDGE_CURVE ( 'NONE', #2100, #1485, #3965, .T. ) ;
#810 = CARTESIAN_POINT ( 'NONE',  ( 0.7587042449814489498, -0.5958997075592410431, 0.9994411369981075488 ) ) ;
#811 = ORIENTED_EDGE ( 'NONE', *, *, #201, .F. ) ;
#812 = ORIENTED_EDGE ( 'NONE', *, *, #2946, .F. ) ;
#813 = CARTESIAN_POINT ( 'NONE',  ( 0.1732050807568877859, -0.3000000000000001554, 0.000000000000000000 ) ) ;
#814 = CARTESIAN_POINT ( 'NONE',  ( 59.28135062179150339, -9.355209283805878684, -5.582304607681224162 ) ) ;
#815 = ORIENTED_EDGE ( 'NONE', *, *, #4495, .T. ) ;
#816 = CARTESIAN_POINT ( 'NONE',  ( 90.00000000000000000, -0.004999999999999579434, 35.00000000000000000 ) ) ;
#817 = DIRECTION ( 'NONE',  ( 0.9999998518342840814, -0.0005443633068965336502, 0.000000000000000000 ) ) ;
#818 = CARTESIAN_POINT ( 'NONE',  ( 85.02729483969763180, -11.25322035869499793, -9.432588487279682354 ) ) ;
#819 = CARTESIAN_POINT ( 'NONE',  ( 116.5306464301193188, -0.9849999999999997646, 8.469353569880784249 ) ) ;
#820 = STYLED_ITEM ( 'NONE', ( #4828 ), #5318 ) ;
#821 = DIRECTION ( 'NONE',  ( 0.000000000000000000, 0.000000000000000000, 1.000000000000000000 ) ) ;
#822 = ORIENTED_EDGE ( 'NONE', *, *, #3464, .F. ) ;
#823 = VERTEX_POINT ( 'NONE', #5444 ) ;
#824 = CARTESIAN_POINT ( 'NONE',  ( 127.1309296404809430, 0.000000000000000000, 22.63345495742265356 ) ) ;
#825 = DIRECTION ( 'NONE',  ( 1.000000000000000000, 0.000000000000000000, 0.000000000000000000 ) ) ;
#826 = CARTESIAN_POINT ( 'NONE',  ( -48.25490760331916817, -31.82461956704189632, -4.030061489257390939 ) ) ;
#827 = CARTESIAN_POINT ( 'NONE',  ( -10.29768105831456104, -1.807093726196278727, -1.137441708140314534 ) ) ;
#828 = FACE_OUTER_BOUND ( 'NONE', #4889, .T. ) ;
#829 = B_SPLINE_CURVE_WITH_KNOTS ( 'NONE', 3,
 ( #2978, #1403, #1431, #392, #5106, #5045, #360, #4590, #329, #1340, #2492, #4041, #1460, #6621, #3536, #2950, #3563, #5077, #6106, #419 ),
 .UNSPECIFIED., .F., .F.,
 ( 4, 2, 2, 2, 2, 2, 2, 2, 2, 4 ),
 ( 0.000000000000000000, 0.003365582889660833493, 0.006731165779321666987, 0.01009674866898250048, 0.01346233155864333397, 0.01682791444830416747, 0.01851070589313458248, 0.02019349733796500096, 0.02355908022762583445, 0.02692466311728666795 ),
 .UNSPECIFIED. ) ;
#830 = LINE ( 'NONE', #4019, #2494 ) ;
#831 = EDGE_LOOP ( 'NONE', ( #5347, #6090, #3092, #228 ) ) ;
#832 = DIRECTION ( 'NONE',  ( 0.9999999999999997780, 2.153660471889033782E-08, -1.370862375611047157E-21 ) ) ;
#833 = CARTESIAN_POINT ( 'NONE',  ( 6.836304059138401001, -14.22371950113054950, -0.4605017387970985476 ) ) ;
#834 = VECTOR ( 'NONE', #4810, 1000.000000000000000 ) ;
#835 = CARTESIAN_POINT ( 'NONE',  ( -59.57645070159809819, -9.352657451645590925, -3.604319627827002215 ) ) ;
#836 = EDGE_CURVE ( 'NONE', #3354, #5820, #254, .T. ) ;
#837 =( NAMED_UNIT ( * ) PLANE_ANGLE_UNIT ( ) SI_UNIT ( $, .RADIAN. ) );
#838 = LINE ( 'NONE', #1935, #1161 ) ;
#839 = AXIS2_PLACEMENT_3D ( 'NONE', #3532, #2488, #1968 ) ;
#840 = AXIS2_PLACEMENT_3D ( 'NONE', #6479, #525, #6407 ) ;
#841 = EDGE_CURVE ( 'NONE', #2585, #6458, #565, .T. ) ;
#842 = FILL_AREA_STYLE ('',( #5579 ) ) ;
#843 = DIRECTION ( 'NONE',  ( 1.000000000000000000, -4.615198660203559618E-17, 0.000000000000000000 ) ) ;
#844 = ORIENTED_EDGE ( 'NONE', *, *, #6163, .T. ) ;
#845 = VERTEX_POINT ( 'NONE', #2223 ) ;
#846 = DIRECTION ( 'NONE',  ( 1.000000000000000000, 0.000000000000000000, 0.000000000000000000 ) ) ;
#847 = CARTESIAN_POINT ( 'NONE',  ( 90.00000000000000000, 0.9850000000000002087, -3.500000000000000888 ) ) ;
#848 = EDGE_CURVE ( 'NONE', #6508, #672, #14, .T. ) ;
#849 = CARTESIAN_POINT ( 'NONE',  ( -3.381018819115557239, -8.546891842359467972, 0.9853082954100965685 ) ) ;
#850 = CARTESIAN_POINT ( 'NONE',  ( -66.98417885191005894, 1.028568487533104481, -12.23888633471946363 ) ) ;
#851 = CARTESIAN_POINT ( 'NONE',  ( 2.526236101851200733, -1.795581977929471496, 0.4078460707170297739 ) ) ;
#852 = CARTESIAN_POINT ( 'NONE',  ( 74.33232427436544754, 1.027496301198058903, -15.58618261426071605 ) ) ;
#853 = EDGE_CURVE ( 'NONE', #5100, #5869, #1840, .T. ) ;
#854 = AXIS2_PLACEMENT_3D ( 'NONE', #1412, #6204, #2986 ) ;
#855 = B_SPLINE_CURVE_WITH_KNOTS ( 'NONE', 3,
 ( #1582, #2646, #4772, #23, #2133, #4255 ),
 .UNSPECIFIED., .F., .F.,
 ( 4, 2, 4 ),
 ( 1.351516536186313657E-11, 0.007516272416104684620, 0.01503254481869420282 ),
 .UNSPECIFIED. ) ;
#856 = CARTESIAN_POINT ( 'NONE',  ( -23.31723196209597759, -30.68450847370872481, -0.9039111475431238496 ) ) ;
#857 = VERTEX_POINT ( 'NONE', #1334 ) ;
#858 = ORIENTED_EDGE ( 'NONE', *, *, #5344, .F. ) ;
#859 = CARTESIAN_POINT ( 'NONE',  ( 0.000000000000000000, -0.9849999999999993205, 3.499999999999999112 ) ) ;
#860 = CARTESIAN_POINT ( 'NONE',  ( -54.65553295648268062, -27.51257340242899474, -4.891522746678482747 ) ) ;
#861 = EDGE_CURVE ( 'NONE', #2446, #5482, #6667, .T. ) ;
#862 = APPLICATION_CONTEXT ( 'automotive_design' ) ;
#863 = CARTESIAN_POINT ( 'NONE',  ( 10.64104019442047999, -1.286090014303280293, 0.05385389951630295546 ) ) ;
#864 = CARTESIAN_POINT ( 'NONE',  ( -27.43971283603046984, -31.36040865731118288, 0.03329341935310178857 ) ) ;
#865 = CARTESIAN_POINT ( 'NONE',  ( -17.13752914789867177, 4.614245537124638474, 0.8451847022116723007 ) ) ;
#866 = EDGE_LOOP ( 'NONE', ( #4751, #4725, #51, #963 ) ) ;
#867 = ADVANCED_BREP_SHAPE_REPRESENTATION ( '', ( #364, #3655, #1416, #5847, #3575, #6116 ), #2358 ) ;
#868 = CARTESIAN_POINT ( 'NONE',  ( -13.01432915568339332, -24.17328014133338243, -0.4183137799707496440 ) ) ;
#869 = CARTESIAN_POINT ( 'NONE',  ( -0.4769992776406673518, -7.584668243112911767, -0.3987296746886619947 ) ) ;
#870 = ADVANCED_FACE ( 'NONE', ( #3440 ), #5002, .T. ) ;
#871 = SURFACE_STYLE_FILL_AREA ( #466 ) ;
#872 = SURFACE_SIDE_STYLE ('',( #1870 ) ) ;
#873 = FACE_OUTER_BOUND ( 'NONE', #1243, .T. ) ;
#874 = DIRECTION ( 'NONE',  ( 0.000000000000000000, 0.000000000000000000, -1.000000000000000000 ) ) ;
#875 = AXIS2_PLACEMENT_3D ( 'NONE', #6744, #6776, #6339 ) ;
#876 = ORIENTED_EDGE ( 'NONE', *, *, #3510, .F. ) ;
#877 = ORIENTED_EDGE ( 'NONE', *, *, #5575, .F. ) ;
#878 = DIRECTION ( 'NONE',  ( -1.000000000000000000, -0.000000000000000000, -0.000000000000000000 ) ) ;
#879 = LINE ( 'NONE', #3502, #3487 ) ;
#880 = EDGE_CURVE ( 'NONE', #4582, #3803, #2019, .T. ) ;
#881 = CARTESIAN_POINT ( 'NONE',  ( 13.98890673045872468, 1.148922094363814761, -0.05294645060062121850 ) ) ;
#882 = CONTEXT_DEPENDENT_SHAPE_REPRESENTATION ( #3582, #674 ) ;
#883 = CARTESIAN_POINT ( 'NONE',  ( 28.52920603850634862, 7.115914183442288987, 0.1753019328870164539 ) ) ;
#884 = CARTESIAN_POINT ( 'NONE',  ( 59.77320851352404674, -8.026071832617247992, -3.634881910926206494 ) ) ;
#885 = CARTESIAN_POINT ( 'NONE',  ( -62.17406678493110661, -9.961853179025142779, -6.043422485588382465 ) ) ;
#886 = DIRECTION ( 'NONE',  ( -0.7969196336751507292, 0.6040853395531655678, 0.000000000000000000 ) ) ;
#887 = ORIENTED_EDGE ( 'NONE', *, *, #5547, .T. ) ;
#888 = CIRCLE ( 'NONE', #2635, 0.9799999999999999822 ) ;
#889 = FILL_AREA_STYLE_COLOUR ( '', #4512 ) ;
#890 = CARTESIAN_POINT ( 'NONE',  ( -56.06787454680326022, -25.71071495617314895, -5.096166371558522812 ) ) ;
#891 = CARTESIAN_POINT ( 'NONE',  ( 13.98890673045832500, 1.148922094363622914, -0.05294645060062116299 ) ) ;
#892 = CARTESIAN_POINT ( 'NONE',  ( 72.36129385337453357, -1.571431512466895164, -15.23888633471938370 ) ) ;
#893 = ORIENTED_EDGE ( 'NONE', *, *, #1780, .F. ) ;
#894 = CARTESIAN_POINT ( 'NONE',  ( -16.27124200320664116, -27.52243917402021012, -0.5409435803436293266 ) ) ;
#895 = CARTESIAN_POINT ( 'NONE',  ( -5.408435364023893577, -10.18390284179582395, 0.3628155105781820100 ) ) ;
#896 = VECTOR ( 'NONE', #321, 1000.000000000000000 ) ;
#897 = EDGE_CURVE ( 'NONE', #517, #3180, #902, .T. ) ;
#898 = CARTESIAN_POINT ( 'NONE',  ( 56.61206125769154340, -0.2282836251278638207, -4.367828324851108945 ) ) ;
#899 = CARTESIAN_POINT ( 'NONE',  ( 9.818037806112000609, -2.891636851483892823, 0.07550299948776496850 ) ) ;
#900 = CARTESIAN_POINT ( 'NONE',  ( 58.89560150384911452, -11.81794271619483183, -4.712779414730564831 ) ) ;
#901 = ADVANCED_FACE ( 'NONE', ( #6038 ), #1188, .T. ) ;
#902 = CIRCLE ( 'NONE', #1788, 32.48000000000001108 ) ;
#903 = ORIENTED_EDGE ( 'NONE', *, *, #1317, .T. ) ;
#904 = EDGE_LOOP ( 'NONE', ( #5348, #6460, #6013, #4191 ) ) ;
#905 = CARTESIAN_POINT ( 'NONE',  ( -51.79850571188343622, -30.22386099531922099, -2.474586814004401170 ) ) ;
#906 = FACE_OUTER_BOUND ( 'NONE', #2406, .T. ) ;
#907 = FACE_OUTER_BOUND ( 'NONE', #1974, .T. ) ;
#908 = CARTESIAN_POINT ( 'NONE',  ( -9.603997254121415139, -10.82513488819481040, 1.081103584090125969 ) ) ;
#909 = DIRECTION ( 'NONE',  ( 0.04180151101784714690, -7.229749784005238536E-16, -0.9991259348433635390 ) ) ;
#910 = ORIENTED_EDGE ( 'NONE', *, *, #3659, .T. ) ;
#911 = DIRECTION ( 'NONE',  ( -0.000000000000000000, -0.000000000000000000, -1.000000000000000000 ) ) ;
#912 = CARTESIAN_POINT ( 'NONE',  ( -58.89560150384992454, -11.81794271619397918, -4.712779414729447502 ) ) ;
#913 = VERTEX_POINT ( 'NONE', #2779 ) ;
#914 = CARTESIAN_POINT ( 'NONE',  ( -56.15232654234794296, 0.1898975167689398169, -4.299950826674029614 ) ) ;
#915 = EDGE_CURVE ( 'NONE', #1722, #1697, #5352, .T. ) ;
#916 = CARTESIAN_POINT ( 'NONE',  ( -66.98417879198578362, -5.972304474962074394, -6.860356279145685576 ) ) ;
#917 = CARTESIAN_POINT ( 'NONE',  ( 11.85995381868513654, 0.03284538247885261664, -0.3816655531563051817 ) ) ;
#918 = FACE_OUTER_BOUND ( 'NONE', #4633, .T. ) ;
#919 = ADVANCED_FACE ( 'NONE', ( #3595, #4646 ), #5647, .F. ) ;
#920 = MECHANICAL_DESIGN_GEOMETRIC_PRESENTATION_REPRESENTATION (  '', ( #820 ), #1580 ) ;
#921 = VERTEX_POINT ( 'NONE', #5071 ) ;
#922 = CARTESIAN_POINT ( 'NONE',  ( -11.41013876191845000, -21.50636846652926337, -0.3676046761003477492 ) ) ;
#923 = CARTESIAN_POINT ( 'NONE',  ( 23.34136073444825499, -30.68450847370865375, -0.5046395578391371650 ) ) ;
#924 = CIRCLE ( 'NONE', #4476, 0.2500000000000000000 ) ;
#925 = CARTESIAN_POINT ( 'NONE',  ( 59.58979649686548896, -8.122629294146822332, -4.820782621315585104 ) ) ;
#926 = DIRECTION ( 'NONE',  ( -0.7071067811865483499, 0.000000000000000000, 0.7071067811865465735 ) ) ;
#927 = ORIENTED_EDGE ( 'NONE', *, *, #1264, .F. ) ;
#928 = DIRECTION ( 'NONE',  ( -0.9860202238716745393, 0.000000000000000000, -0.1666256826424210857 ) ) ;
#929 = CIRCLE ( 'NONE', #4042, 0.4999999999999796829 ) ;
#930 = ORIENTED_EDGE ( 'NONE', *, *, #6020, .T. ) ;
#931 = ORIENTED_EDGE ( 'NONE', *, *, #4092, .F. ) ;
#932 = CARTESIAN_POINT ( 'NONE',  ( -72.36270890600181360, -5.972304474962074394, -15.23888628320016458 ) ) ;
#933 = DIRECTION ( 'NONE',  ( -0.0005443633068965336502, 0.9999998518342840814, -2.518186154490093769E-18 ) ) ;
#934 = VECTOR ( 'NONE', #2917, 1000.000000000000000 ) ;
#935 = CARTESIAN_POINT ( 'NONE',  ( -67.27373134459884341, -5.972301595717959266, -5.218222175328352641 ) ) ;
#936 = ITEM_DEFINED_TRANSFORMATION ( 'NONE', 'NONE', #1468,  #6116 ) ;
#937 = CARTESIAN_POINT ( 'NONE',  ( 58.78132147842045896, 4.425642715306498332, -5.683122100691555545 ) ) ;
#938 = DIRECTION ( 'NONE',  ( 0.7071067811865465735, 0.000000000000000000, 0.7071067811865483499 ) ) ;
#939 = ORIENTED_EDGE ( 'NONE', *, *, #1546, .T. ) ;
#940 = EDGE_CURVE ( 'NONE', #4625, #5868, #5325, .T. ) ;
#941 = CARTESIAN_POINT ( 'NONE',  ( 56.47215145792932134, -18.93961908695773033, -3.941977053657308883 ) ) ;
#942 = CARTESIAN_POINT ( 'NONE',  ( 71.56946175102197572, -1.571431512466895164, -14.83288868384772741 ) ) ;
#943 = ORIENTED_EDGE ( 'NONE', *, *, #4329, .F. ) ;
#944 = CARTESIAN_POINT ( 'NONE',  ( 52.75738176378234101, 2.028710901604829697, -4.624403501871301891 ) ) ;
#945 = SURFACE_SIDE_STYLE ('',( #1922 ) ) ;
#946 = CARTESIAN_POINT ( 'NONE',  ( 3.747712624848856588, -0.2843881841462891913, -1.017516492669001904 ) ) ;
#947 = CARTESIAN_POINT ( 'NONE',  ( 9.865649801464751789, -2.893493464172028240, 0.8744806233740040069 ) ) ;
#948 = ORIENTED_EDGE ( 'NONE', *, *, #5892, .F. ) ;
#949 = B_SPLINE_CURVE_WITH_KNOTS ( 'NONE', 3,
 ( #225, #4454, #3306, #6442, #4864, #5449, #1262, #2333, #747, #3374, #712, #1229, #2705, #4350, #2818, #1743, #4899, #188, #6010, #6409, #1808, #1304, #119, #3340 ),
 .UNSPECIFIED., .F., .F.,
 ( 4, 2, 2, 2, 2, 2, 2, 2, 2, 2, 2, 4 ),
 ( 0.000000000000000000, 0.001858021183284232474, 0.002787031774926348494, 0.003716042366568464948, 0.005574063549852696989, 0.007432084733136929897, 0.009290105916421161070, 0.01021911650806328099, 0.01114812709970540092, 0.01300614828298964076, 0.01393515887463176069, 0.01486416946627387888 ),
 .UNSPECIFIED. ) ;
#950 = CARTESIAN_POINT ( 'NONE',  ( -67.70323873624147382, 0.8927607368526098153, -5.559348631167519983 ) ) ;
#951 = AXIS2_PLACEMENT_3D ( 'NONE', #2676, #2200, #53 ) ;
#952 = VERTEX_POINT ( 'NONE', #1365 ) ;
#953 = CARTESIAN_POINT ( 'NONE',  ( -21.81769866685917592, -30.37570249460904037, -0.4125615571590299790 ) ) ;
#954 = DIRECTION ( 'NONE',  ( 0.7071067811865475727, 0.000000000000000000, -0.7071067811865475727 ) ) ;
#955 = EDGE_CURVE ( 'NONE', #1125, #5498, #4121, .T. ) ;
#956 = AXIS2_PLACEMENT_3D ( 'NONE', #519, #3674, #2083 ) ;
#957 = CARTESIAN_POINT ( 'NONE',  ( 44.47061291985261278, 7.299330439082496014, -1.556540992816705549 ) ) ;
#958 = FACE_OUTER_BOUND ( 'NONE', #496, .T. ) ;
#959 = ORIENTED_EDGE ( 'NONE', *, *, #5537, .T. ) ;
#960 = EDGE_LOOP ( 'NONE', ( #420, #4273, #5192, #43 ) ) ;
#961 = CARTESIAN_POINT ( 'NONE',  ( -0.2999999999999999334, 0.000000000000000000, -0.1732050807568876194 ) ) ;
#962 = CARTESIAN_POINT ( 'NONE',  ( 52.50651980417335096, 2.162313714343155002, -2.571643726370622218 ) ) ;
#963 = ORIENTED_EDGE ( 'NONE', *, *, #412, .T. ) ;
#964 = CARTESIAN_POINT ( 'NONE',  ( -53.61994387890896974, -28.81148346109518599, -2.725173568890007392 ) ) ;
#965 = CARTESIAN_POINT ( 'NONE',  ( 0.000000000000000000, 0.2500000000000000000, 0.000000000000000000 ) ) ;
#966 = ORIENTED_EDGE ( 'NONE', *, *, #3885, .F. ) ;
#967 = CARTESIAN_POINT ( 'NONE',  ( 49.22319530037951552, 3.005035194821735534, -3.333917781951023507 ) ) ;
#968 = CARTESIAN_POINT ( 'NONE',  ( 13.94373341695030710, 1.154498292037051899, -1.252010064568245040 ) ) ;
#969 = CARTESIAN_POINT ( 'NONE',  ( -55.31721040778509035, 5.350431146940287874, -4.978966294671365311 ) ) ;
#970 = VERTEX_POINT ( 'NONE', #354 ) ;
#971 = DIRECTION ( 'NONE',  ( -0.000000000000000000, -1.000000000000000000, 0.000000000000000000 ) ) ;
#972 = DIRECTION ( 'NONE',  ( -0.09001883589051036527, 1.014065555018365806E-14, 0.9959400630484334105 ) ) ;
#973 = CARTESIAN_POINT ( 'NONE',  ( -22.67608642861552326, -33.62649283098895836, -1.667057767364614307 ) ) ;
#974 = VERTEX_POINT ( 'NONE', #6699 ) ;
#975 = CARTESIAN_POINT ( 'NONE',  ( 89.99999999999997158, 0.005000000000000229955, 2.520000000000000018 ) ) ;
#976 = UNCERTAINTY_MEASURE_WITH_UNIT (LENGTH_MEASURE( 1.000000000000000082E-05 ), #2565, 'distance_accuracy_value', 'NONE');
#977 = DIRECTION ( 'NONE',  ( 0.000000000000000000, -1.000000000000000000, 0.000000000000000000 ) ) ;
#978 = CARTESIAN_POINT ( 'NONE',  ( 0.000000000000000000, -0.004999999999999796274, 2.519999999999999574 ) ) ;
#979 = EDGE_CURVE ( 'NONE', #2303, #5644, #318, .T. ) ;
#980 =( NAMED_UNIT ( * ) PLANE_ANGLE_UNIT ( ) SI_UNIT ( $, .RADIAN. ) );
#981 = VERTEX_POINT ( 'NONE', #1398 ) ;
#982 = STYLED_ITEM ( 'NONE', ( #4026 ), #352 ) ;
#983 = CARTESIAN_POINT ( 'NONE',  ( 9.603997254121409810, -10.82513488819481040, 1.081103584090125969 ) ) ;
#984 = VECTOR ( 'NONE', #1686, 1000.000000000000000 ) ;
#985 = B_SPLINE_CURVE_WITH_KNOTS ( 'NONE', 3,
 ( #2786, #3829, #6590, #1160, #677, #5936, #2267, #2819, #5487, #189, #4974, #2334 ),
 .UNSPECIFIED., .F., .F.,
 ( 4, 2, 2, 2, 2, 4 ),
 ( 1.885545734794861349E-13, 0.002757231051092500634, 0.004135846576544465261, 0.005514462101996430755, 0.008271693152900341794, 0.01102892420380425370 ),
 .UNSPECIFIED. ) ;
#986 = VERTEX_POINT ( 'NONE', #4522 ) ;
#987 =( NAMED_UNIT ( * ) PLANE_ANGLE_UNIT ( ) SI_UNIT ( $, .RADIAN. ) );
#988 =( NAMED_UNIT ( * ) PLANE_ANGLE_UNIT ( ) SI_UNIT ( $, .RADIAN. ) );
#989 = CARTESIAN_POINT ( 'NONE',  ( 5.961837143509657544, 0.1977364776171733896, 0.9569314035721869782 ) ) ;
#990 = MECHANICAL_DESIGN_GEOMETRIC_PRESENTATION_REPRESENTATION (  '', ( #2630 ), #2529 ) ;
#991 = EDGE_CURVE ( 'NONE', #1837, #1610, #5131, .T. ) ;
#992 = LINE ( 'NONE', #6244, #2452 ) ;
#993 = CARTESIAN_POINT ( 'NONE',  ( 33.15808196166621258, 7.486113348499656261, -0.4121890105204887855 ) ) ;
#994 = CARTESIAN_POINT ( 'NONE',  ( 51.08687842328661333, -27.02894706204537201, -2.380055312193249062 ) ) ;
#995 = ORIENTED_EDGE ( 'NONE', *, *, #4752, .T. ) ;
#996 = ORIENTED_EDGE ( 'NONE', *, *, #4272, .T. ) ;
#997 = CARTESIAN_POINT ( 'NONE',  ( 54.13457609172882457, -23.38744780005217550, -3.605479456952054296 ) ) ;
#998 = EDGE_CURVE ( 'NONE', #4467, #4448, #3560, .T. ) ;
#999 = ADVANCED_FACE ( 'NONE', ( #906 ), #4003, .F. ) ;
#1000 = CARTESIAN_POINT ( 'NONE',  ( 59.77320851352405384, -7.091478596535824686, -3.634881910926207382 ) ) ;
#1001 = VERTEX_POINT ( 'NONE', #1877 ) ;
#1002 = CARTESIAN_POINT ( 'NONE',  ( 33.43996089052653531, -31.61997772969102982, -1.643750761989743125 ) ) ;
#1003 = CARTESIAN_POINT ( 'NONE',  ( -74.33232427436546175, 1.027496301198058903, -12.58618261426071250 ) ) ;
#1004 = EDGE_CURVE ( 'NONE', #3988, #2708, #246, .T. ) ;
#1005 = ORIENTED_EDGE ( 'NONE', *, *, #955, .F. ) ;
#1006 = DIRECTION ( 'NONE',  ( 0.7071067811865475727, 0.000000000000000000, -0.7071067811865475727 ) ) ;
#1007 = CARTESIAN_POINT ( 'NONE',  ( 1.487306110593891617, 1.005000000000000782, -0.3000000000000001554 ) ) ;
#1008 = ORIENTED_EDGE ( 'NONE', *, *, #4080, .F. ) ;
#1009 = CARTESIAN_POINT ( 'NONE',  ( 13.01434656665904299, -24.17326890789896510, -0.4183134872551572681 ) ) ;
#1010 = CARTESIAN_POINT ( 'NONE',  ( 10.84751286884216803, -20.07137045335078795, 0.8484556302843305753 ) ) ;
#1011 = AXIS2_PLACEMENT_3D ( 'NONE', #1579, #610, #4325 ) ;
#1012 = VERTEX_POINT ( 'NONE', #2517 ) ;
#1013 = DIRECTION ( 'NONE',  ( -0.000000000000000000, -1.000000000000000000, -0.000000000000000000 ) ) ;
#1014 = SHAPE_REPRESENTATION_RELATIONSHIP ( 'NONE' , 'NONE' ,  #6495, #5318 ) ;
#1015 = CARTESIAN_POINT ( 'NONE',  ( 9.555686756629947709, -4.067225507411745156, 0.08199263675456869294 ) ) ;
#1016 = DIRECTION ( 'NONE',  ( -1.000000000000000000, -0.000000000000000000, 0.000000000000000000 ) ) ;
#1017 = CARTESIAN_POINT ( 'NONE',  ( 44.24469307627155246, 7.299000403573376872, -3.543753645730822743 ) ) ;
#1018 = ORIENTED_EDGE ( 'NONE', *, *, #2644, .F. ) ;
#1019 = COLOUR_RGB ( '',0.2509803921568627416, 0.2509803921568627416, 0.2509803921568627416 ) ;
#1020 = CARTESIAN_POINT ( 'NONE',  ( -5.153833288976302995, -0.3728262295290246109, -0.4221349279513378350 ) ) ;
#1021 = ORIENTED_EDGE ( 'NONE', *, *, #6183, .T. ) ;
#1022 = CARTESIAN_POINT ( 'NONE',  ( -0.3464101615137752388, -1.106352066656306181E-16, 0.000000000000000000 ) ) ;
#1023 = CARTESIAN_POINT ( 'NONE',  ( 54.24277224150512922, -23.38525610815846534, -2.812860548487907675 ) ) ;
#1024 = COLOUR_RGB ( '',0.7921568627450980005, 0.8196078431372548767, 0.9333333333333333481 ) ;
#1025 = CARTESIAN_POINT ( 'NONE',  ( 67.15821575622180717, -5.972304453705173266, -5.873343657081524505 ) ) ;
#1026 = CARTESIAN_POINT ( 'NONE',  ( 24.39972256558016284, 6.304652191306649556, 0.2335285923707116074 ) ) ;
#1027 = DIRECTION ( 'NONE',  ( 0.000000000000000000, 0.000000000000000000, 1.000000000000000000 ) ) ;
#1028 = ORIENTED_EDGE ( 'NONE', *, *, #720, .F. ) ;
#1029 = ORIENTED_EDGE ( 'NONE', *, *, #6062, .F. ) ;
#1030 = CARTESIAN_POINT ( 'NONE',  ( 0.000000000000000000, 0.9850000000000002087, -2.520000000000001350 ) ) ;
#1031 = AXIS2_PLACEMENT_3D ( 'NONE', #5629, #6111, #4348 ) ;
#1032 = CARTESIAN_POINT ( 'NONE',  ( -26.55676879185592298, 4.022255404155087533, -1.902076448273930964 ) ) ;
#1033 = EDGE_LOOP ( 'NONE', ( #1594, #3310, #1838, #1792 ) ) ;
#1034 = CARTESIAN_POINT ( 'NONE',  ( 72.11129381633308810, -1.571431512466895164, -15.73888633471939968 ) ) ;
#1035 = CARTESIAN_POINT ( 'NONE',  ( -10.30522338006364791, -1.798140565481203712, -0.3373105380874465431 ) ) ;
#1036 = EDGE_CURVE ( 'NONE', #1585, #3247, #879, .T. ) ;
#1037 = VECTOR ( 'NONE', #4307, 1000.000000000000000 ) ;
#1038 = ORIENTED_EDGE ( 'NONE', *, *, #2548, .T. ) ;
#1039 = CARTESIAN_POINT ( 'NONE',  ( 112.9668282529391092, -0.9849999999999993205, 12.03317174706098136 ) ) ;
#1040 = CARTESIAN_POINT ( 'NONE',  ( -6.727054192142035483, -13.48971821211897471, -1.058650608354327671 ) ) ;
#1041 = ADVANCED_FACE ( 'NONE', ( #4586 ), #6674, .T. ) ;
#1042 = EDGE_LOOP ( 'NONE', ( #4338, #1957, #350, #2294 ) ) ;
#1043 = CIRCLE ( 'NONE', #5246, 38.50000000000000711 ) ;
#1044 = DIRECTION ( 'NONE',  ( 0.000000000000000000, 0.000000000000000000, -1.000000000000000000 ) ) ;
#1045 = CARTESIAN_POINT ( 'NONE',  ( 16.67837382855032402, -27.70585592928081198, 0.6412678655799484151 ) ) ;
#1046 = VERTEX_POINT ( 'NONE', #2426 ) ;
#1047 = CARTESIAN_POINT ( 'NONE',  ( -6.830263914453380991, -14.37196701744635874, 0.9395455454612601232 ) ) ;
#1048 = DIRECTION ( 'NONE',  ( -0.000000000000000000, -1.000000000000000000, -0.000000000000000000 ) ) ;
#1049 = EDGE_CURVE ( 'NONE', #2620, #393, #603, .T. ) ;
#1050 = CARTESIAN_POINT ( 'NONE',  ( -22.67608642861552326, -33.62649283098895836, -1.667057767364614307 ) ) ;
#1051 = DIRECTION ( 'NONE',  ( 0.000000000000000000, 1.000000000000000000, 0.000000000000000000 ) ) ;
#1052 = VERTEX_POINT ( 'NONE', #2972 ) ;
#1053 = FACE_OUTER_BOUND ( 'NONE', #4556, .T. ) ;
#1054 = VERTEX_POINT ( 'NONE', #6162 ) ;
#1055 = CARTESIAN_POINT ( 'NONE',  ( -52.50668674978268768, 2.162940687080963542, -2.571652550467943055 ) ) ;
#1056 = EDGE_CURVE ( 'NONE', #5868, #3581, #1706, .T. ) ;
#1057 = CARTESIAN_POINT ( 'NONE',  ( 0.000000000000000000, 0.9850000000000002087, 2.520000000000000018 ) ) ;
#1058 = DIRECTION ( 'NONE',  ( -0.000000000000000000, -0.000000000000000000, -1.000000000000000000 ) ) ;
#1059 = B_SPLINE_CURVE_WITH_KNOTS ( 'NONE', 3,
 ( #4780, #4193, #3662, #5223 ),
 .UNSPECIFIED., .F., .F.,
 ( 4, 4 ),
 ( 0.000000000000000000, 1.000000000000000000 ),
 .UNSPECIFIED. ) ;
#1060 = FILL_AREA_STYLE ('',( #6785 ) ) ;
#1061 = VECTOR ( 'NONE', #1166, 1000.000000000000000 ) ;
#1062 = CARTESIAN_POINT ( 'NONE',  ( 0.000000000000000000, -0.9949999999999997735, -0.3000000000000001554 ) ) ;
#1063 = DIRECTION ( 'NONE',  ( 0.000000000000000000, 0.000000000000000000, 1.000000000000000000 ) ) ;
#1064 = VERTEX_POINT ( 'NONE', #5674 ) ;
#1065 = ORIENTED_EDGE ( 'NONE', *, *, #955, .T. ) ;
#1066 = FACE_OUTER_BOUND ( 'NONE', #3667, .T. ) ;
#1067 = CARTESIAN_POINT ( 'NONE',  ( -72.11096727264151696, -2.171294947509881279, -15.23888633471938370 ) ) ;
#1068 = FILL_AREA_STYLE_COLOUR ( '', #2182 ) ;
#1069 = CARTESIAN_POINT ( 'NONE',  ( -9.555686756630001000, -4.067225507411759367, 0.08199263675455584210 ) ) ;
#1070 = MECHANICAL_DESIGN_GEOMETRIC_PRESENTATION_REPRESENTATION (  '', ( #3963 ), #3052 ) ;
#1071 = ORIENTED_EDGE ( 'NONE', *, *, #5618, .F. ) ;
#1072 = CARTESIAN_POINT ( 'NONE',  ( 65.15632612890762232, -6.473706491817638131, -4.513504522333452229 ) ) ;
#1073 = CARTESIAN_POINT ( 'NONE',  ( 112.9668282529391092, -0.004999999999999362593, 12.03317174706097958 ) ) ;
#1074 = CARTESIAN_POINT ( 'NONE',  ( 33.33635575011812335, -31.62111473160844710, -2.437810933581069150 ) ) ;
#1075 = ORIENTED_EDGE ( 'NONE', *, *, #3937, .T. ) ;
#1076 = DIRECTION ( 'NONE',  ( 0.03192674799365945865, -1.445604247311102016E-15, 0.9994902114390862291 ) ) ;
#1077 = DIRECTION ( 'NONE',  ( 0.0005443633068965336502, 0.9999998518342840814, -2.518186154490093769E-18 ) ) ;
#1078 = EDGE_LOOP ( 'NONE', ( #5728, #2486, #169, #3831 ) ) ;
#1079 = CARTESIAN_POINT ( 'NONE',  ( 48.81283285937474403, -28.49353063768146299, -2.888590302058501091 ) ) ;
#1080 = SURFACE_STYLE_USAGE ( .BOTH. , #5238 ) ;
#1081 = CARTESIAN_POINT ( 'NONE',  ( -55.39156058818498707, -21.21479551249508333, -3.783080704666706318 ) ) ;
#1082 = DIRECTION ( 'NONE',  ( -0.9910528740285972082, 0.000000000000000000, 0.1334698500773016938 ) ) ;
#1083 = CARTESIAN_POINT ( 'NONE',  ( 72.36129385337450515, -1.571431512466895164, -16.23888633471933929 ) ) ;
#1084 = ORIENTED_EDGE ( 'NONE', *, *, #5531, .F. ) ;
#1085 = CARTESIAN_POINT ( 'NONE',  ( -67.41832905154788591, 0.8927607368526098153, -7.133819569331468102 ) ) ;
#1086 = EDGE_LOOP ( 'NONE', ( #2372, #5171, #1526, #637 ) ) ;
#1087 = ORIENTED_EDGE ( 'NONE', *, *, #2518, .T. ) ;
#1088 = CARTESIAN_POINT ( 'NONE',  ( 31.65876684745370895, 4.376916540112122611, -0.2937311490972775996 ) ) ;
#1089 = DIRECTION ( 'NONE',  ( -0.000000000000000000, 1.000000000000000000, -0.000000000000000000 ) ) ;
#1090 = CARTESIAN_POINT ( 'NONE',  ( 0.000000000000000000, 0.9850000000000002087, -3.500000000000000888 ) ) ;
#1091 = DIRECTION ( 'NONE',  ( 0.000000000000000000, 0.000000000000000000, 1.000000000000000000 ) ) ;
#1092 = AXIS2_PLACEMENT_3D ( 'NONE', #2282, #5501, #2835 ) ;
#1093 = PLANE ( 'NONE',  #5777 ) ;
#1094 = CARTESIAN_POINT ( 'NONE',  ( 13.44821121197656844, 3.264141300702108950, 0.7741513478399230097 ) ) ;
#1095 = PLANE ( 'NONE',  #1811 ) ;
#1096 = VERTEX_POINT ( 'NONE', #3036 ) ;
#1097 = ORIENTED_EDGE ( 'NONE', *, *, #5189, .T. ) ;
#1098 = B_SPLINE_CURVE_WITH_KNOTS ( 'NONE', 3,
 ( #1234, #1344, #6050, #303, #2956, #2407, #2891, #4536, #4459, #3483, #719, #4941 ),
 .UNSPECIFIED., .F., .F.,
 ( 4, 2, 2, 2, 2, 4 ),
 ( 2.776792158194985703E-10, 0.001703334017019868295, 0.003406667756360521031, 0.004258334626030831245, 0.005110001495701141892, 0.006813335235041756248 ),
 .UNSPECIFIED. ) ;
#1099 = CARTESIAN_POINT ( 'NONE',  ( 44.12513133375456675, -33.14250702287901618, -3.526086632869319448 ) ) ;
#1100 = CARTESIAN_POINT ( 'NONE',  ( 46.09775752906028146, 3.612025542909349074, -2.541990137410610195 ) ) ;
#1101 = AXIS2_PLACEMENT_3D ( 'NONE', #3277, #4283, #608 ) ;
#1102 = CARTESIAN_POINT ( 'NONE',  ( 59.07329869927009014, -3.680698829769927460, -3.526321410919095900 ) ) ;
#1103 = CARTESIAN_POINT ( 'NONE',  ( -52.20128979579400408, -25.77634416485039992, -4.548307314746483421 ) ) ;
#1104 = B_SPLINE_SURFACE_WITH_KNOTS ( 'NONE', 1, 3, ( 
 ( #2781, #1079, #3785, #1154, #3266, #4757 ),
 ( #6336, #673, #4204, #5793, #5305, #4862 ) ),
 .UNSPECIFIED., .F., .F., .F.,
 ( 2, 2 ),
 ( 4, 2, 4 ),
 ( 0.000000000000000000, 1.000000000000000000 ),
 ( 0.000000000000000000, 0.5000000000000000000, 1.000000000000000000 ),
 .UNSPECIFIED. ) ;
#1105 = ORIENTED_EDGE ( 'NONE', *, *, #3792, .F. ) ;
#1106 = CARTESIAN_POINT ( 'NONE',  ( 36.82818916273281928, -34.39860011967964226, -0.7514031332885524606 ) ) ;
#1107 = ADVANCED_FACE ( 'NONE', ( #5163, #416 ), #4227, .T. ) ;
#1108 = B_SPLINE_CURVE_WITH_KNOTS ( 'NONE', 3,
 ( #3445, #4066, #5104, #358, #2459, #4588, #1944, #1072, #3177, #2694, #4230, #1733 ),
 .UNSPECIFIED., .F., .F.,
 ( 4, 2, 2, 2, 2, 4 ),
 ( 1.448225003622963358E-12, 0.001703282340172390013, 0.003406564678896555239, 0.004258205848258623215, 0.005109847017620689456, 0.006813129356344862705 ),
 .UNSPECIFIED. ) ;
#1109 = CARTESIAN_POINT ( 'NONE',  ( -11.04435229797258167, 2.311629160221116752, -1.156335990428634330 ) ) ;
#1110 = AXIS2_PLACEMENT_3D ( 'NONE', #3499, #5611, #2969 ) ;
#1111 = VERTEX_POINT ( 'NONE', #2552 ) ;
#1112 = DIRECTION ( 'NONE',  ( 0.7071067811865465735, 0.000000000000000000, 0.7071067811865483499 ) ) ;
#1113 = DIRECTION ( 'NONE',  ( -0.000000000000000000, -1.000000000000000000, 0.000000000000000000 ) ) ;
#1114 = ORIENTED_EDGE ( 'NONE', *, *, #345, .T. ) ;
#1115 = CARTESIAN_POINT ( 'NONE',  ( 9.807889602804960916, -2.891723246447218454, -0.3243663888013929575 ) ) ;
#1116 = CARTESIAN_POINT ( 'NONE',  ( -54.07861530701784858, -23.38744780005216484, -4.001545601143270403 ) ) ;
#1117 = CARTESIAN_POINT ( 'NONE',  ( -54.24251919480320794, -23.38510682105046357, -2.812828075175455744 ) ) ;
#1118 = SURFACE_STYLE_USAGE ( .BOTH. , #5797 ) ;
#1119 = EDGE_CURVE ( 'NONE', #2365, #4602, #5360, .T. ) ;
#1120 = MECHANICAL_DESIGN_GEOMETRIC_PRESENTATION_REPRESENTATION (  '', ( #244 ), #2232 ) ;
#1121 = CIRCLE ( 'NONE', #4450, 0.9799999999999988720 ) ;
#1122 = B_SPLINE_CURVE_WITH_KNOTS ( 'NONE', 3,
 ( #1392, #4028, #6124, #2419, #6065, #3495, #3028, #899, #2997, #4058 ),
 .UNSPECIFIED., .F., .F.,
 ( 4, 2, 2, 2, 4 ),
 ( 0.000000000000000000, 0.2500000000000000000, 0.5000000000000000000, 0.7500000000000000000, 1.000000000000000000 ),
 .UNSPECIFIED. ) ;
#1123 = CARTESIAN_POINT ( 'NONE',  ( -39.98723399168675030, 7.706884380106465038, -2.448848781387601203 ) ) ;
#1124 = EDGE_CURVE ( 'NONE', #1607, #2312, #4345, .T. ) ;
#1125 = VERTEX_POINT ( 'NONE', #4710 ) ;
#1126 = ORIENTED_EDGE ( 'NONE', *, *, #4290, .T. ) ;
#1127 = CARTESIAN_POINT ( 'NONE',  ( 30.02471900664367865, 4.276012475443259575, -0.1633442413091249490 ) ) ;
#1128 = LINE ( 'NONE', #1057, #1978 ) ;
#1129 = CARTESIAN_POINT ( 'NONE',  ( 48.33662834745044279, -31.81986073120805614, -3.368477932777691919 ) ) ;
#1130 = CARTESIAN_POINT ( 'NONE',  ( 52.54922015418330261, -29.67800948502848613, -2.577171209672466379 ) ) ;
#1131 = EDGE_CURVE ( 'NONE', #3719, #785, #3434, .T. ) ;
#1132 = FACE_OUTER_BOUND ( 'NONE', #1078, .T. ) ;
#1133 = CARTESIAN_POINT ( 'NONE',  ( 49.60713152114577440, -27.87666608408028424, -4.202908146636200826 ) ) ;
#1134 = DIRECTION ( 'NONE',  ( 0.9901877052481187214, 0.000000000000000000, 0.1397437239215590377 ) ) ;
#1135 = ORIENTED_EDGE ( 'NONE', *, *, #4881, .T. ) ;
#1136 = ORIENTED_EDGE ( 'NONE', *, *, #405, .F. ) ;
#1137 = CARTESIAN_POINT ( 'NONE',  ( 13.37007173464088616, 0.9613425522510494758, -1.231343941716052992 ) ) ;
#1138 = DIRECTION ( 'NONE',  ( -0.000000000000000000, -1.000000000000000000, 0.000000000000000000 ) ) ;
#1139 = MECHANICAL_DESIGN_GEOMETRIC_PRESENTATION_REPRESENTATION (  '', ( #5020 ), #4471 ) ;
#1140 = CARTESIAN_POINT ( 'NONE',  ( 10.38498163763319937, -18.55947972158660519, -0.3395269496878497439 ) ) ;
#1141 = DIRECTION ( 'NONE',  ( 0.000000000000000000, 1.000000000000000000, -0.000000000000000000 ) ) ;
#1142 = CARTESIAN_POINT ( 'NONE',  ( -11.42087517577047251, -21.50465252345873424, 0.03225398200342034088 ) ) ;
#1143 = PRODUCT_DEFINITION_FORMATION_WITH_SPECIFIED_SOURCE ( 'ANY', '', #2390, .NOT_KNOWN. ) ;
#1144 = ORIENTED_EDGE ( 'NONE', *, *, #33, .F. ) ;
#1145 = CARTESIAN_POINT ( 'NONE',  ( 56.15232654234804954, 0.1898975167688939647, -4.299950826674196591 ) ) ;
#1146 = ADVANCED_FACE ( 'NONE', ( #5292 ), #513, .T. ) ;
#1147 = CARTESIAN_POINT ( 'NONE',  ( 74.33232427436544754, 1.027496301198058903, -15.23888633471944054 ) ) ;
#1148 = CARTESIAN_POINT ( 'NONE',  ( 6.156163961346198477, -11.59236113835371818, -1.049116850153282154 ) ) ;
#1149 = ORIENTED_EDGE ( 'NONE', *, *, #5046, .F. ) ;
#1150 = B_SPLINE_CURVE_WITH_KNOTS ( 'NONE', 3,
 ( #448, #2591, #1040, #2038, #4683, #1529, #3140, #5267, #738, #2811, #5440, #76, #1696, #4927, #6399, #4821, #4341, #4304, #2845, #3780, #3399, #703, #2186, #3817, #178, #5965, #2256, #4412, #3365, #1219, #1666, #3331, #2290, #3296, #772, #1255, #144, #4964, #1148, #6507, #5926, #1185, #2324, #1767 ),
 .UNSPECIFIED., .F., .F.,
 ( 4, 2, 2, 2, 2, 2, 2, 2, 2, 2, 2, 2, 2, 2, 2, 2, 2, 2, 2, 2, 2, 4 ),
 ( 0.000000000000000000, 0.001318113550135590391, 0.001977170325203382768, 0.002636227100271175145, 0.003954340650406753394, 0.005272454200542332076, 0.006590567750677910758, 0.007249624525745699231, 0.007908681300813487705, 0.008567738075881275311, 0.009226794850949062918, 0.01054490840108464160, 0.01186302195122021855, 0.01318113550135579203, 0.01384019227642358137, 0.01449924905149136897, 0.01581736260162694419, 0.01713547615176251940, 0.01779453292683030874, 0.01845358970189809461, 0.01977170325203366288, 0.02108981680216923116 ),
 .UNSPECIFIED. ) ;
#1151 = CARTESIAN_POINT ( 'NONE',  ( -22.75457992096941595, -33.62592830829651547, -0.3360657122722816581 ) ) ;
#1152 = DIRECTION ( 'NONE',  ( 1.000000000000000000, 0.000000000000000000, 0.000000000000000000 ) ) ;
#1153 = ORIENTED_EDGE ( 'NONE', *, *, #4605, .T. ) ;
#1154 = CARTESIAN_POINT ( 'NONE',  ( 52.41203603331712912, -25.83769692428422005, -3.364309278474248988 ) ) ;
#1155 = CARTESIAN_POINT ( 'NONE',  ( 45.59006888251872169, 36.56345886265601308, -9.912361168911338893 ) ) ;
#1156 = DIRECTION ( 'NONE',  ( 0.000000000000000000, 0.000000000000000000, 1.000000000000000000 ) ) ;
#1157 = AXIS2_PLACEMENT_3D ( 'NONE', #3707, #4233, #3220 ) ;
#1158 = DIRECTION ( 'NONE',  ( 1.000000000000000000, -5.396466612041082756E-17, 0.000000000000000000 ) ) ;
#1159 = ADVANCED_FACE ( 'NONE', ( #5784 ), #6761, .T. ) ;
#1160 = CARTESIAN_POINT ( 'NONE',  ( 51.14504662155202652, -30.44372322804642650, -4.405413549686805652 ) ) ;
#1161 = VECTOR ( 'NONE', #2965, 1000.000000000000114 ) ;
#1162 = CARTESIAN_POINT ( 'NONE',  ( 8.597405549888973653, -9.968064906625611954, -0.4965932050914875773 ) ) ;
#1163 = STYLED_ITEM ( 'NONE', ( #6009 ), #5847 ) ;
#1164 = ORIENTED_EDGE ( 'NONE', *, *, #6062, .T. ) ;
#1165 = VERTEX_POINT ( 'NONE', #4157 ) ;
#1166 = DIRECTION ( 'NONE',  ( -1.000000000000000000, -0.000000000000000000, 0.000000000000000000 ) ) ;
#1167 = LINE ( 'NONE', #3159, #5856 ) ;
#1168 = DIRECTION ( 'NONE',  ( -0.000000000000000000, -1.000000000000000000, -0.000000000000000000 ) ) ;
#1169 = CARTESIAN_POINT ( 'NONE',  ( -52.34605302607555899, 2.169978146757524762, -3.760746376895262255 ) ) ;
#1170 = B_SPLINE_SURFACE_WITH_KNOTS ( 'NONE', 1, 3, ( 
 ( #4373, #550, #6396, #5407, #5962, #4747, #5886, #665, #2773, #142, #4885, #3328, #3257, #4819, #3704, #1216 ),
 ( #1664, #2732, #3215, #2253, #5816, #628, #6360, #4784, #700, #3777, #35, #4266, #1145, #3739, #6823, #589 ) ),
 .UNSPECIFIED., .F., .F., .F.,
 ( 2, 2 ),
 ( 4, 2, 2, 2, 2, 2, 2, 4 ),
 ( 0.000000000000000000, 1.000000000000000000 ),
 ( 0.000000000000000000, 0.1250000000000000000, 0.2500000000000000000, 0.3750000000000000000, 0.5000000000000000000, 0.6250000000000000000, 0.7500000000000000000, 1.000000000000000000 ),
 .UNSPECIFIED. ) ;
#1171 = CARTESIAN_POINT ( 'NONE',  ( 59.57663281499777952, -9.352696012490786970, -3.604342683980197748 ) ) ;
#1172 = CARTESIAN_POINT ( 'NONE',  ( 37.54163183405613324, -31.33408441660167654, -1.620040040736861364 ) ) ;
#1173 = CARTESIAN_POINT ( 'NONE',  ( 47.26589031668713403, -28.99586973487285846, -3.906666372423405864 ) ) ;
#1174 = EDGE_LOOP ( 'NONE', ( #2004, #5563, #2955, #4197 ) ) ;
#1175 = VERTEX_POINT ( 'NONE', #1592 ) ;
#1176 = CARTESIAN_POINT ( 'NONE',  ( 0.2999999999999999889, 0.2500000000000000000, 0.1732050807568873696 ) ) ;
#1177 = CARTESIAN_POINT ( 'NONE',  ( -6.780797653483302767, -13.36424320151719414, 1.140731239537970731 ) ) ;
#1178 = AXIS2_PLACEMENT_3D ( 'NONE', #3317, #125, #161 ) ;
#1179 = CARTESIAN_POINT ( 'NONE',  ( 62.48345730203536164, -8.869235604342554424, -6.094074989697187306 ) ) ;
#1180 = CARTESIAN_POINT ( 'NONE',  ( 10.38498163763279258, -18.55947972158575965, -0.3395269496878072779 ) ) ;
#1181 = CARTESIAN_POINT ( 'NONE',  ( 0.2999999999999999889, 0.2500000000000000000, 0.1732050807568873696 ) ) ;
#1182 = AXIS2_PLACEMENT_3D ( 'NONE', #2128, #1678, #2791 ) ;
#1183 = CARTESIAN_POINT ( 'NONE',  ( 33.58045767894569877, -34.62423110688811789, -0.4507205333041456319 ) ) ;
#1184 = CARTESIAN_POINT ( 'NONE',  ( -49.22265559236435450, 3.005179513590079843, -3.333844015281532958 ) ) ;
#1185 = CARTESIAN_POINT ( 'NONE',  ( 6.726536508625652999, -13.48273510942956221, -1.058641657341579778 ) ) ;
#1186 = ORIENTED_EDGE ( 'NONE', *, *, #2723, .T. ) ;
#1187 = DIRECTION ( 'NONE',  ( 0.7071067811865466846, 0.000000000000000000, 0.7071067811865484609 ) ) ;
#1188 = CYLINDRICAL_SURFACE ( 'NONE', #2343, 0.4999999999999796829 ) ;
#1189 = ORIENTED_EDGE ( 'NONE', *, *, #6454, .T. ) ;
#1190 =( NAMED_UNIT ( * ) SI_UNIT ( $, .STERADIAN. ) SOLID_ANGLE_UNIT ( ) );
#1191 = CARTESIAN_POINT ( 'NONE',  ( 9.522627960318182261, -4.066707890778600287, -1.117532755479633266 ) ) ;
#1192 = CARTESIAN_POINT ( 'NONE',  ( 52.50651980417335096, 2.162313714343155002, -2.571643726370622218 ) ) ;
#1193 = DIRECTION ( 'NONE',  ( 0.7969196336751507292, 0.6040853395531655678, 0.000000000000000000 ) ) ;
#1194 = CARTESIAN_POINT ( 'NONE',  ( -9.578893593713631915, -4.067746674323867495, 0.8816390107505087670 ) ) ;
#1195 = B_SPLINE_SURFACE_WITH_KNOTS ( 'NONE', 1, 3, ( 
 ( #1658, #6536, #5994, #3808, #5956, #3290 ),
 ( #5400, #5921, #5882, #6029, #3358, #1140 ) ),
 .UNSPECIFIED., .F., .F., .F.,
 ( 2, 2 ),
 ( 4, 2, 4 ),
 ( 0.000000000000000000, 1.000000000000000000 ),
 ( 0.000000000000000000, 0.5000000000000000000, 1.000000000000000000 ),
 .UNSPECIFIED. ) ;
#1196 = ORIENTED_EDGE ( 'NONE', *, *, #4394, .T. ) ;
#1197 = ORIENTED_EDGE ( 'NONE', *, *, #2340, .F. ) ;
#1198 = CARTESIAN_POINT ( 'NONE',  ( 20.32365793672473941, 2.926682245759319567, 0.4803955776283594381 ) ) ;
#1199 = DIRECTION ( 'NONE',  ( 0.000000000000000000, 0.000000000000000000, 1.000000000000000000 ) ) ;
#1200 = CARTESIAN_POINT ( 'NONE',  ( -10.91202570458027843, -20.05048493523532116, 0.8464470841376363630 ) ) ;
#1201 = EDGE_CURVE ( 'NONE', #1175, #4062, #6255, .T. ) ;
#1202 = CARTESIAN_POINT ( 'NONE',  ( -46.09834933642569155, 3.611967262190578065, -2.542056127665102139 ) ) ;
#1203 = CARTESIAN_POINT ( 'NONE',  ( -1.626303258728256651E-16, 0.2500000000000000000, 0.3464101615137754053 ) ) ;
#1204 = CARTESIAN_POINT ( 'NONE',  ( 39.55524771667406014, -31.05452893542555870, -1.821839013060702284 ) ) ;
#1205 = LINE ( 'NONE', #3388, #6786 ) ;
#1206 = EDGE_LOOP ( 'NONE', ( #5431, #468, #773, #549 ) ) ;
#1207 = ORIENTED_EDGE ( 'NONE', *, *, #3464, .T. ) ;
#1208 = FACE_OUTER_BOUND ( 'NONE', #866, .T. ) ;
#1209 = CARTESIAN_POINT ( 'NONE',  ( -4.039130391455939773, -8.867433818977792370, 1.180004414421746750 ) ) ;
#1210 = FACE_OUTER_BOUND ( 'NONE', #2302, .T. ) ;
#1211 = CARTESIAN_POINT ( 'NONE',  ( -55.21860717963881626, 0.9322306055568071459, -3.759879857976880846 ) ) ;
#1212 = CARTESIAN_POINT ( 'NONE',  ( -16.28943967280218885, -27.52368117246771106, -0.1413478359485282609 ) ) ;
#1213 = AXIS2_PLACEMENT_3D ( 'NONE', #5643, #1552, #3031 ) ;
#1214 = EDGE_CURVE ( 'NONE', #52, #1096, #3702, .T. ) ;
#1215 = ADVANCED_FACE ( 'NONE', ( #476 ), #3791, .T. ) ;
#1216 = CARTESIAN_POINT ( 'NONE',  ( 52.40022094785527429, 2.169978146757343573, -3.364431052626693841 ) ) ;
#1217 = EDGE_CURVE ( 'NONE', #986, #1602, #1614, .T. ) ;
#1218 =( NAMED_UNIT ( * ) PLANE_ANGLE_UNIT ( ) SI_UNIT ( $, .RADIAN. ) );
#1219 = CARTESIAN_POINT ( 'NONE',  ( 3.371853111916678802, -8.551479004826441965, -1.014687602427601254 ) ) ;
#1220 = ORIENTED_EDGE ( 'NONE', *, *, #5902, .F. ) ;
#1221 = FACE_OUTER_BOUND ( 'NONE', #6215, .T. ) ;
#1222 = DIRECTION ( 'NONE',  ( 0.7071067811865475727, 0.000000000000000000, -0.7071067811865475727 ) ) ;
#1223 = EDGE_CURVE ( 'NONE', #6266, #4448, #5366, .T. ) ;
#1224 = ORIENTED_EDGE ( 'NONE', *, *, #2445, .T. ) ;
#1225 = CARTESIAN_POINT ( 'NONE',  ( 2.990630125146258145, -8.340972543882271495, 0.9885163766928861673 ) ) ;
#1226 = PRODUCT_DEFINITION_SHAPE ( 'NONE', 'NONE',  #6825 ) ;
#1227 =( LENGTH_UNIT ( ) NAMED_UNIT ( * ) SI_UNIT ( .MILLI., .METRE. ) );
#1228 = CARTESIAN_POINT ( 'NONE',  ( -9.555686756630150214, -4.067225507410880958, 0.08199263675455584210 ) ) ;
#1229 = CARTESIAN_POINT ( 'NONE',  ( -58.63533095805912154, -2.694154827284730658, -3.458940076015526444 ) ) ;
#1230 = DIRECTION ( 'NONE',  ( -0.000000000000000000, -1.000000000000000000, 0.000000000000000000 ) ) ;
#1231 = DIRECTION ( 'NONE',  ( -1.000000000000000000, 0.000000000000000000, 0.000000000000000000 ) ) ;
#1232 = VERTEX_POINT ( 'NONE', #4474 ) ;
#1233 = ORIENTED_EDGE ( 'NONE', *, *, #5892, .T. ) ;
#1234 = CARTESIAN_POINT ( 'NONE',  ( -67.33147515126222515, -5.972304965155426970, -4.890740773849204359 ) ) ;
#1235 = PRESENTATION_STYLE_ASSIGNMENT (( #4908 ) ) ;
#1236 = DIRECTION ( 'NONE',  ( -0.000000000000000000, -1.000000000000000000, 0.000000000000000000 ) ) ;
#1237 = CIRCLE ( 'NONE', #1786, 0.9799999999999988720 ) ;
#1239 = VECTOR ( 'NONE', #2293, 1000.000000000000000 ) ;
#1238 = CARTESIAN_POINT ( 'NONE',  ( -39.65182002813966733, 4.368707988947912568, -1.823331491774174529 ) ) ;
#1240 = CARTESIAN_POINT ( 'NONE',  ( -6.772358371308363267, -15.50889419600222041, -1.059453774975818829 ) ) ;
#1241 = CARTESIAN_POINT ( 'NONE',  ( 14.65317058281839913, -29.94356804466415767, 0.7232947865567915802 ) ) ;
#1242 = CARTESIAN_POINT ( 'NONE',  ( -59.45973303555218337, -9.353953579702665166, -4.395700187507686429 ) ) ;
#1243 = EDGE_LOOP ( 'NONE', ( #4917, #2662, #5564, #1499 ) ) ;
#1244 = ORIENTED_EDGE ( 'NONE', *, *, #1415, .F. ) ;
#1245 = CARTESIAN_POINT ( 'NONE',  ( 11.39658434905681794, -0.3852631283807876894, -1.168323507404872341 ) ) ;
#1246 = CARTESIAN_POINT ( 'NONE',  ( 54.69143006716944200, 1.253510597471724886, -3.684157269994318362 ) ) ;
#1247 = CARTESIAN_POINT ( 'NONE',  ( -71.56913536789227237, -2.170999994058727456, -14.83288868384772563 ) ) ;
#1248 = PRODUCT_DEFINITION ( 'UNKNOWN', '', #4361, #5508 ) ;
#1249 = CARTESIAN_POINT ( 'NONE',  ( 50.07278984346093154, -27.74486028184680819, -3.455174520062728849 ) ) ;
#1250 = CARTESIAN_POINT ( 'NONE',  ( -36.81703050450893500, 13.81254277370385353, 47.09729385078823327 ) ) ;
#1251 = CIRCLE ( 'NONE', #3348, 0.2500000000000000000 ) ;
#1252 = UNCERTAINTY_MEASURE_WITH_UNIT (LENGTH_MEASURE( 1.000000000000000082E-05 ), #3907, 'distance_accuracy_value', 'NONE');
#1253 = B_SPLINE_CURVE_WITH_KNOTS ( 'NONE', 3,
 ( #1646, #6449, #531, #3158, #5940, #3795, #4835, #5385, #2272, #4767 ),
 .UNSPECIFIED., .F., .F.,
 ( 4, 2, 2, 2, 4 ),
 ( 0.000000000000000000, 0.2500000000000000000, 0.5000000000000000000, 0.7500000000000000000, 1.000000000000000000 ),
 .UNSPECIFIED. ) ;
#1254 = DIRECTION ( 'NONE',  ( -0.1736481776669313304, -2.120941530072250246E-08, -0.9848077530122075762 ) ) ;
#1255 = CARTESIAN_POINT ( 'NONE',  ( 5.733282270639993961, -10.81576960345434557, -1.042589071352866492 ) ) ;
#1256 = VERTEX_POINT ( 'NONE', #4993 ) ;
#1257 = EDGE_CURVE ( 'NONE', #1670, #4905, #6001, .T. ) ;
#1258 = CARTESIAN_POINT ( 'NONE',  ( -59.48230997222624694, -7.803443117147803143, -5.613692191491908901 ) ) ;
#1259 = CARTESIAN_POINT ( 'NONE',  ( 1.487306110593891617, 1.005000000000000782, -0.3000000000000001554 ) ) ;
#1260 = ORIENTED_EDGE ( 'NONE', *, *, #3101, .T. ) ;
#1261 = CARTESIAN_POINT ( 'NONE',  ( -2.790674522294820825, -8.247795829107992915, 0.9900108466890740200 ) ) ;
#1262 = CARTESIAN_POINT ( 'NONE',  ( -55.57598794521815222, 0.7501859441808588214, -3.003459814595511368 ) ) ;
#1263 = CARTESIAN_POINT ( 'NONE',  ( 72.11129381633308810, -1.571431512466895164, -15.23888633471938370 ) ) ;
#1264 = EDGE_CURVE ( 'NONE', #5644, #4458, #3171, .T. ) ;
#1265 = VECTOR ( 'NONE', #5275, 999.9999999999998863 ) ;
#1266 = CYLINDRICAL_SURFACE ( 'NONE', #6475, 6.499978957151941295 ) ;
#1267 = VERTEX_POINT ( 'NONE', #2807 ) ;
#1268 = VERTEX_POINT ( 'NONE', #3810 ) ;
#1269 = EDGE_CURVE ( 'NONE', #2708, #2036, #5915, .T. ) ;
#1270 = CARTESIAN_POINT ( 'NONE',  ( -0.01110381825964237151, 20.50857300697999008, 22.04382675360928445 ) ) ;
#1271 = VECTOR ( 'NONE', #5514, 1000.000000000000000 ) ;
#1272 =( NAMED_UNIT ( * ) PLANE_ANGLE_UNIT ( ) SI_UNIT ( $, .RADIAN. ) );
#1273 = CARTESIAN_POINT ( 'NONE',  ( -54.07861530701783437, -23.38744780005218971, -4.001545601143270403 ) ) ;
#1274 = CARTESIAN_POINT ( 'NONE',  ( 5.551115123125782702E-14, 1.505000000000000782, -0.3000000000000001554 ) ) ;
#1275 = CARTESIAN_POINT ( 'NONE',  ( -6.771041445455909802, -14.37226678043900030, -1.059135254886776734 ) ) ;
#1276 = DIRECTION ( 'NONE',  ( 0.000000000000000000, 1.000000000000000000, 0.000000000000000000 ) ) ;
#1277 = AXIS2_PLACEMENT_3D ( 'NONE', #6219, #5073, #325 ) ;
#1278 = CARTESIAN_POINT ( 'NONE',  ( -57.81864542171607013, -1.643059569525868735, -4.548503323288372258 ) ) ;
#1279 = EDGE_CURVE ( 'NONE', #5482, #1012, #542, .T. ) ;
#1280 = ORIENTED_EDGE ( 'NONE', *, *, #5516, .T. ) ;
#1281 = VERTEX_POINT ( 'NONE', #2770 ) ;
#1282 = ADVANCED_BREP_SHAPE_REPRESENTATION ( '', ( #5943, #6116 ), #5127 ) ;
#1283 = CARTESIAN_POINT ( 'NONE',  ( -72.36096723560009991, -2.171431038336605113, -15.23888633471938370 ) ) ;
#1284 = CARTESIAN_POINT ( 'NONE',  ( -6.837790820042945583, -14.93827723285031794, -0.4604969970285924252 ) ) ;
#1285 = DIRECTION ( 'NONE',  ( -0.0005443633068965336502, 0.9999998518342840814, -2.518186154490093769E-18 ) ) ;
#1286 = CARTESIAN_POINT ( 'NONE',  ( 27.36425923759100698, -31.35971720916294458, -0.7633831657449789976 ) ) ;
#1287 = UNCERTAINTY_MEASURE_WITH_UNIT (LENGTH_MEASURE( 1.000000000000000082E-05 ), #1324, 'distance_accuracy_value', 'NONE');
#1288 = B_SPLINE_SURFACE_WITH_KNOTS ( 'NONE', 1, 3, ( 
 ( #6178, #953, #4021, #6118, #4143, #375, #2989, #5603, #5733, #6240 ),
 ( #4108, #3617, #5090, #1443, #894, #5636, #868, #922, #3093, #3522 ) ),
 .UNSPECIFIED., .F., .F., .F.,
 ( 2, 2 ),
 ( 4, 2, 2, 2, 4 ),
 ( 0.000000000000000000, 1.000000000000000000 ),
 ( 0.000000000000000000, 0.2500000000000000000, 0.5000000000000000000, 0.7500000000000000000, 1.000000000000000000 ),
 .UNSPECIFIED. ) ;
#1289 = PRODUCT_DEFINITION_CONTEXT ( 'detailed design', #862, 'design' ) ;
#1290 =( REPRESENTATION_RELATIONSHIP ('NONE','NONE', #356, #3216 ) REPRESENTATION_RELATIONSHIP_WITH_TRANSFORMATION ( #5620 )SHAPE_REPRESENTATION_RELATIONSHIP( ) );
#1291 = SURFACE_SIDE_STYLE ('',( #2937 ) ) ;
#1292 = EDGE_CURVE ( 'NONE', #4079, #4499, #2508, .T. ) ;
#1293 = VECTOR ( 'NONE', #2472, 1000.000000000000227 ) ;
#1294 = CARTESIAN_POINT ( 'NONE',  ( -2.985523990591508525, -0.4487103912178487253, 0.9913213526323954028 ) ) ;
#1295 = CARTESIAN_POINT ( 'NONE',  ( -48.50210279798924518, -31.81614761215615417, -2.045522794672268496 ) ) ;
#1296 = VERTEX_POINT ( 'NONE', #769 ) ;
#1297 = DIRECTION ( 'NONE',  ( -0.0005443633068965336502, 0.9999998518342840814, -2.518186154490093769E-18 ) ) ;
#1298 = DIRECTION ( 'NONE',  ( 4.884682305490612792E-17, 1.000000000000000000, 2.666878455998264135E-17 ) ) ;
#1299 = AXIS2_PLACEMENT_3D ( 'NONE', #6565, #3460, #5949 ) ;
#1300 = ADVANCED_FACE ( 'NONE', ( #2727 ), #5997, .T. ) ;
#1301 = VERTEX_POINT ( 'NONE', #4851 ) ;
#1302 = CARTESIAN_POINT ( 'NONE',  ( 0.000000000000000000, -0.9849999999999993205, 3.499999999999999112 ) ) ;
#1303 = DIRECTION ( 'NONE',  ( 0.0005443633068965336502, 0.9999998518342840814, -2.518186154490093769E-18 ) ) ;
#1304 = CARTESIAN_POINT ( 'NONE',  ( -59.68328806900342443, -8.734751228543244039, -3.620861811627577698 ) ) ;
#1305 = CARTESIAN_POINT ( 'NONE',  ( 0.000000000000000000, -0.9849999999999997646, -3.500000000000000888 ) ) ;
#1306 = PLANE ( 'NONE',  #5600 ) ;
#1307 = AXIS2_PLACEMENT_3D ( 'NONE', #1729, #1141, #623 ) ;
#1308 = EDGE_LOOP ( 'NONE', ( #5467, #4072, #1028, #4433 ) ) ;
#1309 = ORIENTED_EDGE ( 'NONE', *, *, #2213, .T. ) ;
#1310 = EDGE_CURVE ( 'NONE', #6059, #913, #140, .T. ) ;
#1311 = CARTESIAN_POINT ( 'NONE',  ( 58.78925993701012231, -3.684574227451596684, -5.506160105307039032 ) ) ;
#1312 = CARTESIAN_POINT ( 'NONE',  ( 13.96977477496068509, 1.148462493668903406, -0.5859358317747894729 ) ) ;
#1313 = CARTESIAN_POINT ( 'NONE',  ( -67.15824373545011383, -5.972299720997384931, -5.873184978992602723 ) ) ;
#1314 = DIRECTION ( 'NONE',  ( -1.000000000000000000, 0.000000000000000000, -0.000000000000000000 ) ) ;
#1315 = CARTESIAN_POINT ( 'NONE',  ( -34.60662263383327542, -31.54734438358164539, -0.5460729496157432639 ) ) ;
#1316 = CARTESIAN_POINT ( 'NONE',  ( -59.55755557537732869, -6.254336259651071650, -4.815729887885051852 ) ) ;
#1317 = EDGE_CURVE ( 'NONE', #1721, #986, #2112, .T. ) ;
#1318 = ORIENTED_EDGE ( 'NONE', *, *, #4352, .T. ) ;
#1319 = EDGE_CURVE ( 'NONE', #4355, #3708, #1691, .T. ) ;
#1320 = ORIENTED_EDGE ( 'NONE', *, *, #1124, .T. ) ;
#1321 = CARTESIAN_POINT ( 'NONE',  ( 129.6058033746338651, 0.005000000000000229955, 20.15858122326973856 ) ) ;
#1322 = CARTESIAN_POINT ( 'NONE',  ( -6.613467037044785890, -15.86227131820228387, -1.256757417693866952 ) ) ;
#1323 = AXIS2_PLACEMENT_3D ( 'NONE', #128, #4910, #2862 ) ;
#1324 =( LENGTH_UNIT ( ) NAMED_UNIT ( * ) SI_UNIT ( .MILLI., .METRE. ) );
#1325 = LINE ( 'NONE', #6787, #5391 ) ;
#1326 = CARTESIAN_POINT ( 'NONE',  ( -70.13484898312097471, 1.028568487533104481, -6.860355988447348174 ) ) ;
#1327 = DIRECTION ( 'NONE',  ( -1.000000000000000000, -0.000000000000000000, -0.000000000000000000 ) ) ;
#1328 = FACE_OUTER_BOUND ( 'NONE', #1814, .T. ) ;
#1329 = CARTESIAN_POINT ( 'NONE',  ( -33.66169857513722974, -34.58561757851462204, -0.4623468033205733185 ) ) ;
#1330 = COLOUR_RGB ( '',0.2509803921568627416, 0.2509803921568627416, 0.2509803921568627416 ) ;
#1331 = ORIENTED_EDGE ( 'NONE', *, *, #2777, .T. ) ;
#1332 = ORIENTED_EDGE ( 'NONE', *, *, #3661, .F. ) ;
#1333 = CARTESIAN_POINT ( 'NONE',  ( -56.34160401569406673, -25.70226650138897639, -3.114913745489006569 ) ) ;
#1334 = CARTESIAN_POINT ( 'NONE',  ( 59.77320851352405384, -7.359678565581387666, -3.634881910926155868 ) ) ;
#1335 = CIRCLE ( 'NONE', #1541, 0.9799999999999999822 ) ;
#1336 = EDGE_LOOP ( 'NONE', ( #4225, #4622, #4257, #5776 ) ) ;
#1337 = DIRECTION ( 'NONE',  ( 7.209240419643872983E-15, 0.000000000000000000, -1.000000000000000000 ) ) ;
#1338 = VECTOR ( 'NONE', #3056, 1000.000000000000114 ) ;
#1339 = CARTESIAN_POINT ( 'NONE',  ( 76.10930905851969897, -3.944331254840212964, -7.859377393274422197 ) ) ;
#1340 = CARTESIAN_POINT ( 'NONE',  ( -10.69117823730382710, -25.94440412919324146, 0.8532591453847999663 ) ) ;
#1341 = CARTESIAN_POINT ( 'NONE',  ( -11.10272639122067950, 2.312094628419217202, 0.8428228360005477482 ) ) ;
#1342 = EDGE_LOOP ( 'NONE', ( #5893, #959, #1685, #4892 ) ) ;
#1343 = ORIENTED_EDGE ( 'NONE', *, *, #6628, .F. ) ;
#1344 = CARTESIAN_POINT ( 'NONE',  ( -66.76427331543379751, -5.971484403700700661, -4.790726100012932420 ) ) ;
#1345 = PLANE ( 'NONE',  #4317 ) ;
#1346 = CARTESIAN_POINT ( 'NONE',  ( -51.53650762538583052, -30.21981161524882253, -4.457359272682851703 ) ) ;
#1347 = EDGE_CURVE ( 'NONE', #5454, #6533, #176, .T. ) ;
#1348 = CARTESIAN_POINT ( 'NONE',  ( -47.26598171559211181, -28.99612849199822406, -3.906672837020707778 ) ) ;
#1349 = PRODUCT_DEFINITION_SHAPE ( 'NONE', 'NONE',  #6826 ) ;
#1350 = CARTESIAN_POINT ( 'NONE',  ( -37.54178829669752560, -31.33405333684924443, -1.620054459700542626 ) ) ;
#1351 = EDGE_CURVE ( 'NONE', #3107, #5723, #3593, .T. ) ;
#1352 = CARTESIAN_POINT ( 'NONE',  ( -58.80078729139432880, -3.262331830609334293, -4.293744058695213361 ) ) ;
#1353 = ORIENTED_EDGE ( 'NONE', *, *, #6814, .F. ) ;
#1354 = CARTESIAN_POINT ( 'NONE',  ( 10.29794596072216706, -1.806832928377512193, -1.137448247807080204 ) ) ;
#1355 = CARTESIAN_POINT ( 'NONE',  ( 6.631330576543136068, -12.65540076342137965, -0.4568459442942519599 ) ) ;
#1356 = EDGE_CURVE ( 'NONE', #6521, #2067, #838, .T. ) ;
#1357 =( NAMED_UNIT ( * ) SI_UNIT ( $, .STERADIAN. ) SOLID_ANGLE_UNIT ( ) );
#1358 = CARTESIAN_POINT ( 'NONE',  ( -58.52742691166803723, -2.703169128575965807, -4.251738898718214976 ) ) ;
#1359 = AXIS2_PLACEMENT_3D ( 'NONE', #2078, #2522, #4126 ) ;
#1360 = CARTESIAN_POINT ( 'NONE',  ( 37.57174817407873491, -31.30517314923937633, -0.8232485850712091269 ) ) ;
#1361 = EDGE_CURVE ( 'NONE', #1232, #2107, #1122, .T. ) ;
#1362 = ORIENTED_EDGE ( 'NONE', *, *, #809, .F. ) ;
#1363 = ORIENTED_EDGE ( 'NONE', *, *, #2784, .F. ) ;
#1364 = CARTESIAN_POINT ( 'NONE',  ( -59.39635008413873862, -8.739457780197687597, -5.600285120135415795 ) ) ;
#1365 = CARTESIAN_POINT ( 'NONE',  ( 0.2500000000000000000, 3.061616997868383018E-17, 0.2000000000000000111 ) ) ;
#1366 = ADVANCED_FACE ( 'NONE', ( #5125 ), #174, .T. ) ;
#1367 = VERTEX_POINT ( 'NONE', #3552 ) ;
#1368 = CARTESIAN_POINT ( 'NONE',  ( 6.446821263010215297, -12.19814817937655071, 0.9464418445720810258 ) ) ;
#1369 = PLANE ( 'NONE',  #3935 ) ;
#1370 = CARTESIAN_POINT ( 'NONE',  ( 70.88973462291083649, -0.6697080072573514675, -5.317188814632714866 ) ) ;
#1371 = DIRECTION ( 'NONE',  ( 0.000000000000000000, 0.000000000000000000, 1.000000000000000000 ) ) ;
#1372 =( BOUNDED_CURVE ( )  B_SPLINE_CURVE ( 3, ( #1871, #2420, #3887, #3362 ),
 .UNSPECIFIED., .F., .T. ) 
 B_SPLINE_CURVE_WITH_KNOTS ( ( 4, 4 ),
 ( -2.664535259100375697E-15, 3.141592653589790896 ),
 .UNSPECIFIED. ) 
 CURVE ( )  GEOMETRIC_REPRESENTATION_ITEM ( )  RATIONAL_B_SPLINE_CURVE ( ( 1.000000000000000000, 0.3333333333333332038, 0.3333333333333332038, 1.000000000000000000 ) ) 
 REPRESENTATION_ITEM ( '' )  );
#1373 = CARTESIAN_POINT ( 'NONE',  ( -35.68749404288580962, 7.577274069691781300, -0.6437230065489033537 ) ) ;
#1374 = ORIENTED_EDGE ( 'NONE', *, *, #6735, .T. ) ;
#1375 = ORIENTED_EDGE ( 'NONE', *, *, #2437, .T. ) ;
#1376 = DIRECTION ( 'NONE',  ( -1.000000000000000000, 0.000000000000000000, 0.000000000000000000 ) ) ;
#1377 = CARTESIAN_POINT ( 'NONE',  ( -11.40748358662428785, -0.3705715824428517657, -0.3681660573256029245 ) ) ;
#1378 = ADVANCED_FACE ( 'NONE', ( #1419, #408 ), #4514, .F. ) ;
#1379 = FILL_AREA_STYLE ('',( #4538 ) ) ;
#1380 = DIRECTION ( 'NONE',  ( 0.9988849663519852040, 0.000000000000000000, -0.04721042253563590557 ) ) ;
#1381 = CARTESIAN_POINT ( 'NONE',  ( 90.00000000000000000, -0.004999999999999579434, 35.00000000000000000 ) ) ;
#1382 = PLANE ( 'NONE',  #4516 ) ;
#1383 = FACE_OUTER_BOUND ( 'NONE', #4200, .T. ) ;
#1384 = AXIS2_PLACEMENT_3D ( 'NONE', #4010, #5167, #1848 ) ;
#1385 = EDGE_LOOP ( 'NONE', ( #3859, #5396, #6006, #2753 ) ) ;
#1386 = CARTESIAN_POINT ( 'NONE',  ( -2.687880112888557565E-15, -31.58816513860072916, -386.7465117133056651 ) ) ;
#1387 = CARTESIAN_POINT ( 'NONE',  ( 6.581571875107297132, -16.17371138458655011, 0.3440413449524885037 ) ) ;
#1388 = AXIS2_PLACEMENT_3D ( 'NONE', #5388, #56, #648 ) ;
#1389 = EDGE_CURVE ( 'NONE', #3413, #2620, #5545, .T. ) ;
#1390 =( NAMED_UNIT ( * ) SI_UNIT ( $, .STERADIAN. ) SOLID_ANGLE_UNIT ( ) );
#1391 = CARTESIAN_POINT ( 'NONE',  ( 59.60732273390525648, -6.877646156516677323, -4.823518473558921826 ) ) ;
#1392 = CARTESIAN_POINT ( 'NONE',  ( 13.98890673045872290, 1.148922094363814761, -0.05294645060061053954 ) ) ;
#1393 = CIRCLE ( 'NONE', #2269, 0.2500000000000037192 ) ;
#1394 = CARTESIAN_POINT ( 'NONE',  ( -52.34605302607556609, 2.169978146757524762, -3.760746376895218734 ) ) ;
#1395 = CARTESIAN_POINT ( 'NONE',  ( 71.36096738376582493, -2.170886675029708890, -15.23888633471938370 ) ) ;
#1396 = DIRECTION ( 'NONE',  ( 0.000000000000000000, 1.000000000000000000, 0.000000000000000000 ) ) ;
#1397 = VERTEX_POINT ( 'NONE', #1832 ) ;
#1398 = CARTESIAN_POINT ( 'NONE',  ( 72.11096727264151696, -2.171294947509881279, -15.23888633471938370 ) ) ;
#1399 = CARTESIAN_POINT ( 'NONE',  ( 20.23268570720177095, 2.925213414465439588, -0.7164859898646256386 ) ) ;
#1400 = B_SPLINE_CURVE_WITH_KNOTS ( 'NONE', 3,
 ( #2103, #3210, #1626, #4154, #1554, #3629 ),
 .UNSPECIFIED., .F., .F.,
 ( 4, 2, 4 ),
 ( 3.963768580833609852E-13, 0.007998539085046966687, 0.01599707816969754906 ),
 .UNSPECIFIED. ) ;
#1401 = APPLICATION_PROTOCOL_DEFINITION ( 'draft international standard', 'automotive_design', 1998, #4167 ) ;
#1402 = CARTESIAN_POINT ( 'NONE',  ( 65.14787419131899071, 2.118897876212712639, -4.297529317353914635 ) ) ;
#1403 = CARTESIAN_POINT ( 'NONE',  ( -21.67966631485914419, -33.40331324794558299, 0.3950566679900746614 ) ) ;
#1404 = VECTOR ( 'NONE', #5685, 1000.000000000000000 ) ;
#1405 = CARTESIAN_POINT ( 'NONE',  ( -62.28115482728289720, -9.961781445615560671, -5.385457849311719336 ) ) ;
#1406 = CARTESIAN_POINT ( 'NONE',  ( -50.68010531484165426, 6.424892647825903857, -2.324283338849453706 ) ) ;
#1407 = ORIENTED_EDGE ( 'NONE', *, *, #290, .F. ) ;
#1408 = DIRECTION ( 'NONE',  ( -0.5000000000000003331, 0.8660254037844383745, 0.000000000000000000 ) ) ;
#1409 =( LENGTH_UNIT ( ) NAMED_UNIT ( * ) SI_UNIT ( .MILLI., .METRE. ) );
#1410 = CARTESIAN_POINT ( 'NONE',  ( -53.38686949350041999, -24.67983417857050554, -3.499834907231396119 ) ) ;
#1411 = CARTESIAN_POINT ( 'NONE',  ( 0.2999999999999999889, 0.2500000000000000000, 0.1732050807568873696 ) ) ;
#1412 = CARTESIAN_POINT ( 'NONE',  ( 74.33232441199881180, -5.972304453752658837, -12.58618263852918950 ) ) ;
#1413 = B_SPLINE_CURVE_WITH_KNOTS ( 'NONE', 3,
 ( #1975, #485, #941, #2593, #3043, #6193 ),
 .UNSPECIFIED., .F., .F.,
 ( 4, 2, 4 ),
 ( 0.000000000000000000, 0.5000000000000002220, 1.000000000000000000 ),
 .UNSPECIFIED. ) ;
#1414 = EDGE_LOOP ( 'NONE', ( #6762, #1244 ) ) ;
#1415 = EDGE_CURVE ( 'NONE', #2349, #4381, #924, .T. ) ;
#1416 = MANIFOLD_SOLID_BREP ( 'Thicken3', #2983 ) ;
#1417 = CARTESIAN_POINT ( 'NONE',  ( 4.755793302385805887, -9.477908308251766556, -0.4284604537146552983 ) ) ;
#1418 = CARTESIAN_POINT ( 'NONE',  ( -55.51408781361892864, -21.19500129204117655, -2.992446564144236820 ) ) ;
#1419 = FACE_BOUND ( 'NONE', #193, .T. ) ;
#1420 = VECTOR ( 'NONE', #3088, 1000.000000000000000 ) ;
#1421 = CARTESIAN_POINT ( 'NONE',  ( 0.000000000000000000, 0.005000000000000229955, -3.500000000000000888 ) ) ;
#1422 = EDGE_LOOP ( 'NONE', ( #88, #5148, #5423, #135, #6623, #6058, #3194, #1559 ) ) ;
#1423 = ORIENTED_EDGE ( 'NONE', *, *, #5112, .T. ) ;
#1424 = CARTESIAN_POINT ( 'NONE',  ( -30.34797293277534180, -31.56093717073150984, -2.194289603391696986 ) ) ;
#1425 = CARTESIAN_POINT ( 'NONE',  ( -71.86096730968294821, -2.171158856683157001, -15.23888633471938370 ) ) ;
#1426 = ADVANCED_FACE ( 'NONE', ( #3624 ), #2482, .F. ) ;
#1427 = ADVANCED_FACE ( 'NONE', ( #5322 ), #6282, .F. ) ;
#1428 = EDGE_CURVE ( 'NONE', #3784, #672, #5255, .T. ) ;
#1429 = CARTESIAN_POINT ( 'NONE',  ( 26.65097146073101797, 4.023897249189135827, -1.106435928687219183 ) ) ;
#1430 = FACE_OUTER_BOUND ( 'NONE', #6212, .T. ) ;
#1431 = CARTESIAN_POINT ( 'NONE',  ( -20.60100137348131710, -33.08677087200327094, 0.4537608664861879082 ) ) ;
#1432 = VECTOR ( 'NONE', #470, 1000.000000000000000 ) ;
#1433 = EDGE_CURVE ( 'NONE', #4448, #2198, #5701, .T. ) ;
#1434 = CARTESIAN_POINT ( 'NONE',  ( 10.38498163763296489, -18.55947972158575254, -0.3395269496878497439 ) ) ;
#1435 = CARTESIAN_POINT ( 'NONE',  ( -65.05840646124171656, 2.103015180228260395, -4.489937435004479838 ) ) ;
#1436 = ORIENTED_EDGE ( 'NONE', *, *, #5112, .F. ) ;
#1437 = VECTOR ( 'NONE', #4799, 1000.000000000000114 ) ;
#1438 = CARTESIAN_POINT ( 'NONE',  ( -56.81239730767611462, -24.89761982630561121, -3.184701407127283890 ) ) ;
#1439 = CARTESIAN_POINT ( 'NONE',  ( -1.626303258728256651E-16, 0.2500000000000000000, 0.3464101615137754053 ) ) ;
#1440 = CARTESIAN_POINT ( 'NONE',  ( 9.578864787540959824, -4.067742127412493858, 0.8816401026671676355 ) ) ;
#1441 = CARTESIAN_POINT ( 'NONE',  ( -40.07005677617895145, 7.706884380106462373, -1.653095174026244507 ) ) ;
#1442 = VERTEX_POINT ( 'NONE', #6819 ) ;
#1443 = CARTESIAN_POINT ( 'NONE',  ( -17.55351842731657541, -28.42806802323659809, -0.5962985397300958335 ) ) ;
#1444 = SURFACE_STYLE_USAGE ( .BOTH. , #4635 ) ;
#1445 = AXIS2_PLACEMENT_3D ( 'NONE', #3848, #2316, #2688 ) ;
#1446 = FILL_AREA_STYLE_COLOUR ( '', #1330 ) ;
#1447 = CARTESIAN_POINT ( 'NONE',  ( 65.04370589803281177, 2.069394635018176665, -4.492578873271442674 ) ) ;
#1448 = CARTESIAN_POINT ( 'NONE',  ( -6.830263914453380991, -14.37196701744635874, 0.9395455454612601232 ) ) ;
#1449 = EDGE_CURVE ( 'NONE', #5723, #2209, #805, .T. ) ;
#1450 = AXIS2_PLACEMENT_3D ( 'NONE', #2359, #3924, #319 ) ;
#1451 = AXIS2_PLACEMENT_3D ( 'NONE', #6005, #6071, #181 ) ;
#1452 = EDGE_LOOP ( 'NONE', ( #3626, #2528, #3322, #6790, #3236, #1826, #2039, #6728, #6616 ) ) ;
#1453 = VERTEX_POINT ( 'NONE', #3654 ) ;
#1454 = CARTESIAN_POINT ( 'NONE',  ( 9.447500210553636535, -13.75607924939989246, 0.8849376271796743909 ) ) ;
#1455 = CARTESIAN_POINT ( 'NONE',  ( 90.00000000000000000, -0.9849999999999995426, 35.00000000000000000 ) ) ;
#1456 = DIRECTION ( 'NONE',  ( 0.7071067811865466846, 0.000000000000000000, 0.7071067811865484609 ) ) ;
#1457 = APPLICATION_PROTOCOL_DEFINITION ( 'draft international standard', 'automotive_design', 1998, #3756 ) ;
#1458 = CARTESIAN_POINT ( 'NONE',  ( 8.267490356062408452, 1.164669439050466382, -0.4761704538406720255 ) ) ;
#1459 = PRODUCT_DEFINITION ( 'UNKNOWN', '', #471, #6540 ) ;
#1460 = CARTESIAN_POINT ( 'NONE',  ( -8.952127588284877646, -23.06285081206775089, 0.8967182186142208522 ) ) ;
#1461 = EDGE_LOOP ( 'NONE', ( #2605, #1700, #6672, #627, #1363, #1105, #1520, #4720, #3009 ) ) ;
#1462 = DIRECTION ( 'NONE',  ( -0.9999998518342840814, 0.0005443633068966032560, 0.000000000000000000 ) ) ;
#1463 = CARTESIAN_POINT ( 'NONE',  ( -23.34136073444861736, -30.68450847370872481, -0.5046395578391926762 ) ) ;
#1464 = ORIENTED_EDGE ( 'NONE', *, *, #2519, .F. ) ;
#1465 = CARTESIAN_POINT ( 'NONE',  ( -59.55755557537732869, -6.254336259651071650, -4.815729887885051852 ) ) ;
#1466 = CARTESIAN_POINT ( 'NONE',  ( -9.545808712541447250, -4.067225507411758478, -0.3178853749501997505 ) ) ;
#1467 = ADVANCED_FACE ( 'NONE', ( #5218 ), #1095, .T. ) ;
#1468 = AXIS2_PLACEMENT_3D ( 'NONE', #1155, #223, #6478 ) ;
#1469 = CARTESIAN_POINT ( 'NONE',  ( -12.57601678982818427, 0.5291624550896528723, -1.204974873204758046 ) ) ;
#1470 = ORIENTED_EDGE ( 'NONE', *, *, #4686, .F. ) ;
#1471 = DIRECTION ( 'NONE',  ( 0.7071067811865475727, 0.000000000000000000, -0.7071067811865475727 ) ) ;
#1472 = COLOUR_RGB ( '',0.7921568627450980005, 0.8196078431372548767, 0.9333333333333333481 ) ;
#1473 = ORIENTED_EDGE ( 'NONE', *, *, #5909, .F. ) ;
#1474 = CARTESIAN_POINT ( 'NONE',  ( -0.1732050807568876749, 0.2999999999999999334, 0.2000000000000000111 ) ) ;
#1475 = CARTESIAN_POINT ( 'NONE',  ( -9.545808712541447250, -4.067225507411758478, -0.3178853749501997505 ) ) ;
#1476 = CARTESIAN_POINT ( 'NONE',  ( 0.000000000000000000, -0.004999999999999796274, 3.499999999999999112 ) ) ;
#1477 = CARTESIAN_POINT ( 'NONE',  ( 117.2236110756821290, 0.9850000000000002087, 7.776388924317970464 ) ) ;
#1478 = ORIENTED_EDGE ( 'NONE', *, *, #6200, .T. ) ;
#1479 = ORIENTED_EDGE ( 'NONE', *, *, #5114, .T. ) ;
#1480 = CARTESIAN_POINT ( 'NONE',  ( -53.75991572953248721, -24.03503597703587857, -3.552543127563271952 ) ) ;
#1481 = AXIS2_PLACEMENT_3D ( 'NONE', #3007, #3509, #1947 ) ;
#1482 = AXIS2_PLACEMENT_3D ( 'NONE', #2713, #1236, #5460 ) ;
#1483 = AXIS2_PLACEMENT_3D ( 'NONE', #804, #3526, #4638 ) ;
#1484 = CARTESIAN_POINT ( 'NONE',  ( 58.74386985459636179, -2.941126051962268839, -3.475678629606081760 ) ) ;
#1485 = VERTEX_POINT ( 'NONE', #1583 ) ;
#1486 = CARTESIAN_POINT ( 'NONE',  ( -10.42665669773803216, -18.55691319536747841, 0.8596157923531517753 ) ) ;
#1487 = DIRECTION ( 'NONE',  ( 0.8660254037844383745, 0.000000000000000000, -0.5000000000000004441 ) ) ;
#1488 = AXIS2_PLACEMENT_3D ( 'NONE', #5726, #977, #456 ) ;
#1489 = ADVANCED_FACE ( 'NONE', ( #958 ), #4114, .F. ) ;
#1490 = ORIENTED_EDGE ( 'NONE', *, *, #1257, .T. ) ;
#1491 = CARTESIAN_POINT ( 'NONE',  ( 13.97444591346516063, 1.148922094363814761, -0.4526849711010587640 ) ) ;
#1492 = CARTESIAN_POINT ( 'NONE',  ( 31.49567385203708270, 4.376807257256014161, -2.287074724278016724 ) ) ;
#1493 = DIRECTION ( 'NONE',  ( -0.7071067811865465735, -0.000000000000000000, -0.7071067811865483499 ) ) ;
#1494 = ORIENTED_EDGE ( 'NONE', *, *, #3666, .F. ) ;
#1495 = CARTESIAN_POINT ( 'NONE',  ( 14.01604908071226774, -25.39492041076884021, -0.05225737136237407904 ) ) ;
#1496 = FACE_OUTER_BOUND ( 'NONE', #5034, .T. ) ;
#1497 = EDGE_CURVE ( 'NONE', #2454, #4986, #1620, .T. ) ;
#1498 = CARTESIAN_POINT ( 'NONE',  ( -15.44476346519422627, -30.60449175614048656, -1.308085981863585712 ) ) ;
#1499 = ORIENTED_EDGE ( 'NONE', *, *, #3842, .F. ) ;
#1500 = CARTESIAN_POINT ( 'NONE',  ( -59.58979649686547475, -8.122629294146728185, -4.820782621315691685 ) ) ;
#1501 = ADVANCED_FACE ( 'NONE', ( #438 ), #24, .T. ) ;
#1502 = DIRECTION ( 'NONE',  ( 0.000000000000000000, -0.000000000000000000, 1.000000000000000000 ) ) ;
#1503 = CARTESIAN_POINT ( 'NONE',  ( 117.2236110756821290, 0.005000000000000229955, 7.776388924317970464 ) ) ;
#1504 = CIRCLE ( 'NONE', #2166, 0.9799999999999999822 ) ;
#1505 = CARTESIAN_POINT ( 'NONE',  ( 10.21885687564775402, -2.069064746238420849, 0.8653401364585117106 ) ) ;
#1506 = ORIENTED_EDGE ( 'NONE', *, *, #3645, .F. ) ;
#1507 = CARTESIAN_POINT ( 'NONE',  ( 74.33232427436546175, 1.027496301198058903, -12.58618261426071250 ) ) ;
#1508 = EDGE_CURVE ( 'NONE', #1607, #1722, #1695, .T. ) ;
#1509 = AXIS2_PLACEMENT_3D ( 'NONE', #1533, #5628, #4596 ) ;
#1510 = ADVANCED_FACE ( 'NONE', ( #3730 ), #2681, .F. ) ;
#1511 = ORIENTED_EDGE ( 'NONE', *, *, #3989, .T. ) ;
#1512 =( LENGTH_UNIT ( ) NAMED_UNIT ( * ) SI_UNIT ( .MILLI., .METRE. ) );
#1513 = PRESENTATION_STYLE_ASSIGNMENT (( #1444 ) ) ;
#1514 = PRESENTATION_STYLE_ASSIGNMENT (( #6242 ) ) ;
#1515 = EDGE_CURVE ( 'NONE', #6521, #4012, #6788, .T. ) ;
#1516 = CARTESIAN_POINT ( 'NONE',  ( -10.55182528410565190, -19.32107492865200626, -1.144290800959531174 ) ) ;
#1517 = CARTESIAN_POINT ( 'NONE',  ( 35.66628214480099501, 7.610390214759049421, -0.6355859955379715709 ) ) ;
#1518 = ADVANCED_FACE ( 'NONE', ( #61 ), #3245, .F. ) ;
#1519 = ORIENTED_EDGE ( 'NONE', *, *, #5659, .F. ) ;
#1520 = ORIENTED_EDGE ( 'NONE', *, *, #1449, .F. ) ;
#1521 = CARTESIAN_POINT ( 'NONE',  ( -53.33161728111588218, -24.64507226406947282, -3.492578209169034498 ) ) ;
#1522 = CARTESIAN_POINT ( 'NONE',  ( -13.94368572206943568, 1.154647042940119883, -1.252001421199163467 ) ) ;
#1523 = ORIENTED_EDGE ( 'NONE', *, *, #1989, .F. ) ;
#1524 = CARTESIAN_POINT ( 'NONE',  ( 27.33597185583745315, -31.35971720916294458, -1.162387283227274803 ) ) ;
#1525 = CARTESIAN_POINT ( 'NONE',  ( -51.67395954032499361, -26.30149243093961786, -4.476654142437089590 ) ) ;
#1526 = ORIENTED_EDGE ( 'NONE', *, *, #30, .T. ) ;
#1527 = VECTOR ( 'NONE', #6805, 1000.000000000000000 ) ;
#1528 = CARTESIAN_POINT ( 'NONE',  ( 25.01367246496639396, 3.757093038386045691, -1.808521435484406359 ) ) ;
#1529 = CARTESIAN_POINT ( 'NONE',  ( -6.404815468759276875, -12.20839509416291335, -1.053169841207746815 ) ) ;
#1530 = ORIENTED_EDGE ( 'NONE', *, *, #4466, .F. ) ;
#1531 = FACE_BOUND ( 'NONE', #3539, .T. ) ;
#1532 = ORIENTED_EDGE ( 'NONE', *, *, #3723, .F. ) ;
#1533 = CARTESIAN_POINT ( 'NONE',  ( -71.86096730968294821, -2.171158856683157001, -15.23888633471938370 ) ) ;
#1534 =( NAMED_UNIT ( * ) SI_UNIT ( $, .STERADIAN. ) SOLID_ANGLE_UNIT ( ) );
#1535 = CARTESIAN_POINT ( 'NONE',  ( -1.488946319761117687, -0.6066232398009699933, -0.9999739184862900254 ) ) ;
#1536 = CARTESIAN_POINT ( 'NONE',  ( 117.2236110756821290, 0.005000000000000229955, 7.776388924317970464 ) ) ;
#1537 = CARTESIAN_POINT ( 'NONE',  ( -63.65682033332106471, -7.279628526146912471, -6.288590349689349601 ) ) ;
#1538 = ORIENTED_EDGE ( 'NONE', *, *, #5026, .T. ) ;
#1539 = CIRCLE ( 'NONE', #5524, 0.4999999999999796829 ) ;
#1540 = CARTESIAN_POINT ( 'NONE',  ( -82.97007022146014776, -9.550367289509793522, -9.881989956704348543 ) ) ;
#1541 = AXIS2_PLACEMENT_3D ( 'NONE', #2391, #3999, #3496 ) ;
#1542 = ORIENTED_EDGE ( 'NONE', *, *, #1361, .T. ) ;
#1543 = FACE_OUTER_BOUND ( 'NONE', #4457, .T. ) ;
#1544 = CARTESIAN_POINT ( 'NONE',  ( -13.11470110733116456, -24.14816087462325456, 0.7784620260375948453 ) ) ;
#1545 = CARTESIAN_POINT ( 'NONE',  ( -49.27359140962469297, 3.005179513419869775, -2.937086930692207165 ) ) ;
#1546 = EDGE_CURVE ( 'NONE', #3400, #5703, #5095, .T. ) ;
#1547 = DIRECTION ( 'NONE',  ( -1.000000000000000000, 0.000000000000000000, 0.000000000000000000 ) ) ;
#1548 = CARTESIAN_POINT ( 'NONE',  ( -21.79514512977043594, -30.37570252971814000, -0.8119283414475338967 ) ) ;
#1549 = CARTESIAN_POINT ( 'NONE',  ( 51.95180618991074084, -26.30686046250027488, -2.495674876700200162 ) ) ;
#1550 = ORIENTED_EDGE ( 'NONE', *, *, #298, .F. ) ;
#1551 = ORIENTED_EDGE ( 'NONE', *, *, #2003, .F. ) ;
#1552 = DIRECTION ( 'NONE',  ( 0.7071067811865466846, 0.000000000000000000, 0.7071067811865484609 ) ) ;
#1553 = EDGE_CURVE ( 'NONE', #5627, #2067, #3229, .T. ) ;
#1554 = CARTESIAN_POINT ( 'NONE',  ( 61.64374879193668022, -12.60962738233300762, -5.956913046487860797 ) ) ;
#1555 = ORIENTED_EDGE ( 'NONE', *, *, #328, .F. ) ;
#1556 = CARTESIAN_POINT ( 'NONE',  ( -39.45688908300871844, -31.05218405767926981, -3.018148720180866107 ) ) ;
#1557 = CARTESIAN_POINT ( 'NONE',  ( -13.41716580387607749, 0.9646081557226207082, -0.03226310797404214475 ) ) ;
#1558 = ADVANCED_FACE ( 'NONE', ( #6234 ), #2568, .T. ) ;
#1559 = ORIENTED_EDGE ( 'NONE', *, *, #4158, .T. ) ;
#1560 = CARTESIAN_POINT ( 'NONE',  ( 8.250370967578312786, 1.164669439050466604, -1.276012718370080012 ) ) ;
#1561 = CARTESIAN_POINT ( 'NONE',  ( -14.59172192613727148, 3.666715405361393287, -1.274222812831302454 ) ) ;
#1562 = VERTEX_POINT ( 'NONE', #2631 ) ;
#1563 = B_SPLINE_CURVE_WITH_KNOTS ( 'NONE', 3,
 ( #4554, #4032, #989, #5510, #5735, #6034, #3620, #810, #6096, #6580, #1294, #771, #3094, #4998, #2876, #5066 ),
 .UNSPECIFIED., .F., .F.,
 ( 4, 2, 2, 2, 2, 2, 2, 4 ),
 ( 3.741236326359384963E-11, 0.004493357611946668592, 0.006740036399213821319, 0.007863375792847397683, 0.008986715186480974046, 0.01348007276101527950, 0.01572675154828243396, 0.01797343033554958669 ),
 .UNSPECIFIED. ) ;
#1564 = CARTESIAN_POINT ( 'NONE',  ( 23.34136073444825854, -30.68450847370865375, -0.5046395578390779901 ) ) ;
#1565 = DIRECTION ( 'NONE',  ( 0.000000000000000000, 0.000000000000000000, -1.000000000000000000 ) ) ;
#1566 = EDGE_CURVE ( 'NONE', #3301, #5904, #2077, .T. ) ;
#1567 = ORIENTED_EDGE ( 'NONE', *, *, #2228, .F. ) ;
#1568 = CARTESIAN_POINT ( 'NONE',  ( 9.545808712541301588, -4.067225507411745156, -0.3178853749501997505 ) ) ;
#1569 = CARTESIAN_POINT ( 'NONE',  ( 10.39572806148910900, -18.55947972158575965, 0.06032866722194274445 ) ) ;
#1570 = CARTESIAN_POINT ( 'NONE',  ( -8.756733869968636341, 1.291763896777177845, 0.2342708240932321051 ) ) ;
#1571 = VERTEX_POINT ( 'NONE', #4658 ) ;
#1572 = CIRCLE ( 'NONE', #6314, 0.2499999999999999445 ) ;
#1573 = DIRECTION ( 'NONE',  ( 0.09170447053513956781, 5.070629350602297903E-15, 0.9957862672701758289 ) ) ;
#1574 = ADVANCED_FACE ( 'NONE', ( #4793 ), #2415, .T. ) ;
#1575 = CLOSED_SHELL ( 'NONE', ( #5290, #625, #666, #72, #2798, #3055, #713, #111 ) ) ;
#1576 = ORIENTED_EDGE ( 'NONE', *, *, #5851, .T. ) ;
#1577 = DIRECTION ( 'NONE',  ( -0.000000000000000000, -0.000000000000000000, -1.000000000000000000 ) ) ;
#1578 = CARTESIAN_POINT ( 'NONE',  ( -14.91796956572589927, -26.20422059324194919, 0.7130240075857019466 ) ) ;
#1579 = CARTESIAN_POINT ( 'NONE',  ( -2.687880112888557565E-15, -31.58816513860072916, -386.7465117133056651 ) ) ;
#1580 =( GEOMETRIC_REPRESENTATION_CONTEXT ( 3 ) GLOBAL_UNCERTAINTY_ASSIGNED_CONTEXT ( ( #976 ) ) GLOBAL_UNIT_ASSIGNED_CONTEXT ( ( #2565, #3085, #2598 ) ) REPRESENTATION_CONTEXT ( 'NONE', 'WORKASPACE' ) );
#1581 = CARTESIAN_POINT ( 'NONE',  ( -11.77843388306839856, -22.18553128761165993, -1.179657305691415026 ) ) ;
#1582 = CARTESIAN_POINT ( 'NONE',  ( 54.24277224150512922, -23.38525610815846534, -2.812860548487907675 ) ) ;
#1583 = CARTESIAN_POINT ( 'NONE',  ( 71.36129370520879434, -1.571431512466895164, -15.23888633471938370 ) ) ;
#1584 = VERTEX_POINT ( 'NONE', #1503 ) ;
#1585 = VERTEX_POINT ( 'NONE', #526 ) ;
#1586 = CARTESIAN_POINT ( 'NONE',  ( 36.64002661582763665, -34.39914685383850923, -2.742540505190624867 ) ) ;
#1587 = EDGE_CURVE ( 'NONE', #6458, #3301, #4208, .T. ) ;
#1588 = PRESENTATION_LAYER_ASSIGNMENT (  '', '', ( #6566 ) ) ;
#1589 = CYLINDRICAL_SURFACE ( 'NONE', #3541, 0.9799999999999988720 ) ;
#1590 = ORIENTED_EDGE ( 'NONE', *, *, #1433, .T. ) ;
#1591 = DIRECTION ( 'NONE',  ( 0.000000000000000000, 0.000000000000000000, -1.000000000000000000 ) ) ;
#1592 = CARTESIAN_POINT ( 'NONE',  ( -74.33232427436546175, 1.027496301198058903, -12.58618261426071250 ) ) ;
#1593 = CIRCLE ( 'NONE', #1384, 0.9799999999999995381 ) ;
#1594 = ORIENTED_EDGE ( 'NONE', *, *, #336, .F. ) ;
#1595 = CARTESIAN_POINT ( 'NONE',  ( 31.41870035609538192, -34.62739186968272520, -0.2689469901134118879 ) ) ;
#1596 = CARTESIAN_POINT ( 'NONE',  ( 0.000000000000000000, 0.005000000000000446795, 3.499999999999999112 ) ) ;
#1597 = CARTESIAN_POINT ( 'NONE',  ( -50.41871257019636232, 6.424854020120480236, -4.307139502110108431 ) ) ;
#1598 = EDGE_LOOP ( 'NONE', ( #617, #4389, #6375, #6759 ) ) ;
#1599 = AXIS2_PLACEMENT_3D ( 'NONE', #558, #4894, #5377 ) ;
#1600 = CARTESIAN_POINT ( 'NONE',  ( 67.27372205429989549, -5.972301291520458300, -5.218274888739881767 ) ) ;
#1601 = DIRECTION ( 'NONE',  ( -0.7071067811865483499, 0.000000000000000000, 0.7071067811865465735 ) ) ;
#1602 = VERTEX_POINT ( 'NONE', #4694 ) ;
#1603 = CARTESIAN_POINT ( 'NONE',  ( -6.816041125568741421, -13.92515782810478875, 0.9400871583261457554 ) ) ;
#1604 = SURFACE_STYLE_USAGE ( .BOTH. , #4239 ) ;
#1605 = DIRECTION ( 'NONE',  ( 0.000000000000000000, 0.000000000000000000, -1.000000000000000000 ) ) ;
#1606 =( NAMED_UNIT ( * ) SI_UNIT ( $, .STERADIAN. ) SOLID_ANGLE_UNIT ( ) );
#1607 = VERTEX_POINT ( 'NONE', #46 ) ;
#1608 = DIRECTION ( 'NONE',  ( 7.263620465912736718E-15, 0.000000000000000000, -1.000000000000000000 ) ) ;
#1609 = EDGE_CURVE ( 'NONE', #6781, #6101, #3610, .T. ) ;
#1610 = VERTEX_POINT ( 'NONE', #4276 ) ;
#1611 = CARTESIAN_POINT ( 'NONE',  ( 32.47411294712685503, 4.412448296304789963, -0.3613976809404839119 ) ) ;
#1612 = CARTESIAN_POINT ( 'NONE',  ( 47.36256316717131654, -28.99203072184941732, -3.112580304781176199 ) ) ;
#1613 = CARTESIAN_POINT ( 'NONE',  ( -25.84309332137213033, -14.12472167706495618, -19.04657296391170362 ) ) ;
#1614 = B_SPLINE_CURVE_WITH_KNOTS ( 'NONE', 3,
 ( #6357, #1627, #3883, #4923, #1212, #3360, #2318, #1142, #4439, #2215 ),
 .UNSPECIFIED., .F., .F.,
 ( 4, 2, 2, 2, 4 ),
 ( 0.000000000000000000, 0.2500000000000000000, 0.5000000000000000000, 0.7500000000000000000, 1.000000000000000000 ),
 .UNSPECIFIED. ) ;
#1615 = CARTESIAN_POINT ( 'NONE',  ( 51.40586307241628106, -30.44750690749600963, -2.422487754630264778 ) ) ;
#1616 = B_SPLINE_CURVE_WITH_KNOTS ( 'NONE', 3,
 ( #4420, #5520, #1807, #258 ),
 .UNSPECIFIED., .F., .F.,
 ( 4, 4 ),
 ( 0.000000000000000000, 1.000000000000000000 ),
 .UNSPECIFIED. ) ;
#1617 = CARTESIAN_POINT ( 'NONE',  ( 45.49568972344384576, -29.67361162272043273, -2.479063568665941908 ) ) ;
#1618 = VECTOR ( 'NONE', #2383, 1000.000000000000000 ) ;
#1619 = LINE ( 'NONE', #3729, #5375 ) ;
#1620 = LINE ( 'NONE', #5775, #594 ) ;
#1621 = ADVANCED_FACE ( 'NONE', ( #5307 ), #2049, .T. ) ;
#1622 = ORIENTED_EDGE ( 'NONE', *, *, #5666, .T. ) ;
#1623 = ORIENTED_EDGE ( 'NONE', *, *, #1515, .T. ) ;
#1624 = LINE ( 'NONE', #1030, #4549 ) ;
#1625 = CARTESIAN_POINT ( 'NONE',  ( -43.17112944061525326, -9.321047096406250176, -37.59855687941917779 ) ) ;
#1626 = CARTESIAN_POINT ( 'NONE',  ( 59.01275834217909022, -20.15456996788645938, -5.539511666801739231 ) ) ;
#1627 = CARTESIAN_POINT ( 'NONE',  ( -21.81597668250193323, -30.37535349500696213, -0.4124575807366910873 ) ) ;
#1628 = ORIENTED_EDGE ( 'NONE', *, *, #81, .T. ) ;
#1629 = CARTESIAN_POINT ( 'NONE',  ( 0.1732050807568877859, 0.2999999999999999334, 0.2000000000000000111 ) ) ;
#1630 = CARTESIAN_POINT ( 'NONE',  ( 71.61129374225021138, -1.571431512466894942, -14.73888633471937126 ) ) ;
#1631 = DIRECTION ( 'NONE',  ( 0.000000000000000000, -1.000000000000000000, 0.000000000000000000 ) ) ;
#1632 = ORIENTED_EDGE ( 'NONE', *, *, #2514, .F. ) ;
#1633 = ADVANCED_FACE ( 'NONE', ( #3716 ), #5727, .T. ) ;
#1634 = CARTESIAN_POINT ( 'NONE',  ( 62.48641579219008690, -9.959771843234342725, -4.068171048128999878 ) ) ;
#1635 = CARTESIAN_POINT ( 'NONE',  ( 90.00000000000000000, -0.004999999999999579434, 35.00000000000000000 ) ) ;
#1636 = ORIENTED_EDGE ( 'NONE', *, *, #6127, .F. ) ;
#1637 = DIRECTION ( 'NONE',  ( 0.000000000000000000, -1.000000000000000000, 6.195440985631455317E-17 ) ) ;
#1638 = VECTOR ( 'NONE', #4530, 1000.000000000000000 ) ;
#1639 = DIRECTION ( 'NONE',  ( 0.0005443633068965336502, 0.9999998518342840814, -2.518186154490093769E-18 ) ) ;
#1640 = EDGE_CURVE ( 'NONE', #105, #2697, #6272, .T. ) ;
#1641 = CARTESIAN_POINT ( 'NONE',  ( -47.50790178392362861, -28.98723528374028291, -1.921478602765692489 ) ) ;
#1642 = DIRECTION ( 'NONE',  ( -1.000000000000000000, 0.000000000000000000, 0.000000000000000000 ) ) ;
#1643 = CARTESIAN_POINT ( 'NONE',  ( 9.564387681299809429, -10.82513488819481040, -0.5184060538117181149 ) ) ;
#1644 = ORIENTED_EDGE ( 'NONE', *, *, #6051, .F. ) ;
#1645 = VERTEX_POINT ( 'NONE', #2160 ) ;
#1646 = CARTESIAN_POINT ( 'NONE',  ( 52.34605302607611321, 2.169978146757339577, -3.760746376895274246 ) ) ;
#1647 = PLANE ( 'NONE',  #1101 ) ;
#1648 = DIRECTION ( 'NONE',  ( -0.03164710794536114424, 0.000000000000000000, 0.9994991048313623949 ) ) ;
#1649 = CARTESIAN_POINT ( 'NONE',  ( 49.37933678583724628, -31.51247421659914139, -2.156059819061468819 ) ) ;
#1650 = AXIS2_PLACEMENT_3D ( 'NONE', #5469, #3949, #691 ) ;
#1651 = CARTESIAN_POINT ( 'NONE',  ( 22.79436345058470081, -33.62299216816840897, 0.3293906635821423068 ) ) ;
#1652 = CARTESIAN_POINT ( 'NONE',  ( 11.08924798926462607, 2.345299200859300548, 0.8483268969690648253 ) ) ;
#1653 = CARTESIAN_POINT ( 'NONE',  ( -9.638296345679764343, -15.51093356729852779, -1.120375819312742660 ) ) ;
#1654 = ORIENTED_EDGE ( 'NONE', *, *, #3373, .F. ) ;
#1655 = ORIENTED_EDGE ( 'NONE', *, *, #4881, .F. ) ;
#1656 = CARTESIAN_POINT ( 'NONE',  ( 37.71818231262139420, -34.28776159153057534, -2.846934857660332163 ) ) ;
#1657 = CARTESIAN_POINT ( 'NONE',  ( 58.80023095944971345, -3.260787078201133671, -4.293657938867402990 ) ) ;
#1658 = CARTESIAN_POINT ( 'NONE',  ( 9.555686756630018763, -4.067225507411724728, 0.08199263675455589762 ) ) ;
#1659 = FILL_AREA_STYLE ('',( #1068 ) ) ;
#1660 = DIRECTION ( 'NONE',  ( 0.7071067811865475727, 0.000000000000000000, -0.7071067811865475727 ) ) ;
#1661 = PRODUCT_DEFINITION_SHAPE ( 'NONE', 'NONE',  #232 ) ;
#1662 = EDGE_CURVE ( 'NONE', #690, #4012, #3117, .T. ) ;
#1663 = EDGE_LOOP ( 'NONE', ( #413, #5966, #2930, #1374 ) ) ;
#1664 = CARTESIAN_POINT ( 'NONE',  ( 59.39826745182350720, -9.353953579702759313, -4.790949453183027451 ) ) ;
#1665 = CARTESIAN_POINT ( 'NONE',  ( -29.87984810964623961, 4.341710135934352621, -1.342785856160214619 ) ) ;
#1666 = CARTESIAN_POINT ( 'NONE',  ( 3.560950425536988373, -8.664276679998009101, -1.016393121994452420 ) ) ;
#1667 = VERTEX_POINT ( 'NONE', #1536 ) ;
#1668 = DIRECTION ( 'NONE',  ( -0.000000000000000000, -0.000000000000000000, -1.000000000000000000 ) ) ;
#1669 = CARTESIAN_POINT ( 'NONE',  ( 15.76132769765867536, -26.97538542153967711, 0.6796480747666532318 ) ) ;
#1670 = VERTEX_POINT ( 'NONE', #6371 ) ;
#1671 = DIRECTION ( 'NONE',  ( 0.000000000000000000, 0.000000000000000000, 1.000000000000000000 ) ) ;
#1672 = CARTESIAN_POINT ( 'NONE',  ( 29.14512918957232657, -63.85604311902949348, -72.95763822110340868 ) ) ;
#1673 = LINE ( 'NONE', #2671, #5729 ) ;
#1674 =( GEOMETRIC_REPRESENTATION_CONTEXT ( 3 ) GLOBAL_UNCERTAINTY_ASSIGNED_CONTEXT ( ( #2874 ) ) GLOBAL_UNIT_ASSIGNED_CONTEXT ( ( #737, #1218, #4340 ) ) REPRESENTATION_CONTEXT ( 'NONE', 'WORKASPACE' ) );
#1675 = CARTESIAN_POINT ( 'NONE',  ( 8.579603073843481198, -9.968064906625611954, -1.296393191508856013 ) ) ;
#1676 = ORIENTED_EDGE ( 'NONE', *, *, #1356, .T. ) ;
#1677 = VERTEX_POINT ( 'NONE', #1050 ) ;
#1678 = DIRECTION ( 'NONE',  ( 1.000000000000000000, 0.000000000000000000, 0.000000000000000000 ) ) ;
#1679 = DIRECTION ( 'NONE',  ( -0.1293158592591708289, -7.228767685645193303E-15, 0.9916034532735665818 ) ) ;
#1680 = FACE_OUTER_BOUND ( 'NONE', #1983, .T. ) ;
#1681 = CARTESIAN_POINT ( 'NONE',  ( -58.95635769226800704, -11.81886936512500696, -4.317419816115558362 ) ) ;
#1682 = CARTESIAN_POINT ( 'NONE',  ( -23.31723196209597759, -30.68450847370872481, -0.9039111475431238496 ) ) ;
#1683 = CARTESIAN_POINT ( 'NONE',  ( -16.27124200320664116, -27.52243917402021012, -0.5409435803436293266 ) ) ;
#1684 = VERTEX_POINT ( 'NONE', #3643 ) ;
#1685 = ORIENTED_EDGE ( 'NONE', *, *, #118, .F. ) ;
#1686 = DIRECTION ( 'NONE',  ( 0.000000000000000000, -1.000000000000000000, -0.000000000000000000 ) ) ;
#1687 = CARTESIAN_POINT ( 'NONE',  ( 0.000000000000000000, -1.494999999999999885, -0.3000000000000001554 ) ) ;
#1688 = AXIS2_PLACEMENT_3D ( 'NONE', #3338, #3372, #5447 ) ;
#1689 = DIRECTION ( 'NONE',  ( 1.000000000000000000, 0.000000000000000000, 4.837911188450828978E-15 ) ) ;
#1690 = DIRECTION ( 'NONE',  ( 1.370808142439265230E-21, 2.518185781381239098E-18, 1.000000000000000000 ) ) ;
#1691 = LINE ( 'NONE', #3850, #4145 ) ;
#1692 = VERTEX_POINT ( 'NONE', #5762 ) ;
#1693 = CARTESIAN_POINT ( 'NONE',  ( 54.15334046716863980, -23.38751313937437715, -3.473473100381543333 ) ) ;
#1694 = CARTESIAN_POINT ( 'NONE',  ( 10.37524671703115331, -18.56116120114164758, -0.4725256210111039579 ) ) ;
#1695 = B_SPLINE_CURVE_WITH_KNOTS ( 'NONE', 3,
 ( #4256, #2543, #467, #6349 ),
 .UNSPECIFIED., .F., .F.,
 ( 4, 4 ),
 ( 0.000000000000000000, 1.000000000000000000 ),
 .UNSPECIFIED. ) ;
#1696 = CARTESIAN_POINT ( 'NONE',  ( -4.116079543103397853, -9.032823738999960383, -1.021784138167031841 ) ) ;
#1697 = VERTEX_POINT ( 'NONE', #1641 ) ;
#1698 = CARTESIAN_POINT ( 'NONE',  ( -22.71583526564021938, -33.62372386398902080, -1.001598113546253721 ) ) ;
#1699 = DIRECTION ( 'NONE',  ( -0.8119953427286267233, 0.000000000000000000, 0.5836639130415894883 ) ) ;
#1700 = ORIENTED_EDGE ( 'NONE', *, *, #2437, .F. ) ;
#1701 = CARTESIAN_POINT ( 'NONE',  ( -6.358833679739311684, -11.99295224482437128, 0.9478654730880746726 ) ) ;
#1702 = DIRECTION ( 'NONE',  ( 1.000000000000000000, 0.000000000000000000, 0.000000000000000000 ) ) ;
#1703 = CARTESIAN_POINT ( 'NONE',  ( -71.56913536789227237, -2.170999994058727456, -14.83288868384772563 ) ) ;
#1704 = FACE_OUTER_BOUND ( 'NONE', #2910, .T. ) ;
#1705 = CARTESIAN_POINT ( 'NONE',  ( 71.61096734672436526, -2.171022765856432724, -15.23888633471938370 ) ) ;
#1706 = CIRCLE ( 'NONE', #839, 32.48000000000001108 ) ;
#1707 = CARTESIAN_POINT ( 'NONE',  ( 0.000000000000000000, -0.004999999999999952399, -2.520000000000001350 ) ) ;
#1708 = EDGE_CURVE ( 'NONE', #1064, #393, #560, .T. ) ;
#1709 = TOROIDAL_SURFACE ( 'NONE', #840, 32.48000000000001108, 0.9799999999999999822 ) ;
#1710 = ORIENTED_EDGE ( 'NONE', *, *, #979, .T. ) ;
#1711 = ORIENTED_EDGE ( 'NONE', *, *, #6227, .T. ) ;
#1712 = CARTESIAN_POINT ( 'NONE',  ( -71.36096738376582493, -2.170886675029708890, -15.23888633471938370 ) ) ;
#1713 = CARTESIAN_POINT ( 'NONE',  ( -0.2999999999999999334, 0.2500000000000000000, 0.1732050807568877582 ) ) ;
#1714 = LINE ( 'NONE', #5532, #2193 ) ;
#1715 = B_SPLINE_SURFACE_WITH_KNOTS ( 'NONE', 1, 3, ( 
 ( #6701, #2974, #1100, #389, #4038, #5677, #417, #4093, #357, #881 ),
 ( #4260, #967, #6189, #2520, #4648, #3072, #1429, #1399, #544, #1491 ) ),
 .UNSPECIFIED., .F., .F., .F.,
 ( 2, 2 ),
 ( 4, 2, 2, 2, 4 ),
 ( 0.000000000000000000, 1.000000000000000000 ),
 ( 0.000000000000000000, 0.2500000000000000000, 0.5000000000000000000, 0.7500000000000000000, 1.000000000000000000 ),
 .UNSPECIFIED. ) ;
#1716 = EDGE_CURVE ( 'NONE', #1905, #1571, #3853, .T. ) ;
#1717 = FACE_OUTER_BOUND ( 'NONE', #4181, .T. ) ;
#1718 = CARTESIAN_POINT ( 'NONE',  ( -47.50790178392362861, -28.98723528374028291, -1.921478602765692489 ) ) ;
#1719 = EDGE_CURVE ( 'NONE', #1165, #2100, #1751, .T. ) ;
#1720 = LINE ( 'NONE', #5430, #1618 ) ;
#1721 = VERTEX_POINT ( 'NONE', #5864 ) ;
#1722 = VERTEX_POINT ( 'NONE', #1117 ) ;
#1723 = DIRECTION ( 'NONE',  ( 1.000000000000000000, 0.000000000000000000, 0.000000000000000000 ) ) ;
#1724 = CARTESIAN_POINT ( 'NONE',  ( 59.66905286731430635, -6.876658659055161493, -4.428310293718579871 ) ) ;
#1725 = B_SPLINE_CURVE_WITH_KNOTS ( 'NONE', 3,
 ( #4376, #2775, #5371, #4888, #5511, #216 ),
 .UNSPECIFIED., .F., .F.,
 ( 4, 2, 4 ),
 ( 7.732704016300950302E-13, 0.007513467331133575657, 0.01502693466149388792 ),
 .UNSPECIFIED. ) ;
#1726 = EDGE_CURVE ( 'NONE', #4499, #1111, #949, .T. ) ;
#1727 = AXIS2_PLACEMENT_3D ( 'NONE', #2821, #5937, #1231 ) ;
#1728 = FACE_OUTER_BOUND ( 'NONE', #4728, .T. ) ;
#1729 = CARTESIAN_POINT ( 'NONE',  ( 90.00000000000000000, 0.005000000000000229955, 35.00000000000000000 ) ) ;
#1730 = CARTESIAN_POINT ( 'NONE',  ( -45.49581340370355775, -29.67356762314461704, -2.479078837946508518 ) ) ;
#1731 = UNCERTAINTY_MEASURE_WITH_UNIT (LENGTH_MEASURE( 1.000000000000000082E-05 ), #6298, 'distance_accuracy_value', 'NONE');
#1732 = CIRCLE ( 'NONE', #1841, 0.9799999999999999822 ) ;
#1733 = CARTESIAN_POINT ( 'NONE',  ( 67.33147513932385664, -5.972304432543244168, -4.890740771739674919 ) ) ;
#1734 = LINE ( 'NONE', #3890, #5681 ) ;
#1735 = ORIENTED_EDGE ( 'NONE', *, *, #1932, .F. ) ;
#1736 = CARTESIAN_POINT ( 'NONE',  ( -54.51302806051277372, 1.240513092159130082, -4.871175796267309899 ) ) ;
#1737 = CARTESIAN_POINT ( 'NONE',  ( 128.9128387290710691, -0.004999999999999735559, 20.85154586883255234 ) ) ;
#1738 = B_SPLINE_CURVE_WITH_KNOTS ( 'NONE', 3,
 ( #2082, #592, #112, #5822, #2663, #1634 ),
 .UNSPECIFIED., .F., .F.,
 ( 4, 2, 4 ),
 ( 3.998778568719247938E-13, 0.008001445063861391260, 0.01600289012732289753 ),
 .UNSPECIFIED. ) ;
#1739 = ORIENTED_EDGE ( 'NONE', *, *, #4647, .T. ) ;
#1740 = CARTESIAN_POINT ( 'NONE',  ( 6.829398364620291595, -14.37197475349328002, 0.9395797310053517482 ) ) ;
#1741 = SHAPE_DEFINITION_REPRESENTATION ( #4505, #356 ) ;
#1742 = CARTESIAN_POINT ( 'NONE',  ( -58.19473649644148594, -14.24045285161366081, -4.604666670680043872 ) ) ;
#1743 = CARTESIAN_POINT ( 'NONE',  ( -59.50089513457221102, -5.022601554469605212, -3.592485468474083454 ) ) ;
#1744 = CARTESIAN_POINT ( 'NONE',  ( 117.2236110756821290, -0.9849999999999997646, 7.776388924317967799 ) ) ;
#1745 = CARTESIAN_POINT ( 'NONE',  ( -9.843286979991365371, -2.895212991042659390, 0.8751195162910172520 ) ) ;
#1746 = ORIENTED_EDGE ( 'NONE', *, *, #6669, .T. ) ;
#1747 = ORIENTED_EDGE ( 'NONE', *, *, #3800, .T. ) ;
#1748 = LINE ( 'NONE', #2639, #5930 ) ;
#1749 =( NAMED_UNIT ( * ) PLANE_ANGLE_UNIT ( ) SI_UNIT ( $, .RADIAN. ) );
#1750 = PRODUCT_RELATED_PRODUCT_CATEGORY ( 'part', '', ( #3443 ) ) ;
#1751 = CIRCLE ( 'NONE', #2964, 0.4999999999999796829 ) ;
#1752 = DIRECTION ( 'NONE',  ( -1.000000000000000000, 0.000000000000000000, 0.000000000000000000 ) ) ;
#1753 = DIRECTION ( 'NONE',  ( 0.000000000000000000, 0.000000000000000000, 1.000000000000000000 ) ) ;
#1754 = FACE_OUTER_BOUND ( 'NONE', #2127, .T. ) ;
#1755 = DIRECTION ( 'NONE',  ( 0.7071067811865465735, 0.000000000000000000, 0.7071067811865483499 ) ) ;
#1756 = VERTEX_POINT ( 'NONE', #2195 ) ;
#1757 = ORIENTED_EDGE ( 'NONE', *, *, #5037, .F. ) ;
#1758 = LINE ( 'NONE', #1863, #3750 ) ;
#1759 = CARTESIAN_POINT ( 'NONE',  ( 0.000000000000000000, -1.494999999999999885, -0.3000000000000001554 ) ) ;
#1760 = ADVANCED_FACE ( 'NONE', ( #1704 ), #3408, .T. ) ;
#1761 = CYLINDRICAL_SURFACE ( 'NONE', #5311, 68.31223491873578268 ) ;
#1762 = SURFACE_STYLE_FILL_AREA ( #3954 ) ;
#1763 = CARTESIAN_POINT ( 'NONE',  ( -52.50668674978268768, 2.162940687080963542, -2.571652550467943055 ) ) ;
#1764 = AXIS2_PLACEMENT_3D ( 'NONE', #4441, #1327, #5030 ) ;
#1765 = CARTESIAN_POINT ( 'NONE',  ( 90.00000000000000000, 0.005000000000000229955, 35.00000000000000000 ) ) ;
#1766 = DIRECTION ( 'NONE',  ( 0.7071067811865466846, 0.000000000000000000, 0.7071067811865484609 ) ) ;
#1767 = CARTESIAN_POINT ( 'NONE',  ( 6.770832967758924070, -14.37226586872156986, -1.059150969939341325 ) ) ;
#1768 = ORIENTED_EDGE ( 'NONE', *, *, #6797, .T. ) ;
#1769 = CARTESIAN_POINT ( 'NONE',  ( 112.9668282529391092, 0.005000000000000229955, 12.03317174706097958 ) ) ;
#1770 = CARTESIAN_POINT ( 'NONE',  ( -50.17894685546545475, -27.69859452673880540, -2.260035419735105133 ) ) ;
#1771 = EDGE_CURVE ( 'NONE', #3967, #1397, #4935, .T. ) ;
#1772 = ORIENTED_EDGE ( 'NONE', *, *, #6051, .T. ) ;
#1773 = CARTESIAN_POINT ( 'NONE',  ( 17.53309156887165798, -28.37567481143818426, -1.398136347552232595 ) ) ;
#1774 = B_SPLINE_CURVE_WITH_KNOTS ( 'NONE', 1,
 ( #5126, #997 ),
 .UNSPECIFIED., .F., .F.,
 ( 2, 2 ),
 ( 0.000000000000000000, 1.000000000000000000 ),
 .UNSPECIFIED. ) ;
#1775 = CARTESIAN_POINT ( 'NONE',  ( -27.76573489666397876, 39.03543149803349621, 5.326525165808151385 ) ) ;
#1776 = SURFACE_STYLE_FILL_AREA ( #4491 ) ;
#1777 = AXIS2_PLACEMENT_3D ( 'NONE', #4296, #2179, #4334 ) ;
#1778 = CARTESIAN_POINT ( 'NONE',  ( 0.000000000000000000, -0.004999999999999952399, -2.520000000000001350 ) ) ;
#1779 = CARTESIAN_POINT ( 'NONE',  ( 58.19473649644093172, -14.24045285161433583, -4.604666670681300644 ) ) ;
#1780 = EDGE_CURVE ( 'NONE', #5914, #4467, #4973, .T. ) ;
#1781 = DIRECTION ( 'NONE',  ( 1.000000000000000000, 0.000000000000000000, 0.000000000000000000 ) ) ;
#1782 = ORIENTED_EDGE ( 'NONE', *, *, #3242, .F. ) ;
#1783 = VERTEX_POINT ( 'NONE', #5898 ) ;
#1784 = CARTESIAN_POINT ( 'NONE',  ( 58.88469373075865576, -3.934920774444451208, -5.520894045082417989 ) ) ;
#1785 = CARTESIAN_POINT ( 'NONE',  ( -48.25490760331916817, -31.82461956704189632, -4.030061489257390939 ) ) ;
#1786 = AXIS2_PLACEMENT_3D ( 'NONE', #4963, #1766, #4410 ) ;
#1788 = AXIS2_PLACEMENT_3D ( 'NONE', #6548, #3928, #3821 ) ;
#1787 = CARTESIAN_POINT ( 'NONE',  ( 12.90223734647805642, 0.7040207762889274523, 0.7856031143884076862 ) ) ;
#1789 = CARTESIAN_POINT ( 'NONE',  ( 0.2999999999999999889, 0.2500000000000000000, 0.1732050807568873696 ) ) ;
#1790 = CARTESIAN_POINT ( 'NONE',  ( -47.41157415211770854, -28.99203072184976904, -2.715594255461320383 ) ) ;
#1791 = CARTESIAN_POINT ( 'NONE',  ( -59.66900464896505696, -6.877646156516580511, -4.428302910304138251 ) ) ;
#1792 = ORIENTED_EDGE ( 'NONE', *, *, #198, .F. ) ;
#1793 = ORIENTED_EDGE ( 'NONE', *, *, #132, .T. ) ;
#1794 = FACE_OUTER_BOUND ( 'NONE', #739, .T. ) ;
#1795 = CARTESIAN_POINT ( 'NONE',  ( 6.786378403317943508, -14.37221972841064854, -0.3927442448075088022 ) ) ;
#1796 = CARTESIAN_POINT ( 'NONE',  ( 112.2738636073762848, -0.9849999999999993205, 12.72613639262379337 ) ) ;
#1797 = CARTESIAN_POINT ( 'NONE',  ( 59.28135062179150339, -9.355209283805878684, -5.582304607681224162 ) ) ;
#1798 = CARTESIAN_POINT ( 'NONE',  ( -9.188325095021259159, -9.321047096406250176, 0.8911180748573270805 ) ) ;
#1799 = PLANE ( 'NONE',  #5556 ) ;
#1800 = PLANE ( 'NONE',  #6128 ) ;
#1801 = ORIENTED_EDGE ( 'NONE', *, *, #5819, .F. ) ;
#1802 = CARTESIAN_POINT ( 'NONE',  ( 89.99999999999997158, 0.005000000000000229955, -3.500000000000000888 ) ) ;
#1803 = CARTESIAN_POINT ( 'NONE',  ( -71.43618241015013837, -1.571431512466895164, -14.92869014664854355 ) ) ;
#1804 = ORIENTED_EDGE ( 'NONE', *, *, #2484, .F. ) ;
#1805 = CARTESIAN_POINT ( 'NONE',  ( 22.50226551484857751, -30.52559678031404644, -1.656119488366936343 ) ) ;
#1806 =( NAMED_UNIT ( * ) PLANE_ANGLE_UNIT ( ) SI_UNIT ( $, .RADIAN. ) );
#1807 = CARTESIAN_POINT ( 'NONE',  ( -59.47575003947476091, -9.353021677180166193, -4.263319372726666501 ) ) ;
#1808 = CARTESIAN_POINT ( 'NONE',  ( -59.75005331775399497, -8.112291024095124925, -3.631268456349879603 ) ) ;
#1809 = CARTESIAN_POINT ( 'NONE',  ( -0.2999999999999999334, 0.2500000000000000000, -0.1732050807568876194 ) ) ;
#1810 = ADVANCED_FACE ( 'NONE', ( #3827 ), #5486, .F. ) ;
#1811 = AXIS2_PLACEMENT_3D ( 'NONE', #4219, #4773, #2134 ) ;
#1812 = EDGE_CURVE ( 'NONE', #5792, #3332, #4184, .T. ) ;
#1813 = CARTESIAN_POINT ( 'NONE',  ( 116.5306464301193188, 0.9850000000000002087, 8.469353569880784249 ) ) ;
#1814 = EDGE_LOOP ( 'NONE', ( #3607, #1097, #6326, #717, #3472, #5383, #1538, #1542 ) ) ;
#1815 = EDGE_LOOP ( 'NONE', ( #2394, #6593, #1494, #6205 ) ) ;
#1816 = CARTESIAN_POINT ( 'NONE',  ( 58.08166632505652416, -2.229723568902643116, -5.397646986578551243 ) ) ;
#1817 = AXIS2_PLACEMENT_3D ( 'NONE', #2401, #909, #1885 ) ;
#1818 = CIRCLE ( 'NONE', #3580, 37.51999999999999602 ) ;
#1819 = LINE ( 'NONE', #5529, #3755 ) ;
#1820 = CARTESIAN_POINT ( 'NONE',  ( 1.487306110593836106, -0.9949999999999997735, -0.3000000000000001554 ) ) ;
#1821 = CARTESIAN_POINT ( 'NONE',  ( -13.98890673045830901, 1.148922094363605595, -0.05294645060066605069 ) ) ;
#1822 = CARTESIAN_POINT ( 'NONE',  ( -23.34136073444862092, -30.68450847370872481, -0.5046395578391336123 ) ) ;
#1823 = AXIS2_PLACEMENT_3D ( 'NONE', #2467, #4075, #1953 ) ;
#1824 = CARTESIAN_POINT ( 'NONE',  ( -57.50468549739587587, -1.144761270703875677, -4.096551581369411110 ) ) ;
#1825 = ORIENTED_EDGE ( 'NONE', *, *, #118, .T. ) ;
#1826 = ORIENTED_EDGE ( 'NONE', *, *, #1726, .F. ) ;
#1827 = PLANE ( 'NONE',  #1650 ) ;
#1828 = CARTESIAN_POINT ( 'NONE',  ( -4.014142635033842055, -8.867433818977792370, -1.219871884490761449 ) ) ;
#1829 = ADVANCED_FACE ( 'NONE', ( #2298 ), #3787, .T. ) ;
#1830 = FILL_AREA_STYLE ('',( #1446 ) ) ;
#1831 = CARTESIAN_POINT ( 'NONE',  ( -59.24044316890852002, -4.427055079442796526, -4.361597748921388629 ) ) ;
#1832 = CARTESIAN_POINT ( 'NONE',  ( 72.36129385337453357, -1.571431512466895164, -14.26371814922621262 ) ) ;
#1833 = CARTESIAN_POINT ( 'NONE',  ( -53.33168120624021213, -24.67983492730151696, -3.896010198756194143 ) ) ;
#1834 = AXIS2_PLACEMENT_3D ( 'NONE', #87, #1573, #3156 ) ;
#1835 = FACE_OUTER_BOUND ( 'NONE', #5314, .T. ) ;
#1836 = CARTESIAN_POINT ( 'NONE',  ( -40.13659465309081753, -34.01402205184783156, -1.077066353419786848 ) ) ;
#1837 = VERTEX_POINT ( 'NONE', #2785 ) ;
#1838 = ORIENTED_EDGE ( 'NONE', *, *, #4496, .F. ) ;
#1839 = CARTESIAN_POINT ( 'NONE',  ( -72.36129385337450515, -1.571431512466895164, -16.23888633471933929 ) ) ;
#1840 = LINE ( 'NONE', #775, #3897 ) ;
#1841 = AXIS2_PLACEMENT_3D ( 'NONE', #1889, #4568, #4500 ) ;
#1842 = ADVANCED_FACE ( 'NONE', ( #2749, #6043, #600 ), #155, .F. ) ;
#1843 = ORIENTED_EDGE ( 'NONE', *, *, #3789, .T. ) ;
#1844 = CARTESIAN_POINT ( 'NONE',  ( 5.102869902379304712, -9.924324219780052303, 0.9665509515166366139 ) ) ;
#1845 = CARTESIAN_POINT ( 'NONE',  ( 59.28135062179150339, -9.355209283805878684, -5.582304607681224162 ) ) ;
#1846 = CARTESIAN_POINT ( 'NONE',  ( 14.24014656822468083, 3.627154607124124297, -0.6467262144331732410 ) ) ;
#1847 = EDGE_CURVE ( 'NONE', #4012, #1281, #2229, .T. ) ;
#1848 = DIRECTION ( 'NONE',  ( 0.7071067811865470176, 0.000000000000000000, -0.7071067811865479058 ) ) ;
#1849 = AXIS2_PLACEMENT_3D ( 'NONE', #5791, #1077, #4754 ) ;
#1850 = FACE_OUTER_BOUND ( 'NONE', #4545, .T. ) ;
#1851 = STYLED_ITEM ( 'NONE', ( #4297 ), #3575 ) ;
#1852 = ORIENTED_EDGE ( 'NONE', *, *, #5222, .F. ) ;
#1853 = ORIENTED_EDGE ( 'NONE', *, *, #1214, .T. ) ;
#1854 = LINE ( 'NONE', #3382, #6052 ) ;
#1855 = EDGE_CURVE ( 'NONE', #1602, #3261, #6086, .T. ) ;
#1856 = DIRECTION ( 'NONE',  ( 0.7071067811865483499, -6.195440985631454085E-17, -0.7071067811865465735 ) ) ;
#1857 = CARTESIAN_POINT ( 'NONE',  ( -47.41157415211753090, -28.99203072184976193, -2.715594255461362128 ) ) ;
#1858 = DIRECTION ( 'NONE',  ( 0.000000000000000000, 0.000000000000000000, 1.000000000000000000 ) ) ;
#1859 = DIRECTION ( 'NONE',  ( 0.000000000000000000, 0.000000000000000000, 1.000000000000000000 ) ) ;
#1860 = CARTESIAN_POINT ( 'NONE',  ( -59.52264734376944944, -8.744268348890818388, -4.810291964501650419 ) ) ;
#1861 = EDGE_CURVE ( 'NONE', #913, #1256, #3508, .T. ) ;
#1862 = ORIENTED_EDGE ( 'NONE', *, *, #6444, .F. ) ;
#1863 = CARTESIAN_POINT ( 'NONE',  ( -74.33232427436544754, 1.027496301198058903, -15.23888633471944054 ) ) ;
#1864 = CARTESIAN_POINT ( 'NONE',  ( 6.645061940229347819, -12.65540076342137965, 0.3430363459450644914 ) ) ;
#1865 = VECTOR ( 'NONE', #4830, 1000.000000000000000 ) ;
#1866 = AXIS2_PLACEMENT_3D ( 'NONE', #4600, #1982, #3017 ) ;
#1867 = ADVANCED_FACE ( 'NONE', ( #1430 ), #5954, .F. ) ;
#1868 = SURFACE_STYLE_USAGE ( .BOTH. , #5063 ) ;
#1869 = CARTESIAN_POINT ( 'NONE',  ( -59.61956855719635229, -6.256350456480986644, -4.420575062983815862 ) ) ;
#1870 = SURFACE_STYLE_FILL_AREA ( #4580 ) ;
#1871 = CARTESIAN_POINT ( 'NONE',  ( -72.11129381633308810, -1.571431512466895164, -15.23888633471938370 ) ) ;
#1872 = SURFACE_STYLE_FILL_AREA ( #4666 ) ;
#1873 = PRESENTATION_LAYER_ASSIGNMENT (  '', '', ( #982 ) ) ;
#1874 = LINE ( 'NONE', #4000, #896 ) ;
#1875 = ORIENTED_EDGE ( 'NONE', *, *, #4693, .T. ) ;
#1876 = CARTESIAN_POINT ( 'NONE',  ( -59.21636045960664063, -5.029855604415334192, -5.572272147082866667 ) ) ;
#1877 = CARTESIAN_POINT ( 'NONE',  ( -0.1732050807568873418, -0.3000000000000001554, 0.000000000000000000 ) ) ;
#1878 = AXIS2_PLACEMENT_3D ( 'NONE', #2931, #763, #171 ) ;
#1879 = ADVANCED_FACE ( 'NONE', ( #3669 ), #418, .T. ) ;
#1880 = EDGE_LOOP ( 'NONE', ( #2424, #309, #4480, #5224 ) ) ;
#1881 = CARTESIAN_POINT ( 'NONE',  ( 5.874300567837206444, -10.99703484489079663, 0.9555146982162255886 ) ) ;
#1882 = CARTESIAN_POINT ( 'NONE',  ( 0.3464101615137755164, 7.338015321782662425E-17, 0.000000000000000000 ) ) ;
#1883 = VECTOR ( 'NONE', #1986, 1000.000000000000000 ) ;
#1884 = CARTESIAN_POINT ( 'NONE',  ( 51.67909398739273286, 6.370305151598564919, -2.232325796266332318 ) ) ;
#1885 = DIRECTION ( 'NONE',  ( -0.9991259348433633170, 0.000000000000000000, -0.04180151101784711221 ) ) ;
#1886 = CARTESIAN_POINT ( 'NONE',  ( -25.63222942275199401, 6.568330971337054791, 0.1597115360907091497 ) ) ;
#1887 = ORIENTED_EDGE ( 'NONE', *, *, #2583, .F. ) ;
#1888 = ORIENTED_EDGE ( 'NONE', *, *, #3918, .F. ) ;
#1889 = CARTESIAN_POINT ( 'NONE',  ( 89.99999999999997158, -0.004999999999999796274, 2.519999999999999130 ) ) ;
#1890 =( LENGTH_UNIT ( ) NAMED_UNIT ( * ) SI_UNIT ( .MILLI., .METRE. ) );
#1891 = CARTESIAN_POINT ( 'NONE',  ( -67.04220041322825807, -5.972301305139007255, -6.531299362597443370 ) ) ;
#1892 = ADVANCED_FACE ( 'NONE', ( #4785 ), #4682, .F. ) ;
#1893 = CARTESIAN_POINT ( 'NONE',  ( -13.65799134670177217, 1.054516604169233318, -1.241759987827080636 ) ) ;
#1894 = CARTESIAN_POINT ( 'NONE',  ( -45.44894758665701318, -29.67350894166783348, -2.876329724763326379 ) ) ;
#1895 = CARTESIAN_POINT ( 'NONE',  ( -24.68989589739551604, 6.491929769951052975, 0.4387831483149262635 ) ) ;
#1896 = ORIENTED_EDGE ( 'NONE', *, *, #2042, .T. ) ;
#1897 = FACE_OUTER_BOUND ( 'NONE', #681, .T. ) ;
#1898 = CARTESIAN_POINT ( 'NONE',  ( 6.554371539623014442, -16.17371138458655011, -1.255727388988365334 ) ) ;
#1899 = SURFACE_STYLE_USAGE ( .BOTH. , #2479 ) ;
#1900 = CARTESIAN_POINT ( 'NONE',  ( 15.93642053145133453, -30.89919465144658162, -1.329025238138219489 ) ) ;
#1901 = DIRECTION ( 'NONE',  ( 0.4999999999999997224, 0.8660254037844387076, 0.000000000000000000 ) ) ;
#1902 = LINE ( 'NONE', #4146, #6195 ) ;
#1903 = VECTOR ( 'NONE', #3164, 1000.000000000000000 ) ;
#1904 = CARTESIAN_POINT ( 'NONE',  ( 0.000000000000000000, 0.000000000000000000, 0.000000000000000000 ) ) ;
#1905 = VERTEX_POINT ( 'NONE', #6220 ) ;
#1906 = CARTESIAN_POINT ( 'NONE',  ( -57.70728047118461035, -1.645767081939027321, -5.340759452050359180 ) ) ;
#1907 = DIRECTION ( 'NONE',  ( 0.000000000000000000, 0.000000000000000000, -1.000000000000000000 ) ) ;
#1908 = B_SPLINE_CURVE_WITH_KNOTS ( 'NONE', 3,
 ( #3280, #361, #1405, #885 ),
 .UNSPECIFIED., .F., .F.,
 ( 4, 4 ),
 ( 0.000000000000000000, 1.000000000000000000 ),
 .UNSPECIFIED. ) ;
#1909 = B_SPLINE_CURVE_WITH_KNOTS ( 'NONE', 1,
 ( #4687, #4070 ),
 .UNSPECIFIED., .F., .F.,
 ( 2, 2 ),
 ( 0.1912908852619747968, 1.000000000000000000 ),
 .UNSPECIFIED. ) ;
#1910 = DIRECTION ( 'NONE',  ( -1.000000000000000000, 0.000000000000000000, 0.000000000000000000 ) ) ;
#1911 = CONTEXT_DEPENDENT_SHAPE_REPRESENTATION ( #3232, #294 ) ;
#1912 = CARTESIAN_POINT ( 'NONE',  ( 13.97444591346516241, 1.148922094363807878, -0.4526849711010139110 ) ) ;
#1913 = CARTESIAN_POINT ( 'NONE',  ( 8.284609744546507670, 1.164669439050466382, 0.3236718106887393476 ) ) ;
#1914 = LINE ( 'NONE', #819, #6380 ) ;
#1915 = MECHANICAL_DESIGN_GEOMETRIC_PRESENTATION_REPRESENTATION (  '', ( #2249 ), #373 ) ;
#1916 = CARTESIAN_POINT ( 'NONE',  ( -6.771041445455909802, -14.37226678043900030, -1.059135254886776734 ) ) ;
#1917 = EDGE_CURVE ( 'NONE', #3180, #5211, #3549, .T. ) ;
#1918 = CARTESIAN_POINT ( 'NONE',  ( 0.3020426697766381285, 1.903459816837576479, -0.3000000000000001554 ) ) ;
#1919 = ORIENTED_EDGE ( 'NONE', *, *, #3740, .T. ) ;
#1920 = ORIENTED_EDGE ( 'NONE', *, *, #4447, .F. ) ;
#1921 = PLANE ( 'NONE',  #2604 ) ;
#1922 = SURFACE_STYLE_FILL_AREA ( #1379 ) ;
#1923 = CARTESIAN_POINT ( 'NONE',  ( -53.33168120624021213, -24.67983492730151696, -3.896010198756194143 ) ) ;
#1924 = CARTESIAN_POINT ( 'NONE',  ( -11.18235626342841016, -0.6047642473233352245, -1.162067543789353286 ) ) ;
#1925 = CARTESIAN_POINT ( 'NONE',  ( 0.000000000000000000, 0.9850000000000002087, -2.520000000000001350 ) ) ;
#1926 = CARTESIAN_POINT ( 'NONE',  ( -24.63898029956162006, 6.491929769951054752, -0.3596468379093459289 ) ) ;
#1927 = ORIENTED_EDGE ( 'NONE', *, *, #1719, .F. ) ;
#1928 = DIRECTION ( 'NONE',  ( -0.000000000000000000, -1.000000000000000000, -0.000000000000000000 ) ) ;
#1929 = CARTESIAN_POINT ( 'NONE',  ( -2.339210523278004938, -7.978312530076289377, -0.4056928916934200435 ) ) ;
#1930 = EDGE_CURVE ( 'NONE', #6048, #3482, #4526, .T. ) ;
#1931 = STYLED_ITEM ( 'NONE', ( #1513 ), #5197 ) ;
#1932 = EDGE_CURVE ( 'NONE', #5798, #5868, #3599, .T. ) ;
#1933 = CARTESIAN_POINT ( 'NONE',  ( 0.000000000000000000, -0.004999999999999796274, 2.519999999999999574 ) ) ;
#1934 = CARTESIAN_POINT ( 'NONE',  ( 57.44524091399217269, -1.144761270703996470, -4.492110087126247819 ) ) ;
#1935 = CARTESIAN_POINT ( 'NONE',  ( 72.36270919818215930, 1.028568487533104037, -15.23888633471944054 ) ) ;
#1936 = EDGE_CURVE ( 'NONE', #1046, #6413, #4267, .T. ) ;
#1937 = CARTESIAN_POINT ( 'NONE',  ( 59.39826745182330114, -9.353953579703858878, -4.790949453182972384 ) ) ;
#1938 = EDGE_CURVE ( 'NONE', #5792, #3747, #4755, .T. ) ;
#1939 = CARTESIAN_POINT ( 'NONE',  ( -9.351535363072283502, -13.78996542475779030, -0.3131063924771154139 ) ) ;
#1940 = EDGE_LOOP ( 'NONE', ( #2118, #5142, #5526, #5129 ) ) ;
#1941 = CARTESIAN_POINT ( 'NONE',  ( -45.34633147828134980, -29.68438110995217372, -3.669717421699221216 ) ) ;
#1942 = DIRECTION ( 'NONE',  ( 0.000000000000000000, 0.000000000000000000, 1.000000000000000000 ) ) ;
#1943 = CARTESIAN_POINT ( 'NONE',  ( 68.19280112716734266, -10.97228152175219940, 0.2397081843074616025 ) ) ;
#1944 = CARTESIAN_POINT ( 'NONE',  ( 64.66823698892490313, -6.751734813074507180, -4.430624330091322172 ) ) ;
#1945 = CARTESIAN_POINT ( 'NONE',  ( 2.521015906424722175, -1.795581977929471496, -0.3921701462528069948 ) ) ;
#1946 = B_SPLINE_CURVE_WITH_KNOTS ( 'NONE', 1,
 ( #5596, #1857 ),
 .UNSPECIFIED., .F., .F.,
 ( 2, 2 ),
 ( 0.000000000000000000, 1.000000000000000000 ),
 .UNSPECIFIED. ) ;
#1947 = DIRECTION ( 'NONE',  ( 1.000000000000000000, -4.380838333381074689E-17, 0.000000000000000000 ) ) ;
#1948 = VECTOR ( 'NONE', #6140, 1000.000000000000114 ) ;
#1949 = CARTESIAN_POINT ( 'NONE',  ( -7.288535999987847624, -18.82928914786610974, -1.068809896858182062 ) ) ;
#1950 = CARTESIAN_POINT ( 'NONE',  ( 89.99999999999997158, 0.9850000000000002087, -3.500000000000000888 ) ) ;
#1951 = VERTEX_POINT ( 'NONE', #1 ) ;
#1952 = FACE_OUTER_BOUND ( 'NONE', #5731, .T. ) ;
#1953 = DIRECTION ( 'NONE',  ( 0.000000000000000000, 0.000000000000000000, -1.000000000000000000 ) ) ;
#1954 = DIRECTION ( 'NONE',  ( 0.000000000000000000, 0.000000000000000000, -1.000000000000000000 ) ) ;
#1955 = VECTOR ( 'NONE', #6154, 1000.000000000000000 ) ;
#1956 = CARTESIAN_POINT ( 'NONE',  ( 9.251872517019569031, -12.54853036608533934, -1.110959694194432856 ) ) ;
#1957 = ORIENTED_EDGE ( 'NONE', *, *, #3842, .T. ) ;
#1958 = DIRECTION ( 'NONE',  ( -0.9892309349853940503, 0.000000000000000000, 0.1463631007731221179 ) ) ;
#1959 = CARTESIAN_POINT ( 'NONE',  ( -0.4779869905112205664, -7.584668243112911767, 0.4012729557485719134 ) ) ;
#1960 = FILL_AREA_STYLE_COLOUR ( '', #312 ) ;
#1961 = CARTESIAN_POINT ( 'NONE',  ( 39.60506981366159351, -31.02381048720121726, -1.026613692143334200 ) ) ;
#1962 = B_SPLINE_CURVE_WITH_KNOTS ( 'NONE', 3,
 ( #6530, #3944, #5570, #5055 ),
 .UNSPECIFIED., .F., .F.,
 ( 4, 4 ),
 ( 0.000000000000000000, 1.000000000000000000 ),
 .UNSPECIFIED. ) ;
#1963 = AXIS2_PLACEMENT_3D ( 'NONE', #5282, #2643, #2714 ) ;
#1964 = CARTESIAN_POINT ( 'NONE',  ( 56.41406539325071634, -18.93891244154236730, -4.337736028171019775 ) ) ;
#1965 = ORIENTED_EDGE ( 'NONE', *, *, #5766, .F. ) ;
#1966 = EDGE_LOOP ( 'NONE', ( #2832, #3588, #1189, #5287 ) ) ;
#1967 = CARTESIAN_POINT ( 'NONE',  ( -31.36773333303908373, -31.59223423933894992, -2.276109367853193621 ) ) ;
#1968 = DIRECTION ( 'NONE',  ( 7.263620465912736718E-15, 0.000000000000000000, -1.000000000000000000 ) ) ;
#1969 = EDGE_CURVE ( 'NONE', #3400, #3461, #5420, .T. ) ;
#1970 = FACE_OUTER_BOUND ( 'NONE', #6351, .T. ) ;
#1971 = CARTESIAN_POINT ( 'NONE',  ( -9.555686756630093370, -4.067225507411758478, 0.08199263675456869294 ) ) ;
#1972 = CARTESIAN_POINT ( 'NONE',  ( 89.99999999999997158, 0.9850000000000002087, -3.500000000000000888 ) ) ;
#1973 = ADVANCED_FACE ( 'NONE', ( #2590 ), #2111, .F. ) ;
#1974 = EDGE_LOOP ( 'NONE', ( #239, #6778, #98, #3695 ) ) ;
#1975 = CARTESIAN_POINT ( 'NONE',  ( 54.13457609172882457, -23.38744780005217550, -3.605479456952054296 ) ) ;
#1976 = CARTESIAN_POINT ( 'NONE',  ( -72.36270919818215930, 1.028568487533104481, -15.23888633471944054 ) ) ;
#1977 = EDGE_LOOP ( 'NONE', ( #5540, #3246, #5582, #5834 ) ) ;
#1978 = VECTOR ( 'NONE', #3239, 1000.000000000000000 ) ;
#1979 = FACE_OUTER_BOUND ( 'NONE', #2245, .T. ) ;
#1980 = APPLICATION_CONTEXT ( 'automotive_design' ) ;
#1981 = CARTESIAN_POINT ( 'NONE',  ( -31.30988194686130299, -34.59258021313259945, -2.271207128135525721 ) ) ;
#1982 = DIRECTION ( 'NONE',  ( 0.0005443633068965336502, -0.9999998518342840814, 2.518186154490093769E-18 ) ) ;
#1983 = EDGE_LOOP ( 'NONE', ( #5324, #4655, #3879, #5669 ) ) ;
#1984 = CARTESIAN_POINT ( 'NONE',  ( -40.15287956067115971, 7.706884380106464150, -0.8573415666648556144 ) ) ;
#1985 = VERTEX_POINT ( 'NONE', #1596 ) ;
#1986 = DIRECTION ( 'NONE',  ( 1.000000000000000000, -0.000000000000000000, -0.000000000000000000 ) ) ;
#1987 = AXIS2_PLACEMENT_3D ( 'NONE', #3103, #4707, #1996 ) ;
#1988 = CARTESIAN_POINT ( 'NONE',  ( -10.35400005103250720, -18.56206631971965848, -1.138811692849617252 ) ) ;
#1989 = EDGE_CURVE ( 'NONE', #2592, #5746, #3990, .T. ) ;
#1990 = CARTESIAN_POINT ( 'NONE',  ( 66.19468053386128759, 1.564503687499090745, -4.690293788131723929 ) ) ;
#1991 = CARTESIAN_POINT ( 'NONE',  ( 49.86105483987116571, -27.88008296238610839, -2.219090022261253736 ) ) ;
#1992 = ORIENTED_EDGE ( 'NONE', *, *, #6243, .F. ) ;
#1993 = VERTEX_POINT ( 'NONE', #3889 ) ;
#1994 = DIRECTION ( 'NONE',  ( -0.000000000000000000, -6.195440985631454085E-17, -1.000000000000000000 ) ) ;
#1995 = EDGE_CURVE ( 'NONE', #1046, #6352, #177, .T. ) ;
#1996 = DIRECTION ( 'NONE',  ( 0.0005443633068965336502, 0.9999998518342840814, 0.000000000000000000 ) ) ;
#1997 = ORIENTED_EDGE ( 'NONE', *, *, #4472, .F. ) ;
#1998 = CARTESIAN_POINT ( 'NONE',  ( 10.11541118717710397, -17.36977416608136338, 0.8680554379637627216 ) ) ;
#1999 = CARTESIAN_POINT ( 'NONE',  ( 58.78070969126579115, -11.84198782628048363, -5.504510861174232161 ) ) ;
#2000 = CARTESIAN_POINT ( 'NONE',  ( 112.2738636073762848, -0.004999999999999579434, 12.72613639262379337 ) ) ;
#2001 = CARTESIAN_POINT ( 'NONE',  ( 83.94243993381331848, -10.38746360755481035, -10.05366082393719651 ) ) ;
#2002 = CARTESIAN_POINT ( 'NONE',  ( 0.000000000000000000, -0.004999999999999796274, 2.519999999999999574 ) ) ;
#2003 = EDGE_CURVE ( 'NONE', #5244, #25, #2323, .T. ) ;
#2004 = ORIENTED_EDGE ( 'NONE', *, *, #1861, .F. ) ;
#2005 = ADVANCED_FACE ( 'NONE', ( #6432 ), #75, .T. ) ;
#2006 = CYLINDRICAL_SURFACE ( 'NONE', #3929, 15.77768100511694982 ) ;
#2007 = FACE_OUTER_BOUND ( 'NONE', #2736, .T. ) ;
#2008 = VERTEX_POINT ( 'NONE', #2774 ) ;
#2009 = CARTESIAN_POINT ( 'NONE',  ( -56.61206125769125208, -0.2282836251278402007, -4.367828324851220856 ) ) ;
#2010 = CARTESIAN_POINT ( 'NONE',  ( 0.000000000000000000, 0.9850000000000002087, -3.500000000000000888 ) ) ;
#2011 = EDGE_CURVE ( 'NONE', #6059, #1562, #5964, .T. ) ;
#2012 = DIRECTION ( 'NONE',  ( 1.000000000000000000, 0.000000000000000000, -0.000000000000000000 ) ) ;
#2013 = CARTESIAN_POINT ( 'NONE',  ( 10.31588726970216818, -1.798140565481151310, 0.06254737132175489100 ) ) ;
#2014 = EDGE_CURVE ( 'NONE', #4796, #4365, #5616, .T. ) ;
#2015 = EDGE_LOOP ( 'NONE', ( #4045, #4518, #4417, #5209, #2216 ) ) ;
#2016 = CYLINDRICAL_SURFACE ( 'NONE', #4825, 0.9799999999999988720 ) ;
#2017 = CYLINDRICAL_SURFACE ( 'NONE', #5945, 12.77799299098181152 ) ;
#2018 = ORIENTED_EDGE ( 'NONE', *, *, #3288, .T. ) ;
#2019 =( BOUNDED_CURVE ( )  B_SPLINE_CURVE ( 3, ( #706, #1803, #113, #5968 ),
 .UNSPECIFIED., .F., .T. ) 
 B_SPLINE_CURVE_WITH_KNOTS ( ( 4, 4 ),
 ( 2.194030043088947224, 3.141592653589790896 ),
 .UNSPECIFIED. ) 
 CURVE ( )  GEOMETRIC_REPRESENTATION_ITEM ( )  RATIONAL_B_SPLINE_CURVE ( ( 1.000000000000000000, 0.9265662780355700123, 0.9265662780355700123, 1.000000000000000000 ) ) 
 REPRESENTATION_ITEM ( '' )  );
#2020 = LINE ( 'NONE', #6690, #1883 ) ;
#2021 = CARTESIAN_POINT ( 'NONE',  ( -12.66906897093637951, -23.51134319902587322, 0.7931792921188721701 ) ) ;
#2022 = DIRECTION ( 'NONE',  ( 0.000000000000000000, 0.000000000000000000, 1.000000000000000000 ) ) ;
#2023 = LINE ( 'NONE', #22, #5123 ) ;
#2024 = CARTESIAN_POINT ( 'NONE',  ( 43.20822665915519423, 7.407638736462340390, -1.412879273930758739 ) ) ;
#2025 = CARTESIAN_POINT ( 'NONE',  ( 72.36270919818215930, 1.028568487533104481, -15.23888633471944054 ) ) ;
#2026 = ORIENTED_EDGE ( 'NONE', *, *, #3146, .F. ) ;
#2027 = ORIENTED_EDGE ( 'NONE', *, *, #1389, .T. ) ;
#2028 = CARTESIAN_POINT ( 'NONE',  ( 58.25495666096278313, -14.24045285161433583, -4.209224639916146593 ) ) ;
#2029 = AXIS2_PLACEMENT_3D ( 'NONE', #5041, #2490, #1910 ) ;
#2030 = VECTOR ( 'NONE', #3106, 1000.000000000000227 ) ;
#2031 = CARTESIAN_POINT ( 'NONE',  ( 23.39007884152525563, -30.68223936111589367, 0.2938519568721940645 ) ) ;
#2032 = ORIENTED_EDGE ( 'NONE', *, *, #3101, .F. ) ;
#2033 = CARTESIAN_POINT ( 'NONE',  ( 9.578864787540959824, -4.067742127412493858, 0.8816401026671676355 ) ) ;
#2034 = DIRECTION ( 'NONE',  ( -1.000000000000000000, 0.000000000000000000, 0.000000000000000000 ) ) ;
#2035 = COLOUR_RGB ( '',0.7921568627450980005, 0.8196078431372548767, 0.9333333333333333481 ) ;
#2036 = VERTEX_POINT ( 'NONE', #3364 ) ;
#2037 = CARTESIAN_POINT ( 'NONE',  ( 39.56707596146878814, 4.368240959888996855, -3.021214890006648446 ) ) ;
#2038 = CARTESIAN_POINT ( 'NONE',  ( -6.591551656608989340, -12.84445588877127520, -1.056318959523122381 ) ) ;
#2039 = ORIENTED_EDGE ( 'NONE', *, *, #3383, .F. ) ;
#2040 = CARTESIAN_POINT ( 'NONE',  ( 0.1732050807568877859, -0.3000000000000001554, 0.2000000000000000111 ) ) ;
#2041 = DIRECTION ( 'NONE',  ( 0.7071067811865489050, -6.195440985631455317E-17, -0.7071067811865462405 ) ) ;
#2042 = EDGE_CURVE ( 'NONE', #2833, #3033, #1237, .T. ) ;
#2043 = CARTESIAN_POINT ( 'NONE',  ( -18.40210923743214622, -32.26638674518846983, -1.437772343539362785 ) ) ;
#2044 = B_SPLINE_CURVE_WITH_KNOTS ( 'NONE', 3,
 ( #6, #1010, #4202, #3181, #3112, #5235, #593, #4308, #1669, #2117, #1045, #6296, #2664, #5338, #5891, #4824, #2699, #4789, #5302, #6768 ),
 .UNSPECIFIED., .F., .F.,
 ( 4, 2, 2, 2, 2, 2, 2, 2, 2, 4 ),
 ( 2.893815905305151473E-12, 0.004648641914386097453, 0.006972962870132232843, 0.009297283825878369101, 0.01045944430375144243, 0.01162160478162451750, 0.01394592573737064856, 0.01627024669311678481, 0.01743240717098984427, 0.01859456764886290372 ),
 .UNSPECIFIED. ) ;
#2045 = ORIENTED_EDGE ( 'NONE', *, *, #6325, .T. ) ;
#2046 = CARTESIAN_POINT ( 'NONE',  ( 54.24273484068780959, 1.399710480697662129, -4.832461191511773002 ) ) ;
#2047 = EDGE_CURVE ( 'NONE', #1670, #6048, #567, .T. ) ;
#2048 = LINE ( 'NONE', #5145, #5919 ) ;
#2049 = CYLINDRICAL_SURFACE ( 'NONE', #4532, 15.77761302477628647 ) ;
#2050 = TOROIDAL_SURFACE ( 'NONE', #5814, 32.48000000000001108, 0.9799999999999999822 ) ;
#2051 = CARTESIAN_POINT ( 'NONE',  ( 8.769844120516106400, 1.296081811426298858, 0.9007644865471853279 ) ) ;
#2052 = ORIENTED_EDGE ( 'NONE', *, *, #6319, .F. ) ;
#2053 = CARTESIAN_POINT ( 'NONE',  ( -85.02729483969763180, -11.25322035869498905, -9.432588487279675249 ) ) ;
#2054 = EDGE_CURVE ( 'NONE', #478, #4685, #5887, .T. ) ;
#2055 = CIRCLE ( 'NONE', #3951, 38.50000000000000711 ) ;
#2056 = VERTEX_POINT ( 'NONE', #4926 ) ;
#2057 = DIRECTION ( 'NONE',  ( 0.000000000000000000, 1.000000000000000000, 0.000000000000000000 ) ) ;
#2058 = DIRECTION ( 'NONE',  ( 0.7071067811865466846, 0.000000000000000000, 0.7071067811865484609 ) ) ;
#2059 = CARTESIAN_POINT ( 'NONE',  ( 72.36096723560009991, -2.171431038336605113, -14.26371814922621262 ) ) ;
#2060 = EDGE_CURVE ( 'NONE', #4258, #507, #5948, .T. ) ;
#2061 = B_SPLINE_CURVE_WITH_KNOTS ( 'NONE', 1,
 ( #5140, #2559 ),
 .UNSPECIFIED., .F., .F.,
 ( 2, 2 ),
 ( 0.000000000000000000, 0.1912908852619747690 ),
 .UNSPECIFIED. ) ;
#2062 = AXIS2_PLACEMENT_3D ( 'NONE', #5496, #4506, #4984 ) ;
#2063 = CARTESIAN_POINT ( 'NONE',  ( 59.34329752832409355, -5.028276267352763007, -4.782387471926417888 ) ) ;
#2064 = DIRECTION ( 'NONE',  ( 0.5000000000000002220, 0.000000000000000000, -0.8660254037844385966 ) ) ;
#2065 = SHAPE_REPRESENTATION ( 'handle1', ( #6116 ), #4031 ) ;
#2066 = ORIENTED_EDGE ( 'NONE', *, *, #1640, .F. ) ;
#2067 = VERTEX_POINT ( 'NONE', #1147 ) ;
#2068 = PRESENTATION_LAYER_ASSIGNMENT (  '', '', ( #5069 ) ) ;
#2069 = DIRECTION ( 'NONE',  ( 4.173484458121928399E-08, 0.9999999999999991118, 0.000000000000000000 ) ) ;
#2070 = ADVANCED_FACE ( 'NONE', ( #6543 ), #5996, .T. ) ;
#2071 = FACE_OUTER_BOUND ( 'NONE', #423, .T. ) ;
#2072 = ORIENTED_EDGE ( 'NONE', *, *, #2686, .T. ) ;
#2073 = CARTESIAN_POINT ( 'NONE',  ( -0.2499999999999999445, -1.494999999999999885, 0.2999999999999998224 ) ) ;
#2074 = CARTESIAN_POINT ( 'NONE',  ( -10.64104019442048354, -1.286090014303327367, 0.05385389951653678925 ) ) ;
#2075 = ORIENTED_EDGE ( 'NONE', *, *, #4981, .T. ) ;
#2076 = B_SPLINE_CURVE_WITH_KNOTS ( 'NONE', 1,
 ( #4044, #6706 ),
 .UNSPECIFIED., .F., .F.,
 ( 2, 2 ),
 ( 0.000000000000000000, 1.000000000000000000 ),
 .UNSPECIFIED. ) ;
#2077 = CIRCLE ( 'NONE', #2744, 0.9799999999999999822 ) ;
#2078 = CARTESIAN_POINT ( 'NONE',  ( 5.421010862427522170E-17, 0.2500000000000000000, -0.3464101615137754608 ) ) ;
#2079 = CARTESIAN_POINT ( 'NONE',  ( -35.50204776236657978, 7.577242738447311332, -2.635116025880104740 ) ) ;
#2080 = ORIENTED_EDGE ( 'NONE', *, *, #2553, .F. ) ;
#2081 = EDGE_CURVE ( 'NONE', #1951, #1905, #1563, .T. ) ;
#2082 = CARTESIAN_POINT ( 'NONE',  ( 56.81210148162212903, -24.89744629570826362, -3.184662601421978323 ) ) ;
#2083 = DIRECTION ( 'NONE',  ( -0.9999998518342840814, 0.0005443633068966335052, 0.000000000000000000 ) ) ;
#2084 = ORIENTED_EDGE ( 'NONE', *, *, #2637, .T. ) ;
#2085 = UNCERTAINTY_MEASURE_WITH_UNIT (LENGTH_MEASURE( 1.000000000000000082E-05 ), #2531, 'distance_accuracy_value', 'NONE');
#2086 = CARTESIAN_POINT ( 'NONE',  ( -22.67608642861552326, -33.62649283098895836, -1.667057767364614307 ) ) ;
#2087 = CARTESIAN_POINT ( 'NONE',  ( 71.86096730968294821, -2.171158856683157001, -15.23888633471938370 ) ) ;
#2088 =( LENGTH_UNIT ( ) NAMED_UNIT ( * ) SI_UNIT ( .MILLI., .METRE. ) );
#2089 = ORIENTED_EDGE ( 'NONE', *, *, #6113, .T. ) ;
#2090 = CARTESIAN_POINT ( 'NONE',  ( -73.05287760269672503, -2.114193178507996596, -8.135711285003727866 ) ) ;
#2091 = AXIS2_PLACEMENT_3D ( 'NONE', #3697, #3733, #1723 ) ;
#2092 = ORIENTED_EDGE ( 'NONE', *, *, #1131, .F. ) ;
#2093 = ADVANCED_FACE ( 'NONE', ( #464, #4517 ), #1799, .T. ) ;
#2094 = CARTESIAN_POINT ( 'NONE',  ( -0.1732050807568876749, 0.2999999999999999334, 0.2000000000000000111 ) ) ;
#2095 = CYLINDRICAL_SURFACE ( 'NONE', #276, 386.5465117133056765 ) ;
#2096 = CARTESIAN_POINT ( 'NONE',  ( 48.50194627490331811, -31.81570602321563612, -2.045510759679171287 ) ) ;
#2097 = LINE ( 'NONE', #4217, #2999 ) ;
#2098 = DIRECTION ( 'NONE',  ( -0.000000000000000000, 0.000000000000000000, -1.000000000000000000 ) ) ;
#2099 = CARTESIAN_POINT ( 'NONE',  ( 48.21901846232700706, -28.74253036900299207, -2.009207293610789868 ) ) ;
#2100 = VERTEX_POINT ( 'NONE', #1395 ) ;
#2101 = EDGE_LOOP ( 'NONE', ( #3977, #530, #6239, #5220 ) ) ;
#2102 = CARTESIAN_POINT ( 'NONE',  ( 40.94450797196466141, -33.80484099092250005, -3.177670311029906269 ) ) ;
#2103 = CARTESIAN_POINT ( 'NONE',  ( 56.52884899597769675, -24.90322680848372272, -5.164396660716898957 ) ) ;
#2104 = ORIENTED_EDGE ( 'NONE', *, *, #3128, .F. ) ;
#2105 = LINE ( 'NONE', #4226, #3614 ) ;
#2106 = CARTESIAN_POINT ( 'NONE',  ( -50.53340621496302276, -27.27401783667064095, -4.323861643550595879 ) ) ;
#2107 = VERTEX_POINT ( 'NONE', #5032 ) ;
#2108 = CARTESIAN_POINT ( 'NONE',  ( 129.6058033746338651, -0.004999999999999796274, 20.15858122326973856 ) ) ;
#2109 = VECTOR ( 'NONE', #5266, 1000.000000000000114 ) ;
#2110 = VECTOR ( 'NONE', #5929, 1000.000000000000227 ) ;
#2111 = CYLINDRICAL_SURFACE ( 'NONE', #803, 46.46943367824469107 ) ;
#2112 = B_SPLINE_CURVE_WITH_KNOTS ( 'NONE', 3,
 ( #4336, #1730, #4957, #5922, #2873, #5437, #696, #5473, #212, #6429 ),
 .UNSPECIFIED., .F., .F.,
 ( 4, 2, 2, 2, 4 ),
 ( 0.000000000000000000, 0.2499999999999998890, 0.4999999999999997780, 0.7499999999999996669, 1.000000000000000000 ),
 .UNSPECIFIED. ) ;
#2113 = CARTESIAN_POINT ( 'NONE',  ( -32.99137164379442311, 7.452669682814645036, -2.411333659924240536 ) ) ;
#2114 = ORIENTED_EDGE ( 'NONE', *, *, #4447, .T. ) ;
#2115 = ADVANCED_FACE ( 'NONE', ( #2540 ), #5610, .F. ) ;
#2116 = CARTESIAN_POINT ( 'NONE',  ( 67.21596891206358748, -5.972299720997265915, -5.545809234330437043 ) ) ;
#2117 = CARTESIAN_POINT ( 'NONE',  ( 16.36543443239031603, -27.46813522676515262, 0.6545999200569206922 ) ) ;
#2118 = ORIENTED_EDGE ( 'NONE', *, *, #915, .T. ) ;
#2119 = CYLINDRICAL_SURFACE ( 'NONE', #1599, 31.50000000000000711 ) ;
#2120 = SURFACE_STYLE_FILL_AREA ( #8 ) ;
#2121 = CARTESIAN_POINT ( 'NONE',  ( 72.36270919818215930, 1.028568487533104481, -12.23888633471943699 ) ) ;
#2122 = DIRECTION ( 'NONE',  ( -0.1334698500773016938, -1.445832581561076290E-14, -0.9910528740285973193 ) ) ;
#2123 = CARTESIAN_POINT ( 'NONE',  ( 57.68312378447638622, 4.676414549148049105, -5.329779429449523320 ) ) ;
#2124 = EDGE_CURVE ( 'NONE', #921, #4625, #5654, .T. ) ;
#2125 = ORIENTED_EDGE ( 'NONE', *, *, #1004, .F. ) ;
#2126 = CARTESIAN_POINT ( 'NONE',  ( -32.26072606615030480, 7.527193366182291179, -1.723309480553234296 ) ) ;
#2127 = EDGE_LOOP ( 'NONE', ( #2850, #2509, #1423, #3878, #5750, #5201 ) ) ;
#2128 = CARTESIAN_POINT ( 'NONE',  ( 0.000000000000000000, -0.004999999999999952399, -2.520000000000001350 ) ) ;
#2129 = CARTESIAN_POINT ( 'NONE',  ( -11.41992707850407029, -0.3697773722172500444, 0.03164205355298448791 ) ) ;
#2130 =( LENGTH_UNIT ( ) NAMED_UNIT ( * ) SI_UNIT ( .MILLI., .METRE. ) );
#2131 = CARTESIAN_POINT ( 'NONE',  ( 51.79359030309496603, -30.20290575279495471, -2.474567999840630250 ) ) ;
#2132 = CYLINDRICAL_SURFACE ( 'NONE', #3910, 9.858126235569340423 ) ;
#2133 = CARTESIAN_POINT ( 'NONE',  ( 59.06240835058960670, -11.83765117022324986, -3.524313872754359256 ) ) ;
#2134 = DIRECTION ( 'NONE',  ( 0.7071067811865465735, 0.000000000000000000, 0.7071067811865483499 ) ) ;
#2135 = ORIENTED_EDGE ( 'NONE', *, *, #2583, .T. ) ;
#2136 = VERTEX_POINT ( 'NONE', #2422 ) ;
#2137 = CARTESIAN_POINT ( 'NONE',  ( 54.13457609172882457, -23.38744780005217550, -3.605479456952054296 ) ) ;
#2138 = CARTESIAN_POINT ( 'NONE',  ( 29.91147918529572536, 4.341839787007422125, -0.9440296233653332481 ) ) ;
#2139 = EDGE_CURVE ( 'NONE', #5869, #2579, #1902, .T. ) ;
#2140 = B_SPLINE_CURVE_WITH_KNOTS ( 'NONE', 3,
 ( #3788, #226, #5976, #6555 ),
 .UNSPECIFIED., .F., .F.,
 ( 4, 4 ),
 ( 0.009315831937141928407, 0.01453000447290332675 ),
 .UNSPECIFIED. ) ;
#2141 = EDGE_CURVE ( 'NONE', #2465, #6695, #3498, .T. ) ;
#2142 =( GEOMETRIC_REPRESENTATION_CONTEXT ( 3 ) GLOBAL_UNCERTAINTY_ASSIGNED_CONTEXT ( ( #5507 ) ) GLOBAL_UNIT_ASSIGNED_CONTEXT ( ( #3997, #6639, #5286 ) ) REPRESENTATION_CONTEXT ( 'NONE', 'WORKASPACE' ) );
#2143 = ADVANCED_FACE ( 'NONE', ( #1835 ), #2909, .T. ) ;
#2144 = CARTESIAN_POINT ( 'NONE',  ( -45.93045711912182583, 3.621836092800795104, -3.730588800253959114 ) ) ;
#2145 =( NAMED_UNIT ( * ) SI_UNIT ( $, .STERADIAN. ) SOLID_ANGLE_UNIT ( ) );
#2146 = CARTESIAN_POINT ( 'NONE',  ( -12.85788170344033610, 0.7005016043820813110, -0.4135877600897000517 ) ) ;
#2147 = ADVANCED_FACE ( 'NONE', ( #1328 ), #285, .T. ) ;
#2148 = VECTOR ( 'NONE', #668, 1000.000000000000000 ) ;
#2149 = EDGE_LOOP ( 'NONE', ( #6696, #6522, #2602, #3167 ) ) ;
#2150 = CARTESIAN_POINT ( 'NONE',  ( 22.79436345058470081, -33.62299216816840897, 0.3293906635821423068 ) ) ;
#2151 = CARTESIAN_POINT ( 'NONE',  ( 52.23898935287444800, 2.174796628552852162, -4.553470942937517307 ) ) ;
#2152 = CARTESIAN_POINT ( 'NONE',  ( 36.36776881524904326, -31.41060144601922488, -2.716843076802017976 ) ) ;
#2153 = ORIENTED_EDGE ( 'NONE', *, *, #3141, .T. ) ;
#2154 = AXIS2_PLACEMENT_3D ( 'NONE', #2745, #2192, #4310 ) ;
#2155 = CARTESIAN_POINT ( 'NONE',  ( 127.1309296404809430, 0.000000000000000000, 22.63345495742265356 ) ) ;
#2156 = LINE ( 'NONE', #4717, #3611 ) ;
#2157 = EDGE_LOOP ( 'NONE', ( #6330, #2889, #1407, #5111 ) ) ;
#2158 =( LENGTH_UNIT ( ) NAMED_UNIT ( * ) SI_UNIT ( .MILLI., .METRE. ) );
#2159 = CARTESIAN_POINT ( 'NONE',  ( -59.45973303555215494, -9.353953579702766419, -4.395700187507686429 ) ) ;
#2160 = CARTESIAN_POINT ( 'NONE',  ( -10.38498163763293647, -18.55947972158576320, -0.3395269496878072779 ) ) ;
#2161 = CARTESIAN_POINT ( 'NONE',  ( -66.41837340773258802, -5.973124154748418846, -6.760591223034789543 ) ) ;
#2162 = CARTESIAN_POINT ( 'NONE',  ( -5.143161370929995257, -0.3728262295290246109, -1.222089097395966384 ) ) ;
#2163 = EDGE_LOOP ( 'NONE', ( #1676, #4087, #6073, #5168 ) ) ;
#2164 = ORIENTED_EDGE ( 'NONE', *, *, #2892, .T. ) ;
#2165 = DIRECTION ( 'NONE',  ( 0.000000000000000000, 0.000000000000000000, 1.000000000000000000 ) ) ;
#2166 = AXIS2_PLACEMENT_3D ( 'NONE', #1707, #2300, #643 ) ;
#2167 = CARTESIAN_POINT ( 'NONE',  ( -13.41687219857275437, 0.9645135078099470460, -0.03225270642693851136 ) ) ;
#2168 = LINE ( 'NONE', #92, #5038 ) ;
#2169 = CARTESIAN_POINT ( 'NONE',  ( -29.87984810964623961, 4.341710135934352621, -1.342785856160214619 ) ) ;
#2170 = CYLINDRICAL_SURFACE ( 'NONE', #697, 0.5000000000000000000 ) ;
#2171 = ADVANCED_FACE ( 'NONE', ( #4839 ), #6435, .T. ) ;
#2172 = CIRCLE ( 'NONE', #6482, 0.9799999999999999822 ) ;
#2173 = CARTESIAN_POINT ( 'NONE',  ( 25.65098692548962944, 6.537585234594724959, 0.1526407530489864439 ) ) ;
#2174 = CARTESIAN_POINT ( 'NONE',  ( -7.704102928205488254, 0.04603514227027882821, -45.44514178716957531 ) ) ;
#2175 = ORIENTED_EDGE ( 'NONE', *, *, #2513, .F. ) ;
#2176 = VERTEX_POINT ( 'NONE', #6815 ) ;
#2177 = CARTESIAN_POINT ( 'NONE',  ( 112.2738636073762848, -0.9849999999999993205, 12.72613639262379337 ) ) ;
#2178 = CARTESIAN_POINT ( 'NONE',  ( 52.99857218638423006, 2.010144617412473522, -3.446213010326264481 ) ) ;
#2179 = DIRECTION ( 'NONE',  ( -1.000000000000000000, -0.000000000000000000, -0.000000000000000000 ) ) ;
#2180 = PLANE ( 'NONE',  #6259 ) ;
#2181 = CARTESIAN_POINT ( 'NONE',  ( 52.40022094785527429, 2.169978146757343573, -3.364431052626737362 ) ) ;
#2182 = COLOUR_RGB ( '',0.2509803921568627416, 0.2509803921568627416, 0.2509803921568627416 ) ;
#2183 = EDGE_LOOP ( 'NONE', ( #2649, #1207, #3265, #454 ) ) ;
#2184 = CARTESIAN_POINT ( 'NONE',  ( 41.15375554977114803, -33.79971705925954950, -1.188638222733145122 ) ) ;
#2185 = DIRECTION ( 'NONE',  ( 0.7969196336751507292, 0.6040853395531655678, 0.000000000000000000 ) ) ;
#2186 = CARTESIAN_POINT ( 'NONE',  ( -0.4425558477740403340, -7.656111256835671064, -1.000003673011703675 ) ) ;
#2187 = ORIENTED_EDGE ( 'NONE', *, *, #3404, .F. ) ;
#2188 = CARTESIAN_POINT ( 'NONE',  ( 74.33232441199881180, -5.972304432543244168, -12.58618263852918950 ) ) ;
#2189 = FACE_BOUND ( 'NONE', #1452, .T. ) ;
#2190 = EDGE_CURVE ( 'NONE', #751, #3366, #5251, .T. ) ;
#2191 = ORIENTED_EDGE ( 'NONE', *, *, #2081, .T. ) ;
#2192 = DIRECTION ( 'NONE',  ( 0.7071067811865466846, 0.000000000000000000, 0.7071067811865484609 ) ) ;
#2193 = VECTOR ( 'NONE', #1752, 1000.000000000000000 ) ;
#2194 = CARTESIAN_POINT ( 'NONE',  ( -9.361212372183034702, -13.78996542475779030, 0.08677656134942626776 ) ) ;
#2195 = CARTESIAN_POINT ( 'NONE',  ( 8.728568979230287184, 1.287361976335709368, -1.098721675964097422 ) ) ;
#2196 = CARTESIAN_POINT ( 'NONE',  ( -62.27876225752368811, -9.397104139209453422, -6.060629904982786975 ) ) ;
#2197 = CARTESIAN_POINT ( 'NONE',  ( 124.6560559063280351, -0.004999999999999362593, 25.10832869157556857 ) ) ;
#2198 = VERTEX_POINT ( 'NONE', #6420 ) ;
#2199 = VERTEX_POINT ( 'NONE', #649 ) ;
#2200 = DIRECTION ( 'NONE',  ( -0.0005443633068965336502, 0.9999998518342840814, -2.518186154490093769E-18 ) ) ;
#2201 = FACE_OUTER_BOUND ( 'NONE', #1940, .T. ) ;
#2202 = CARTESIAN_POINT ( 'NONE',  ( 0.000000000000000000, 0.000000000000000000, 0.2000000000000000111 ) ) ;
#2203 = CARTESIAN_POINT ( 'NONE',  ( 55.81230555419789141, -26.45476416773535533, -3.037379891092777395 ) ) ;
#2204 = STYLED_ITEM ( 'NONE', ( #6063 ), #313 ) ;
#2205 = VECTOR ( 'NONE', #6182, 1000.000000000000114 ) ;
#2206 = CARTESIAN_POINT ( 'NONE',  ( 39.51435808824295748, -31.05452893542555870, -2.219748968104247488 ) ) ;
#2207 = CARTESIAN_POINT ( 'NONE',  ( 116.5306464301193188, 0.9850000000000002087, 8.469353569880784249 ) ) ;
#2208 = ORIENTED_EDGE ( 'NONE', *, *, #5117, .T. ) ;
#2209 = VERTEX_POINT ( 'NONE', #1023 ) ;
#2210 = CARTESIAN_POINT ( 'NONE',  ( 39.87521858969296318, -33.98993982393147917, -3.064985797167909976 ) ) ;
#2211 = CARTESIAN_POINT ( 'NONE',  ( -9.319465611828773532, -5.810914506679422331, 0.8880766652044822518 ) ) ;
#2212 = AXIS2_PLACEMENT_3D ( 'NONE', #5836, #1679, #4213 ) ;
#2213 = EDGE_CURVE ( 'NONE', #1993, #5767, #2547, .T. ) ;
#2214 = CARTESIAN_POINT ( 'NONE',  ( 62.27853724009302283, -9.397040007511279214, -6.060593090277114570 ) ) ;
#2215 = CARTESIAN_POINT ( 'NONE',  ( -10.39572806148925466, -18.55947972158576320, 0.06032866722194274445 ) ) ;
#2216 = ORIENTED_EDGE ( 'NONE', *, *, #6044, .T. ) ;
#2217 = CARTESIAN_POINT ( 'NONE',  ( 56.81210148162212903, -24.89744629570826362, -3.184662601421978323 ) ) ;
#2218 = ADVANCED_FACE ( 'NONE', ( #3764 ), #2608, .F. ) ;
#2219 = LINE ( 'NONE', #6471, #2148 ) ;
#2220 = ADVANCED_FACE ( 'NONE', ( #5874 ), #20, .T. ) ;
#2221 = ORIENTED_EDGE ( 'NONE', *, *, #523, .T. ) ;
#2222 = CARTESIAN_POINT ( 'NONE',  ( -9.522598872476157439, -4.066703691913454044, -1.117531654426466625 ) ) ;
#2223 = CARTESIAN_POINT ( 'NONE',  ( 125.3490205518908454, -0.9849999999999993205, 24.41536404601275478 ) ) ;
#2224 = ORIENTED_EDGE ( 'NONE', *, *, #5756, .T. ) ;
#2225 = FACE_OUTER_BOUND ( 'NONE', #332, .T. ) ;
#2226 = CARTESIAN_POINT ( 'NONE',  ( -101.1315386743657285, 36.56345341902298429, -9.912361168911653309 ) ) ;
#2227 = CARTESIAN_POINT ( 'NONE',  ( -55.33430034993649116, -21.21479562524304896, -4.178963247101740386 ) ) ;
#2228 = EDGE_CURVE ( 'NONE', #952, #2199, #3737, .T. ) ;
#2229 = LINE ( 'NONE', #4385, #564 ) ;
#2230 = EDGE_CURVE ( 'NONE', #2940, #4826, #5536, .T. ) ;
#2231 = CARTESIAN_POINT ( 'NONE',  ( 24.27404672062567315, 6.304697563772682756, -1.762527300750190262 ) ) ;
#2232 =( GEOMETRIC_REPRESENTATION_CONTEXT ( 3 ) GLOBAL_UNCERTAINTY_ASSIGNED_CONTEXT ( ( #247 ) ) GLOBAL_UNIT_ASSIGNED_CONTEXT ( ( #2576, #5580, #5908 ) ) REPRESENTATION_CONTEXT ( 'NONE', 'WORKASPACE' ) );
#2233 = DIRECTION ( 'NONE',  ( 0.03141380054743475592, -7.228371321379576627E-16, 0.9995064647790758983 ) ) ;
#2234 = ORIENTED_EDGE ( 'NONE', *, *, #4605, .F. ) ;
#2235 = ORIENTED_EDGE ( 'NONE', *, *, #1119, .T. ) ;
#2236 = CARTESIAN_POINT ( 'NONE',  ( 14.02000791343456143, 1.142169376749460952, 0.7463472551112251274 ) ) ;
#2237 = EDGE_CURVE ( 'NONE', #2454, #1585, #5622, .T. ) ;
#2238 = SURFACE_SIDE_STYLE ('',( #126 ) ) ;
#2239 = CARTESIAN_POINT ( 'NONE',  ( 48.25500605289746403, -31.82490027087495932, -4.030068685185029587 ) ) ;
#2240 = CARTESIAN_POINT ( 'NONE',  ( 89.99999999999997158, -0.005000000000000013115, -3.500000000000000888 ) ) ;
#2241 = FACE_OUTER_BOUND ( 'NONE', #1815, .T. ) ;
#2242 = CARTESIAN_POINT ( 'NONE',  ( 20.60139513150994262, -33.08709615733646103, 0.4537375923697585800 ) ) ;
#2243 = PLANE ( 'NONE',  #2938 ) ;
#2244 = B_SPLINE_CURVE_WITH_KNOTS ( 'NONE', 3,
 ( #3790, #2570, #3191, #604 ),
 .UNSPECIFIED., .F., .F.,
 ( 4, 4 ),
 ( 0.000000000000000000, 1.000000000000000000 ),
 .UNSPECIFIED. ) ;
#2245 = EDGE_LOOP ( 'NONE', ( #5878, #6558, #6039, #3500 ) ) ;
#2246 = ORIENTED_EDGE ( 'NONE', *, *, #2784, .T. ) ;
#2247 = CARTESIAN_POINT ( 'NONE',  ( 51.84150303520015513, -26.31340229536778708, -3.288044733455569801 ) ) ;
#2248 = FACE_OUTER_BOUND ( 'NONE', #4877, .T. ) ;
#2249 = STYLED_ITEM ( 'NONE', ( #6145 ), #1282 ) ;
#2250 = LINE ( 'NONE', #3325, #4440 ) ;
#2251 = CARTESIAN_POINT ( 'NONE',  ( 41.34722426019823160, -16.94371535259523043, -16.26973976478943129 ) ) ;
#2252 = DIRECTION ( 'NONE',  ( 0.000000000000000000, 0.000000000000000000, 1.000000000000000000 ) ) ;
#2253 = CARTESIAN_POINT ( 'NONE',  ( 59.60732273390525648, -6.877646156516677323, -4.823518473558921826 ) ) ;
#2254 = SHAPE_REPRESENTATION ( 'bolt', ( #6116 ), #5127 ) ;
#2255 = SURFACE_STYLE_FILL_AREA ( #630 ) ;
#2256 = CARTESIAN_POINT ( 'NONE',  ( 2.166811225450124390, -7.997222875919394625, -1.005869971546579977 ) ) ;
#2257 = ORIENTED_EDGE ( 'NONE', *, *, #388, .T. ) ;
#2258 = CARTESIAN_POINT ( 'NONE',  ( -53.41455923136585682, 1.790880759819346579, -4.715665804754937795 ) ) ;
#2259 = CARTESIAN_POINT ( 'NONE',  ( -51.93308355936374454, -26.30107415792184611, -2.493491744570711433 ) ) ;
#2260 = AXIS2_PLACEMENT_3D ( 'NONE', #852, #2919, #6076 ) ;
#2261 = VERTEX_POINT ( 'NONE', #2240 ) ;
#2262 = CARTESIAN_POINT ( 'NONE',  ( 6.185334489520561974, -11.58643126517597111, 0.9506724167021913807 ) ) ;
#2263 = CARTESIAN_POINT ( 'NONE',  ( -99.62714321064187573, 37.67440114185975375, -9.912361168911223430 ) ) ;
#2264 = CARTESIAN_POINT ( 'NONE',  ( -9.069765063203622191, -8.924293864812392840, -0.3063930546747388739 ) ) ;
#2265 = CARTESIAN_POINT ( 'NONE',  ( -2.834420581994278934E-15, -34.58816513739292020, -386.7465117133056651 ) ) ;
#2266 = CIRCLE ( 'NONE', #4048, 7.356348135786666909 ) ;
#2267 = CARTESIAN_POINT ( 'NONE',  ( 52.65316087052124772, -29.39523926587736113, -4.610221531654600469 ) ) ;
#2268 = CARTESIAN_POINT ( 'NONE',  ( -12.64466155742121245, 0.5324220885069846920, 0.7938496191064126073 ) ) ;
#2269 = AXIS2_PLACEMENT_3D ( 'NONE', #3305, #1639, #5863 ) ;
#2270 = EDGE_LOOP ( 'NONE', ( #1464, #4468, #4221, #2271 ) ) ;
#2271 = ORIENTED_EDGE ( 'NONE', *, *, #5344, .T. ) ;
#2272 = CARTESIAN_POINT ( 'NONE',  ( 17.07650365562444250, 2.150000493848058802, -0.5649040518558239299 ) ) ;
#2273 = DIRECTION ( 'NONE',  ( 0.000000000000000000, 0.000000000000000000, 1.000000000000000000 ) ) ;
#2274 = CARTESIAN_POINT ( 'NONE',  ( 0.000000000000000000, -0.005000000000000013115, -3.500000000000000888 ) ) ;
#2275 = PRODUCT_DEFINITION_SHAPE ( 'NONE', 'NONE',  #3184 ) ;
#2276 = EDGE_CURVE ( 'NONE', #5764, #2585, #3457, .T. ) ;
#2277 = CARTESIAN_POINT ( 'NONE',  ( 72.36270890600181360, -5.972304474962074394, -15.23888628320016458 ) ) ;
#2278 = CARTESIAN_POINT ( 'NONE',  ( 12.14531741523264863, -27.70012659786750575, 0.8104201857061090752 ) ) ;
#2279 = CARTESIAN_POINT ( 'NONE',  ( -58.52657534262600336, -2.701819843533314724, -4.251608978202903621 ) ) ;
#2280 = VERTEX_POINT ( 'NONE', #6085 ) ;
#2281 = ORIENTED_EDGE ( 'NONE', *, *, #4398, .F. ) ;
#2282 = CARTESIAN_POINT ( 'NONE',  ( 0.000000000000000000, 0.005000000000000446795, 2.520000000000000018 ) ) ;
#2283 = CARTESIAN_POINT ( 'NONE',  ( -27.33604191747682677, -31.35972682035336589, -1.162392623401163227 ) ) ;
#2284 = EDGE_CURVE ( 'NONE', #5869, #6472, #1714, .T. ) ;
#2285 = CARTESIAN_POINT ( 'NONE',  ( 64.32851938454804497, -6.755660768551822848, -6.401571215312066521 ) ) ;
#2286 = CARTESIAN_POINT ( 'NONE',  ( -56.66967970813451672, -0.2272523163447418837, -3.971997243437812131 ) ) ;
#2287 = CARTESIAN_POINT ( 'NONE',  ( 129.6058033746338651, 0.9850000000000002087, 20.15858122326973856 ) ) ;
#2288 = CARTESIAN_POINT ( 'NONE',  ( 56.52884899597769675, -24.90322680848372272, -5.164396660716898957 ) ) ;
#2289 = EDGE_CURVE ( 'NONE', #179, #1442, #791, .T. ) ;
#2290 = CARTESIAN_POINT ( 'NONE',  ( 4.450936988427510954, -9.305438762129755403, -1.025550280658098723 ) ) ;
#2291 = VERTEX_POINT ( 'NONE', #4982 ) ;
#2292 = DIRECTION ( 'NONE',  ( 1.000000000000000000, 0.000000000000000000, 0.000000000000000000 ) ) ;
#2293 = DIRECTION ( 'NONE',  ( 0.0005443633068965336502, 0.9999998518342840814, -2.518186154490093769E-18 ) ) ;
#2294 = ORIENTED_EDGE ( 'NONE', *, *, #2790, .T. ) ;
#2295 = CARTESIAN_POINT ( 'NONE',  ( -4.130266695397194709, -9.027403974367297579, 0.9781794764407675258 ) ) ;
#2296 = PRODUCT_CONTEXT ( 'NONE', #1980, 'mechanical' ) ;
#2297 = CARTESIAN_POINT ( 'NONE',  ( -0.1732050807568873418, -0.3000000000000001554, 0.2000000000000000111 ) ) ;
#2298 = FACE_OUTER_BOUND ( 'NONE', #656, .T. ) ;
#2299 = CARTESIAN_POINT ( 'NONE',  ( 18.14857758862757464, 4.845375726763687219, -1.419764553864800050 ) ) ;
#2300 = DIRECTION ( 'NONE',  ( -1.000000000000000000, -0.000000000000000000, -0.000000000000000000 ) ) ;
#2301 = VECTOR ( 'NONE', #260, 1000.000000000000000 ) ;
#2302 = EDGE_LOOP ( 'NONE', ( #6253, #1862, #1071, #4690 ) ) ;
#2303 = VERTEX_POINT ( 'NONE', #6054 ) ;
#2304 = CARTESIAN_POINT ( 'NONE',  ( 59.48763376947754722, -7.359678565581385001, -5.614523122093435958 ) ) ;
#2305 = CARTESIAN_POINT ( 'NONE',  ( 13.99357879819599759, 1.149385393194002569, 0.08030438086793821595 ) ) ;
#2306 = CARTESIAN_POINT ( 'NONE',  ( -52.28777677516513478, -29.69914521326513679, -4.559550050120425801 ) ) ;
#2307 = CARTESIAN_POINT ( 'NONE',  ( -62.17406678493110661, -9.961853179025142779, -6.043422485588382465 ) ) ;
#2308 = LINE ( 'NONE', #4430, #1948 ) ;
#2309 = DIRECTION ( 'NONE',  ( 1.000000000000000000, 0.000000000000000000, 0.000000000000000000 ) ) ;
#2310 = CARTESIAN_POINT ( 'NONE',  ( -57.44524091399227217, -1.144761270703875677, -4.492110087126294893 ) ) ;
#2311 = ORIENTED_EDGE ( 'NONE', *, *, #2929, .F. ) ;
#2312 = VERTEX_POINT ( 'NONE', #1348 ) ;
#2313 = CARTESIAN_POINT ( 'NONE',  ( 10.62167107672095057, -1.297109020888215225, -1.146229528130366715 ) ) ;
#2314 = CARTESIAN_POINT ( 'NONE',  ( -37.50298005094751375, -31.33405333684924443, -2.018173006419941462 ) ) ;
#2315 = AXIS2_PLACEMENT_3D ( 'NONE', #1765, #214, #6608 ) ;
#2316 = DIRECTION ( 'NONE',  ( 0.7071067811865466846, 0.000000000000000000, 0.7071067811865484609 ) ) ;
#2317 = CARTESIAN_POINT ( 'NONE',  ( 12.05039442140128081, -27.68610425526621199, -1.187587853290362316 ) ) ;
#2318 = CARTESIAN_POINT ( 'NONE',  ( -13.02886724921872030, -24.17499608440391867, -0.01857297501180323399 ) ) ;
#2319 = UNCERTAINTY_MEASURE_WITH_UNIT (LENGTH_MEASURE( 1.000000000000000082E-05 ), #3809, 'distance_accuracy_value', 'NONE');
#2320 = VECTOR ( 'NONE', #2640, 1000.000000000000000 ) ;
#2321 = UNCERTAINTY_MEASURE_WITH_UNIT (LENGTH_MEASURE( 1.000000000000000082E-05 ), #2158, 'distance_accuracy_value', 'NONE');
#2322 = DIRECTION ( 'NONE',  ( -0.7071067811865465735, -0.000000000000000000, -0.7071067811865483499 ) ) ;
#2323 = LINE ( 'NONE', #2695, #2896 ) ;
#2324 = CARTESIAN_POINT ( 'NONE',  ( 6.775456191630172320, -13.92715761747823677, -1.059508375690230153 ) ) ;
#2325 = ORIENTED_EDGE ( 'NONE', *, *, #5189, .F. ) ;
#2326 = CARTESIAN_POINT ( 'NONE',  ( 0.000000000000000000, 0.005000000000000446795, 3.499999999999999112 ) ) ;
#2327 = CARTESIAN_POINT ( 'NONE',  ( 23.34136073444825499, -30.68450847370865375, -0.5046395578391371650 ) ) ;
#2328 = ORIENTED_EDGE ( 'NONE', *, *, #620, .T. ) ;
#2329 = CARTESIAN_POINT ( 'NONE',  ( 18.19580773237316507, -28.77812980441080981, -1.428778175338079492 ) ) ;
#2330 = DIRECTION ( 'NONE',  ( 0.9923179584469474790, 0.0005401815653894893876, -0.1237124793525633676 ) ) ;
#2331 = CARTESIAN_POINT ( 'NONE',  ( 71.61129374225021138, -1.571431512466895164, -15.23888633471938370 ) ) ;
#2332 = VECTOR ( 'NONE', #1285, 1000.000000000000000 ) ;
#2333 = CARTESIAN_POINT ( 'NONE',  ( -56.32096440522947489, 0.1930562393055146320, -3.111844096512232927 ) ) ;
#2334 = CARTESIAN_POINT ( 'NONE',  ( 56.52884899597769675, -24.90322680848372272, -5.164396660716898957 ) ) ;
#2335 = FACE_OUTER_BOUND ( 'NONE', #6712, .T. ) ;
#2336 = ORIENTED_EDGE ( 'NONE', *, *, #1217, .F. ) ;
#2337 = ORIENTED_EDGE ( 'NONE', *, *, #6319, .T. ) ;
#2338 = CARTESIAN_POINT ( 'NONE',  ( -54.13457609172895957, -23.38744780005218971, -3.605479456952054296 ) ) ;
#2339 = FACE_OUTER_BOUND ( 'NONE', #5490, .T. ) ;
#2340 = EDGE_CURVE ( 'NONE', #2613, #5244, #2759, .T. ) ;
#2341 = VECTOR ( 'NONE', #2185, 1000.000000000000114 ) ;
#2343 = AXIS2_PLACEMENT_3D ( 'NONE', #2363, #3299, #3334 ) ;
#2342 = DIRECTION ( 'NONE',  ( -1.000000000000000000, -0.000000000000000000, -0.000000000000000000 ) ) ;
#2344 = B_SPLINE_CURVE_WITH_KNOTS ( 'NONE', 3,
 ( #163, #4800, #5941, #3240 ),
 .UNSPECIFIED., .F., .F.,
 ( 4, 4 ),
 ( 0.000000000000000000, 1.000000000000000000 ),
 .UNSPECIFIED. ) ;
#2345 = DIRECTION ( 'NONE',  ( -0.000000000000000000, 1.000000000000000000, -0.000000000000000000 ) ) ;
#2346 = APPLICATION_CONTEXT ( 'automotive_design' ) ;
#2347 = CARTESIAN_POINT ( 'NONE',  ( -58.46607439635319992, -2.701819843533314724, -4.647007195586356332 ) ) ;
#2348 = ORIENTED_EDGE ( 'NONE', *, *, #81, .F. ) ;
#2349 = VERTEX_POINT ( 'NONE', #3873 ) ;
#2350 = DIRECTION ( 'NONE',  ( -0.8660254037844384856, 0.000000000000000000, 0.5000000000000003331 ) ) ;
#2351 = CARTESIAN_POINT ( 'NONE',  ( 6.567971707365155787, -16.17371138458655011, -0.4558430220179375825 ) ) ;
#2352 = CARTESIAN_POINT ( 'NONE',  ( -54.24251919480320794, -23.38510682105046357, -2.812828075175455744 ) ) ;
#2353 = EDGE_CURVE ( 'NONE', #4905, #3482, #5897, .T. ) ;
#2354 = CARTESIAN_POINT ( 'NONE',  ( 89.99999999999997158, -0.9849999999999993205, 2.520000000000000018 ) ) ;
#2355 = CARTESIAN_POINT ( 'NONE',  ( 45.49568828285851652, -29.67361213521243712, -2.479063390814629120 ) ) ;
#2356 = B_SPLINE_CURVE_WITH_KNOTS ( 'NONE', 1,
 ( #6468, #5369 ),
 .UNSPECIFIED., .F., .F.,
 ( 2, 2 ),
 ( 0.000000000000000000, 1.000000000000000000 ),
 .UNSPECIFIED. ) ;
#2357 = ADVANCED_FACE ( 'NONE', ( #268 ), #5427, .T. ) ;
#2358 =( GEOMETRIC_REPRESENTATION_CONTEXT ( 3 ) GLOBAL_UNCERTAINTY_ASSIGNED_CONTEXT ( ( #5960 ) ) GLOBAL_UNIT_ASSIGNED_CONTEXT ( ( #6083, #1749, #5425 ) ) REPRESENTATION_CONTEXT ( 'NONE', 'WORKASPACE' ) );
#2359 = CARTESIAN_POINT ( 'NONE',  ( 90.00000000000000000, -0.004999999999999579434, 35.00000000000000000 ) ) ;
#2360 = CARTESIAN_POINT ( 'NONE',  ( -46.44301382638712283, -32.54386081562267918, -1.785862158212525586 ) ) ;
#2361 = VERTEX_POINT ( 'NONE', #197 ) ;
#2362 = CARTESIAN_POINT ( 'NONE',  ( 72.36096723560009991, -2.171431038336605113, -14.26371814922621262 ) ) ;
#2363 = CARTESIAN_POINT ( 'NONE',  ( -71.86096730968294821, -2.171158856683157001, -15.23888633471938370 ) ) ;
#2364 = ADVANCED_FACE ( 'NONE', ( #3418 ), #756, .F. ) ;
#2365 = VERTEX_POINT ( 'NONE', #4872 ) ;
#2366 = DIRECTION ( 'NONE',  ( 0.000000000000000000, 1.000000000000000000, -0.000000000000000000 ) ) ;
#2367 = CARTESIAN_POINT ( 'NONE',  ( 44.09476970420809749, 36.01427276729118887, -9.912361168911234088 ) ) ;
#2368 = DIRECTION ( 'NONE',  ( -0.000000000000000000, -0.000000000000000000, -1.000000000000000000 ) ) ;
#2369 = CARTESIAN_POINT ( 'NONE',  ( 14.26963314316694031, 3.627154607124124297, 0.1527629318970429861 ) ) ;
#2370 = CARTESIAN_POINT ( 'NONE',  ( 58.89560150384911452, -11.81794271619483183, -4.712779414730564831 ) ) ;
#2371 = CARTESIAN_POINT ( 'NONE',  ( 89.99999999999997158, -0.004999999999999796274, -2.520000000000001350 ) ) ;
#2372 = ORIENTED_EDGE ( 'NONE', *, *, #6200, .F. ) ;
#2373 = ORIENTED_EDGE ( 'NONE', *, *, #4406, .F. ) ;
#2374 = CARTESIAN_POINT ( 'NONE',  ( 56.78997212353689861, -0.5296701259500246062, -5.203031603510740233 ) ) ;
#2375 = VECTOR ( 'NONE', #1668, 1000.000000000000000 ) ;
#2376 =( GEOMETRIC_REPRESENTATION_CONTEXT ( 3 ) GLOBAL_UNCERTAINTY_ASSIGNED_CONTEXT ( ( #1731 ) ) GLOBAL_UNIT_ASSIGNED_CONTEXT ( ( #6298, #6406, #3676 ) ) REPRESENTATION_CONTEXT ( 'NONE', 'WORKASPACE' ) );
#2377 = CARTESIAN_POINT ( 'NONE',  ( -48.76237278020614241, -28.49353083875422499, -3.285397449537286629 ) ) ;
#2378 = EDGE_CURVE ( 'NONE', #680, #517, #2794, .T. ) ;
#2380 = VECTOR ( 'NONE', #5331, 1000.000000000000000 ) ;
#2379 = DIRECTION ( 'NONE',  ( -0.000000000000000000, -1.000000000000000000, 0.000000000000000000 ) ) ;
#2381 = CARTESIAN_POINT ( 'NONE',  ( -25.31791302717844161, -31.09041393155467148, -1.024816263795965909 ) ) ;
#2382 = AXIS2_PLACEMENT_3D ( 'NONE', #4039, #2399, #817 ) ;
#2383 = DIRECTION ( 'NONE',  ( 1.000000000000000000, 0.000000000000000000, 0.000000000000000000 ) ) ;
#2384 = ORIENTED_EDGE ( 'NONE', *, *, #583, .T. ) ;
#2385 = CARTESIAN_POINT ( 'NONE',  ( -72.36270890600182781, -5.972304474962074394, -12.23888628320016281 ) ) ;
#2386 = CARTESIAN_POINT ( 'NONE',  ( 6.595172042849438476, -16.17371138458655011, 1.143925711922916033 ) ) ;
#2387 = ADVANCED_FACE ( 'NONE', ( #4503 ), #5569, .F. ) ;
#2388 = CARTESIAN_POINT ( 'NONE',  ( 14.11239177324840277, -29.58209075368454677, -1.258000490522850123 ) ) ;
#2389 = CARTESIAN_POINT ( 'NONE',  ( 0.000000000000000000, 0.2500000000000000000, 0.000000000000000000 ) ) ;
#2390 = PRODUCT ( 'handle1', 'handle1', '', ( #4007 ) ) ;
#2391 = CARTESIAN_POINT ( 'NONE',  ( 0.000000000000000000, 0.005000000000000229955, -2.520000000000001350 ) ) ;
#2392 = VECTOR ( 'NONE', #5428, 1000.000000000000000 ) ;
#2393 = VERTEX_POINT ( 'NONE', #2307 ) ;
#2394 = ORIENTED_EDGE ( 'NONE', *, *, #998, .T. ) ;
#2395 = CARTESIAN_POINT ( 'NONE',  ( -59.49463726247082462, -6.865498252993522676, -5.615616212593912415 ) ) ;
#2396 = CARTESIAN_POINT ( 'NONE',  ( -1.626303258728256651E-16, 0.000000000000000000, 0.3464101615137754053 ) ) ;
#2397 = ORIENTED_EDGE ( 'NONE', *, *, #1497, .F. ) ;
#2398 = CARTESIAN_POINT ( 'NONE',  ( 11.36656779634754955, -21.50008955872102234, -1.166668923979881756 ) ) ;
#2399 = DIRECTION ( 'NONE',  ( -0.0005443633068965336502, -0.9999998518342840814, 2.518186154490090688E-18 ) ) ;
#2400 = CARTESIAN_POINT ( 'NONE',  ( 85.16621338183117018, -11.25322035869499793, -8.644742284869915139 ) ) ;
#2401 = CARTESIAN_POINT ( 'NONE',  ( -27.55916494813478224, -14.12491025921078425, 20.20596292038253949 ) ) ;
#2402 = TOROIDAL_SURFACE ( 'NONE', #3289, 37.52000000000000313, 0.9799999999999999822 ) ;
#2403 = CARTESIAN_POINT ( 'NONE',  ( -9.930744766798641265, 1.817884934691601728, 0.8745422543539975724 ) ) ;
#2404 = VECTOR ( 'NONE', #2551, 1000.000000000000114 ) ;
#2405 = ORIENTED_EDGE ( 'NONE', *, *, #4740, .F. ) ;
#2406 = EDGE_LOOP ( 'NONE', ( #97, #4425, #6438, #4401 ) ) ;
#2407 = CARTESIAN_POINT ( 'NONE',  ( -63.99378420912760390, -7.276134807044761565, -4.317168379125917888 ) ) ;
#2408 = DIRECTION ( 'NONE',  ( -0.9991592618355072952, 0.000000000000000000, 0.04099718878562564478 ) ) ;
#2409 = CARTESIAN_POINT ( 'NONE',  ( -10.79584469037356520, -1.060552756510811045, -1.151052177617652772 ) ) ;
#2410 = CARTESIAN_POINT ( 'NONE',  ( -45.49597836867287270, -29.67350893642493759, -2.479099204142312107 ) ) ;
#2411 = CARTESIAN_POINT ( 'NONE',  ( -79.55122200865396564, -6.144661151139389155, -6.841736023232101616 ) ) ;
#2412 = ORIENTED_EDGE ( 'NONE', *, *, #2637, .F. ) ;
#2413 = DIRECTION ( 'NONE',  ( 1.000000000000000000, 0.000000000000000000, 0.000000000000000000 ) ) ;
#2414 = CARTESIAN_POINT ( 'NONE',  ( 6.617599212856925206, -12.65540076342138320, -1.256728234533565969 ) ) ;
#2415 = TOROIDAL_SURFACE ( 'NONE', #875, 37.52000000000000313, 0.9799999999999999822 ) ;
#2416 = AXIS2_PLACEMENT_3D ( 'NONE', #2441, #4571, #1642 ) ;
#2417 = DIRECTION ( 'NONE',  ( 0.9989173828693509449, 0.000000000000000000, -0.04651948195591307234 ) ) ;
#2418 = CARTESIAN_POINT ( 'NONE',  ( -59.40432191909899018, -5.026262070522744096, -4.387071751606526959 ) ) ;
#2419 = CARTESIAN_POINT ( 'NONE',  ( 11.87160399529749277, 0.03245686561050081798, 0.01816907401693605706 ) ) ;
#2420 = CARTESIAN_POINT ( 'NONE',  ( -72.11129381633308810, -1.571431512466894942, -14.73888633471937126 ) ) ;
#2421 = EDGE_CURVE ( 'NONE', #6807, #1610, #4852, .T. ) ;
#2422 = CARTESIAN_POINT ( 'NONE',  ( 116.5306464301193188, 0.9850000000000002087, 8.469353569880784249 ) ) ;
#2423 = EDGE_LOOP ( 'NONE', ( #3743, #262 ) ) ;
#2424 = ORIENTED_EDGE ( 'NONE', *, *, #5386, .T. ) ;
#2425 = DIRECTION ( 'NONE',  ( -1.000000000000000000, -0.000000000000000000, -0.000000000000000000 ) ) ;
#2426 = CARTESIAN_POINT ( 'NONE',  ( 129.6058033746338651, -0.004999999999999796274, 20.15858122326973856 ) ) ;
#2427 = VECTOR ( 'NONE', #2868, 999.9999999999998863 ) ;
#2428 = CARTESIAN_POINT ( 'NONE',  ( 0.3464101615137755164, 7.338015321782662425E-17, 0.2000000000000000111 ) ) ;
#2429 = APPLICATION_PROTOCOL_DEFINITION ( 'draft international standard', 'automotive_design', 1998, #806 ) ;
#2430 = DIRECTION ( 'NONE',  ( 0.000000000000000000, 0.000000000000000000, 1.000000000000000000 ) ) ;
#2431 = CARTESIAN_POINT ( 'NONE',  ( -9.544582894889012792, -10.82513488819481040, -1.318160872762641267 ) ) ;
#2432 = LINE ( 'NONE', #3635, #3579 ) ;
#2433 = CARTESIAN_POINT ( 'NONE',  ( -6.882961957002299513, -16.62723914185377794, -1.061358680241458741 ) ) ;
#2434 = CARTESIAN_POINT ( 'NONE',  ( -46.95471788021471582, 7.018043986565204229, -1.851478931105433823 ) ) ;
#2435 = EDGE_LOOP ( 'NONE', ( #3130, #876, #3703, #5704, #4661 ) ) ;
#2436 = ORIENTED_EDGE ( 'NONE', *, *, #277, .T. ) ;
#2437 = EDGE_CURVE ( 'NONE', #6724, #4163, #2893, .T. ) ;
#2438 = CARTESIAN_POINT ( 'NONE',  ( 59.26948063088013896, -5.215774764227570692, -5.580527178311220915 ) ) ;
#2439 = ADVANCED_FACE ( 'NONE', ( #3612 ), #3856, .T. ) ;
#2440 = CARTESIAN_POINT ( 'NONE',  ( -50.07278984346071127, -27.74486028184681885, -3.455174520063337251 ) ) ;
#2441 = CARTESIAN_POINT ( 'NONE',  ( 0.000000000000000000, -1.494999999999999885, -0.3000000000000001554 ) ) ;
#2442 = EDGE_CURVE ( 'NONE', #2697, #105, #3063, .T. ) ;
#2443 = CARTESIAN_POINT ( 'NONE',  ( -37.50298005094751375, -31.33405333684924443, -2.018173006419941462 ) ) ;
#2444 = CARTESIAN_POINT ( 'NONE',  ( -32.32752180614593840, 7.527193366182290291, -0.9260485905963449227 ) ) ;
#2445 = EDGE_CURVE ( 'NONE', #6266, #4869, #6685, .T. ) ;
#2446 = VERTEX_POINT ( 'NONE', #4137 ) ;
#2447 = FACE_OUTER_BOUND ( 'NONE', #4708, .T. ) ;
#2448 = CARTESIAN_POINT ( 'NONE',  ( -0.4760115647701144703, -7.584668243112911767, -1.198732305125893571 ) ) ;
#2449 = CARTESIAN_POINT ( 'NONE',  ( -20.27845102111992404, -29.85398151820999502, -1.530901218968757638 ) ) ;
#2450 = CARTESIAN_POINT ( 'NONE',  ( 43.61118699262074472, -30.22263418566685544, -1.455111130930478947 ) ) ;
#2451 = CARTESIAN_POINT ( 'NONE',  ( 55.33430034993583035, -21.21479562524318752, -4.178963247104507950 ) ) ;
#2452 = VECTOR ( 'NONE', #4186, 1000.000000000000000 ) ;
#2453 = CARTESIAN_POINT ( 'NONE',  ( 0.000000000000000000, -0.9849999999999997646, -3.500000000000000888 ) ) ;
#2454 = VERTEX_POINT ( 'NONE', #4104 ) ;
#2455 = CARTESIAN_POINT ( 'NONE',  ( -52.50668674978268768, 2.162940687080963542, -2.571652550467943055 ) ) ;
#2456 = CARTESIAN_POINT ( 'NONE',  ( -47.50790178392362861, -28.98723528374028291, -1.921478602765692489 ) ) ;
#2457 = CLOSED_SHELL ( 'NONE', ( #635, #1892, #481, #1426, #4483, #4380, #1427, #1107, #4794, #1489 ) ) ;
#2458 = CARTESIAN_POINT ( 'NONE',  ( 128.9128387290710691, 0.005000000000000229955, 20.85154586883255234 ) ) ;
#2459 = CARTESIAN_POINT ( 'NONE',  ( 63.77604378712435818, -7.455661319347123062, -4.280601321053587149 ) ) ;
#2460 = CARTESIAN_POINT ( 'NONE',  ( 84.35921832641008677, -10.38746360755481035, -7.690126356977740940 ) ) ;
#2461 = CARTESIAN_POINT ( 'NONE',  ( 0.3464101615137755164, 7.338015321782662425E-17, 0.2000000000000000111 ) ) ;
#2462 = STYLED_ITEM ( 'NONE', ( #368 ), #4743 ) ;
#2463 = FACE_OUTER_BOUND ( 'NONE', #6367, .T. ) ;
#2464 = CARTESIAN_POINT ( 'NONE',  ( -55.60223053750220146, 5.350900165469137271, -2.999344878171417594 ) ) ;
#2465 = VERTEX_POINT ( 'NONE', #3050 ) ;
#2466 = DIRECTION ( 'NONE',  ( 0.000000000000000000, 1.000000000000000000, -0.000000000000000000 ) ) ;
#2467 = CARTESIAN_POINT ( 'NONE',  ( 0.000000000000000000, 0.000000000000000000, 0.000000000000000000 ) ) ;
#2468 = VECTOR ( 'NONE', #5185, 1000.000000000000000 ) ;
#2469 =( BOUNDED_CURVE ( )  B_SPLINE_CURVE ( 3, ( #6622, #4624, #5108, #6107 ),
 .UNSPECIFIED., .F., .T. ) 
 B_SPLINE_CURVE_WITH_KNOTS ( ( 4, 4 ),
 ( 3.141592653589790896, 6.283185307179586232 ),
 .UNSPECIFIED. ) 
 CURVE ( )  GEOMETRIC_REPRESENTATION_ITEM ( )  RATIONAL_B_SPLINE_CURVE ( ( 1.000000000000000000, 0.3333333333333325932, 0.3333333333333325932, 1.000000000000000000 ) ) 
 REPRESENTATION_ITEM ( '' )  );
#2470 = CARTESIAN_POINT ( 'NONE',  ( 9.645394742100739549, -3.473169550786824544, 0.07977642203539588028 ) ) ;
#2471 = EDGE_CURVE ( 'NONE', #3129, #3930, #3546, .T. ) ;
#2472 = DIRECTION ( 'NONE',  ( 1.966246612733023172E-08, -0.9999999999999997780, -3.467023854065229448E-09 ) ) ;
#2473 = AXIS2_PLACEMENT_3D ( 'NONE', #3892, #1297, #6643 ) ;
#2474 = ORIENTED_EDGE ( 'NONE', *, *, #6251, .F. ) ;
#2475 = CYLINDRICAL_SURFACE ( 'NONE', #3083, 49.46946406470954116 ) ;
#2476 = CARTESIAN_POINT ( 'NONE',  ( 4.765641028524283840, -9.477908308251766556, 0.3714806137926655594 ) ) ;
#2477 = AXIS2_PLACEMENT_3D ( 'NONE', #1687, #5328, #3881 ) ;
#2478 = ADVANCED_FACE ( 'NONE', ( #426 ), #94, .T. ) ;
#2479 = SURFACE_SIDE_STYLE ('',( #3953 ) ) ;
#2480 = B_SPLINE_CURVE_WITH_KNOTS ( 'NONE', 3,
 ( #5967, #147, #2258, #6473, #1736, #3857, #4002, #4521, #3501, #6547, #1906, #180, #6509, #6037, #4557, #1876, #5613, #6099, #2395, #1258, #6614, #1364, #4481, #3473 ),
 .UNSPECIFIED., .F., .F.,
 ( 4, 2, 2, 2, 2, 2, 2, 2, 2, 2, 2, 4 ),
 ( 0.000000000000000000, 0.001856687408359515784, 0.002785031112539264244, 0.003713374816719013354, 0.005570062225078510273, 0.007426749633438008494, 0.009283437041797504979, 0.01021178074597725062, 0.01114012445015699626, 0.01299681185851649101, 0.01392515556269623839, 0.01485349926687598403 ),
 .UNSPECIFIED. ) ;
#2481 = CYLINDRICAL_SURFACE ( 'NONE', #3401, 0.2500000000000000000 ) ;
#2482 = PLANE ( 'NONE',  #5466 ) ;
#2483 = CARTESIAN_POINT ( 'NONE',  ( 54.13457609172890983, -23.38744780005217550, -3.605479456952025430 ) ) ;
#2484 = EDGE_CURVE ( 'NONE', #3770, #6059, #2619, .T. ) ;
#2485 = EDGE_LOOP ( 'NONE', ( #1655, #3390, #2135, #4120 ) ) ;
#2486 = ORIENTED_EDGE ( 'NONE', *, *, #3151, .F. ) ;
#2487 = CARTESIAN_POINT ( 'NONE',  ( -48.50210279798924518, -31.81614761215615417, -2.045522794672268496 ) ) ;
#2488 = DIRECTION ( 'NONE',  ( 0.000000000000000000, 1.000000000000000000, -0.000000000000000000 ) ) ;
#2489 = EDGE_CURVE ( 'NONE', #6413, #1584, #1673, .T. ) ;
#2490 = DIRECTION ( 'NONE',  ( 0.000000000000000000, 0.000000000000000000, 1.000000000000000000 ) ) ;
#2491 = CARTESIAN_POINT ( 'NONE',  ( 44.02160805910516217, 7.474899988731517730, -1.279600665589333497 ) ) ;
#2492 = CARTESIAN_POINT ( 'NONE',  ( -10.05052394594721399, -25.01956759194336044, 0.8701254972466283544 ) ) ;
#2493 = ORIENTED_EDGE ( 'NONE', *, *, #4722, .F. ) ;
#2494 = VECTOR ( 'NONE', #5633, 1000.000000000000000 ) ;
#2495 = CARTESIAN_POINT ( 'NONE',  ( 14.00156020576243421, -25.39492041076884021, -0.4519966034493404505 ) ) ;
#2496 = PLANE ( 'NONE',  #4508 ) ;
#2497 = ORIENTED_EDGE ( 'NONE', *, *, #132, .F. ) ;
#2498 = SURFACE_SIDE_STYLE ('',( #398 ) ) ;
#2499 = CYLINDRICAL_SURFACE ( 'NONE', #1488, 7.356348066473861635 ) ;
#2500 = CARTESIAN_POINT ( 'NONE',  ( -11.84340811515358993, 0.01362628546534066717, -1.181788545648569499 ) ) ;
#2501 = VECTOR ( 'NONE', #2425, 1000.000000000000000 ) ;
#2502 = CARTESIAN_POINT ( 'NONE',  ( 9.383759799349315145, -13.75709985765672450, -1.114102767982416253 ) ) ;
#2503 = ORIENTED_EDGE ( 'NONE', *, *, #6549, .F. ) ;
#2504 = EDGE_CURVE ( 'NONE', #1667, #2833, #2632, .T. ) ;
#2505 = SURFACE_STYLE_FILL_AREA ( #6206 ) ;
#2506 = CARTESIAN_POINT ( 'NONE',  ( 57.97947156800596957, 4.676923222617614506, -3.351811789592940904 ) ) ;
#2507 = CARTESIAN_POINT ( 'NONE',  ( 27.43061031145749951, -31.35825544685561539, 0.03384235399015991796 ) ) ;
#2508 = B_SPLINE_CURVE_WITH_KNOTS ( 'NONE', 3,
 ( #624, #662, #5506, #1763 ),
 .UNSPECIFIED., .F., .F.,
 ( 4, 4 ),
 ( 0.000000000000000000, 1.000000000000000000 ),
 .UNSPECIFIED. ) ;
#2509 = ORIENTED_EDGE ( 'NONE', *, *, #2284, .T. ) ;
#2510 = MANIFOLD_SOLID_BREP ( 'Cut-Extrude1', #2457 ) ;
#2511 = AXIS2_PLACEMENT_3D ( 'NONE', #3447, #3973, #1371 ) ;
#2512 = CYLINDRICAL_SURFACE ( 'NONE', #1213, 0.9799999999999988720 ) ;
#2513 = EDGE_CURVE ( 'NONE', #1485, #3967, #5577, .T. ) ;
#2514 = EDGE_CURVE ( 'NONE', #1951, #1756, #3972, .T. ) ;
#2515 = CARTESIAN_POINT ( 'NONE',  ( 59.77320851352405384, -7.359678565581387666, -3.634881910926155868 ) ) ;
#2516 = ORIENTED_EDGE ( 'NONE', *, *, #3231, .F. ) ;
#2517 = CARTESIAN_POINT ( 'NONE',  ( 47.41157415211824144, -28.99203072184941732, -2.715594255461417639 ) ) ;
#2518 = EDGE_CURVE ( 'NONE', #1610, #2393, #3213, .T. ) ;
#2519 = EDGE_CURVE ( 'NONE', #5039, #952, #6777, .T. ) ;
#2520 = CARTESIAN_POINT ( 'NONE',  ( 39.61141951582631293, 4.368642006646413556, -2.221305575250018371 ) ) ;
#2521 = AXIS2_PLACEMENT_3D ( 'NONE', #6184, #2725, #101 ) ;
#2522 = DIRECTION ( 'NONE',  ( 0.5000000000000003331, -0.000000000000000000, 0.8660254037844384856 ) ) ;
#2523 = DIRECTION ( 'NONE',  ( -0.000000000000000000, -0.000000000000000000, -1.000000000000000000 ) ) ;
#2524 = AXIS2_PLACEMENT_3D ( 'NONE', #3207, #5327, #3249 ) ;
#2525 = ORIENTED_EDGE ( 'NONE', *, *, #2892, .F. ) ;
#2526 = DIRECTION ( 'NONE',  ( -0.9999998518342840814, 0.0005443633068966335052, 0.000000000000000000 ) ) ;
#2527 = CARTESIAN_POINT ( 'NONE',  ( 6.770832967758924070, -14.37226586872156986, -1.059150969939341325 ) ) ;
#2528 = ORIENTED_EDGE ( 'NONE', *, *, #5231, .F. ) ;
#2529 =( GEOMETRIC_REPRESENTATION_CONTEXT ( 3 ) GLOBAL_UNCERTAINTY_ASSIGNED_CONTEXT ( ( #6504 ) ) GLOBAL_UNIT_ASSIGNED_CONTEXT ( ( #1512, #987, #6750 ) ) REPRESENTATION_CONTEXT ( 'NONE', 'WORKASPACE' ) );
#2530 = CARTESIAN_POINT ( 'NONE',  ( 0.000000000000000000, 0.000000000000000000, 0.000000000000000000 ) ) ;
#2531 =( LENGTH_UNIT ( ) NAMED_UNIT ( * ) SI_UNIT ( .MILLI., .METRE. ) );
#2532 = CARTESIAN_POINT ( 'NONE',  ( -46.20927884503115024, -32.55837742778799537, -3.772186815777801794 ) ) ;
#2533 = DIRECTION ( 'NONE',  ( 0.000000000000000000, 0.000000000000000000, -1.000000000000000000 ) ) ;
#2534 = CARTESIAN_POINT ( 'NONE',  ( 9.970873132852691612, -2.613149264638404912, 0.8717985085117233579 ) ) ;
#2535 = ORIENTED_EDGE ( 'NONE', *, *, #2139, .F. ) ;
#2536 = CARTESIAN_POINT ( 'NONE',  ( 10.35365832981629985, -18.56215944170708454, -1.138790000481002984 ) ) ;
#2537 = ORIENTED_EDGE ( 'NONE', *, *, #3378, .T. ) ;
#2538 = SURFACE_SIDE_STYLE ('',( #2505 ) ) ;
#2539 = CARTESIAN_POINT ( 'NONE',  ( -18.31404313195455913, -28.79335233179123676, 0.5678740871286501735 ) ) ;
#2540 = FACE_OUTER_BOUND ( 'NONE', #1663, .T. ) ;
#2541 = SURFACE_STYLE_USAGE ( .BOTH. , #3652 ) ;
#2542 = CARTESIAN_POINT ( 'NONE',  ( 67.33142813757753231, 1.027496301198058903, -4.890732625976187187 ) ) ;
#2543 = CARTESIAN_POINT ( 'NONE',  ( -54.06258699303149484, -23.38899837551496574, -4.133910014349560846 ) ) ;
#2544 = ORIENTED_EDGE ( 'NONE', *, *, #1223, .T. ) ;
#2545 = ORIENTED_EDGE ( 'NONE', *, *, #4272, .F. ) ;
#2546 = FACE_OUTER_BOUND ( 'NONE', #4775, .T. ) ;
#2547 = B_SPLINE_CURVE_WITH_KNOTS ( 'NONE', 3,
 ( #2096, #1649, #3689, #1615, #2131, #1130, #3799, #501, #534, #2203, #6379, #4215 ),
 .UNSPECIFIED., .F., .F.,
 ( 4, 2, 2, 2, 2, 4 ),
 ( 2.399241184700376382E-13, 0.002764683809365981338, 0.004147025713928998748, 0.005529367618492016592, 0.008294051427618034933, 0.01105873523674405154 ),
 .UNSPECIFIED. ) ;
#2548 = EDGE_CURVE ( 'NONE', #2056, #1756, #4960, .T. ) ;
#2549 = DIRECTION ( 'NONE',  ( -1.000000000000000000, -4.615198660203559618E-17, 0.000000000000000000 ) ) ;
#2550 = VERTEX_POINT ( 'NONE', #641 ) ;
#2551 = DIRECTION ( 'NONE',  ( -0.7969196336751507292, 0.6040853395531655678, -0.000000000000000000 ) ) ;
#2552 = CARTESIAN_POINT ( 'NONE',  ( -59.57645070159809819, -9.352657451645590925, -3.604319627827002215 ) ) ;
#2553 = EDGE_CURVE ( 'NONE', #5272, #5089, #3304, .T. ) ;
#2554 = EDGE_LOOP ( 'NONE', ( #4534, #5593, #1149, #2890, #5885 ) ) ;
#2555 = CARTESIAN_POINT ( 'NONE',  ( 36.04853665823953435, 7.724348755971299774, -2.862905468726401281 ) ) ;
#2556 = CARTESIAN_POINT ( 'NONE',  ( -46.71314626736172926, 7.017967568054302774, -3.836846849953867711 ) ) ;
#2557 = ADVANCED_FACE ( 'NONE', ( #5419 ), #3341, .T. ) ;
#2558 = ORIENTED_EDGE ( 'NONE', *, *, #4996, .F. ) ;
#2559 = CARTESIAN_POINT ( 'NONE',  ( -67.26504051868967338, 1.027701400671258147, -5.267510323812497397 ) ) ;
#2560 = CARTESIAN_POINT ( 'NONE',  ( -47.36256316717077652, -28.99203072184976904, -3.112580304781106921 ) ) ;
#2561 = CYLINDRICAL_SURFACE ( 'NONE', #4612, 0.9799999999999999822 ) ;
#2562 = EDGE_LOOP ( 'NONE', ( #4704, #4509, #2348, #2412, #301, #6003, #3976, #5551, #6789, #3630, #6288, #4190, #6497, #114, #1519, #6108 ) ) ;
#2563 = CARTESIAN_POINT ( 'NONE',  ( 56.00640005381502107, 0.2110309338369010523, -5.087224781757774039 ) ) ;
#2564 = UNCERTAINTY_MEASURE_WITH_UNIT (LENGTH_MEASURE( 1.000000000000000082E-05 ), #3678, 'distance_accuracy_value', 'NONE');
#2565 =( LENGTH_UNIT ( ) NAMED_UNIT ( * ) SI_UNIT ( .MILLI., .METRE. ) );
#2566 = CARTESIAN_POINT ( 'NONE',  ( 3.008424598532020600, -0.4044161024127411741, -1.011002913535687053 ) ) ;
#2567 = EDGE_CURVE ( 'NONE', #1256, #3521, #4494, .T. ) ;
#2568 = CYLINDRICAL_SURFACE ( 'NONE', #5402, 0.9799999999999999822 ) ;
#2569 = ORIENTED_EDGE ( 'NONE', *, *, #5061, .F. ) ;
#2570 = CARTESIAN_POINT ( 'NONE',  ( -13.96868081227350622, 1.151886989079558221, -0.5858519003882814991 ) ) ;
#2571 =( GEOMETRIC_REPRESENTATION_CONTEXT ( 3 ) GLOBAL_UNCERTAINTY_ASSIGNED_CONTEXT ( ( #3361 ) ) GLOBAL_UNIT_ASSIGNED_CONTEXT ( ( #1227, #2747, #2782 ) ) REPRESENTATION_CONTEXT ( 'NONE', 'WORKASPACE' ) );
#2572 = ORIENTED_EDGE ( 'NONE', *, *, #5157, .F. ) ;
#2573 = EDGE_CURVE ( 'NONE', #5981, #5500, #748, .T. ) ;
#2574 = DIRECTION ( 'NONE',  ( -1.000000000000000000, -0.000000000000000000, -0.000000000000000000 ) ) ;
#2575 = CARTESIAN_POINT ( 'NONE',  ( -13.85414377305232314, -25.06183405035023881, 0.7524958646447030830 ) ) ;
#2576 =( LENGTH_UNIT ( ) NAMED_UNIT ( * ) SI_UNIT ( .MILLI., .METRE. ) );
#2577 = DIRECTION ( 'NONE',  ( 0.1427778729813077019, -1.084238558021670469E-15, 0.9897547569913134335 ) ) ;
#2578 = CARTESIAN_POINT ( 'NONE',  ( 48.89472606018743051, -28.43156773899928069, -2.094610620360576547 ) ) ;
#2579 = VERTEX_POINT ( 'NONE', #2887 ) ;
#2580 = ORIENTED_EDGE ( 'NONE', *, *, #583, .F. ) ;
#2581 = CARTESIAN_POINT ( 'NONE',  ( -47.41157415211753090, -28.99203072184976193, -2.715594255461362128 ) ) ;
#2582 = MECHANICAL_DESIGN_GEOMETRIC_PRESENTATION_REPRESENTATION (  '', ( #1931 ), #3484 ) ;
#2583 = EDGE_CURVE ( 'NONE', #1442, #4676, #120, .T. ) ;
#2584 = CARTESIAN_POINT ( 'NONE',  ( 23.34990407083299502, -30.68205076994255975, -0.3715951121664273771 ) ) ;
#2585 = VERTEX_POINT ( 'NONE', #5008 ) ;
#2586 = CARTESIAN_POINT ( 'NONE',  ( 37.50282375004697144, -31.33408441660167654, -2.018158602361642018 ) ) ;
#2587 = CARTESIAN_POINT ( 'NONE',  ( -9.645394742100753760, -3.473169550786899595, 0.07977642203539538068 ) ) ;
#2588 = VECTOR ( 'NONE', #2885, 1000.000000000000000 ) ;
#2589 = EDGE_LOOP ( 'NONE', ( #5581, #6688, #4595, #4300 ) ) ;
#2590 = FACE_OUTER_BOUND ( 'NONE', #5376, .T. ) ;
#2591 = CARTESIAN_POINT ( 'NONE',  ( -6.780902385403509314, -13.92644616146524683, -1.059604135451103657 ) ) ;
#2592 = VERTEX_POINT ( 'NONE', #1263 ) ;
#2593 = CARTESIAN_POINT ( 'NONE',  ( 58.25524751467304441, -14.23974620619897280, -4.209269365215572378 ) ) ;
#2594 = DIRECTION ( 'NONE',  ( 0.0005443633068965336502, -0.9999998518342840814, 2.518186154490090688E-18 ) ) ;
#2595 = EDGE_CURVE ( 'NONE', #5713, #3098, #4295, .T. ) ;
#2596 = VERTEX_POINT ( 'NONE', #4901 ) ;
#2597 = PLANE ( 'NONE',  #6224 ) ;
#2598 =( NAMED_UNIT ( * ) SI_UNIT ( $, .STERADIAN. ) SOLID_ANGLE_UNIT ( ) );
#2599 = CARTESIAN_POINT ( 'NONE',  ( 7.353707848556283899, 0.6579142503003864162, -1.067641445063780559 ) ) ;
#2600 = CARTESIAN_POINT ( 'NONE',  ( 0.000000000000000000, 0.005000000000000446795, 2.520000000000000018 ) ) ;
#2601 = CARTESIAN_POINT ( 'NONE',  ( 8.742947863883845372, 1.288894242893122710, -0.4322259780743297197 ) ) ;
#2602 = ORIENTED_EDGE ( 'NONE', *, *, #3283, .F. ) ;
#2603 = CARTESIAN_POINT ( 'NONE',  ( -55.09881533964198752, 5.501644552193210025, -5.133520115371253745 ) ) ;
#2604 = AXIS2_PLACEMENT_3D ( 'NONE', #859, #3345, #5491 ) ;
#2605 = ORIENTED_EDGE ( 'NONE', *, *, #3458, .F. ) ;
#2606 = CARTESIAN_POINT ( 'NONE',  ( -58.16555545991285925, -22.56656278546666883, -3.385085440575817284 ) ) ;
#2607 = DIRECTION ( 'NONE',  ( 1.000000000000000000, -0.000000000000000000, 0.000000000000000000 ) ) ;
#2608 = PLANE ( 'NONE',  #1963 ) ;
#2609 = DIRECTION ( 'NONE',  ( 1.000000000000000000, 0.000000000000000000, 0.000000000000000000 ) ) ;
#2610 = CARTESIAN_POINT ( 'NONE',  ( 52.34605302607611321, 2.169978146757339577, -3.760746376895274246 ) ) ;
#2611 = CARTESIAN_POINT ( 'NONE',  ( -0.2999999999999999334, 0.2500000000000000000, 0.1732050807568877582 ) ) ;
#2612 = VERTEX_POINT ( 'NONE', #156 ) ;
#2613 = VERTEX_POINT ( 'NONE', #1809 ) ;
#2614 = LINE ( 'NONE', #3286, #3528 ) ;
#2615 = CARTESIAN_POINT ( 'NONE',  ( -37.06567055055444371, 4.424625795244566895, -2.784048985178616320 ) ) ;
#2616 = ORIENTED_EDGE ( 'NONE', *, *, #6518, .T. ) ;
#2617 = DIRECTION ( 'NONE',  ( 0.1297307358694068657, -1.301240194787459201E-14, 0.9915492605870784848 ) ) ;
#2618 = CARTESIAN_POINT ( 'NONE',  ( -9.807889602804950258, -2.891723246447288620, -0.3243663888013705865 ) ) ;
#2619 = CIRCLE ( 'NONE', #2416, 0.5000000000000000000 ) ;
#2620 = VERTEX_POINT ( 'NONE', #4351 ) ;
#2621 = EDGE_CURVE ( 'NONE', #5703, #3129, #2140, .T. ) ;
#2622 = CARTESIAN_POINT ( 'NONE',  ( 36.35460775658133059, 4.516432370505198080, -2.703183856768106796 ) ) ;
#2623 = CARTESIAN_POINT ( 'NONE',  ( -20.59979404264126046, 5.513512805276639561, -1.542623035747721305 ) ) ;
#2624 = ORIENTED_EDGE ( 'NONE', *, *, #523, .F. ) ;
#2625 = FACE_OUTER_BOUND ( 'NONE', #4388, .T. ) ;
#2626 = FACE_OUTER_BOUND ( 'NONE', #5288, .T. ) ;
#2627 = ORIENTED_EDGE ( 'NONE', *, *, #3376, .F. ) ;
#2628 = CARTESIAN_POINT ( 'NONE',  ( -5.886985831969479221, -10.99691582982024052, 0.9553876061571390244 ) ) ;
#2629 = CARTESIAN_POINT ( 'NONE',  ( -9.079150495256559594, -8.924293864812392840, 0.09349684883815227721 ) ) ;
#2630 = STYLED_ITEM ( 'NONE', ( #4634 ), #6481 ) ;
#2631 = CARTESIAN_POINT ( 'NONE',  ( 1.487306110593836106, -0.9949999999999997735, -0.3000000000000001554 ) ) ;
#2632 = LINE ( 'NONE', #5865, #765 ) ;
#2633 = ORIENTED_EDGE ( 'NONE', *, *, #3792, .T. ) ;
#2634 = CARTESIAN_POINT ( 'NONE',  ( 5.709489082598913967, -7.397946776921730638, 0.3687529851234815914 ) ) ;
#2635 = AXIS2_PLACEMENT_3D ( 'NONE', #6060, #2574, #4081 ) ;
#2636 = EDGE_CURVE ( 'NONE', #1267, #5746, #3409, .T. ) ;
#2637 = EDGE_CURVE ( 'NONE', #3547, #6765, #985, .T. ) ;
#2638 = ORIENTED_EDGE ( 'NONE', *, *, #6628, .T. ) ;
#2639 = CARTESIAN_POINT ( 'NONE',  ( -0.2999999999999999334, 0.000000000000000000, -0.1732050807568876194 ) ) ;
#2640 = DIRECTION ( 'NONE',  ( -3.888892839013853754E-18, 1.000000000000000000, 8.887320570202915662E-18 ) ) ;
#2641 = CARTESIAN_POINT ( 'NONE',  ( 0.000000000000000000, -0.9849999999999993205, 2.520000000000000018 ) ) ;
#2642 = ADVANCED_FACE ( 'NONE', ( #4386 ), #6483, .T. ) ;
#2643 = DIRECTION ( 'NONE',  ( -2.153660471889033782E-08, 0.9999999999999997780, 9.962681012984517264E-23 ) ) ;
#2644 = EDGE_CURVE ( 'NONE', #3843, #680, #5652, .T. ) ;
#2645 = FACE_OUTER_BOUND ( 'NONE', #4309, .T. ) ;
#2646 = CARTESIAN_POINT ( 'NONE',  ( 55.51449165058539137, -21.19520942407391928, -2.992504986567031899 ) ) ;
#2647 = CARTESIAN_POINT ( 'NONE',  ( 0.2999999999999999889, 0.000000000000000000, 0.1732050807568873696 ) ) ;
#2648 = ORIENTED_EDGE ( 'NONE', *, *, #5259, .F. ) ;
#2649 = ORIENTED_EDGE ( 'NONE', *, *, #861, .F. ) ;
#2650 = CARTESIAN_POINT ( 'NONE',  ( 48.25500605289746403, -31.82490027087495932, -4.030068685185029587 ) ) ;
#2651 = CARTESIAN_POINT ( 'NONE',  ( 3.061616997868383018E-17, 0.000000000000000000, -0.2500000000000000000 ) ) ;
#2652 = CIRCLE ( 'NONE', #3209, 0.2500000000000000000 ) ;
#2653 = CARTESIAN_POINT ( 'NONE',  ( -33.81172467017952243, 4.452289202176599403, -2.483842749910359693 ) ) ;
#2654 = DIRECTION ( 'NONE',  ( 1.000000000000000000, -0.000000000000000000, 0.000000000000000000 ) ) ;
#2655 = CARTESIAN_POINT ( 'NONE',  ( -9.635423966453018352, -3.473169532923022107, -0.3200992989547349898 ) ) ;
#2656 = ORIENTED_EDGE ( 'NONE', *, *, #1771, .T. ) ;
#2657 = CARTESIAN_POINT ( 'NONE',  ( 44.34907220531735561, -33.13196005066106409, -1.538633571245954679 ) ) ;
#2658 = VECTOR ( 'NONE', #5650, 1000.000000000000114 ) ;
#2659 = VECTOR ( 'NONE', #1487, 1000.000000000000000 ) ;
#2660 = CARTESIAN_POINT ( 'NONE',  ( 26.62400291114862583, 3.973435497282659323, -1.916451176622207653 ) ) ;
#2661 = CARTESIAN_POINT ( 'NONE',  ( -25.49656461738248225, 6.567711103605355483, -1.835726518056387313 ) ) ;
#2662 = ORIENTED_EDGE ( 'NONE', *, *, #2936, .F. ) ;
#2663 = CARTESIAN_POINT ( 'NONE',  ( 61.93783104134367790, -12.60474496175448778, -3.978486378868764994 ) ) ;
#2664 = CARTESIAN_POINT ( 'NONE',  ( 18.30257959562686310, -28.78612595275536989, 0.5684082010727476986 ) ) ;
#2665 = ORIENTED_EDGE ( 'NONE', *, *, #800, .F. ) ;
#2666 = CARTESIAN_POINT ( 'NONE',  ( 0.000000000000000000, -0.9849999999999997646, -3.500000000000000888 ) ) ;
#2667 = FILL_AREA_STYLE_COLOUR ( '', #5785 ) ;
#2668 = CARTESIAN_POINT ( 'NONE',  ( -9.351535363072283502, -13.78996542475779030, -0.3131063924771154139 ) ) ;
#2669 = DIRECTION ( 'NONE',  ( -0.8660254037844384856, 0.000000000000000000, 0.5000000000000003331 ) ) ;
#2670 = EDGE_CURVE ( 'NONE', #393, #5517, #6648, .T. ) ;
#2671 = CARTESIAN_POINT ( 'NONE',  ( 117.2236110756821290, -0.9849999999999997646, 7.776388924317970464 ) ) ;
#2672 = EDGE_LOOP ( 'NONE', ( #2337, #6771 ) ) ;
#2673 = CARTESIAN_POINT ( 'NONE',  ( -24.58806470172772407, 6.491929769951054752, -1.158076824133616123 ) ) ;
#2674 = ORIENTED_EDGE ( 'NONE', *, *, #1292, .F. ) ;
#2675 = ORIENTED_EDGE ( 'NONE', *, *, #5920, .T. ) ;
#2676 = CARTESIAN_POINT ( 'NONE',  ( -71.86096730968294821, -2.171158856683157001, -15.23888633471938370 ) ) ;
#2677 = CARTESIAN_POINT ( 'NONE',  ( -61.19324217710938996, -15.17198164499940916, -3.857942959131193117 ) ) ;
#2678 = CARTESIAN_POINT ( 'NONE',  ( 71.43618241015013837, -1.571431512466895164, -14.92869014664854355 ) ) ;
#2679 = DIRECTION ( 'NONE',  ( 1.000000000000000000, 0.000000000000000000, -0.000000000000000000 ) ) ;
#2680 = LINE ( 'NONE', #4805, #4942 ) ;
#2681 = PLANE ( 'NONE',  #3016 ) ;
#2682 = ORIENTED_EDGE ( 'NONE', *, *, #2621, .T. ) ;
#2683 = ORIENTED_EDGE ( 'NONE', *, *, #5190, .T. ) ;
#2684 = CARTESIAN_POINT ( 'NONE',  ( 74.33232427436544754, 1.027496301198058903, -15.58618261426071605 ) ) ;
#2685 = CARTESIAN_POINT ( 'NONE',  ( 58.52753968899842363, -2.703437305303370675, -4.251756057324731941 ) ) ;
#2686 = EDGE_CURVE ( 'NONE', #974, #6508, #5136, .T. ) ;
#2687 = VECTOR ( 'NONE', #5739, 1000.000000000000000 ) ;
#2688 = DIRECTION ( 'NONE',  ( 0.7071067811865475727, 0.000000000000000000, -0.7071067811865475727 ) ) ;
#2689 =( NAMED_UNIT ( * ) PLANE_ANGLE_UNIT ( ) SI_UNIT ( $, .RADIAN. ) );
#2690 = DIRECTION ( 'NONE',  ( 0.000000000000000000, 0.000000000000000000, 1.000000000000000000 ) ) ;
#2691 = CIRCLE ( 'NONE', #599, 0.2500000000000037192 ) ;
#2692 = CIRCLE ( 'NONE', #6573, 0.9799999999999988720 ) ;
#2693 = EDGE_LOOP ( 'NONE', ( #469, #5233, #2026, #718, #1065 ) ) ;
#2694 = CARTESIAN_POINT ( 'NONE',  ( 66.21390328573284023, -6.067375239207142279, -4.694984318984546157 ) ) ;
#2695 = CARTESIAN_POINT ( 'NONE',  ( -0.2999999999999999334, 0.2500000000000000000, 0.1732050807568877582 ) ) ;
#2696 = CARTESIAN_POINT ( 'NONE',  ( 31.31843899671512332, -31.62473894988010414, -2.268150543515361051 ) ) ;
#2697 = VERTEX_POINT ( 'NONE', #5560 ) ;
#2698 = LINE ( 'NONE', #3782, #45 ) ;
#2699 = CARTESIAN_POINT ( 'NONE',  ( 21.86749820196519778, -30.31020331658562483, 0.3830701671245932971 ) ) ;
#2700 = ORIENTED_EDGE ( 'NONE', *, *, #124, .F. ) ;
#2701 = CARTESIAN_POINT ( 'NONE',  ( 12.85788170344034498, 0.7005016043820935234, -0.4135877600897091555 ) ) ;
#2702 = B_SPLINE_SURFACE_WITH_KNOTS ( 'NONE', 1, 3, ( 
 ( #2159, #2704, #2748, #4829, #1081, #3228 ),
 ( #4384, #5973, #1742, #6369, #2227, #1116 ) ),
 .UNSPECIFIED., .F., .F., .F.,
 ( 2, 2 ),
 ( 4, 2, 4 ),
 ( 0.000000000000000000, 1.000000000000000000 ),
 ( 0.000000000000000000, 0.5000000000000000000, 1.000000000000000000 ),
 .UNSPECIFIED. ) ;
#2703 = FILL_AREA_STYLE ('',( #2667 ) ) ;
#2704 = CARTESIAN_POINT ( 'NONE',  ( -58.95654693898530496, -11.81794265596990456, -4.317449260258889865 ) ) ;
#2705 = CARTESIAN_POINT ( 'NONE',  ( -58.90749079287616752, -3.248946607122637609, -3.500749085924667714 ) ) ;
#2706 = DIRECTION ( 'NONE',  ( 0.7071067811865465735, 0.000000000000000000, 0.7071067811865483499 ) ) ;
#2707 = CARTESIAN_POINT ( 'NONE',  ( -66.98417885191005894, -5.972304432543244168, -12.23888633471946363 ) ) ;
#2708 = VERTEX_POINT ( 'NONE', #6679 ) ;
#2709 = EDGE_LOOP ( 'NONE', ( #777, #192, #4583, #6557 ) ) ;
#2710 = CARTESIAN_POINT ( 'NONE',  ( 0.000000000000000000, 0.005000000000000446795, 3.499999999999999112 ) ) ;
#2711 = ADVANCED_FACE ( 'NONE', ( #6167 ), #3478, .T. ) ;
#2712 = CARTESIAN_POINT ( 'NONE',  ( -9.645364638846952943, -3.473368928882937023, 0.07977735597296738146 ) ) ;
#2713 = CARTESIAN_POINT ( 'NONE',  ( 66.98417885191005894, 1.028568487533104481, -12.23888633471946363 ) ) ;
#2714 = DIRECTION ( 'NONE',  ( -0.9999999999999997780, -2.153660471889033782E-08, 0.000000000000000000 ) ) ;
#2715 = CARTESIAN_POINT ( 'NONE',  ( 23.31723196209582838, -30.68450847370868217, -0.9039111475431274023 ) ) ;
#2716 = AXIS2_PLACEMENT_3D ( 'NONE', #455, #5172, #5687 ) ;
#2717 = CARTESIAN_POINT ( 'NONE',  ( -11.41013876191845000, -21.50636846652926337, -0.3676046761003477492 ) ) ;
#2718 = EDGE_CURVE ( 'NONE', #2708, #3344, #1914, .T. ) ;
#2719 = ORIENTED_EDGE ( 'NONE', *, *, #5977, .T. ) ;
#2720 = EDGE_LOOP ( 'NONE', ( #5786, #2503, #4269, #3030, #893, #5539 ) ) ;
#2721 = CARTESIAN_POINT ( 'NONE',  ( 50.08452706587279835, -27.69305215818025445, -3.054487145854234864 ) ) ;
#2722 = DIRECTION ( 'NONE',  ( 0.000000000000000000, 0.000000000000000000, -1.000000000000000000 ) ) ;
#2723 = EDGE_CURVE ( 'NONE', #5100, #5820, #6191, .T. ) ;
#2724 = AXIS2_PLACEMENT_3D ( 'NONE', #79, #1152, #1565 ) ;
#2725 = DIRECTION ( 'NONE',  ( 0.7071067811865475727, 1.251668095251734027E-15, 0.7071067811865475727 ) ) ;
#2726 = CARTESIAN_POINT ( 'NONE',  ( 7.585483655571564121, -19.91696224599925813, -1.074390370776512560 ) ) ;
#2727 = FACE_OUTER_BOUND ( 'NONE', #796, .T. ) ;
#2728 = AXIS2_PLACEMENT_3D ( 'NONE', #4218, #6311, #6422 ) ;
#2729 = ADVANCED_FACE ( 'NONE', ( #5591 ), #3041, .T. ) ;
#2730 = ADVANCED_FACE ( 'NONE', ( #4621 ), #5680, .T. ) ;
#2731 = ORIENTED_EDGE ( 'NONE', *, *, #1566, .T. ) ;
#2732 = CARTESIAN_POINT ( 'NONE',  ( 59.52264734376945654, -8.744268348890896547, -4.810291964501657525 ) ) ;
#2733 =( BOUNDED_CURVE ( )  B_SPLINE_CURVE ( 3, ( #6132, #5001, #1839, #4446 ),
 .UNSPECIFIED., .F., .T. ) 
 B_SPLINE_CURVE_WITH_KNOTS ( ( 4, 4 ),
 ( 3.141592653589790896, 6.283185307179586232 ),
 .UNSPECIFIED. ) 
 CURVE ( )  GEOMETRIC_REPRESENTATION_ITEM ( )  RATIONAL_B_SPLINE_CURVE ( ( 1.000000000000000000, 0.3333333333333325932, 0.3333333333333325932, 1.000000000000000000 ) ) 
 REPRESENTATION_ITEM ( '' )  );
#2734 = CARTESIAN_POINT ( 'NONE',  ( -23.34921834171599286, -30.68543716192364812, -0.3715405245343104679 ) ) ;
#2735 = DIRECTION ( 'NONE',  ( -1.000000000000000000, 0.000000000000000000, 0.000000000000000000 ) ) ;
#2736 = EDGE_LOOP ( 'NONE', ( #6820, #2665, #520, #5938 ) ) ;
#2737 = B_SPLINE_SURFACE_WITH_KNOTS ( 'NONE', 1, 3, ( 
 ( #200, #5875, #687, #4431, #6456, #1172, #1204, #6492, #1617, #3243 ),
 ( #2715, #3281, #5355, #612, #4841, #95, #2206, #4327, #130, #6421 ) ),
 .UNSPECIFIED., .F., .F., .F.,
 ( 2, 2 ),
 ( 4, 2, 2, 2, 4 ),
 ( 0.000000000000000000, 1.000000000000000000 ),
 ( 0.000000000000000000, 0.2500000000000000000, 0.5000000000000000000, 0.7500000000000000000, 1.000000000000000000 ),
 .UNSPECIFIED. ) ;
#2738 = CYLINDRICAL_SURFACE ( 'NONE', #4484, 35.19179901301509261 ) ;
#2739 = CARTESIAN_POINT ( 'NONE',  ( 0.1732050807568877859, -0.3000000000000001554, 0.000000000000000000 ) ) ;
#2740 = ADVANCED_FACE ( 'NONE', ( #4069 ), #4651, .F. ) ;
#2741 = EDGE_CURVE ( 'NONE', #1584, #3784, #1593, .T. ) ;
#2742 = B_SPLINE_CURVE_WITH_KNOTS ( 'NONE', 1,
 ( #856, #1463 ),
 .UNSPECIFIED., .F., .F.,
 ( 2, 2 ),
 ( 0.000000000000000000, 1.000000000000000000 ),
 .UNSPECIFIED. ) ;
#2743 = ORIENTED_EDGE ( 'NONE', *, *, #4679, .F. ) ;
#2744 = AXIS2_PLACEMENT_3D ( 'NONE', #2600, #5829, #1605 ) ;
#2745 = CARTESIAN_POINT ( 'NONE',  ( 116.5306464301193188, -0.004999999999999796274, 8.469353569880784249 ) ) ;
#2746 = STYLED_ITEM ( 'NONE', ( #4315 ), #2510 ) ;
#2747 =( NAMED_UNIT ( * ) PLANE_ANGLE_UNIT ( ) SI_UNIT ( $, .RADIAN. ) );
#2748 = CARTESIAN_POINT ( 'NONE',  ( -58.25495666096333025, -14.24045285161366081, -4.209224639914890709 ) ) ;
#2749 = FACE_BOUND ( 'NONE', #6802, .T. ) ;
#2750 = CARTESIAN_POINT ( 'NONE',  ( 59.39826745182346457, -9.353953579702759313, -4.790949453183035445 ) ) ;
#2751 =( REPRESENTATION_RELATIONSHIP ('NONE','NONE', #356, #2254 ) REPRESENTATION_RELATIONSHIP_WITH_TRANSFORMATION ( #6103 )SHAPE_REPRESENTATION_RELATIONSHIP( ) );
#2752 = DIRECTION ( 'NONE',  ( 1.000000000000000000, 0.000000000000000000, 0.000000000000000000 ) ) ;
#2753 = ORIENTED_EDGE ( 'NONE', *, *, #5405, .T. ) ;
#2754 = ORIENTED_EDGE ( 'NONE', *, *, #183, .T. ) ;
#2755 = LINE ( 'NONE', #5349, #4715 ) ;
#2756 = CARTESIAN_POINT ( 'NONE',  ( -72.36270919818215930, 1.028568487533104037, -15.23888633471944054 ) ) ;
#2757 = CARTESIAN_POINT ( 'NONE',  ( -9.540246435550077564, -4.066881559149608805, -0.4511061833852678671 ) ) ;
#2758 = B_SPLINE_CURVE_WITH_KNOTS ( 'NONE', 3,
 ( #5362, #5917, #6461, #2721, #618, #2247, #5289, #657, #543, #2137 ),
 .UNSPECIFIED., .F., .F.,
 ( 4, 2, 2, 2, 4 ),
 ( 0.000000000000000000, 0.2500000000000000000, 0.5000000000000000000, 0.7500000000000000000, 1.000000000000000000 ),
 .UNSPECIFIED. ) ;
#2759 = LINE ( 'NONE', #5017, #6166 ) ;
#2760 = VECTOR ( 'NONE', #1994, 1000.000000000000000 ) ;
#2761 = DIRECTION ( 'NONE',  ( 0.000000000000000000, -1.000000000000000000, 0.000000000000000000 ) ) ;
#2762 = CARTESIAN_POINT ( 'NONE',  ( 8.932510918512111431, -23.07800097929343508, 0.8975014197325070775 ) ) ;
#2763 = CARTESIAN_POINT ( 'NONE',  ( -23.31723196209597759, -30.68450847370872481, -0.9039111475431238496 ) ) ;
#2764 = EDGE_LOOP ( 'NONE', ( #4107, #5950, #3683, #3285 ) ) ;
#2765 = ORIENTED_EDGE ( 'NONE', *, *, #6700, .F. ) ;
#2766 = CARTESIAN_POINT ( 'NONE',  ( 31.25754429154862279, -34.62732547160567265, -2.262471183535365693 ) ) ;
#2767 = CARTESIAN_POINT ( 'NONE',  ( 90.00000000000000000, 0.000000000000000000, 35.00000000000000000 ) ) ;
#2768 = PLANE ( 'NONE',  #5867 ) ;
#2769 = CARTESIAN_POINT ( 'NONE',  ( 0.000000000000000000, -0.9849999999999993205, 2.520000000000000018 ) ) ;
#2770 = CARTESIAN_POINT ( 'NONE',  ( 74.33232427436546175, 1.027496301198058903, -12.58618261426071250 ) ) ;
#2771 = B_SPLINE_CURVE_WITH_KNOTS ( 'NONE', 3,
 ( #826, #2532, #6199, #4103, #3150, #4657, #6804, #1981, #4599, #4207, #6684, #2086 ),
 .UNSPECIFIED., .F., .F.,
 ( 4, 2, 2, 2, 2, 4 ),
 ( 2.749625236331565486E-11, 0.006472401169305117691, 0.01294480231111398184, 0.01618100288201841305, 0.01941720345292284600, 0.02588960459473171188 ),
 .UNSPECIFIED. ) ;
#2772 = UNCERTAINTY_MEASURE_WITH_UNIT (LENGTH_MEASURE( 1.000000000000000082E-05 ), #2130, 'distance_accuracy_value', 'NONE');
#2773 = CARTESIAN_POINT ( 'NONE',  ( 58.52657534262616679, -2.701819843533399546, -4.251608978202749078 ) ) ;
#2774 = CARTESIAN_POINT ( 'NONE',  ( -47.36256316717078363, -28.99203072184976193, -3.112580304781065177 ) ) ;
#2775 = CARTESIAN_POINT ( 'NONE',  ( -58.78118442605260441, -11.84211338576883676, -5.504584041029020547 ) ) ;
#2776 = ORIENTED_EDGE ( 'NONE', *, *, #2670, .T. ) ;
#2777 = EDGE_CURVE ( 'NONE', #6796, #6185, #829, .T. ) ;
#2778 = LINE ( 'NONE', #4890, #5354 ) ;
#2779 = CARTESIAN_POINT ( 'NONE',  ( 0.3020426697765826174, -1.893459816837575582, 0.2999999999999998224 ) ) ;
#2780 = ORIENTED_EDGE ( 'NONE', *, *, #431, .T. ) ;
#2781 = CARTESIAN_POINT ( 'NONE',  ( 47.41157415211752379, -28.99203072184975483, -2.715594255461320383 ) ) ;
#2782 =( NAMED_UNIT ( * ) SI_UNIT ( $, .STERADIAN. ) SOLID_ANGLE_UNIT ( ) );
#2783 = FACE_OUTER_BOUND ( 'NONE', #2149, .T. ) ;
#2784 = EDGE_CURVE ( 'NONE', #4458, #857, #5772, .T. ) ;
#2785 = CARTESIAN_POINT ( 'NONE',  ( -66.98417885191005894, 1.028568487533104481, -6.860355988447369491 ) ) ;
#2786 = CARTESIAN_POINT ( 'NONE',  ( 48.25500605289746403, -31.82490027087495932, -4.030068685185029587 ) ) ;
#2787 = DIRECTION ( 'NONE',  ( 0.000000000000000000, 1.000000000000000000, -0.000000000000000000 ) ) ;
#2788 = ORIENTED_EDGE ( 'NONE', *, *, #4668, .T. ) ;
#2789 = ORIENTED_EDGE ( 'NONE', *, *, #6463, .F. ) ;
#2790 = EDGE_CURVE ( 'NONE', #3033, #2136, #2432, .T. ) ;
#2791 = DIRECTION ( 'NONE',  ( 0.000000000000000000, 0.000000000000000000, -1.000000000000000000 ) ) ;
#2792 = FILL_AREA_STYLE ('',( #4501 ) ) ;
#2793 = DIRECTION ( 'NONE',  ( -0.9999998518342840814, 0.0005443633068966032560, 0.000000000000000000 ) ) ;
#2794 = LINE ( 'NONE', #6017, #3627 ) ;
#2795 = DIRECTION ( 'NONE',  ( 4.884682305490612792E-17, 1.000000000000000000, 2.666878455998264135E-17 ) ) ;
#2796 = CARTESIAN_POINT ( 'NONE',  ( 15.56683121170299877, -30.60167159744600340, 0.6876634999766986223 ) ) ;
#2797 = CARTESIAN_POINT ( 'NONE',  ( 10.38498163763279258, -18.55947972158575965, -0.3395269496878072779 ) ) ;
#2798 = ADVANCED_FACE ( 'NONE', ( #4749 ), #590, .T. ) ;
#2799 = ORIENTED_EDGE ( 'NONE', *, *, #1917, .F. ) ;
#2800 = VERTEX_POINT ( 'NONE', #5855 ) ;
#2801 = PLANE ( 'NONE',  #1878 ) ;
#2802 = CARTESIAN_POINT ( 'NONE',  ( 56.21171299745672911, 0.1889200141085207452, -3.904379775043179013 ) ) ;
#2803 = B_SPLINE_SURFACE_WITH_KNOTS ( 'NONE', 1, 3, ( 
 ( #4623, #3111, #4098, #6169, #1495, #3078, #3638, #394, #5169, #1564 ),
 ( #1434, #5754, #5683, #1009, #2495, #3673, #4130, #5234, #3537, #6705 ) ),
 .UNSPECIFIED., .F., .F., .F.,
 ( 2, 2 ),
 ( 4, 2, 2, 2, 4 ),
 ( 0.000000000000000000, 1.000000000000000000 ),
 ( 0.000000000000000000, 0.2500000000000000000, 0.5000000000000000000, 0.7500000000000000000, 1.000000000000000000 ),
 .UNSPECIFIED. ) ;
#2804 = PRESENTATION_LAYER_ASSIGNMENT (  '', '', ( #820 ) ) ;
#2805 = CARTESIAN_POINT ( 'NONE',  ( -56.52855893738279747, -24.90305529588341926, -5.164358709820375815 ) ) ;
#2806 = CARTESIAN_POINT ( 'NONE',  ( 9.961843041154647693, -25.01041579966353368, -1.128248712034450429 ) ) ;
#2807 = CARTESIAN_POINT ( 'NONE',  ( 71.61096734672436526, -2.171022765856432724, -15.23888633471938370 ) ) ;
#2808 = EDGE_CURVE ( 'NONE', #2915, #3321, #4205, .T. ) ;
#2809 = CARTESIAN_POINT ( 'NONE',  ( -0.2999999999999999334, 0.000000000000000000, 0.1732050807568877582 ) ) ;
#2810 = CARTESIAN_POINT ( 'NONE',  ( 67.33147515571978658, -5.972304432543244168, -4.890740774630716992 ) ) ;
#2811 = CARTESIAN_POINT ( 'NONE',  ( -5.366830824352703644, -10.27431437002244330, -1.037256733366910266 ) ) ;
#2812 = ORIENTED_EDGE ( 'NONE', *, *, #6446, .F. ) ;
#2813 = CARTESIAN_POINT ( 'NONE',  ( 67.15821575622180717, -5.972304453705173266, -5.873343657081524505 ) ) ;
#2814 = CARTESIAN_POINT ( 'NONE',  ( 23.31723196209548377, -30.68450847370865375, -0.9039111475430683385 ) ) ;
#2815 = ORIENTED_EDGE ( 'NONE', *, *, #2489, .F. ) ;
#2816 = CARTESIAN_POINT ( 'NONE',  ( -5.100653341573453403, -9.922511038056322619, 0.9665772604851359251 ) ) ;
#2817 = FACE_OUTER_BOUND ( 'NONE', #427, .T. ) ;
#2818 = CARTESIAN_POINT ( 'NONE',  ( -59.33549692276010035, -4.420054746823223191, -3.566836946533133546 ) ) ;
#2819 = CARTESIAN_POINT ( 'NONE',  ( 53.71763796095903132, -28.50580673394102860, -4.757899358496212372 ) ) ;
#2820 = ADVANCED_FACE ( 'NONE', ( #5752 ), #5718, .T. ) ;
#2821 = CARTESIAN_POINT ( 'NONE',  ( 0.000000000000000000, -1.494999999999999885, 0.2999999999999998224 ) ) ;
#2822 = ORIENTED_EDGE ( 'NONE', *, *, #231, .F. ) ;
#2823 = EDGE_LOOP ( 'NONE', ( #5372, #5815, #4001, #6049 ) ) ;
#2824 = DIRECTION ( 'NONE',  ( 1.000000000000000000, 0.000000000000000000, 0.000000000000000000 ) ) ;
#2825 = CARTESIAN_POINT ( 'NONE',  ( -9.545808712541447250, -4.067225507411758478, -0.3178853749501997505 ) ) ;
#2826 = FACE_OUTER_BOUND ( 'NONE', #1598, .T. ) ;
#2827 = CARTESIAN_POINT ( 'NONE',  ( 13.44035495087013921, 0.9646318483664635401, 0.7674204443138528120 ) ) ;
#2828 = PRODUCT ( 'glass_Assembly', 'glass_Assembly', '', ( #5933 ) ) ;
#2829 = DIRECTION ( 'NONE',  ( -1.000000000000000000, 0.000000000000000000, 0.000000000000000000 ) ) ;
#2830 = CARTESIAN_POINT ( 'NONE',  ( 12.93503146171063278, -28.50131055103784661, 0.7851230959716860580 ) ) ;
#2831 = FACE_OUTER_BOUND ( 'NONE', #511, .T. ) ;
#2832 = ORIENTED_EDGE ( 'NONE', *, *, #2237, .F. ) ;
#2833 = VERTEX_POINT ( 'NONE', #6329 ) ;
#2834 = B_SPLINE_CURVE_WITH_KNOTS ( 'NONE', 3,
 ( #6772, #366, #3608, #914, #2009, #3013, #6683, #4169, #4721, #5206, #4626, #1465, #3570, #1500, #3047, #3084 ),
 .UNSPECIFIED., .F., .F.,
 ( 4, 2, 2, 2, 2, 2, 2, 4 ),
 ( 0.000000000000000000, 0.2500000000000000000, 0.3750000000000000000, 0.5000000000000000000, 0.6250000000000000000, 0.7500000000000000000, 0.8750000000000000000, 1.000000000000000000 ),
 .UNSPECIFIED. ) ;
#2835 = DIRECTION ( 'NONE',  ( 0.000000000000000000, 0.000000000000000000, -1.000000000000000000 ) ) ;
#2836 = CARTESIAN_POINT ( 'NONE',  ( 6.813699953760184336, -14.37202565151981837, 0.2731792852246883174 ) ) ;
#2837 = VECTOR ( 'NONE', #6305, 1000.000000000000000 ) ;
#2838 = CARTESIAN_POINT ( 'NONE',  ( 66.41835767972639815, -5.973096690412699417, -6.760586750016124746 ) ) ;
#2839 = CARTESIAN_POINT ( 'NONE',  ( -56.21180529909904067, 0.1888901564862209836, -3.904393205212852269 ) ) ;
#2840 = CARTESIAN_POINT ( 'NONE',  ( 31.43914509817658498, -31.62509332549632290, -1.073906564222460336 ) ) ;
#2841 = EDGE_CURVE ( 'NONE', #1571, #1837, #3621, .T. ) ;
#2842 = LINE ( 'NONE', #317, #6394 ) ;
#2843 = CARTESIAN_POINT ( 'NONE',  ( 72.11129381633308810, -1.571431512466895164, -15.23888633471938370 ) ) ;
#2844 = B_SPLINE_CURVE_WITH_KNOTS ( 'NONE', 3,
 ( #6488, #1312, #2305, #683 ),
 .UNSPECIFIED., .F., .F.,
 ( 4, 4 ),
 ( 0.000000000000000000, 1.000000000000000000 ),
 .UNSPECIFIED. ) ;
#2845 = CARTESIAN_POINT ( 'NONE',  ( -2.170214062870229998, -8.009589053353188604, -1.006047187296289502 ) ) ;
#2846 = ORIENTED_EDGE ( 'NONE', *, *, #6626, .T. ) ;
#2847 = DIRECTION ( 'NONE',  ( -0.7969196336751507292, 0.6040853395531655678, -0.000000000000000000 ) ) ;
#2848 = DIRECTION ( 'NONE',  ( -0.000000000000000000, -1.000000000000000000, 0.000000000000000000 ) ) ;
#2849 = ADVANCED_FACE ( 'NONE', ( #5230 ), #3742, .T. ) ;
#2850 = ORIENTED_EDGE ( 'NONE', *, *, #853, .T. ) ;
#2851 = CARTESIAN_POINT ( 'NONE',  ( -2.175865771455035791, -8.007718860282226458, 0.9939527842234882060 ) ) ;
#2852 = LINE ( 'NONE', #6618, #2588 ) ;
#2853 = DIRECTION ( 'NONE',  ( 1.000000000000000000, 0.000000000000000000, 0.000000000000000000 ) ) ;
#2854 = CARTESIAN_POINT ( 'NONE',  ( 0.3020426697765826174, -1.893459816837575582, -0.3000000000000001554 ) ) ;
#2855 = CARTESIAN_POINT ( 'NONE',  ( 112.9668282529391092, -0.9849999999999993205, 12.03317174706098136 ) ) ;
#2856 = AXIS2_PLACEMENT_3D ( 'NONE', #2854, #6011, #1193 ) ;
#2857 = ORIENTED_EDGE ( 'NONE', *, *, #4996, .T. ) ;
#2858 = EDGE_LOOP ( 'NONE', ( #2235, #302, #2257, #4834 ) ) ;
#2859 = CARTESIAN_POINT ( 'NONE',  ( -72.11096727264151696, -2.171294947509881279, -15.23888633471938370 ) ) ;
#2860 =( NAMED_UNIT ( * ) SI_UNIT ( $, .STERADIAN. ) SOLID_ANGLE_UNIT ( ) );
#2861 = CARTESIAN_POINT ( 'NONE',  ( 27.53732070384113229, -14.12482777125373445, 20.08576758616720781 ) ) ;
#2862 = DIRECTION ( 'NONE',  ( -1.966246612733025158E-08, -0.9999999999999997780, 0.000000000000000000 ) ) ;
#2863 = FACE_OUTER_BOUND ( 'NONE', #904, .T. ) ;
#2864 = EDGE_CURVE ( 'NONE', #2596, #4292, #1150, .T. ) ;
#2865 = CARTESIAN_POINT ( 'NONE',  ( -54.66818113438648652, 1.301886109526658064, -4.084005447966251090 ) ) ;
#2866 = ORIENTED_EDGE ( 'NONE', *, *, #62, .F. ) ;
#2867 = EDGE_LOOP ( 'NONE', ( #6821, #5228 ) ) ;
#2868 = DIRECTION ( 'NONE',  ( -4.173484458121925752E-08, 0.9999999999999992228, -7.358978692125614202E-09 ) ) ;
#2869 = CARTESIAN_POINT ( 'NONE',  ( -6.361568616881635663, -11.82672518258413596, -0.4521676749980989563 ) ) ;
#2870 = VECTOR ( 'NONE', #3628, 1000.000000000000000 ) ;
#2871 = EDGE_CURVE ( 'NONE', #1397, #4265, #5408, .T. ) ;
#2872 = CARTESIAN_POINT ( 'NONE',  ( 22.67612527335521833, -33.62629957799191516, -1.667061108909974498 ) ) ;
#2873 = CARTESIAN_POINT ( 'NONE',  ( -37.54178829669751138, -31.33405333684923733, -1.620054459700543292 ) ) ;
#2874 = UNCERTAINTY_MEASURE_WITH_UNIT (LENGTH_MEASURE( 1.000000000000000082E-05 ), #737, 'distance_accuracy_value', 'NONE');
#2875 = VECTOR ( 'NONE', #1856, 1000.000000000000114 ) ;
#2876 = CARTESIAN_POINT ( 'NONE',  ( -8.077060078554088918, 0.9847580688779450364, 0.9164812141931398815 ) ) ;
#2877 = CARTESIAN_POINT ( 'NONE',  ( -30.37848913242546089, -34.55812237626058447, -0.1903097258124247793 ) ) ;
#2878 = ORIENTED_EDGE ( 'NONE', *, *, #1049, .T. ) ;
#2879 = CARTESIAN_POINT ( 'NONE',  ( 128.9128387290710691, -0.9849999999999997646, 20.85154586883255234 ) ) ;
#2880 = FACE_OUTER_BOUND ( 'NONE', #541, .T. ) ;
#2881 = ORIENTED_EDGE ( 'NONE', *, *, #3980, .T. ) ;
#2882 = DIRECTION ( 'NONE',  ( 7.209240419643872983E-15, 0.000000000000000000, -1.000000000000000000 ) ) ;
#2883 = PRODUCT ( 'frame2', 'frame2', '', ( #5588 ) ) ;
#2884 = DIRECTION ( 'NONE',  ( 0.8635690748501867464, 0.0004700953869710447985, 0.5042303362281166379 ) ) ;
#2885 = DIRECTION ( 'NONE',  ( -0.000000000000000000, -1.000000000000000000, -0.000000000000000000 ) ) ;
#2886 = CARTESIAN_POINT ( 'NONE',  ( -3.698632272939463395, -5.769959496445904001, 1.202808780112794018 ) ) ;
#2887 = CARTESIAN_POINT ( 'NONE',  ( 0.1732050807568877859, 0.2999999999999999334, 0.000000000000000000 ) ) ;
#2888 = DIRECTION ( 'NONE',  ( 0.000000000000000000, -6.195440985631455317E-17, -1.000000000000000000 ) ) ;
#2889 = ORIENTED_EDGE ( 'NONE', *, *, #2871, .T. ) ;
#2890 = ORIENTED_EDGE ( 'NONE', *, *, #4030, .F. ) ;
#2891 = CARTESIAN_POINT ( 'NONE',  ( -63.79219961493777191, -7.474237378853266556, -4.283510384314800135 ) ) ;
#2892 = EDGE_CURVE ( 'NONE', #3513, #3413, #2219, .T. ) ;
#2893 = B_SPLINE_CURVE_WITH_KNOTS ( 'NONE', 3,
 ( #6490, #2827, #1787, #3909, #5494, #4659, #3518, #5632, #2959, #6745, #1505, #2534, #947, #3574, #5660, #1440 ),
 .UNSPECIFIED., .F., .F.,
 ( 4, 2, 2, 2, 2, 2, 2, 4 ),
 ( 5.540602477926830321E-14, 0.001793784780190117245, 0.002690677170257472876, 0.003587569560324828724, 0.004484461950392184572, 0.005381354340459539552, 0.006278246730526895400, 0.007175139120594251248 ),
 .UNSPECIFIED. ) ;
#2894 = CARTESIAN_POINT ( 'NONE',  ( 117.2236110756821290, -0.9849999999999997646, 7.776388924317967799 ) ) ;
#2895 = DIRECTION ( 'NONE',  ( 0.000000000000000000, 1.000000000000000000, -0.000000000000000000 ) ) ;
#2896 = VECTOR ( 'NONE', #3219, 1000.000000000000227 ) ;
#2897 = DIRECTION ( 'NONE',  ( 0.000000000000000000, 0.000000000000000000, 1.000000000000000000 ) ) ;
#2898 = CARTESIAN_POINT ( 'NONE',  ( -27.33604191747682677, -31.35972682035336589, -1.162392623401163227 ) ) ;
#2899 = CARTESIAN_POINT ( 'NONE',  ( 0.000000000000000000, 0.005000000000000229955, -3.500000000000000888 ) ) ;
#2900 = ORIENTED_EDGE ( 'NONE', *, *, #5119, .F. ) ;
#2901 = ORIENTED_EDGE ( 'NONE', *, *, #3319, .F. ) ;
#2902 = FACE_OUTER_BOUND ( 'NONE', #4987, .T. ) ;
#2903 = CARTESIAN_POINT ( 'NONE',  ( -6.851949696828908642, -14.93827723285031794, 0.3393777330487972033 ) ) ;
#2904 = B_SPLINE_CURVE_WITH_KNOTS ( 'NONE', 3,
 ( #5099, #6671, #1939, #6159, #3529, #3000 ),
 .UNSPECIFIED., .F., .F.,
 ( 4, 2, 4 ),
 ( 0.000000000000000000, 0.5000000000000000000, 1.000000000000000000 ),
 .UNSPECIFIED. ) ;
#2905 = SURFACE_SIDE_STYLE ('',( #1762 ) ) ;
#2906 = CARTESIAN_POINT ( 'NONE',  ( 0.000000000000000000, -0.9849999999999997646, -2.520000000000001350 ) ) ;
#2907 = CARTESIAN_POINT ( 'NONE',  ( -48.76237278020614241, -28.49353083875422499, -3.285397449537286629 ) ) ;
#2908 =( GEOMETRIC_REPRESENTATION_CONTEXT ( 3 ) GLOBAL_UNCERTAINTY_ASSIGNED_CONTEXT ( ( #3677 ) ) GLOBAL_UNIT_ASSIGNED_CONTEXT ( ( #3227, #524, #597 ) ) REPRESENTATION_CONTEXT ( 'NONE', 'WORKASPACE' ) );
#2909 = CYLINDRICAL_SURFACE ( 'NONE', #5214, 0.9799999999999988720 ) ;
#2910 = EDGE_LOOP ( 'NONE', ( #3657, #5219, #3012, #669 ) ) ;
#2911 = EDGE_LOOP ( 'NONE', ( #2373, #5663, #5265, #4756 ) ) ;
#2912 = CARTESIAN_POINT ( 'NONE',  ( -54.61552303293980515, -27.84792790528265982, -2.865526874587438044 ) ) ;
#2913 = DIRECTION ( 'NONE',  ( 0.000000000000000000, -1.000000000000000000, 2.518185781381239098E-18 ) ) ;
#2914 = ORIENTED_EDGE ( 'NONE', *, *, #2929, .T. ) ;
#2915 = VERTEX_POINT ( 'NONE', #5888 ) ;
#2916 = CARTESIAN_POINT ( 'NONE',  ( 90.00000000000000000, -0.004999999999999579434, 35.00000000000000000 ) ) ;
#2917 = DIRECTION ( 'NONE',  ( 0.000000000000000000, 1.000000000000000000, 0.000000000000000000 ) ) ;
#2918 = CARTESIAN_POINT ( 'NONE',  ( 20.88870743910206684, 5.657392638444434851, 0.6618742893154093698 ) ) ;
#2919 = DIRECTION ( 'NONE',  ( -0.9999999999999998890, -1.966246612733025489E-08, 4.625929269271484533E-15 ) ) ;
#2920 = CARTESIAN_POINT ( 'NONE',  ( -13.47256388744661493, 3.237150294209962809, 0.7676852033892364036 ) ) ;
#2921 = ORIENTED_EDGE ( 'NONE', *, *, #6726, .F. ) ;
#2922 = ORIENTED_EDGE ( 'NONE', *, *, #3300, .T. ) ;
#2923 = CARTESIAN_POINT ( 'NONE',  ( 66.98417879198578362, -5.972304474962074394, -6.860356279145685576 ) ) ;
#2924 = CARTESIAN_POINT ( 'NONE',  ( 66.98417885191005894, -5.972304432543244168, -12.23888633471946363 ) ) ;
#2925 = CARTESIAN_POINT ( 'NONE',  ( -10.61885063880299640, -1.300973793259933675, -1.146152381862515668 ) ) ;
#2926 = CARTESIAN_POINT ( 'NONE',  ( -23.31723196209597759, -30.68450847370872481, -0.9039111475431274023 ) ) ;
#2927 = VECTOR ( 'NONE', #3469, 1000.000000000000114 ) ;
#2928 = CARTESIAN_POINT ( 'NONE',  ( 14.00156020576243421, -25.39492041076884021, -0.4519966034493404505 ) ) ;
#2929 = EDGE_CURVE ( 'NONE', #3530, #1607, #1725, .T. ) ;
#2930 = ORIENTED_EDGE ( 'NONE', *, *, #3029, .T. ) ;
#2931 = CARTESIAN_POINT ( 'NONE',  ( -0.1732050807568876749, 0.2999999999999999334, 0.2000000000000000111 ) ) ;
#2932 = CARTESIAN_POINT ( 'NONE',  ( -5.386083369828873479, -10.18390284179582395, -1.237030813277839369 ) ) ;
#2933 = FILL_AREA_STYLE ('',( #3524 ) ) ;
#2934 = CARTESIAN_POINT ( 'NONE',  ( -59.66899490042772669, -6.875903892941613194, -4.428301248097812781 ) ) ;
#2935 = DIRECTION ( 'NONE',  ( 1.000000000000000000, 0.000000000000000000, 0.000000000000000000 ) ) ;
#2936 = EDGE_CURVE ( 'NONE', #3353, #5211, #1734, .T. ) ;
#2937 = SURFACE_STYLE_FILL_AREA ( #842 ) ;
#2938 = AXIS2_PLACEMENT_3D ( 'NONE', #5497, #794, #270 ) ;
#2939 = DIRECTION ( 'NONE',  ( 0.000000000000000000, 1.000000000000000000, -0.000000000000000000 ) ) ;
#2940 = VERTEX_POINT ( 'NONE', #6002 ) ;
#2941 = ORIENTED_EDGE ( 'NONE', *, *, #5240, .T. ) ;
#2942 = LINE ( 'NONE', #323, #2501 ) ;
#2943 = CARTESIAN_POINT ( 'NONE',  ( -72.34180289922092300, -37.37647387807167831, -15.23888633471944054 ) ) ;
#2944 = ADVANCED_FACE ( 'NONE', ( #6545, #631 ), #1800, .T. ) ;
#2945 = VECTOR ( 'NONE', #230, 1000.000000000000000 ) ;
#2946 = EDGE_CURVE ( 'NONE', #3587, #5422, #4142, .T. ) ;
#2947 = CARTESIAN_POINT ( 'NONE',  ( 0.8854739523976207227, -7.699177788817934243, 0.9992310134239015262 ) ) ;
#2948 = CARTESIAN_POINT ( 'NONE',  ( 0.000000000000000000, -1.494999999999999885, 0.2999999999999998224 ) ) ;
#2949 = CARTESIAN_POINT ( 'NONE',  ( -3.683378089834268287, -5.769959496445904001, -0.3972028020317934227 ) ) ;
#2950 = CARTESIAN_POINT ( 'NONE',  ( -7.668799275279444494, -19.91870787944232646, 0.9243544433528988469 ) ) ;
#2951 = EDGE_CURVE ( 'NONE', #3335, #6796, #4880, .T. ) ;
#2952 = CARTESIAN_POINT ( 'NONE',  ( -6.830263914453380991, -14.37196701744635874, 0.9395455454612601232 ) ) ;
#2953 = CYLINDRICAL_SURFACE ( 'NONE', #299, 49.46972388536094911 ) ;
#2954 = ORIENTED_EDGE ( 'NONE', *, *, #3555, .F. ) ;
#2955 = ORIENTED_EDGE ( 'NONE', *, *, #2011, .T. ) ;
#2956 = CARTESIAN_POINT ( 'NONE',  ( -64.65345083708767504, -6.731627584623941729, -4.427943632952580977 ) ) ;
#2957 = DIRECTION ( 'NONE',  ( -0.000000000000000000, -1.000000000000000000, 0.000000000000000000 ) ) ;
#2958 = SHAPE_REPRESENTATION ( 'handle2', ( #6116 ), #587 ) ;
#2959 = CARTESIAN_POINT ( 'NONE',  ( 10.68594877587057823, -1.295012427949761014, 0.8527583608199463816 ) ) ;
#2960 = CARTESIAN_POINT ( 'NONE',  ( 0.1732050807568877859, -0.3000000000000001554, 0.2000000000000000111 ) ) ;
#2961 = CARTESIAN_POINT ( 'NONE',  ( -61.81339526742088708, 3.413243352908217343, -4.548337428954655870 ) ) ;
#2962 = ORIENTED_EDGE ( 'NONE', *, *, #4056, .T. ) ;
#2963 = CARTESIAN_POINT ( 'NONE',  ( -4.030801139315241421, -8.867433818977792370, 0.3800456481175772949 ) ) ;
#2964 = AXIS2_PLACEMENT_3D ( 'NONE', #2087, #3751, #3152 ) ;
#2965 = DIRECTION ( 'NONE',  ( 0.9999998518342840814, -0.0005443633068965226997, 0.000000000000000000 ) ) ;
#2966 = DIRECTION ( 'NONE',  ( 0.9999999999999991118, -4.173484458121928399E-08, -4.625929269271479011E-15 ) ) ;
#2967 = DIRECTION ( 'NONE',  ( -0.000000000000000000, -1.000000000000000000, 0.000000000000000000 ) ) ;
#2968 = PRODUCT_DEFINITION ( 'UNKNOWN', '', #154, #1289 ) ;
#2969 = DIRECTION ( 'NONE',  ( 1.000000000000000000, 0.000000000000000000, 0.000000000000000000 ) ) ;
#2970 = ORIENTED_EDGE ( 'NONE', *, *, #2573, .T. ) ;
#2971 = CYLINDRICAL_SURFACE ( 'NONE', #2473, 0.4999999999999796829 ) ;
#2972 = CARTESIAN_POINT ( 'NONE',  ( 9.522627960318182261, -4.066707890778600287, -1.117532755479633266 ) ) ;
#2973 = TOROIDAL_SURFACE ( 'NONE', #2315, 37.52000000000000313, 0.9799999999999999822 ) ;
#2974 = CARTESIAN_POINT ( 'NONE',  ( 49.27413171099099287, 3.005035185339822501, -2.937160778460246924 ) ) ;
#2975 = CARTESIAN_POINT ( 'NONE',  ( -3.691005181386866063, -5.769959496445904001, 0.4028029890404972169 ) ) ;
#2976 = PRODUCT_RELATED_PRODUCT_CATEGORY ( 'part', '', ( #2828 ) ) ;
#2977 = EDGE_CURVE ( 'NONE', #4013, #845, #4920, .T. ) ;
#2978 = CARTESIAN_POINT ( 'NONE',  ( -22.79443831382579333, -33.62262276534619332, 0.3293838417181573219 ) ) ;
#2979 = CARTESIAN_POINT ( 'NONE',  ( 5.551115123125782702E-14, 1.505000000000000782, 0.2999999999999998224 ) ) ;
#2980 = CARTESIAN_POINT ( 'NONE',  ( -23.26865289713983742, -30.68611784667740849, -1.702414906222134316 ) ) ;
#2981 = EDGE_LOOP ( 'NONE', ( #3914, #2535, #3781, #1186 ) ) ;
#2982 = CARTESIAN_POINT ( 'NONE',  ( 52.23898935287444800, 2.174796628552852162, -4.553470942937517307 ) ) ;
#2983 = CLOSED_SHELL ( 'NONE', ( #2171, #3888, #5662, #5456, #642, #6526, #5684, #1215, #2005, #6481 ) ) ;
#2984 = CARTESIAN_POINT ( 'NONE',  ( -52.41203603331713623, -25.83769692428442610, -3.364309278474498566 ) ) ;
#2985 = CARTESIAN_POINT ( 'NONE',  ( 11.40748358662430206, -0.3705715824428148508, -0.3681660573257171110 ) ) ;
#2986 = DIRECTION ( 'NONE',  ( 0.000000000000000000, 0.000000000000000000, 1.000000000000000000 ) ) ;
#2987 = EDGE_CURVE ( 'NONE', #981, #1267, #2691, .T. ) ;
#2988 = ORIENTED_EDGE ( 'NONE', *, *, #2228, .T. ) ;
#2989 = CARTESIAN_POINT ( 'NONE',  ( -13.02779643972594315, -24.17328014133338243, -0.01853969143059803343 ) ) ;
#2990 = CARTESIAN_POINT ( 'NONE',  ( 5.935579782927159265, -10.97173934209919466, -0.4452110599990685147 ) ) ;
#2991 = VECTOR ( 'NONE', #4820, 1000.000000000000000 ) ;
#2992 = VECTOR ( 'NONE', #4859, 1000.000000000000000 ) ;
#2993 = B_SPLINE_CURVE_WITH_KNOTS ( 'NONE', 3,
 ( #731, #2836, #1795, #3772 ),
 .UNSPECIFIED., .F., .F.,
 ( 4, 4 ),
 ( 0.000000000000000000, 1.000000000000000000 ),
 .UNSPECIFIED. ) ;
#2994 = EDGE_CURVE ( 'NONE', #1268, #1837, #1909, .T. ) ;
#2995 =( LENGTH_UNIT ( ) NAMED_UNIT ( * ) SI_UNIT ( .MILLI., .METRE. ) );
#2996 = SURFACE_STYLE_USAGE ( .BOTH. , #3551 ) ;
#2997 = CARTESIAN_POINT ( 'NONE',  ( 9.645453893217736052, -3.472777876841380174, 0.07977515115403430168 ) ) ;
#2998 = CARTESIAN_POINT ( 'NONE',  ( -54.13457609172895957, -23.38744780005218971, -3.605479456952054296 ) ) ;
#2999 = VECTOR ( 'NONE', #3691, 1000.000000000000000 ) ;
#3000 = CARTESIAN_POINT ( 'NONE',  ( -9.545808712541447250, -4.067225507411758478, -0.3178853749501997505 ) ) ;
#3001 = ORIENTED_EDGE ( 'NONE', *, *, #3091, .T. ) ;
#3002 = CARTESIAN_POINT ( 'NONE',  ( -23.26865289713983742, -30.68611784667740849, -1.702414906222134316 ) ) ;
#3003 = CARTESIAN_POINT ( 'NONE',  ( 62.48641579219008690, -9.959771843234342725, -4.068171048128999878 ) ) ;
#3004 = CARTESIAN_POINT ( 'NONE',  ( -67.15824373545011383, -5.972299720997384931, -5.873184978992602723 ) ) ;
#3005 = SHAPE_DEFINITION_REPRESENTATION ( #4816, #2065 ) ;
#3006 = CARTESIAN_POINT ( 'NONE',  ( 70.75002743300522923, -0.6697080072573514675, -6.104891593232605551 ) ) ;
#3007 = CARTESIAN_POINT ( 'NONE',  ( 117.2236110756821290, -0.9849999999999997646, 7.776388924317967799 ) ) ;
#3008 = STYLED_ITEM ( 'NONE', ( #1235 ), #867 ) ;
#3009 = ORIENTED_EDGE ( 'NONE', *, *, #715, .F. ) ;
#3010 = CARTESIAN_POINT ( 'NONE',  ( -0.2500000000000000000, 0.000000000000000000, 1.700000000000000178 ) ) ;
#3011 = CARTESIAN_POINT ( 'NONE',  ( -72.36129385337453357, -1.571431512466895164, -15.23888633471938370 ) ) ;
#3012 = ORIENTED_EDGE ( 'NONE', *, *, #4049, .F. ) ;
#3013 = CARTESIAN_POINT ( 'NONE',  ( -57.44524091399227217, -1.144761270703875677, -4.492110087126294893 ) ) ;
#3014 =( NAMED_UNIT ( * ) PLANE_ANGLE_UNIT ( ) SI_UNIT ( $, .RADIAN. ) );
#3015 = CARTESIAN_POINT ( 'NONE',  ( -10.63004018292715536, -1.286090014303327367, -0.3459950240590079495 ) ) ;
#3016 = AXIS2_PLACEMENT_3D ( 'NONE', #6210, #4670, #6753 ) ;
#3017 = DIRECTION ( 'NONE',  ( 0.9999998518342840814, 0.0005443633068966032560, 0.000000000000000000 ) ) ;
#3018 = PLANE ( 'NONE',  #3596 ) ;
#3019 = AXIS2_PLACEMENT_3D ( 'NONE', #3565, #971, #1044 ) ;
#3020 = AXIS2_PLACEMENT_3D ( 'NONE', #6451, #4837, #2793 ) ;
#3021 = ORIENTED_EDGE ( 'NONE', *, *, #4727, .T. ) ;
#3022 = LINE ( 'NONE', #5149, #1338 ) ;
#3023 = CARTESIAN_POINT ( 'NONE',  ( 11.42074005368351486, -21.50432438321031370, 0.03225826182355339550 ) ) ;
#3024 = CIRCLE ( 'NONE', #3132, 37.51999999999999602 ) ;
#3025 = EDGE_CURVE ( 'NONE', #2280, #1268, #2061, .T. ) ;
#3026 = CARTESIAN_POINT ( 'NONE',  ( -14.01627699917146508, -25.35405407804679356, -1.254636807638409346 ) ) ;
#3027 = CARTESIAN_POINT ( 'NONE',  ( 56.15232654234804954, 0.1898975167688939647, -4.299950826674196591 ) ) ;
#3028 = CARTESIAN_POINT ( 'NONE',  ( 10.31588823588092119, -1.798226960444475608, 0.06254632790881828330 ) ) ;
#3029 = EDGE_CURVE ( 'NONE', #690, #4685, #4140, .T. ) ;
#3030 = ORIENTED_EDGE ( 'NONE', *, *, #998, .F. ) ;
#3031 = DIRECTION ( 'NONE',  ( 0.7071067811865475727, 0.000000000000000000, -0.7071067811865475727 ) ) ;
#3032 = B_SPLINE_CURVE_WITH_KNOTS ( 'NONE', 3,
 ( #1522, #5745, #5781, #1032, #5811, #2653, #5260, #510, #2615, #31, #4741, #2144, #4882, #4438 ),
 .UNSPECIFIED., .F., .F.,
 ( 4, 2, 2, 2, 2, 2, 4 ),
 ( 2.492359036808033877E-11, 0.009683969985879919973, 0.01936793994683624898, 0.02178893243707533123, 0.02420992492731441348, 0.02905190990779257798, 0.03873587986874890698 ),
 .UNSPECIFIED. ) ;
#3033 = VERTEX_POINT ( 'NONE', #3144 ) ;
#3034 = ORIENTED_EDGE ( 'NONE', *, *, #1771, .F. ) ;
#3035 = CARTESIAN_POINT ( 'NONE',  ( -46.16560736980736124, 3.611281262520664281, -1.744402205650616988 ) ) ;
#3036 = CARTESIAN_POINT ( 'NONE',  ( 1.487306110593891617, 1.005000000000000782, -0.3000000000000001554 ) ) ;
#3037 = VECTOR ( 'NONE', #2795, 1000.000000000000000 ) ;
#3038 = DIRECTION ( 'NONE',  ( -0.1668691080768256452, 0.000000000000000000, -0.9859790569629989232 ) ) ;
#3039 = APPLICATION_PROTOCOL_DEFINITION ( 'draft international standard', 'automotive_design', 1998, #4540 ) ;
#3040 = CARTESIAN_POINT ( 'NONE',  ( 51.35865577091509948, 6.370305151598564919, -4.610963331963218614 ) ) ;
#3041 = CYLINDRICAL_SURFACE ( 'NONE', #1817, 19.89539047151184548 ) ;
#3042 = AXIS2_PLACEMENT_3D ( 'NONE', #824, #5528, #5050 ) ;
#3043 = CARTESIAN_POINT ( 'NONE',  ( 58.95623759488760385, -11.81945745496907207, -4.317401139659343023 ) ) ;
#3044 = EDGE_CURVE ( 'NONE', #6746, #3354, #6767, .T. ) ;
#3045 = CARTESIAN_POINT ( 'NONE',  ( -31.89806843055135843, 7.355922160694601253, -0.3122155276140390900 ) ) ;
#3046 = ORIENTED_EDGE ( 'NONE', *, *, #1428, .T. ) ;
#3047 = CARTESIAN_POINT ( 'NONE',  ( -59.52264734376944944, -8.744268348890818388, -4.810291964501650419 ) ) ;
#3048 = SURFACE_STYLE_USAGE ( .BOTH. , #945 ) ;
#3049 = CARTESIAN_POINT ( 'NONE',  ( 1.506408429764037438, -0.5557581764047253570, -1.002758625542859994 ) ) ;
#3050 = CARTESIAN_POINT ( 'NONE',  ( -0.1732050807568876749, 0.2999999999999999334, 0.000000000000000000 ) ) ;
#3051 = VERTEX_POINT ( 'NONE', #3010 ) ;
#3052 =( GEOMETRIC_REPRESENTATION_CONTEXT ( 3 ) GLOBAL_UNCERTAINTY_ASSIGNED_CONTEXT ( ( #3884 ) ) GLOBAL_UNIT_ASSIGNED_CONTEXT ( ( #6537, #837, #3920 ) ) REPRESENTATION_CONTEXT ( 'NONE', 'WORKASPACE' ) );
#3053 = CARTESIAN_POINT ( 'NONE',  ( 9.043498013688914483, -8.919299455983720648, -1.105998085199807912 ) ) ;
#3054 = ORIENTED_EDGE ( 'NONE', *, *, #4550, .T. ) ;
#3055 = ADVANCED_FACE ( 'NONE', ( #5269 ), #6295, .F. ) ;
#3056 = DIRECTION ( 'NONE',  ( -0.8660254037844385966, 0.000000000000000000, -0.5000000000000001110 ) ) ;
#3057 = FILL_AREA_STYLE_COLOUR ( '', #601 ) ;
#3058 = ADVANCED_FACE ( 'NONE', ( #2625 ), #3690, .T. ) ;
#3059 = DIRECTION ( 'NONE',  ( -0.000000000000000000, -0.000000000000000000, -1.000000000000000000 ) ) ;
#3060 = DIRECTION ( 'NONE',  ( 0.000000000000000000, -0.000000000000000000, -1.000000000000000000 ) ) ;
#3061 = ORIENTED_EDGE ( 'NONE', *, *, #2977, .F. ) ;
#3062 = ORIENTED_EDGE ( 'NONE', *, *, #5195, .T. ) ;
#3063 = CIRCLE ( 'NONE', #1866, 0.2500000000000037192 ) ;
#3064 = FACE_OUTER_BOUND ( 'NONE', #6306, .T. ) ;
#3065 = ADVANCED_FACE ( 'NONE', ( #5 ), #2803, .T. ) ;
#3066 = DIRECTION ( 'NONE',  ( 0.7071067811865475727, 0.000000000000000000, -0.7071067811865475727 ) ) ;
#3067 = ORIENTED_EDGE ( 'NONE', *, *, #6518, .F. ) ;
#3068 = CARTESIAN_POINT ( 'NONE',  ( -34.80455893903295106, 4.460158123755673110, -0.5643341160703867487 ) ) ;
#3069 = CARTESIAN_POINT ( 'NONE',  ( -51.39667269763020130, -26.55440326114520033, -4.439256200981544609 ) ) ;
#3070 = EDGE_CURVE ( 'NONE', #1783, #2361, #1413, .T. ) ;
#3071 = ORIENTED_EDGE ( 'NONE', *, *, #4529, .F. ) ;
#3072 = CARTESIAN_POINT ( 'NONE',  ( 29.88055865413202028, 4.341839787007422125, -1.342847000352831888 ) ) ;
#3073 = PRESENTATION_LAYER_ASSIGNMENT (  '', '', ( #2204 ) ) ;
#3074 = CARTESIAN_POINT ( 'NONE',  ( -3.675750998281671400, -5.769959496445904001, -1.197208593104090557 ) ) ;
#3075 = DIRECTION ( 'NONE',  ( 0.000000000000000000, 0.000000000000000000, -1.000000000000000000 ) ) ;
#3076 = CIRCLE ( 'NONE', #2091, 0.2500000000000000000 ) ;
#3077 = ORIENTED_EDGE ( 'NONE', *, *, #5566, .F. ) ;
#3078 = CARTESIAN_POINT ( 'NONE',  ( 16.28806184357498665, -27.52245502340909056, -0.1412956069084720934 ) ) ;
#3079 = CARTESIAN_POINT ( 'NONE',  ( -30.50422479994288238, -31.56004370850724072, -0.2003965427125855014 ) ) ;
#3080 = ADVANCED_FACE ( 'NONE', ( #421 ), #2006, .T. ) ;
#3081 = DIRECTION ( 'NONE',  ( 1.000000000000000000, -0.000000000000000000, 0.000000000000000000 ) ) ;
#3082 = ORIENTED_EDGE ( 'NONE', *, *, #2014, .T. ) ;
#3083 = AXIS2_PLACEMENT_3D ( 'NONE', #4603, #4575, #1958 ) ;
#3084 = CARTESIAN_POINT ( 'NONE',  ( -59.39826745182362089, -9.353953579702766419, -4.790949453183090512 ) ) ;
#3085 =( NAMED_UNIT ( * ) PLANE_ANGLE_UNIT ( ) SI_UNIT ( $, .RADIAN. ) );
#3086 = CARTESIAN_POINT ( 'NONE',  ( -11.40748358662428785, -0.3705715824428517657, -0.3681660573256029245 ) ) ;
#3087 = CARTESIAN_POINT ( 'NONE',  ( 5.421010862427522170E-17, 0.000000000000000000, -0.3464101615137754608 ) ) ;
#3088 = DIRECTION ( 'NONE',  ( -0.000000000000000000, -0.000000000000000000, -1.000000000000000000 ) ) ;
#3089 = ORIENTED_EDGE ( 'NONE', *, *, #3448, .T. ) ;
#3090 = CARTESIAN_POINT ( 'NONE',  ( 0.4569157394337861611, -3.598723966335905189, 1.217528149472838495 ) ) ;
#3091 = EDGE_CURVE ( 'NONE', #2100, #751, #929, .T. ) ;
#3092 = ORIENTED_EDGE ( 'NONE', *, *, #484, .T. ) ;
#3093 = CARTESIAN_POINT ( 'NONE',  ( -10.79325785271847948, -20.06148255615248033, -0.3504997413629042380 ) ) ;
#3094 = CARTESIAN_POINT ( 'NONE',  ( -5.936608737540879588, 0.2312881170112833507, 0.9552159631571475185 ) ) ;
#3095 = DIRECTION ( 'NONE',  ( 1.000000000000000000, 0.000000000000000000, 0.000000000000000000 ) ) ;
#3096 = CARTESIAN_POINT ( 'NONE',  ( 59.17861909176203028, -4.425573612006118651, -4.756791303654692271 ) ) ;
#3097 = CARTESIAN_POINT ( 'NONE',  ( 0.000000000000000000, 0.000000000000000000, 0.000000000000000000 ) ) ;
#3098 = VERTEX_POINT ( 'NONE', #6737 ) ;
#3099 = ORIENTED_EDGE ( 'NONE', *, *, #6202, .T. ) ;
#3100 = CARTESIAN_POINT ( 'NONE',  ( -52.36908279894844043, -25.78827916691915334, -3.359868603494803097 ) ) ;
#3101 = EDGE_CURVE ( 'NONE', #5767, #1125, #1738, .T. ) ;
#3102 = VECTOR ( 'NONE', #5771, 1000.000000000000000 ) ;
#3103 = CARTESIAN_POINT ( 'NONE',  ( 72.36096723560009991, -2.171431038336605113, -15.23888633471938370 ) ) ;
#3104 = EDGE_LOOP ( 'NONE', ( #5695, #6385, #4860, #3193, #1224, #4034 ) ) ;
#3105 = CARTESIAN_POINT ( 'NONE',  ( -50.21226778513222655, -31.12910406711390721, -2.264099080851925461 ) ) ;
#3106 = DIRECTION ( 'NONE',  ( -1.966246612733023172E-08, -0.9999999999999997780, -3.467023854065229448E-09 ) ) ;
#3107 = VERTEX_POINT ( 'NONE', #3744 ) ;
#3108 = CARTESIAN_POINT ( 'NONE',  ( -10.35400005103250720, -18.56206631971965848, -1.138811692849617252 ) ) ;
#3109 = CARTESIAN_POINT ( 'NONE',  ( -57.71385868034682431, 4.666464252246965039, -5.334465391352511965 ) ) ;
#3110 = ORIENTED_EDGE ( 'NONE', *, *, #4938, .F. ) ;
#3111 = CARTESIAN_POINT ( 'NONE',  ( 10.80442489576331155, -20.06147569548713605, 0.04934457108650980306 ) ) ;
#3112 = CARTESIAN_POINT ( 'NONE',  ( 13.11495530246418006, -24.14712105820970223, 0.7784484883285986978 ) ) ;
#3113 = ORIENTED_EDGE ( 'NONE', *, *, #3752, .F. ) ;
#3114 = CARTESIAN_POINT ( 'NONE',  ( 0.2999999999999999889, 0.2500000000000000000, -0.1732050807568877582 ) ) ;
#3115 = CARTESIAN_POINT ( 'NONE',  ( 5.935313828595601748, 0.1901845344015916095, -1.042907156429260684 ) ) ;
#3116 = MECHANICAL_DESIGN_GEOMETRIC_PRESENTATION_REPRESENTATION (  '', ( #3008 ), #149 ) ;
#3117 = LINE ( 'NONE', #4173, #5080 ) ;
#3118 = CARTESIAN_POINT ( 'NONE',  ( 42.98819840918284996, 7.407433618062958303, -3.400750129032920732 ) ) ;
#3119 = ORIENTED_EDGE ( 'NONE', *, *, #2718, .T. ) ;
#3120 = CARTESIAN_POINT ( 'NONE',  ( 8.615208025934466107, -9.968064906625611954, 0.3032067813258803035 ) ) ;
#3121 = VERTEX_POINT ( 'NONE', #4788 ) ;
#3122 = CYLINDRICAL_SURFACE ( 'NONE', #5299, 0.9799999999999988720 ) ;
#3123 = CARTESIAN_POINT ( 'NONE',  ( -20.25427173869461583, 2.925348884175659858, -0.3170599609231291582 ) ) ;
#3124 = AXIS2_PLACEMENT_3D ( 'NONE', #5790, #4201, #6800 ) ;
#3125 = FACE_OUTER_BOUND ( 'NONE', #3776, .T. ) ;
#3126 = CARTESIAN_POINT ( 'NONE',  ( 48.64377523797327285, -28.42721460086650254, -4.078805022807870273 ) ) ;
#3127 = DIRECTION ( 'NONE',  ( -0.8660254037844385966, 0.000000000000000000, -0.5000000000000002220 ) ) ;
#3128 = EDGE_CURVE ( 'NONE', #3366, #1165, #6403, .T. ) ;
#3129 = VERTEX_POINT ( 'NONE', #2222 ) ;
#3130 = ORIENTED_EDGE ( 'NONE', *, *, #3029, .F. ) ;
#3131 = CARTESIAN_POINT ( 'NONE',  ( 0.000000000000000000, 0.000000000000000000, 0.000000000000000000 ) ) ;
#3132 = AXIS2_PLACEMENT_3D ( 'NONE', #3583, #4183, #6751 ) ;
#3133 = B_SPLINE_CURVE_WITH_KNOTS ( 'NONE', 3,
 ( #5783, #6698, #6673, #353, #4615, #5225, #3068, #5711, #6289, #5747, #6794, #3035, #4585, #2455 ),
 .UNSPECIFIED., .F., .F.,
 ( 4, 2, 2, 2, 2, 2, 4 ),
 ( 3.949538894975213177E-11, 0.009731798995157549953, 0.01946359795081971031, 0.02189654768973525734, 0.02432949742865080783, 0.02919539690648190536, 0.03892719586214410388 ),
 .UNSPECIFIED. ) ;
#3134 = CARTESIAN_POINT ( 'NONE',  ( 58.36418663524241168, -2.224600812649790260, -3.417612941553981987 ) ) ;
#3135 = ORIENTED_EDGE ( 'NONE', *, *, #2808, .F. ) ;
#3136 = CARTESIAN_POINT ( 'NONE',  ( 0.000000000000000000, 0.005000000000000229955, -2.520000000000001350 ) ) ;
#3137 = CARTESIAN_POINT ( 'NONE',  ( -10.63004018292715536, -1.286090014303327367, -0.3459950240590079495 ) ) ;
#3138 = ORIENTED_EDGE ( 'NONE', *, *, #4290, .F. ) ;
#3139 = CARTESIAN_POINT ( 'NONE',  ( 75.97066353708186170, -3.944331254840212964, -8.647273247340784508 ) ) ;
#3140 = CARTESIAN_POINT ( 'NONE',  ( -6.328215098454171184, -11.99864861424340923, -1.051901458299191683 ) ) ;
#3141 = EDGE_CURVE ( 'NONE', #2697, #6171, #2698, .T. ) ;
#3142 = ORIENTED_EDGE ( 'NONE', *, *, #1269, .T. ) ;
#3143 = ADVANCED_FACE ( 'NONE', ( #1221 ), #2738, .F. ) ;
#3144 = CARTESIAN_POINT ( 'NONE',  ( 128.9128387290710691, 0.9850000000000002087, 20.85154586883255234 ) ) ;
#3145 = CARTESIAN_POINT ( 'NONE',  ( 112.9668282529391092, 0.9850000000000002087, 12.03317174706097958 ) ) ;
#3146 = EDGE_CURVE ( 'NONE', #1367, #478, #6779, .T. ) ;
#3147 = B_SPLINE_CURVE_WITH_KNOTS ( 'NONE', 3,
 ( #596, #4274, #2701, #5932, #5894, #5861, #83, #1115, #638, #1568 ),
 .UNSPECIFIED., .F., .F.,
 ( 4, 2, 2, 2, 4 ),
 ( 0.000000000000000000, 0.2500000000000000000, 0.5000000000000000000, 0.7500000000000000000, 1.000000000000000000 ),
 .UNSPECIFIED. ) ;
#3148 = ORIENTED_EDGE ( 'NONE', *, *, #3828, .F. ) ;
#3149 = CARTESIAN_POINT ( 'NONE',  ( -6.569024666651997357, -12.62672678287681372, 0.9443569893964560702 ) ) ;
#3150 = CARTESIAN_POINT ( 'NONE',  ( -37.80532057353412512, -34.31399403185348262, -2.850942010820200601 ) ) ;
#3151 = EDGE_CURVE ( 'NONE', #3770, #3521, #5928, .T. ) ;
#3152 = DIRECTION ( 'NONE',  ( -0.9999998518342840814, 0.0005443633068966335052, 0.000000000000000000 ) ) ;
#3153 = AXIS2_PLACEMENT_3D ( 'NONE', #1789, #2829, #3386 ) ;
#3154 = FILL_AREA_STYLE_COLOUR ( '', #5513 ) ;
#3155 = ORIENTED_EDGE ( 'NONE', *, *, #54, .T. ) ;
#3156 = DIRECTION ( 'NONE',  ( 0.9957862672701757178, 0.000000000000000000, -0.09170447053513962332 ) ) ;
#3157 = ORIENTED_EDGE ( 'NONE', *, *, #4693, .F. ) ;
#3158 = CARTESIAN_POINT ( 'NONE',  ( 39.61141951582631293, 4.368642006646413556, -2.221305575250018371 ) ) ;
#3159 = CARTESIAN_POINT ( 'NONE',  ( 3.061616997868383018E-17, 0.000000000000000000, -0.2500000000000000000 ) ) ;
#3160 = CARTESIAN_POINT ( 'NONE',  ( 16.28968838189509682, -27.52400958515517004, -0.1413576146400758737 ) ) ;
#3161 = B_SPLINE_CURVE_WITH_KNOTS ( 'NONE', 1,
 ( #2825, #162 ),
 .UNSPECIFIED., .F., .F.,
 ( 2, 2 ),
 ( 0.000000000000000000, 1.000000000000000000 ),
 .UNSPECIFIED. ) ;
#3162 = CARTESIAN_POINT ( 'NONE',  ( -52.40022094785455664, 2.169978146757524762, -3.364431052626638330 ) ) ;
#3163 = VECTOR ( 'NONE', #6721, 1000.000000000000000 ) ;
#3164 = DIRECTION ( 'NONE',  ( 0.000000000000000000, -1.000000000000000000, -0.000000000000000000 ) ) ;
#3165 = CARTESIAN_POINT ( 'NONE',  ( -56.52855893738279747, -24.90305529588341926, -5.164358709820375815 ) ) ;
#3166 = CARTESIAN_POINT ( 'NONE',  ( 53.43233644152580553, -24.64652508749548332, -2.698891047476792870 ) ) ;
#3167 = ORIENTED_EDGE ( 'NONE', *, *, #1292, .T. ) ;
#3168 = ORIENTED_EDGE ( 'NONE', *, *, #6163, .F. ) ;
#3169 = LINE ( 'NONE', #5845, #776 ) ;
#3170 = CARTESIAN_POINT ( 'NONE',  ( 53.53586551772608715, 1.851930330712981743, -2.713291516487954524 ) ) ;
#3171 = B_SPLINE_CURVE_WITH_KNOTS ( 'NONE', 3,
 ( #1797, #6577, #3396, #6466 ),
 .UNSPECIFIED., .F., .F.,
 ( 4, 4 ),
 ( 0.000000000000000000, 1.000000000000000000 ),
 .UNSPECIFIED. ) ;
#3172 = SURFACE_STYLE_USAGE ( .BOTH. , #5365 ) ;
#3173 = CARTESIAN_POINT ( 'NONE',  ( -10.31588726970213088, -1.798140565481203712, 0.06254737132166161839 ) ) ;
#3174 = B_SPLINE_CURVE_WITH_KNOTS ( 'NONE', 3,
 ( #5476, #5546, #6095, #6000, #4995, #1798 ),
 .UNSPECIFIED., .F., .F.,
 ( 4, 2, 4 ),
 ( 4.944925491572751210E-13, 0.004656610738022981533, 0.009313221475551471465 ),
 .UNSPECIFIED. ) ;
#3175 = VECTOR ( 'NONE', #1954, 1000.000000000000000 ) ;
#3176 = VERTEX_POINT ( 'NONE', #2188 ) ;
#3177 = CARTESIAN_POINT ( 'NONE',  ( 65.41338472185229591, -6.355043942502103249, -4.557396546775883017 ) ) ;
#3178 = DIRECTION ( 'NONE',  ( -0.7071067811865465735, -0.000000000000000000, -0.7071067811865483499 ) ) ;
#3179 = CARTESIAN_POINT ( 'NONE',  ( 47.26589031668713403, -28.99586973487285846, -3.906666372423405864 ) ) ;
#3180 = VERTEX_POINT ( 'NONE', #6436 ) ;
#3181 = CARTESIAN_POINT ( 'NONE',  ( 12.66182448613422196, -23.49980628400510696, 0.7934176565479316157 ) ) ;
#3182 = APPLICATION_CONTEXT ( 'automotive_design' ) ;
#3183 = ORIENTED_EDGE ( 'NONE', *, *, #800, .T. ) ;
#3184 = PRODUCT_DEFINITION ( 'UNKNOWN', '', #6663, #735 ) ;
#3185 = PRESENTATION_STYLE_ASSIGNMENT (( #1604 ) ) ;
#3186 = CARTESIAN_POINT ( 'NONE',  ( 74.33232427436546175, 1.027496301198058903, -12.58618261426071250 ) ) ;
#3187 = AXIS2_PLACEMENT_3D ( 'NONE', #4192, #2966, #2069 ) ;
#3188 = DIRECTION ( 'NONE',  ( 0.000000000000000000, 0.000000000000000000, 1.000000000000000000 ) ) ;
#3189 = CARTESIAN_POINT ( 'NONE',  ( 64.70867594443980408, 2.068209478427849746, -6.464328681648826347 ) ) ;
#3190 = EDGE_LOOP ( 'NONE', ( #6603, #4364, #1551, #3891 ) ) ;
#3191 = CARTESIAN_POINT ( 'NONE',  ( -13.99576524820846579, 1.142623794592844133, 0.08012877220059562433 ) ) ;
#3192 = CIRCLE ( 'NONE', #6719, 38.50000000000000711 ) ;
#3193 = ORIENTED_EDGE ( 'NONE', *, *, #3666, .T. ) ;
#3194 = ORIENTED_EDGE ( 'NONE', *, *, #1347, .T. ) ;
#3195 = ADVANCED_FACE ( 'NONE', ( #5301 ), #39, .T. ) ;
#3196 = CARTESIAN_POINT ( 'NONE',  ( 90.00000000000000000, 0.005000000000000229955, 35.00000000000000000 ) ) ;
#3197 = CARTESIAN_POINT ( 'NONE',  ( 0.1732050807568877859, -0.3000000000000001554, 0.2000000000000000111 ) ) ;
#3198 = CARTESIAN_POINT ( 'NONE',  ( -74.33232427436544754, 1.027496301198058903, -15.23888633471944054 ) ) ;
#3199 = DIRECTION ( 'NONE',  ( 1.000000000000000000, 0.000000000000000000, 0.000000000000000000 ) ) ;
#3200 = B_SPLINE_SURFACE_WITH_KNOTS ( 'NONE', 1, 3, ( 
 ( #4461, #1410, #2984, #5630, #3417, #6112 ),
 ( #1273, #1923, #6562, #2440, #2377, #789 ) ),
 .UNSPECIFIED., .F., .F., .F.,
 ( 2, 2 ),
 ( 4, 2, 4 ),
 ( 0.000000000000000000, 1.000000000000000000 ),
 ( 0.000000000000000000, 0.5000000000000000000, 1.000000000000000000 ),
 .UNSPECIFIED. ) ;
#3201 = ADVANCED_FACE ( 'NONE', ( #5890 ), #5443, .T. ) ;
#3202 = CARTESIAN_POINT ( 'NONE',  ( 14.21201843977984680, -29.59641320904211881, 0.7396910029478268589 ) ) ;
#3203 = DIRECTION ( 'NONE',  ( 0.5000000000000003331, -0.8660254037844383745, 0.000000000000000000 ) ) ;
#3204 = DIRECTION ( 'NONE',  ( 0.8660254037844385966, 0.000000000000000000, 0.5000000000000001110 ) ) ;
#3205 = VERTEX_POINT ( 'NONE', #5410 ) ;
#3206 = ORIENTED_EDGE ( 'NONE', *, *, #766, .T. ) ;
#3207 = CARTESIAN_POINT ( 'NONE',  ( 125.3490205518908454, 0.005000000000000229955, 24.41536404601275123 ) ) ;
#3208 = CARTESIAN_POINT ( 'NONE',  ( 59.45973303555210521, -9.353953579702759313, -4.395700187507733503 ) ) ;
#3209 = AXIS2_PLACEMENT_3D ( 'NONE', #1904, #1396, #4033 ) ;
#3210 = CARTESIAN_POINT ( 'NONE',  ( 57.87181811730018666, -22.56736513006991274, -5.363397006819679902 ) ) ;
#3211 = CARTESIAN_POINT ( 'NONE',  ( 6.883785494968488905, -16.62760868917907331, -1.061373263245758425 ) ) ;
#3212 = CARTESIAN_POINT ( 'NONE',  ( 0.000000000000000000, 0.000000000000000000, 1.700000000000000178 ) ) ;
#3213 = B_SPLINE_CURVE_WITH_KNOTS ( 'NONE', 3,
 ( #3230, #2161, #11, #527, #3682, #1537, #458, #4209, #48, #5763, #2196, #4762 ),
 .UNSPECIFIED., .F., .F.,
 ( 4, 2, 2, 2, 2, 4 ),
 ( 2.774381459773164099E-10, 0.001699138729634033307, 0.003398277181829920373, 0.004247846407927863797, 0.005097415634025810258, 0.006796554086221675423 ),
 .UNSPECIFIED. ) ;
#3214 = ORIENTED_EDGE ( 'NONE', *, *, #6028, .T. ) ;
#3215 = CARTESIAN_POINT ( 'NONE',  ( 59.58979649686548896, -8.122629294146822332, -4.820782621315585104 ) ) ;
#3216 = SHAPE_REPRESENTATION ( 'frame2', ( #6116 ), #2358 ) ;
#3217 = COLOUR_RGB ( '',1.000000000000000000, 1.000000000000000000, 1.000000000000000000 ) ;
#3218 = VECTOR ( 'NONE', #4036, 1000.000000000000000 ) ;
#3219 = DIRECTION ( 'NONE',  ( 0.8660254037844384856, 0.000000000000000000, 0.5000000000000001110 ) ) ;
#3220 = DIRECTION ( 'NONE',  ( 0.8119953427286267233, 0.000000000000000000, 0.5836639130415894883 ) ) ;
#3221 = ORIENTED_EDGE ( 'NONE', *, *, #6262, .F. ) ;
#3222 = DIRECTION ( 'NONE',  ( 0.9994902114390862291, 0.000000000000000000, -0.03192674799365950028 ) ) ;
#3223 = DIRECTION ( 'NONE',  ( 0.000000000000000000, 0.000000000000000000, -1.000000000000000000 ) ) ;
#3224 = EDGE_CURVE ( 'NONE', #1562, #1256, #633, .T. ) ;
#3225 = ORIENTED_EDGE ( 'NONE', *, *, #3308, .T. ) ;
#3226 = CARTESIAN_POINT ( 'NONE',  ( -72.36270919818215930, 1.028568487533104037, -15.23888633471944054 ) ) ;
#3227 =( LENGTH_UNIT ( ) NAMED_UNIT ( * ) SI_UNIT ( .MILLI., .METRE. ) );
#3228 = CARTESIAN_POINT ( 'NONE',  ( -54.13457609172892404, -23.38744780005216484, -3.605479456952025430 ) ) ;
#3229 = LINE ( 'NONE', #4761, #1265 ) ;
#3230 = CARTESIAN_POINT ( 'NONE',  ( -66.98417879198578362, -5.972304474962074394, -6.860356279145685576 ) ) ;
#3231 = EDGE_CURVE ( 'NONE', #6796, #1677, #5458, .T. ) ;
#3232 =( REPRESENTATION_RELATIONSHIP ('NONE','NONE', #356, #6495 ) REPRESENTATION_RELATIONSHIP_WITH_TRANSFORMATION ( #390 )SHAPE_REPRESENTATION_RELATIONSHIP( ) );
#3233 = B_SPLINE_CURVE_WITH_KNOTS ( 'NONE', 3,
 ( #2542, #1990, #1447, #5667, #4669, #2506, #4637, #6209, #5700, #957, #2024, #4149, #5738, #1517, #993, #60, #5805, #2173, #1026, #3802, #5876, #1094, #1652, #5394 ),
 .UNSPECIFIED., .F., .F.,
 ( 4, 2, 2, 2, 2, 2, 2, 2, 2, 2, 2, 4 ),
 ( 7.529704079767051066E-17, 0.003816808448950988458, 0.007633616897901901455, 0.01526723379580370750, 0.02290085069370551354, 0.02671765914265641570, 0.03053446759160732132, 0.03816808448950912563, 0.04198489293846002085, 0.04580170138741090913, 0.05343531828531269262, 0.06106893518321448305 ),
 .UNSPECIFIED. ) ;
#3234 = CARTESIAN_POINT ( 'NONE',  ( -84.88837629756407921, -11.25322035869498905, -10.22043468968944424 ) ) ;
#3235 = ORIENTED_EDGE ( 'NONE', *, *, #3357, .F. ) ;
#3236 = ORIENTED_EDGE ( 'NONE', *, *, #345, .F. ) ;
#3237 = PLANE ( 'NONE',  #5057 ) ;
#3238 = COLOUR_RGB ( '',0.7921568627450980005, 0.8196078431372548767, 0.9333333333333333481 ) ;
#3239 = DIRECTION ( 'NONE',  ( 1.000000000000000000, 0.000000000000000000, 0.000000000000000000 ) ) ;
#3240 = CARTESIAN_POINT ( 'NONE',  ( -47.50790178392362861, -28.98723528374028291, -1.921478602765692489 ) ) ;
#3241 = CARTESIAN_POINT ( 'NONE',  ( 0.000000000000000000, 0.000000000000000000, 0.2000000000000000111 ) ) ;
#3242 = EDGE_CURVE ( 'NONE', #4222, #5500, #5858, .T. ) ;
#3243 = CARTESIAN_POINT ( 'NONE',  ( 47.41157415211824144, -28.99203072184941732, -2.715594255461375894 ) ) ;
#3244 = CARTESIAN_POINT ( 'NONE',  ( 50.82916649781013518, -27.02753554644011302, -4.363390625181477134 ) ) ;
#3245 = CYLINDRICAL_SURFACE ( 'NONE', #5132, 46.46921927202586033 ) ;
#3246 = ORIENTED_EDGE ( 'NONE', *, *, #3659, .F. ) ;
#3247 = VERTEX_POINT ( 'NONE', #4823 ) ;
#3248 = B_SPLINE_CURVE_WITH_KNOTS ( 'NONE', 1,
 ( #5143, #6172 ),
 .UNSPECIFIED., .F., .F.,
 ( 2, 2 ),
 ( 0.000000000000000000, 1.000000000000000000 ),
 .UNSPECIFIED. ) ;
#3249 = DIRECTION ( 'NONE',  ( 0.7071067811865475727, 0.000000000000000000, -0.7071067811865475727 ) ) ;
#3250 = CARTESIAN_POINT ( 'NONE',  ( 59.24041365523108738, -4.427118364414430296, -4.361593193950884739 ) ) ;
#3251 = EDGE_CURVE ( 'NONE', #1667, #2136, #4802, .T. ) ;
#3252 = EDGE_CURVE ( 'NONE', #5089, #4013, #2778, .T. ) ;
#3253 = CARTESIAN_POINT ( 'NONE',  ( 66.98417885191005894, 1.028568487533104481, -12.23888633471946363 ) ) ;
#3254 = CARTESIAN_POINT ( 'NONE',  ( 47.41157415211824144, -28.99203072184941732, -2.715594255461417639 ) ) ;
#3255 = VECTOR ( 'NONE', #5557, 1000.000000000000000 ) ;
#3256 = ORIENTED_EDGE ( 'NONE', *, *, #204, .T. ) ;
#3257 = CARTESIAN_POINT ( 'NONE',  ( 56.21043321239058344, 0.1898975167688939647, -3.904193473589434138 ) ) ;
#3258 = AXIS2_PLACEMENT_3D ( 'NONE', #6644, #386, #1907 ) ;
#3259 = CARTESIAN_POINT ( 'NONE',  ( -23.26865289713983742, -30.68611784667740849, -1.702414906222134316 ) ) ;
#3260 = CARTESIAN_POINT ( 'NONE',  ( 72.36107850237499406, -1.571431512466895164, -14.26387294396510974 ) ) ;
#3261 = VERTEX_POINT ( 'NONE', #5337 ) ;
#3262 = VECTOR ( 'NONE', #5448, 1000.000000000000000 ) ;
#3263 = CARTESIAN_POINT ( 'NONE',  ( -22.79443831382579333, -33.62262276534619332, 0.3293838417181573219 ) ) ;
#3264 = FACE_OUTER_BOUND ( 'NONE', #4141, .T. ) ;
#3265 = ORIENTED_EDGE ( 'NONE', *, *, #4080, .T. ) ;
#3266 = CARTESIAN_POINT ( 'NONE',  ( 53.38686949350120159, -24.67983417857065120, -3.499834907228382086 ) ) ;
#3267 = PRODUCT_DEFINITION_SHAPE ( 'NONE', 'NONE',  #6830 ) ;
#3268 = DIRECTION ( 'NONE',  ( -0.06550325374118531885, 3.565757310226455275E-05, 0.9978523550495109751 ) ) ;
#3269 = CARTESIAN_POINT ( 'NONE',  ( -9.124605069403035174, -9.321047096406250176, -1.107933662158297583 ) ) ;
#3270 = DIRECTION ( 'NONE',  ( 0.000000000000000000, 0.000000000000000000, -1.000000000000000000 ) ) ;
#3271 = CARTESIAN_POINT ( 'NONE',  ( 29.24996353554310957, 7.097006859287811054, -2.108536294141904133 ) ) ;
#3272 = CARTESIAN_POINT ( 'NONE',  ( 9.578864787540959824, -4.067742127412493858, 0.8816401026671676355 ) ) ;
#3273 = ORIENTED_EDGE ( 'NONE', *, *, #4302, .F. ) ;
#3274 = ORIENTED_EDGE ( 'NONE', *, *, #6320, .T. ) ;
#3275 = FACE_OUTER_BOUND ( 'NONE', #1308, .T. ) ;
#3276 = VECTOR ( 'NONE', #129, 1000.000000000000000 ) ;
#3277 = CARTESIAN_POINT ( 'NONE',  ( 0.000000000000000000, 0.000000000000000000, 1.700000000000000178 ) ) ;
#3278 = DIRECTION ( 'NONE',  ( 1.000000000000000000, 0.000000000000000000, 0.000000000000000000 ) ) ;
#3279 = CARTESIAN_POINT ( 'NONE',  ( -46.09834933642568444, 3.611967262190577177, -2.542056127665094589 ) ) ;
#3280 = CARTESIAN_POINT ( 'NONE',  ( -62.48657761812643230, -9.959804985429737911, -4.068188793777547829 ) ) ;
#3281 = CARTESIAN_POINT ( 'NONE',  ( 25.31807431363216310, -31.09044665393743756, -1.024826010655569997 ) ) ;
#3282 = CARTESIAN_POINT ( 'NONE',  ( 53.59698481618890042, -24.04374941091224827, -4.741433606475331075 ) ) ;
#3283 = EDGE_CURVE ( 'NONE', #4079, #3530, #2480, .T. ) ;
#3284 = VERTEX_POINT ( 'NONE', #1802 ) ;
#3285 = ORIENTED_EDGE ( 'NONE', *, *, #4030, .T. ) ;
#3286 = CARTESIAN_POINT ( 'NONE',  ( -0.2499999999999999445, -1.494999999999999885, -0.3000000000000001554 ) ) ;
#3287 = CARTESIAN_POINT ( 'NONE',  ( -6.387914162857637912, -11.82672518258413596, 1.147616279877986978 ) ) ;
#3288 = EDGE_CURVE ( 'NONE', #6109, #3513, #740, .T. ) ;
#3289 = AXIS2_PLACEMENT_3D ( 'NONE', #1635, #1113, #3223 ) ;
#3290 = CARTESIAN_POINT ( 'NONE',  ( 10.39572806148951933, -18.55947972158660519, 0.06032866722192973402 ) ) ;
#3291 = FACE_OUTER_BOUND ( 'NONE', #2981, .T. ) ;
#3292 = DIRECTION ( 'NONE',  ( 0.7071067811865466846, 0.000000000000000000, 0.7071067811865484609 ) ) ;
#3293 = PRESENTATION_LAYER_ASSIGNMENT (  '', '', ( #3963 ) ) ;
#3294 = ADVANCED_FACE ( 'NONE', ( #6584 ), #2971, .T. ) ;
#3295 = CARTESIAN_POINT ( 'NONE',  ( 40.07948334958257419, -33.98628414481005677, -1.075436159927361190 ) ) ;
#3296 = CARTESIAN_POINT ( 'NONE',  ( 5.082171984949457766, -9.930664797999044779, -1.033350858615177392 ) ) ;
#3297 = ORIENTED_EDGE ( 'NONE', *, *, #2014, .F. ) ;
#3298 = DIRECTION ( 'NONE',  ( 0.7071067811865475727, 1.251668095251734027E-15, 0.7071067811865475727 ) ) ;
#3299 = DIRECTION ( 'NONE',  ( -0.0005443633068965336502, 0.9999998518342840814, -2.518186154490093769E-18 ) ) ;
#3300 = EDGE_CURVE ( 'NONE', #672, #2585, #6670, .T. ) ;
#3301 = VERTEX_POINT ( 'NONE', #2326 ) ;
#3302 = AXIS2_PLACEMENT_3D ( 'NONE', #1672, #3934, #5935 ) ;
#3303 = FACE_OUTER_BOUND ( 'NONE', #3832, .T. ) ;
#3304 = CIRCLE ( 'NONE', #5283, 31.50000000000000711 ) ;
#3305 = CARTESIAN_POINT ( 'NONE',  ( 71.86096730968294821, -2.171158856683157001, -15.23888633471938370 ) ) ;
#3306 = CARTESIAN_POINT ( 'NONE',  ( -53.68780043962306792, 1.796243464153528757, -2.734416382508259691 ) ) ;
#3307 = CARTESIAN_POINT ( 'NONE',  ( 11.03081923895117633, 2.344737018213391089, -1.150862908942287044 ) ) ;
#3308 = EDGE_CURVE ( 'NONE', #3988, #2261, #3369, .T. ) ;
#3309 = CARTESIAN_POINT ( 'NONE',  ( -9.672662202461031811, -3.468511430457866140, 0.8793454396381682470 ) ) ;
#3310 = ORIENTED_EDGE ( 'NONE', *, *, #3807, .F. ) ;
#3311 = ORIENTED_EDGE ( 'NONE', *, *, #4406, .T. ) ;
#3312 = CARTESIAN_POINT ( 'NONE',  ( -71.56946175102197572, -1.571431512466895164, -14.83288868384772741 ) ) ;
#3313 = CARTESIAN_POINT ( 'NONE',  ( -72.36270890600182781, -5.972304474962074394, -12.23888628320016281 ) ) ;
#3314 = DIRECTION ( 'NONE',  ( 0.000000000000000000, 0.000000000000000000, 1.000000000000000000 ) ) ;
#3315 = CARTESIAN_POINT ( 'NONE',  ( 0.000000000000000000, -0.9849999999999997646, -3.500000000000000888 ) ) ;
#3316 = CIRCLE ( 'NONE', #3427, 0.2500000000000000000 ) ;
#3317 = CARTESIAN_POINT ( 'NONE',  ( 89.99999999999997158, -0.004999999999999796274, 2.519999999999999130 ) ) ;
#3318 = CARTESIAN_POINT ( 'NONE',  ( 17.50267545818978121, -31.78758645033363095, 0.6059965401392444218 ) ) ;
#3319 = EDGE_CURVE ( 'NONE', #3366, #1397, #5035, .T. ) ;
#3320 = CARTESIAN_POINT ( 'NONE',  ( 0.000000000000000000, 0.9850000000000002087, -2.520000000000001350 ) ) ;
#3321 = VERTEX_POINT ( 'NONE', #5070 ) ;
#3322 = ORIENTED_EDGE ( 'NONE', *, *, #562, .F. ) ;
#3323 = CARTESIAN_POINT ( 'NONE',  ( 9.802868438272192009, -2.893429984241472130, -1.124569328217832176 ) ) ;
#3324 = CARTESIAN_POINT ( 'NONE',  ( -9.578893593713631915, -4.067746674323867495, 0.8816390107505087670 ) ) ;
#3325 = CARTESIAN_POINT ( 'NONE',  ( 0.000000000000000000, -0.004999999999999796274, 3.499999999999999112 ) ) ;
#3326 = CARTESIAN_POINT ( 'NONE',  ( -57.50564945185700338, -1.145792579486977880, -4.096695553692483394 ) ) ;
#3327 = DIRECTION ( 'NONE',  ( -0.9957367615292023189, 0.000000000000000000, -0.09224045608807758534 ) ) ;
#3328 = CARTESIAN_POINT ( 'NONE',  ( 56.67064366324251523, -0.2282836251278637651, -3.972141211423708462 ) ) ;
#3329 = EDGE_CURVE ( 'NONE', #3803, #4222, #2733, .T. ) ;
#3330 = CARTESIAN_POINT ( 'NONE',  ( 0.3020426697765826174, -1.893459816837575582, -0.3000000000000001554 ) ) ;
#3331 = CARTESIAN_POINT ( 'NONE',  ( 4.109665639427104722, -9.028500982910248496, -1.021718917998980958 ) ) ;
#3332 = VERTEX_POINT ( 'NONE', #4415 ) ;
#3333 = CARTESIAN_POINT ( 'NONE',  ( 0.000000000000000000, -0.9949999999999997735, -0.3000000000000001554 ) ) ;
#3334 = DIRECTION ( 'NONE',  ( 0.9999998518342840814, 0.0005443633068966335052, 0.000000000000000000 ) ) ;
#3335 = VERTEX_POINT ( 'NONE', #253 ) ;
#3336 = CARTESIAN_POINT ( 'NONE',  ( 10.35365832981629985, -18.56215944170708454, -1.138790000481002984 ) ) ;
#3337 = B_SPLINE_CURVE_WITH_KNOTS ( 'NONE', 3,
 ( #4847, #100, #2211, #3324 ),
 .UNSPECIFIED., .F., .F.,
 ( 4, 4 ),
 ( 0.009313221475551471465, 0.01452530219990891096 ),
 .UNSPECIFIED. ) ;
#3338 = CARTESIAN_POINT ( 'NONE',  ( 44.09567368783063301, 37.67489808333375123, -9.912361168911241194 ) ) ;
#3339 = CARTESIAN_POINT ( 'NONE',  ( 125.3490205518908454, -0.9849999999999993205, 24.41536404601275478 ) ) ;
#3340 = CARTESIAN_POINT ( 'NONE',  ( -59.57645070159809819, -9.352657451645590925, -3.604319627827002215 ) ) ;
#3341 = PLANE ( 'NONE',  #2856 ) ;
#3342 = CARTESIAN_POINT ( 'NONE',  ( -14.02022323956612482, 1.141500831036104335, 0.7463235250255078057 ) ) ;
#3343 = EDGE_LOOP ( 'NONE', ( #286, #6143, #563, #6343 ) ) ;
#3344 = VERTEX_POINT ( 'NONE', #2879 ) ;
#3345 = DIRECTION ( 'NONE',  ( 0.000000000000000000, 0.000000000000000000, 1.000000000000000000 ) ) ;
#3346 = CARTESIAN_POINT ( 'NONE',  ( 71.36129370520879434, -1.571431512466895164, -15.23888633471938370 ) ) ;
#3347 = DIRECTION ( 'NONE',  ( 0.000000000000000000, 0.000000000000000000, -1.000000000000000000 ) ) ;
#3348 = AXIS2_PLACEMENT_3D ( 'NONE', #5183, #5737, #3095 ) ;
#3349 = CARTESIAN_POINT ( 'NONE',  ( 10.42699304719285003, -18.55682158173675589, 0.8595943815470388216 ) ) ;
#3350 = CARTESIAN_POINT ( 'NONE',  ( 16.04048475218827008, -30.91330267528333309, 0.6683798214671767823 ) ) ;
#3351 = CLOSED_SHELL ( 'NONE', ( #2642, #1467, #4074, #4216, #1501, #2364, #1041, #5174, #4096, #4674, #2220, #1829, #3201, #5615, #1558, #3058, #1879, #6410, #2070, #6122, #4606, #2478, #107, #4337, #5955, #3970 ) ) ;
#3352 = CARTESIAN_POINT ( 'NONE',  ( -59.61918598968933480, -6.254336259651071650, -4.420506274447361328 ) ) ;
#3353 = VERTEX_POINT ( 'NONE', #3367 ) ;
#3354 = VERTEX_POINT ( 'NONE', #813 ) ;
#3355 = DIRECTION ( 'NONE',  ( 0.000000000000000000, -0.000000000000000000, -1.000000000000000000 ) ) ;
#3356 = DIRECTION ( 'NONE',  ( 0.000000000000000000, 1.000000000000000000, -0.000000000000000000 ) ) ;
#3357 = EDGE_CURVE ( 'NONE', #1001, #3354, #5583, .T. ) ;
#3358 = CARTESIAN_POINT ( 'NONE',  ( 9.745798736232373471, -16.20800041507334299, -0.3223484450991152550 ) ) ;
#3359 = CARTESIAN_POINT ( 'NONE',  ( 5.551115123125782702E-14, 1.505000000000000782, -0.3000000000000001554 ) ) ;
#3360 = CARTESIAN_POINT ( 'NONE',  ( -14.01464938957146877, -25.39371385731911701, -0.05220326801782132486 ) ) ;
#3361 = UNCERTAINTY_MEASURE_WITH_UNIT (LENGTH_MEASURE( 1.000000000000000082E-05 ), #1227, 'distance_accuracy_value', 'NONE');
#3362 = CARTESIAN_POINT ( 'NONE',  ( -71.61129374225021138, -1.571431512466895164, -15.23888633471938370 ) ) ;
#3363 = AXIS2_PLACEMENT_3D ( 'NONE', #6312, #539, #3204 ) ;
#3364 = CARTESIAN_POINT ( 'NONE',  ( 117.2236110756821290, -0.004999999999999579434, 7.776388924317970464 ) ) ;
#3365 = CARTESIAN_POINT ( 'NONE',  ( 2.980835269047628078, -8.343713912623144324, -1.011467743468105196 ) ) ;
#3366 = VERTEX_POINT ( 'NONE', #2362 ) ;
#3367 = CARTESIAN_POINT ( 'NONE',  ( 124.6560559063280351, 0.005000000000000229955, 25.10832869157556857 ) ) ;
#3368 = DIRECTION ( 'NONE',  ( 0.4999999999999997224, 0.8660254037844387076, 0.000000000000000000 ) ) ;
#3369 = CIRCLE ( 'NONE', #4253, 0.9799999999999999822 ) ;
#3370 = ORIENTED_EDGE ( 'NONE', *, *, #3373, .T. ) ;
#3371 = CARTESIAN_POINT ( 'NONE',  ( 13.02071215339172028, -24.14537792230309776, -1.219507731205498713 ) ) ;
#3372 = DIRECTION ( 'NONE',  ( -0.0005443633068965319155, -0.9999998518342841924, 1.430576835001469784E-18 ) ) ;
#3373 = EDGE_CURVE ( 'NONE', #2261, #4097, #2942, .T. ) ;
#3374 = CARTESIAN_POINT ( 'NONE',  ( -57.60895535156850400, -1.133580182458520769, -3.303240110609325431 ) ) ;
#3375 = AXIS2_PLACEMENT_3D ( 'NONE', #2458, #1456, #3598 ) ;
#3376 = EDGE_CURVE ( 'NONE', #1096, #2800, #6070, .T. ) ;
#3377 = DIRECTION ( 'NONE',  ( 0.000000000000000000, 0.000000000000000000, -1.000000000000000000 ) ) ;
#3378 = EDGE_CURVE ( 'NONE', #4833, #3335, #5064, .T. ) ;
#3379 = CARTESIAN_POINT ( 'NONE',  ( -12.14779708541627734, 0.2001265303467134327, 0.8097424660454286549 ) ) ;
#3380 = ORIENTED_EDGE ( 'NONE', *, *, #2471, .T. ) ;
#3381 = VERTEX_POINT ( 'NONE', #2073 ) ;
#3382 = CARTESIAN_POINT ( 'NONE',  ( 0.1732050807568877859, 0.2999999999999999334, 0.000000000000000000 ) ) ;
#3383 = EDGE_CURVE ( 'NONE', #2176, #4499, #3133, .T. ) ;
#3384 = CARTESIAN_POINT ( 'NONE',  ( -56.52855893738279747, -24.90305529588341926, -5.164358709820375815 ) ) ;
#3385 = DIRECTION ( 'NONE',  ( 1.000000000000000000, 0.000000000000000000, 0.000000000000000000 ) ) ;
#3386 = DIRECTION ( 'NONE',  ( 0.000000000000000000, 0.000000000000000000, 1.000000000000000000 ) ) ;
#3387 = CYLINDRICAL_SURFACE ( 'NONE', #2062, 0.9799999999999988720 ) ;
#3388 = CARTESIAN_POINT ( 'NONE',  ( 112.9668282529391092, 0.9850000000000002087, 12.03317174706098136 ) ) ;
#3389 = ORIENTED_EDGE ( 'NONE', *, *, #836, .F. ) ;
#3390 = ORIENTED_EDGE ( 'NONE', *, *, #2289, .T. ) ;
#3391 = FACE_OUTER_BOUND ( 'NONE', #6704, .T. ) ;
#3392 = CARTESIAN_POINT ( 'NONE',  ( -6.500337674865623860, -16.47775753404176413, 0.3454245781824552552 ) ) ;
#3393 = AXIS2_PLACEMENT_3D ( 'NONE', #2371, #2752, #261 ) ;
#3394 = CARTESIAN_POINT ( 'NONE',  ( -48.25490760331916817, -31.82461956704189632, -4.030061489257390939 ) ) ;
#3395 = CARTESIAN_POINT ( 'NONE',  ( 17.39582566022577126, -31.77448547769210663, -1.391214781482967622 ) ) ;
#3396 = CARTESIAN_POINT ( 'NONE',  ( 59.47674930085612033, -9.353231378589441647, -4.263449538232045199 ) ) ;
#3397 = LINE ( 'NONE', #5509, #4426 ) ;
#3398 = CARTESIAN_POINT ( 'NONE',  ( 90.00000000000000000, 0.005000000000000229955, 35.00000000000000000 ) ) ;
#3399 = CARTESIAN_POINT ( 'NONE',  ( -1.532109047989090200, -7.828054318800216294, -1.002981330377173297 ) ) ;
#3400 = VERTEX_POINT ( 'NONE', #5646 ) ;
#3401 = AXIS2_PLACEMENT_3D ( 'NONE', #437, #6692, #4084 ) ;
#3402 = DIRECTION ( 'NONE',  ( 0.7071067811865475727, 0.000000000000000000, -0.7071067811865475727 ) ) ;
#3403 = LINE ( 'NONE', #741, #2110 ) ;
#3404 = EDGE_CURVE ( 'NONE', #2312, #4258, #3987, .T. ) ;
#3405 = ORIENTED_EDGE ( 'NONE', *, *, #5271, .T. ) ;
#3406 = CARTESIAN_POINT ( 'NONE',  ( 6.087300341484560562, -11.38505866085411888, 0.9522288899032488318 ) ) ;
#3407 = LINE ( 'NONE', #2297, #3262 ) ;
#3408 = CYLINDRICAL_SURFACE ( 'NONE', #3860, 0.9799999999999999822 ) ;
#3409 = LINE ( 'NONE', #1705, #208 ) ;
#3410 = B_SPLINE_CURVE_WITH_KNOTS ( 'NONE', 3,
 ( #2763, #1548, #5774, #538, #1683, #613, #131, #2717, #6382, #5254 ),
 .UNSPECIFIED., .F., .F.,
 ( 4, 2, 2, 2, 4 ),
 ( 0.000000000000000000, 0.2500000000000000000, 0.5000000000000000000, 0.7500000000000000000, 1.000000000000000000 ),
 .UNSPECIFIED. ) ;
#3411 = DIRECTION ( 'NONE',  ( 0.000000000000000000, 0.000000000000000000, 1.000000000000000000 ) ) ;
#3412 = VECTOR ( 'NONE', #2523, 1000.000000000000000 ) ;
#3413 = VERTEX_POINT ( 'NONE', #475 ) ;
#3414 = ORIENTED_EDGE ( 'NONE', *, *, #4537, .F. ) ;
#3415 = PLANE ( 'NONE',  #3042 ) ;
#3416 = FACE_OUTER_BOUND ( 'NONE', #6359, .T. ) ;
#3417 = CARTESIAN_POINT ( 'NONE',  ( -48.81283285937492167, -28.49353063768182537, -2.888590302058494874 ) ) ;
#3418 = FACE_OUTER_BOUND ( 'NONE', #2589, .T. ) ;
#3419 = CARTESIAN_POINT ( 'NONE',  ( -33.43980472194847664, -31.62001486570551023, -1.643736370125486124 ) ) ;
#3420 = CARTESIAN_POINT ( 'NONE',  ( 10.79325605214787309, -20.06147593205301405, -0.3504996929709371378 ) ) ;
#3421 = EDGE_CURVE ( 'NONE', #5746, #2592, #6265, .T. ) ;
#3422 = ORIENTED_EDGE ( 'NONE', *, *, #2871, .F. ) ;
#3423 = ORIENTED_EDGE ( 'NONE', *, *, #5807, .T. ) ;
#3424 = LINE ( 'NONE', #1283, #334 ) ;
#3425 = CARTESIAN_POINT ( 'NONE',  ( -2.334366766800630710, -7.978312530076289377, -1.205681103536372589 ) ) ;
#3426 =( GEOMETRIC_REPRESENTATION_CONTEXT ( 3 ) GLOBAL_UNCERTAINTY_ASSIGNED_CONTEXT ( ( #1287 ) ) GLOBAL_UNIT_ASSIGNED_CONTEXT ( ( #1324, #4057, #1357 ) ) REPRESENTATION_CONTEXT ( 'NONE', 'WORKASPACE' ) );
#3427 = AXIS2_PLACEMENT_3D ( 'NONE', #3131, #4293, #6387 ) ;
#3428 = CARTESIAN_POINT ( 'NONE',  ( 9.555686756629947709, -4.067225507411745156, 0.08199263675456869294 ) ) ;
#3429 = CARTESIAN_POINT ( 'NONE',  ( 8.845433387398379921, -23.06772320247976893, -1.101025048307502363 ) ) ;
#3430 = CARTESIAN_POINT ( 'NONE',  ( 33.50800343656452185, -31.62186228299847812, -0.4451634065535092777 ) ) ;
#3431 = VECTOR ( 'NONE', #5350, 1000.000000000000000 ) ;
#3432 = CARTESIAN_POINT ( 'NONE',  ( -52.35785589792356376, -25.83769692428442610, -3.760624728254587268 ) ) ;
#3433 = CARTESIAN_POINT ( 'NONE',  ( -72.36270908967155435, -1.571431512466895164, -17.23888633471944232 ) ) ;
#3434 = B_SPLINE_CURVE_WITH_KNOTS ( 'NONE', 1,
 ( #4678, #2181 ),
 .UNSPECIFIED., .F., .F.,
 ( 2, 2 ),
 ( 0.000000000000000000, 1.000000000000000000 ),
 .UNSPECIFIED. ) ;
#3435 = CARTESIAN_POINT ( 'NONE',  ( -31.47068113656241550, -34.59223565675243606, -0.2776743667884651323 ) ) ;
#3436 = ORIENTED_EDGE ( 'NONE', *, *, #2595, .F. ) ;
#3437 = VERTEX_POINT ( 'NONE', #5193 ) ;
#3438 = B_SPLINE_CURVE_WITH_KNOTS ( 'NONE', 3,
 ( #3384, #890, #4015, #860, #5115, #5493, #6084, #2306, #1346, #3454, #6525, #1785 ),
 .UNSPECIFIED., .F., .F.,
 ( 4, 2, 2, 2, 2, 4 ),
 ( 1.010728753778251210E-12, 0.002757182096247893285, 0.004135773143866472261, 0.005514364191485051671, 0.008271546286722202684, 0.01102872838195935457 ),
 .UNSPECIFIED. ) ;
#3439 = CARTESIAN_POINT ( 'NONE',  ( -55.81202023835221127, -26.45606683216340826, -3.037335714483548443 ) ) ;
#3440 = FACE_OUTER_BOUND ( 'NONE', #632, .T. ) ;
#3441 = ORIENTED_EDGE ( 'NONE', *, *, #4037, .F. ) ;
#3442 = CARTESIAN_POINT ( 'NONE',  ( 6.761153398764805367, -13.48046792469186350, 0.9410589068424882742 ) ) ;
#3443 = PRODUCT ( 'handle2', 'handle2', '', ( #4933 ) ) ;
#3444 = CONTEXT_DEPENDENT_SHAPE_REPRESENTATION ( #1290, #611 ) ;
#3445 = CARTESIAN_POINT ( 'NONE',  ( 62.48641579219008690, -9.959771843234342725, -4.068171048128999878 ) ) ;
#3446 = CARTESIAN_POINT ( 'NONE',  ( 81.24430139457253119, -7.790853845348025608, -8.765625776397749647 ) ) ;
#3447 = CARTESIAN_POINT ( 'NONE',  ( 117.2236110756821290, 0.9850000000000002087, 7.776388924317967799 ) ) ;
#3448 = EDGE_CURVE ( 'NONE', #1453, #5261, #444, .T. ) ;
#3449 = PLANE ( 'NONE',  #3946 ) ;
#3450 = ORIENTED_EDGE ( 'NONE', *, *, #3571, .T. ) ;
#3451 = ORIENTED_EDGE ( 'NONE', *, *, #2514, .T. ) ;
#3452 = DIRECTION ( 'NONE',  ( 0.000000000000000000, 0.000000000000000000, -1.000000000000000000 ) ) ;
#3453 = DIRECTION ( 'NONE',  ( -1.000000000000000000, 0.000000000000000000, -0.000000000000000000 ) ) ;
#3454 = CARTESIAN_POINT ( 'NONE',  ( -49.95488864801934881, -31.12370084354938271, -4.247470156133672070 ) ) ;
#3455 = EDGE_CURVE ( 'NONE', #89, #4904, #5130, .T. ) ;
#3456 = AXIS2_PLACEMENT_3D ( 'NONE', #3398, #2939, #2022 ) ;
#3457 = LINE ( 'NONE', #3837, #4299 ) ;
#3458 = EDGE_CURVE ( 'NONE', #4163, #4365, #582, .T. ) ;
#3459 = CARTESIAN_POINT ( 'NONE',  ( -43.49611967966471582, -30.22243126600640295, -2.649775304562418388 ) ) ;
#3460 = DIRECTION ( 'NONE',  ( -0.000000000000000000, 1.000000000000000000, -0.000000000000000000 ) ) ;
#3461 = VERTEX_POINT ( 'NONE', #1486 ) ;
#3462 = CARTESIAN_POINT ( 'NONE',  ( 9.907914078261642388, -2.613529688645412907, -1.127243695033943505 ) ) ;
#3463 = CARTESIAN_POINT ( 'NONE',  ( -2.348898036232754727, -7.978312530076289377, 1.194283531992486047 ) ) ;
#3464 = EDGE_CURVE ( 'NONE', #2446, #6682, #4719, .T. ) ;
#3465 = EDGE_CURVE ( 'NONE', #6458, #5272, #3774, .T. ) ;
#3466 = DIRECTION ( 'NONE',  ( 0.7071067811865465735, 0.000000000000000000, 0.7071067811865483499 ) ) ;
#3467 = CARTESIAN_POINT ( 'NONE',  ( -52.99841195229916480, 2.010187419662546660, -3.446191109716163492 ) ) ;
#3468 = CARTESIAN_POINT ( 'NONE',  ( 31.48007148236804653, -31.62473417136378018, -0.2746682706730181889 ) ) ;
#3469 = DIRECTION ( 'NONE',  ( -0.8660254037844385966, 0.000000000000000000, -0.5000000000000001110 ) ) ;
#3470 = ADVANCED_FACE ( 'NONE', ( #5262 ), #2017, .F. ) ;
#3471 = ORIENTED_EDGE ( 'NONE', *, *, #1609, .T. ) ;
#3472 = ORIENTED_EDGE ( 'NONE', *, *, #3070, .T. ) ;
#3473 = CARTESIAN_POINT ( 'NONE',  ( -59.28153533113967200, -9.355247069915128222, -5.582328043439863663 ) ) ;
#3474 = CARTESIAN_POINT ( 'NONE',  ( 62.27479179007922738, -9.960449275283719928, -5.384475051470613671 ) ) ;
#3475 = CARTESIAN_POINT ( 'NONE',  ( -2.990188359590092215, -8.340902591667608945, 0.9885193441170302409 ) ) ;
#3476 = PLANE ( 'NONE',  #2382 ) ;
#3477 = CARTESIAN_POINT ( 'NONE',  ( 59.14449043383662996, 4.425642715306498332, -3.310545971054940750 ) ) ;
#3478 = PLANE ( 'NONE',  #2511 ) ;
#3479 = VECTOR ( 'NONE', #911, 1000.000000000000000 ) ;
#3480 = CARTESIAN_POINT ( 'NONE',  ( -36.94615531141555920, 7.605234688939146004, -0.7621438001829843323 ) ) ;
#3481 = ORIENTED_EDGE ( 'NONE', *, *, #4752, .F. ) ;
#3482 = VERTEX_POINT ( 'NONE', #4744 ) ;
#3483 = CARTESIAN_POINT ( 'NONE',  ( -62.81639967158135818, -8.870374911137014706, -4.121962002360485933 ) ) ;
#3484 =( GEOMETRIC_REPRESENTATION_CONTEXT ( 3 ) GLOBAL_UNCERTAINTY_ASSIGNED_CONTEXT ( ( #2772 ) ) GLOBAL_UNIT_ASSIGNED_CONTEXT ( ( #2130, #988, #6179 ) ) REPRESENTATION_CONTEXT ( 'NONE', 'WORKASPACE' ) );
#3485 = DIRECTION ( 'NONE',  ( 0.000000000000000000, 0.000000000000000000, 1.000000000000000000 ) ) ;
#3487 = VECTOR ( 'NONE', #5584, 1000.000000000000000 ) ;
#3486 = CARTESIAN_POINT ( 'NONE',  ( 13.41716580387610769, 0.9646081557226329206, -0.03226310797404271374 ) ) ;
#3488 = CARTESIAN_POINT ( 'NONE',  ( -39.55535094496227799, -31.05452572884108520, -1.821850161614653185 ) ) ;
#3489 = VECTOR ( 'NONE', #1303, 1000.000000000000000 ) ;
#3490 = CARTESIAN_POINT ( 'NONE',  ( -83.24813137528302320, -9.550367289509793522, -8.306336249601985244 ) ) ;
#3491 = ORIENTED_EDGE ( 'NONE', *, *, #5659, .T. ) ;
#3492 = CARTESIAN_POINT ( 'NONE',  ( 3.205013807389277325, -8.364347729640424944, -1.212098613554937421 ) ) ;
#3493 = DIRECTION ( 'NONE',  ( 0.04651948195591300989, -2.891852433121680177E-15, 0.9989173828693510560 ) ) ;
#3494 = CARTESIAN_POINT ( 'NONE',  ( -1.626303258728256651E-16, 0.2500000000000000000, 0.3464101615137754053 ) ) ;
#3495 = CARTESIAN_POINT ( 'NONE',  ( 10.64061110789857878, -1.286552269941030335, 0.05386599763717703215 ) ) ;
#3496 = DIRECTION ( 'NONE',  ( 0.000000000000000000, 0.000000000000000000, -1.000000000000000000 ) ) ;
#3497 = VECTOR ( 'NONE', #3830, 1000.000000000000000 ) ;
#3498 = LINE ( 'NONE', #250, #453 ) ;
#3499 = CARTESIAN_POINT ( 'NONE',  ( 5.551115123125782702E-14, 1.505000000000000782, -0.3000000000000001554 ) ) ;
#3500 = ORIENTED_EDGE ( 'NONE', *, *, #3141, .F. ) ;
#3501 = CARTESIAN_POINT ( 'NONE',  ( -56.49886091735313443, -0.2291494268599336970, -5.159789918667337716 ) ) ;
#3502 = CARTESIAN_POINT ( 'NONE',  ( 0.2500000000000554556, 1.505000000000000782, -0.3000000000000001554 ) ) ;
#3503 = ADVANCED_FACE ( 'NONE', ( #3291 ), #5957, .F. ) ;
#3504 = AXIS2_PLACEMENT_3D ( 'NONE', #1270, #6595, #6627 ) ;
#3505 = CARTESIAN_POINT ( 'NONE',  ( 26.67855000111685726, 4.023897249189135827, -0.7073739125016210716 ) ) ;
#3506 = ITEM_DEFINED_TRANSFORMATION ( 'NONE', 'NONE', #3685,  #6116 ) ;
#3507 =( NAMED_UNIT ( * ) SI_UNIT ( $, .STERADIAN. ) SOLID_ANGLE_UNIT ( ) );
#3508 = LINE ( 'NONE', #5007, #2658 ) ;
#3509 = DIRECTION ( 'NONE',  ( -4.380838333381074689E-17, -1.000000000000000000, 4.380838333381063595E-17 ) ) ;
#3510 = EDGE_CURVE ( 'NONE', #3176, #690, #2105, .T. ) ;
#3511 = CARTESIAN_POINT ( 'NONE',  ( -10.59897404841371049, -25.93260355132025552, -1.144959384434200755 ) ) ;
#3512 = CARTESIAN_POINT ( 'NONE',  ( -51.92083358516710945, 6.180735435014998558, -2.489931974085783484 ) ) ;
#3513 = VERTEX_POINT ( 'NONE', #2769 ) ;
#3514 = CARTESIAN_POINT ( 'NONE',  ( 55.58961928919379858, 0.5440989352706205873, -5.026242446929031438 ) ) ;
#3515 =( NAMED_UNIT ( * ) SI_UNIT ( $, .STERADIAN. ) SOLID_ANGLE_UNIT ( ) );
#3516 = CARTESIAN_POINT ( 'NONE',  ( -62.17406678493110661, -9.961853179025142779, -6.043422485588382465 ) ) ;
#3517 = ADVANCED_FACE ( 'NONE', ( #6428 ), #2180, .F. ) ;
#3518 = CARTESIAN_POINT ( 'NONE',  ( 11.25363764880478001, -0.5959122758266978126, 0.8367059789299046146 ) ) ;
#3519 = VECTOR ( 'NONE', #5451, 1000.000000000000000 ) ;
#3520 = CARTESIAN_POINT ( 'NONE',  ( 10.05206947977109344, -17.37197311171150460, -1.130972498748738175 ) ) ;
#3521 = VERTEX_POINT ( 'NONE', #5883 ) ;
#3522 = CARTESIAN_POINT ( 'NONE',  ( -10.38498163763299864, -18.55947972158590531, -0.3395269496878497995 ) ) ;
#3523 = CARTESIAN_POINT ( 'NONE',  ( -6.348395843893635870, -11.82672518258413596, -1.252059652436141590 ) ) ;
#3524 = FILL_AREA_STYLE_COLOUR ( '', #6078 ) ;
#3525 = LINE ( 'NONE', #1476, #1955 ) ;
#3526 = DIRECTION ( 'NONE',  ( 0.000000000000000000, 0.000000000000000000, 1.000000000000000000 ) ) ;
#3527 = DIRECTION ( 'NONE',  ( 0.1666256826424208637, 1.445639605428299240E-15, -0.9860202238716746503 ) ) ;
#3528 = VECTOR ( 'NONE', #4739, 1000.000000000000000 ) ;
#3529 = CARTESIAN_POINT ( 'NONE',  ( -9.182289731064004812, -6.476866462389908818, -0.3089055198731406882 ) ) ;
#3530 = VERTEX_POINT ( 'NONE', #512 ) ;
#3531 = CARTESIAN_POINT ( 'NONE',  ( -25.27666114120549423, -31.09633759776091466, -1.823777002781203471 ) ) ;
#3532 = CARTESIAN_POINT ( 'NONE',  ( 90.00000000000000000, -0.9849999999999995426, 35.00000000000000000 ) ) ;
#3533 = CIRCLE ( 'NONE', #6400, 5.378530346272100360 ) ;
#3534 = CARTESIAN_POINT ( 'NONE',  ( -72.36096723560009991, -2.171431038336605113, -15.23888633471938370 ) ) ;
#3535 = CARTESIAN_POINT ( 'NONE',  ( 64.87383711780614703, 2.118897876212712639, -5.873912793700287516 ) ) ;
#3536 = CARTESIAN_POINT ( 'NONE',  ( -8.256555782597207127, -21.51866258166517198, 0.9121332737898723009 ) ) ;
#3537 = CARTESIAN_POINT ( 'NONE',  ( 21.79514512977023699, -30.37570252971806539, -0.8119283414482748595 ) ) ;
#3538 = CARTESIAN_POINT ( 'NONE',  ( -67.33147295269333199, 1.027594070906433288, -4.890740392771682821 ) ) ;
#3539 = EDGE_LOOP ( 'NONE', ( #3648, #4652 ) ) ;
#3540 = FILL_AREA_STYLE ('',( #889 ) ) ;
#3541 = AXIS2_PLACEMENT_3D ( 'NONE', #3591, #6321, #3066 ) ;
#3542 =( NAMED_UNIT ( * ) PLANE_ANGLE_UNIT ( ) SI_UNIT ( $, .RADIAN. ) );
#3543 = CARTESIAN_POINT ( 'NONE',  ( -12.85788170344033610, 0.7005016043820813110, -0.4135877600897000517 ) ) ;
#3544 = CARTESIAN_POINT ( 'NONE',  ( 9.555686756630009882, -4.067225507411682983, 0.08199263675455589762 ) ) ;
#3545 = CARTESIAN_POINT ( 'NONE',  ( -17.10218959588907595, 4.614245537124638474, 0.04591630493051894468 ) ) ;
#3546 = B_SPLINE_CURVE_WITH_KNOTS ( 'NONE', 3,
 ( #6201, #5146, #6235, #338, #827, #2925, #2409, #1924, #5175, #2500, #5054, #1469, #401, #6630, #1893, #6147 ),
 .UNSPECIFIED., .F., .F.,
 ( 4, 2, 2, 2, 2, 2, 2, 4 ),
 ( 8.667910694521856362E-14, 0.001791105792195259129, 0.002686658688249547820, 0.003582211584303837161, 0.004477764480358126069, 0.005373317376412414977, 0.006268870272466704752, 0.007164423168520993659 ),
 .UNSPECIFIED. ) ;
#3547 = VERTEX_POINT ( 'NONE', #6356 ) ;
#3548 = LINE ( 'NONE', #6661, #6516 ) ;
#3549 = CIRCLE ( 'NONE', #6739, 0.9799999999999988720 ) ;
#3550 = CARTESIAN_POINT ( 'NONE',  ( -10.81135393810492751, -20.06465176968359287, -1.151413022407607123 ) ) ;
#3551 = SURFACE_SIDE_STYLE ('',( #871 ) ) ;
#3552 = CARTESIAN_POINT ( 'NONE',  ( 67.33147513932385664, -5.972304432543244168, -4.890740771739674919 ) ) ;
#3553 = ORIENTED_EDGE ( 'NONE', *, *, #3763, .F. ) ;
#3554 = CARTESIAN_POINT ( 'NONE',  ( 0.3020426697765826174, -1.893459816837575582, -0.3000000000000001554 ) ) ;
#3555 = EDGE_CURVE ( 'NONE', #5211, #3822, #4520, .T. ) ;
#3556 = B_SPLINE_CURVE_WITH_KNOTS ( 'NONE', 3,
 ( #1173, #3767, #3126, #1133, #4328, #4875, #3244, #5357, #654, #3692, #3282, #6281 ),
 .UNSPECIFIED., .F., .F.,
 ( 4, 2, 2, 2, 2, 4 ),
 ( 1.213804376036965954E-13, 0.002232936217123303747, 0.003349404325624265669, 0.004465872434125227157, 0.006698808651127151001, 0.008931744868129073978 ),
 .UNSPECIFIED. ) ;
#3557 = ORIENTED_EDGE ( 'NONE', *, *, #2378, .F. ) ;
#3558 = ORIENTED_EDGE ( 'NONE', *, *, #5702, .F. ) ;
#3559 = CARTESIAN_POINT ( 'NONE',  ( 0.3020426697766381285, 1.903459816837576479, 0.2999999999999998224 ) ) ;
#3560 = LINE ( 'NONE', #2396, #2659 ) ;
#3561 = CARTESIAN_POINT ( 'NONE',  ( 17.09418020744431743, 2.150002335310948531, -0.1652818627831422749 ) ) ;
#3562 = CONTEXT_DEPENDENT_SHAPE_REPRESENTATION ( #2751, #1349 ) ;
#3563 = CARTESIAN_POINT ( 'NONE',  ( -7.373209094928135698, -18.83390372865000728, 0.9299441632545022429 ) ) ;
#3564 = ORIENTED_EDGE ( 'NONE', *, *, #4593, .T. ) ;
#3565 = CARTESIAN_POINT ( 'NONE',  ( 90.00000000000000000, -0.004999999999999579434, 35.00000000000000000 ) ) ;
#3566 = ADVANCED_FACE ( 'NONE', ( #4781 ), #6323, .T. ) ;
#3567 = CARTESIAN_POINT ( 'NONE',  ( -55.33430034993649116, -21.21479562524304896, -4.178963247101740386 ) ) ;
#3568 = B_SPLINE_CURVE_WITH_KNOTS ( 'NONE', 3,
 ( #6164, #4617, #5103, #4560, #6645, #2138, #3505, #6135, #3561, #5619 ),
 .UNSPECIFIED., .F., .F.,
 ( 4, 2, 2, 2, 4 ),
 ( 0.000000000000000000, 0.2500000000000000000, 0.5000000000000000000, 0.7500000000000000000, 1.000000000000000000 ),
 .UNSPECIFIED. ) ;
#3569 = ORIENTED_EDGE ( 'NONE', *, *, #2595, .T. ) ;
#3570 = CARTESIAN_POINT ( 'NONE',  ( -59.60732273390529201, -6.877646156516580511, -4.823518473558920938 ) ) ;
#3571 = EDGE_CURVE ( 'NONE', #5612, #4291, #678, .T. ) ;
#3572 =( NAMED_UNIT ( * ) SI_UNIT ( $, .STERADIAN. ) SOLID_ANGLE_UNIT ( ) );
#3573 = CARTESIAN_POINT ( 'NONE',  ( -13.97444591346496523, 1.148922094363601376, -0.4526849711010139110 ) ) ;
#3574 = CARTESIAN_POINT ( 'NONE',  ( 9.693655230190875827, -3.471189372843745069, 0.8788200109711129526 ) ) ;
#3575 = MANIFOLD_SOLID_BREP ( 'Mirror3', #4577 ) ;
#3576 = ORIENTED_EDGE ( 'NONE', *, *, #3251, .T. ) ;
#3577 = CARTESIAN_POINT ( 'NONE',  ( 5.721287178276598162, -7.397946776921730638, 1.168688416401690633 ) ) ;
#3578 = EDGE_CURVE ( 'NONE', #4292, #5422, #347, .T. ) ;
#3579 = VECTOR ( 'NONE', #1493, 1000.000000000000114 ) ;
#3580 = AXIS2_PLACEMENT_3D ( 'NONE', #692, #3356, #3917 ) ;
#3581 = VERTEX_POINT ( 'NONE', #2354 ) ;
#3582 =( REPRESENTATION_RELATIONSHIP ('NONE','NONE', #356, #6495 ) REPRESENTATION_RELATIONSHIP_WITH_TRANSFORMATION ( #6136 )SHAPE_REPRESENTATION_RELATIONSHIP( ) );
#3583 = CARTESIAN_POINT ( 'NONE',  ( 90.00000000000000000, 0.9850000000000002087, 35.00000000000000000 ) ) ;
#3584 = COLOUR_RGB ( '',0.2509803921568627416, 0.2509803921568627416, 0.2509803921568627416 ) ;
#3585 = CARTESIAN_POINT ( 'NONE',  ( -13.02128356818614208, -24.14568826106692967, -1.219522073741925672 ) ) ;
#3586 = CARTESIAN_POINT ( 'NONE',  ( 53.53816355766767998, 1.851208186883199103, -3.923682476751523041 ) ) ;
#3587 = VERTEX_POINT ( 'NONE', #733 ) ;
#3588 = ORIENTED_EDGE ( 'NONE', *, *, #1497, .T. ) ;
#3589 = CARTESIAN_POINT ( 'NONE',  ( 0.000000000000000000, -0.9849999999999997646, -3.500000000000000888 ) ) ;
#3590 = EDGE_CURVE ( 'NONE', #6682, #5713, #5631, .T. ) ;
#3591 = CARTESIAN_POINT ( 'NONE',  ( 116.5306464301193188, -0.004999999999999735559, 8.469353569880784249 ) ) ;
#3592 = ORIENTED_EDGE ( 'NONE', *, *, #6494, .F. ) ;
#3593 = B_SPLINE_CURVE_WITH_KNOTS ( 'NONE', 3,
 ( #5668, #4608, #2507, #3468, #3430, #3955, #1360, #1961, #6666, #2450, #4085, #5578 ),
 .UNSPECIFIED., .F., .F.,
 ( 4, 2, 2, 2, 2, 4 ),
 ( 1.432408584746125207E-11, 0.006101611852326278840, 0.01220322369032847062, 0.01525402960932957692, 0.01830483552833068669, 0.02440644736633289930 ),
 .UNSPECIFIED. ) ;
#3594 = CARTESIAN_POINT ( 'NONE',  ( 25.31807431363216310, -31.09044665393743756, -1.024826010655569997 ) ) ;
#3595 = FACE_BOUND ( 'NONE', #440, .T. ) ;
#3596 = AXIS2_PLACEMENT_3D ( 'NONE', #429, #4662, #4139 ) ;
#3597 = ORIENTED_EDGE ( 'NONE', *, *, #808, .F. ) ;
#3598 = DIRECTION ( 'NONE',  ( 0.7071067811865475727, 0.000000000000000000, -0.7071067811865475727 ) ) ;
#3599 = LINE ( 'NONE', #1039, #2109 ) ;
#3600 = CARTESIAN_POINT ( 'NONE',  ( 25.27661285303783245, -31.09644262272234982, -1.823773825145537542 ) ) ;
#3601 = ORIENTED_EDGE ( 'NONE', *, *, #4902, .T. ) ;
#3602 = ADVANCED_FACE ( 'NONE', ( #4027 ), #279, .F. ) ;
#3603 = AXIS2_PLACEMENT_3D ( 'NONE', #975, #4134, #6198 ) ;
#3604 = CARTESIAN_POINT ( 'NONE',  ( -45.43543665242322760, -16.94402603429776022, 14.41732172255163036 ) ) ;
#3605 = DIRECTION ( 'NONE',  ( 0.0005443633068965336502, 0.9999998518342840814, -2.518186154490093769E-18 ) ) ;
#3606 = CARTESIAN_POINT ( 'NONE',  ( -14.53460691310511521, -29.94581198165245794, -1.272986312082938776 ) ) ;
#3607 = ORIENTED_EDGE ( 'NONE', *, *, #5566, .T. ) ;
#3608 = CARTESIAN_POINT ( 'NONE',  ( -54.66818113438648652, 1.301886109526658064, -4.084005447966251090 ) ) ;
#3609 = LINE ( 'NONE', #1439, #492 ) ;
#3610 = LINE ( 'NONE', #3087, #4850 ) ;
#3611 = VECTOR ( 'NONE', #2041, 1000.000000000000000 ) ;
#3612 = FACE_OUTER_BOUND ( 'NONE', #3926, .T. ) ;
#3613 = VERTEX_POINT ( 'NONE', #4473 ) ;
#3614 = VECTOR ( 'NONE', #70, 1000.000000000000227 ) ;
#3615 = PLANE ( 'NONE',  #854 ) ;
#3616 = ORIENTED_EDGE ( 'NONE', *, *, #5902, .T. ) ;
#3617 = CARTESIAN_POINT ( 'NONE',  ( -21.79514512977043594, -30.37570252971814000, -0.8119283414475338967 ) ) ;
#3618 = CARTESIAN_POINT ( 'NONE',  ( 6.473473064272191380, -16.47775753404175703, -1.254349872387894527 ) ) ;
#3619 = B_SPLINE_CURVE_WITH_KNOTS ( 'NONE', 1,
 ( #6664, #3428 ),
 .UNSPECIFIED., .F., .F.,
 ( 2, 2 ),
 ( 0.000000000000000000, 1.000000000000000000 ),
 .UNSPECIFIED. ) ;
#3620 = CARTESIAN_POINT ( 'NONE',  ( 1.512990302380412544, -0.5552439961066955032, 0.9972315557073192505 ) ) ;
#3621 = B_SPLINE_CURVE_WITH_KNOTS ( 'NONE', 3,
 ( #5818, #6764, #1109, #6293, #1561, #516, #2623, #2661, #4162, #5298, #2113, #2079, #6260, #552, #3670, #2556, #6799, #1597, #5335, #969, #3109, #4786, #5788, #37 ),
 .UNSPECIFIED., .F., .F.,
 ( 4, 2, 2, 2, 2, 2, 2, 2, 2, 2, 2, 4 ),
 ( 0.000000000000000000, 0.003798520634708265221, 0.007597041269416530442, 0.01519408253883305047, 0.02279112380824956791, 0.02658964444295782228, 0.03038816507766607319, 0.03798520634708255073, 0.04178372698179078082, 0.04558224761649901091, 0.05317928888591549191, 0.06077633015533195904 ),
 .UNSPECIFIED. ) ;
#3622 = DIRECTION ( 'NONE',  ( 0.000000000000000000, 0.000000000000000000, 1.000000000000000000 ) ) ;
#3623 = LINE ( 'NONE', #3494, #3163 ) ;
#3624 = FACE_OUTER_BOUND ( 'NONE', #3190, .T. ) ;
#3625 = ORIENTED_EDGE ( 'NONE', *, *, #2777, .F. ) ;
#3626 = ORIENTED_EDGE ( 'NONE', *, *, #5920, .F. ) ;
#3627 = VECTOR ( 'NONE', #3385, 1000.000000000000000 ) ;
#3628 = DIRECTION ( 'NONE',  ( 0.000000000000000000, 1.000000000000000000, 0.000000000000000000 ) ) ;
#3629 = CARTESIAN_POINT ( 'NONE',  ( 62.17423663352469987, -9.961888886619691519, -6.043441438079321770 ) ) ;
#3630 = ORIENTED_EDGE ( 'NONE', *, *, #5537, .F. ) ;
#3631 = CARTESIAN_POINT ( 'NONE',  ( 31.40664536589164868, -31.62509332549633001, -1.472589682921640275 ) ) ;
#3632 = CARTESIAN_POINT ( 'NONE',  ( -49.92459151148796792, -27.69568021842684047, -4.243800750408071920 ) ) ;
#3633 = ORIENTED_EDGE ( 'NONE', *, *, #6120, .T. ) ;
#3634 = DIRECTION ( 'NONE',  ( 0.7071067811865466846, 0.000000000000000000, 0.7071067811865484609 ) ) ;
#3635 = CARTESIAN_POINT ( 'NONE',  ( 116.5306464301193188, 0.9850000000000002087, 8.469353569880784249 ) ) ;
#3636 = AXIS2_PLACEMENT_3D ( 'NONE', #3846, #797, #4918 ) ;
#3637 = ORIENTED_EDGE ( 'NONE', *, *, #6276, .F. ) ;
#3638 = CARTESIAN_POINT ( 'NONE',  ( 17.57168288429010872, -28.42806802323650572, -0.1967086252088479370 ) ) ;
#3639 = PLANE ( 'NONE',  #1849 ) ;
#3640 = EDGE_LOOP ( 'NONE', ( #1343, #4876, #2089, #6067 ) ) ;
#3641 = CARTESIAN_POINT ( 'NONE',  ( -0.3464101615137752388, -1.106352066656306181E-16, 0.2000000000000000111 ) ) ;
#3642 = CARTESIAN_POINT ( 'NONE',  ( -11.85995381868511522, 0.03284538247882490963, -0.3816655531563415971 ) ) ;
#3643 = CARTESIAN_POINT ( 'NONE',  ( 9.545808712541301588, -4.067225507411745156, -0.3178853749501997505 ) ) ;
#3644 = CARTESIAN_POINT ( 'NONE',  ( 62.39116393081972234, 3.014094840528310559, -6.077240380351008220 ) ) ;
#3645 = EDGE_CURVE ( 'NONE', #3482, #2940, #4400, .T. ) ;
#3646 = ORIENTED_EDGE ( 'NONE', *, *, #6397, .F. ) ;
#3647 = CARTESIAN_POINT ( 'NONE',  ( -5.164505207022610733, -0.3728262295290246109, 0.3778192414932942111 ) ) ;
#3648 = ORIENTED_EDGE ( 'NONE', *, *, #5697, .T. ) ;
#3649 = DIRECTION ( 'NONE',  ( -0.03185894519818400356, 0.000000000000000000, 0.9994923749638409127 ) ) ;
#3650 = CARTESIAN_POINT ( 'NONE',  ( 10.39572806148910900, -18.55947972158575965, 0.06032866722194274445 ) ) ;
#3651 = CARTESIAN_POINT ( 'NONE',  ( -36.37705372816304816, 4.514565794610088112, -1.901676500874116327 ) ) ;
#3652 = SURFACE_SIDE_STYLE ('',( #406 ) ) ;
#3653 = CARTESIAN_POINT ( 'NONE',  ( -56.62474125490074783, -24.90217115134348802, -4.504685347452968891 ) ) ;
#3654 = CARTESIAN_POINT ( 'NONE',  ( 1.487306110593891617, 1.005000000000000782, 0.2999999999999998224 ) ) ;
#3655 = MANIFOLD_SOLID_BREP ( 'Thicken1', #367 ) ;
#3656 = ORIENTED_EDGE ( 'NONE', *, *, #3918, .T. ) ;
#3657 = ORIENTED_EDGE ( 'NONE', *, *, #4733, .F. ) ;
#3658 = CARTESIAN_POINT ( 'NONE',  ( -48.11397446220462371, -28.74215065624214560, -2.802310982871238032 ) ) ;
#3659 = EDGE_CURVE ( 'NONE', #3121, #6781, #1325, .T. ) ;
#3660 = EDGE_CURVE ( 'NONE', #3098, #3719, #6689, .T. ) ;
#3661 = EDGE_CURVE ( 'NONE', #5740, #5272, #3525, .T. ) ;
#3662 = CARTESIAN_POINT ( 'NONE',  ( -48.33791358977362052, -31.82353235514426260, -3.368609750030490346 ) ) ;
#3663 = ORIENTED_EDGE ( 'NONE', *, *, #2573, .F. ) ;
#3664 = CARTESIAN_POINT ( 'NONE',  ( 71.61129374225021138, -1.571431512466895164, -15.23888633471938370 ) ) ;
#3665 = CARTESIAN_POINT ( 'NONE',  ( -13.98890673045831079, 1.148922094363605595, -0.05294645060062127401 ) ) ;
#3666 = EDGE_CURVE ( 'NONE', #25, #6266, #3623, .T. ) ;
#3667 = EDGE_LOOP ( 'NONE', ( #5512, #1511, #844, #2878 ) ) ;
#3668 = VECTOR ( 'NONE', #5911, 1000.000000000000227 ) ;
#3669 = FACE_OUTER_BOUND ( 'NONE', #5980, .T. ) ;
#3670 = CARTESIAN_POINT ( 'NONE',  ( -42.99444414509845558, 7.440814545040676187, -3.395390943397324612 ) ) ;
#3671 = ORIENTED_EDGE ( 'NONE', *, *, #1036, .T. ) ;
#3672 = CLOSED_SHELL ( 'NONE', ( #3711, #3503, #4442, #6389, #4831, #6419, #653, #488, #4907, #1159, #6574 ) ) ;
#3673 = CARTESIAN_POINT ( 'NONE',  ( 16.27122431030377214, -27.52245502340909056, -0.5409427996174041020 ) ) ;
#3674 = DIRECTION ( 'NONE',  ( 0.0005443633068965336502, 0.9999998518342840814, -2.518186154490093769E-18 ) ) ;
#3675 = ORIENTED_EDGE ( 'NONE', *, *, #4306, .F. ) ;
#3676 =( NAMED_UNIT ( * ) SI_UNIT ( $, .STERADIAN. ) SOLID_ANGLE_UNIT ( ) );
#3677 = UNCERTAINTY_MEASURE_WITH_UNIT (LENGTH_MEASURE( 1.000000000000000082E-05 ), #3227, 'distance_accuracy_value', 'NONE');
#3678 =( LENGTH_UNIT ( ) NAMED_UNIT ( * ) SI_UNIT ( .MILLI., .METRE. ) );
#3679 = CARTESIAN_POINT ( 'NONE',  ( -9.807889602804950258, -2.891723246447288620, -0.3243663888013705865 ) ) ;
#3680 = COLOUR_RGB ( '',0.2509803921568627416, 0.2509803921568627416, 0.2509803921568627416 ) ;
#3681 = CARTESIAN_POINT ( 'NONE',  ( -8.741652159047546888, 1.291763896777177845, -0.4322252272380295302 ) ) ;
#3682 = CARTESIAN_POINT ( 'NONE',  ( -64.31442697077392268, -6.735546095106636599, -6.399008238443932406 ) ) ;
#3683 = ORIENTED_EDGE ( 'NONE', *, *, #1201, .T. ) ;
#3684 = CARTESIAN_POINT ( 'NONE',  ( 5.697690986921230660, -7.397946776921730638, -0.4311824461547313359 ) ) ;
#3685 = AXIS2_PLACEMENT_3D ( 'NONE', #2263, #4490, #2884 ) ;
#3686 = ORIENTED_EDGE ( 'NONE', *, *, #1938, .T. ) ;
#3687 = CARTESIAN_POINT ( 'NONE',  ( -61.93832368015939949, -12.60487577800496517, -3.978566081452457937 ) ) ;
#3688 = CARTESIAN_POINT ( 'NONE',  ( -11.51517075938942014, -21.49381403245724798, 0.8290972951838528893 ) ) ;
#3689 = CARTESIAN_POINT ( 'NONE',  ( 50.21330605780145362, -31.12848903860084704, -2.264230642682586669 ) ) ;
#3690 = TOROIDAL_SURFACE ( 'NONE', #3019, 32.48000000000001108, 0.9799999999999999822 ) ;
#3691 = DIRECTION ( 'NONE',  ( 4.625929269271484533E-15, 0.000000000000000000, 1.000000000000000000 ) ) ;
#3692 = CARTESIAN_POINT ( 'NONE',  ( 53.16899647679054652, -24.65152303389298893, -4.681516874154978858 ) ) ;
#3693 = CARTESIAN_POINT ( 'NONE',  ( 50.78758520378157471, -27.25691167936469128, -2.340380269565788041 ) ) ;
#3694 = MANIFOLD_SOLID_BREP ( 'Boss-Extrude1', #699 ) ;
#3695 = ORIENTED_EDGE ( 'NONE', *, *, #5405, .F. ) ;
#3696 = ORIENTED_EDGE ( 'NONE', *, *, #2489, .T. ) ;
#3697 = CARTESIAN_POINT ( 'NONE',  ( 0.000000000000000000, 0.000000000000000000, 1.700000000000000178 ) ) ;
#3698 = CIRCLE ( 'NONE', #726, 0.2500000000000000000 ) ;
#3699 = CARTESIAN_POINT ( 'NONE',  ( 56.28471097064252149, 0.2171953429609622677, -3.106646605012119089 ) ) ;
#3700 = EDGE_LOOP ( 'NONE', ( #2072, #5757, #6248, #3844 ) ) ;
#3701 = CARTESIAN_POINT ( 'NONE',  ( 10.39572806148910900, -18.55947972158575965, 0.06032866722194274445 ) ) ;
#3702 = LINE ( 'NONE', #5226, #2380 ) ;
#3703 = ORIENTED_EDGE ( 'NONE', *, *, #5442, .T. ) ;
#3704 = CARTESIAN_POINT ( 'NONE',  ( 53.59356557039549784, 1.851208056033321281, -3.527535826611450265 ) ) ;
#3705 =( BOUNDED_CURVE ( )  B_SPLINE_CURVE ( 3, ( #4284, #2678, #3725, #3346 ),
 .UNSPECIFIED., .F., .T. ) 
 B_SPLINE_CURVE_WITH_KNOTS ( ( 4, 4 ),
 ( 2.194030043088947224, 3.141592653589790896 ),
 .UNSPECIFIED. ) 
 CURVE ( )  GEOMETRIC_REPRESENTATION_ITEM ( )  RATIONAL_B_SPLINE_CURVE ( ( 1.000000000000000000, 0.9265662780355700123, 0.9265662780355700123, 1.000000000000000000 ) ) 
 REPRESENTATION_ITEM ( '' )  );
#3706 = CARTESIAN_POINT ( 'NONE',  ( 2.515795710998241841, -1.795581977929471718, -1.192186363222642154 ) ) ;
#3707 = CARTESIAN_POINT ( 'NONE',  ( 72.36096723560009991, -2.171431038336605113, -14.26371814922621262 ) ) ;
#3708 = VERTEX_POINT ( 'NONE', #378 ) ;
#3709 = CARTESIAN_POINT ( 'NONE',  ( 72.36096723560009991, -2.171431038336605113, -15.23888633471938370 ) ) ;
#3710 = FACE_OUTER_BOUND ( 'NONE', #5808, .T. ) ;
#3711 = ADVANCED_FACE ( 'NONE', ( #5184 ), #2481, .T. ) ;
#3712 = ORIENTED_EDGE ( 'NONE', *, *, #3571, .F. ) ;
#3713 = CARTESIAN_POINT ( 'NONE',  ( -6.624781735889061274, -12.84051074325726205, 0.9434052239827174224 ) ) ;
#3714 = CARTESIAN_POINT ( 'NONE',  ( 66.98417885191003052, 1.028568487533104481, -6.860355988447364162 ) ) ;
#3715 = EDGE_CURVE ( 'NONE', #1296, #1951, #3233, .T. ) ;
#3716 = FACE_OUTER_BOUND ( 'NONE', #3700, .T. ) ;
#3717 = AXIS2_PLACEMENT_3D ( 'NONE', #4353, #6445, #6077 ) ;
#3718 = CARTESIAN_POINT ( 'NONE',  ( 8.728568979230287184, 1.287361976335709368, -1.098721675964097422 ) ) ;
#3719 = VERTEX_POINT ( 'NONE', #2610 ) ;
#3720 = CARTESIAN_POINT ( 'NONE',  ( -83.10910079837159969, -9.550367289509793522, -9.094163103153160677 ) ) ;
#3721 = ORIENTED_EDGE ( 'NONE', *, *, #3308, .F. ) ;
#3722 = CARTESIAN_POINT ( 'NONE',  ( 17.15138977070070680, 2.147228552081687170, 0.6331344505373540654 ) ) ;
#3723 = EDGE_CURVE ( 'NONE', #4833, #272, #4718, .T. ) ;
#3724 = CYLINDRICAL_SURFACE ( 'NONE', #2212, 12.77795947684133182 ) ;
#3725 = CARTESIAN_POINT ( 'NONE',  ( 71.36129370520879434, -1.571431512466895164, -15.07474829003088601 ) ) ;
#3726 = DIRECTION ( 'NONE',  ( 0.000000000000000000, 1.000000000000000000, 0.000000000000000000 ) ) ;
#3727 = PRESENTATION_LAYER_ASSIGNMENT (  '', '', ( #1851 ) ) ;
#3728 = CARTESIAN_POINT ( 'NONE',  ( 6.966023370827789662, -16.63003111815231705, 0.9374746574029735324 ) ) ;
#3729 = CARTESIAN_POINT ( 'NONE',  ( -0.3464101615137752388, -1.106352066656306181E-16, 0.000000000000000000 ) ) ;
#3730 = FACE_OUTER_BOUND ( 'NONE', #2554, .T. ) ;
#3731 = ORIENTED_EDGE ( 'NONE', *, *, #861, .T. ) ;
#3732 = ORIENTED_EDGE ( 'NONE', *, *, #6609, .T. ) ;
#3733 = DIRECTION ( 'NONE',  ( 0.000000000000000000, 0.000000000000000000, 1.000000000000000000 ) ) ;
#3734 = CARTESIAN_POINT ( 'NONE',  ( 0.2500000000000000000, 3.061616997868383018E-17, 1.700000000000000178 ) ) ;
#3735 = CARTESIAN_POINT ( 'NONE',  ( 59.55457366862227531, -5.213436241263911697, -3.600824098719936917 ) ) ;
#3736 = DIRECTION ( 'NONE',  ( 0.7071067811865466846, 0.000000000000000000, 0.7071067811865484609 ) ) ;
#3737 = CIRCLE ( 'NONE', #3975, 0.2500000000000000000 ) ;
#3738 = ORIENTED_EDGE ( 'NONE', *, *, #3025, .F. ) ;
#3739 = CARTESIAN_POINT ( 'NONE',  ( 54.66818113438655047, 1.301886109526555702, -4.084005447966470470 ) ) ;
#3740 = EDGE_CURVE ( 'NONE', #3321, #2303, #3556, .T. ) ;
#3741 = SURFACE_STYLE_USAGE ( .BOTH. , #5477 ) ;
#3742 = CYLINDRICAL_SURFACE ( 'NONE', #4368, 0.9799999999999999822 ) ;
#3743 = ORIENTED_EDGE ( 'NONE', *, *, #395, .F. ) ;
#3744 = CARTESIAN_POINT ( 'NONE',  ( 23.39007884152525563, -30.68223936111589367, 0.2938519568721940645 ) ) ;
#3745 = CYLINDRICAL_SURFACE ( 'NONE', #4838, 0.2499999999999999445 ) ;
#3746 = ADVANCED_BREP_SHAPE_REPRESENTATION ( '', ( #352, #3694, #6116 ), #587 ) ;
#3747 = VERTEX_POINT ( 'NONE', #5285 ) ;
#3748 = DIRECTION ( 'NONE',  ( 0.000000000000000000, -6.195440985631455317E-17, -1.000000000000000000 ) ) ;
#3749 = CARTESIAN_POINT ( 'NONE',  ( -5.177803211038827236, 0.02482085846104181009, -1.034051086043948020 ) ) ;
#3750 = VECTOR ( 'NONE', #5992, 999.9999999999998863 ) ;
#3751 = DIRECTION ( 'NONE',  ( 0.0005443633068965336502, 0.9999998518342840814, -2.518186154490093769E-18 ) ) ;
#3752 = EDGE_CURVE ( 'NONE', #540, #1645, #3410, .T. ) ;
#3753 = CARTESIAN_POINT ( 'NONE',  ( 47.98381464645049022, 6.872710396906889230, -3.987806705746435032 ) ) ;
#3754 = CARTESIAN_POINT ( 'NONE',  ( -32.19393032615467831, 7.527193366182288514, -2.520570370510098801 ) ) ;
#3755 = VECTOR ( 'NONE', #3453, 1000.000000000000000 ) ;
#3756 = APPLICATION_CONTEXT ( 'automotive_design' ) ;
#3757 = VERTEX_POINT ( 'NONE', #5841 ) ;
#3758 = ORIENTED_EDGE ( 'NONE', *, *, #3660, .T. ) ;
#3759 = CYLINDRICAL_SURFACE ( 'NONE', #951, 0.2500000000000037192 ) ;
#3760 = ADVANCED_FACE ( 'NONE', ( #4735, #504 ), #4288, .F. ) ;
#3761 = CARTESIAN_POINT ( 'NONE',  ( -62.48657761812643230, -9.959804985429737911, -4.068188793777547829 ) ) ;
#3762 = CARTESIAN_POINT ( 'NONE',  ( -10.42665669773803216, -18.55691319536747841, 0.8596157923531517753 ) ) ;
#3763 = EDGE_CURVE ( 'NONE', #1054, #857, #6348, .T. ) ;
#3764 = FACE_OUTER_BOUND ( 'NONE', #831, .T. ) ;
#3765 = B_SPLINE_CURVE_WITH_KNOTS ( 'NONE', 3,
 ( #6579, #1833, #3432, #807, #2907, #284 ),
 .UNSPECIFIED., .F., .F.,
 ( 4, 2, 4 ),
 ( 0.000000000000000000, 0.5000000000000000000, 1.000000000000000000 ),
 .UNSPECIFIED. ) ;
#3766 = CARTESIAN_POINT ( 'NONE',  ( 10.69425537254271497, -25.94969457331209384, 0.8531749482276985708 ) ) ;
#3767 = CARTESIAN_POINT ( 'NONE',  ( 47.97015963177075548, -28.73789486847128671, -3.993664930047380324 ) ) ;
#3768 = CARTESIAN_POINT ( 'NONE',  ( -9.227848809329886492, -12.43093923119324806, -1.110335703674030450 ) ) ;
#3769 = ORIENTED_EDGE ( 'NONE', *, *, #1317, .F. ) ;
#3770 = VERTEX_POINT ( 'NONE', #1062 ) ;
#3771 = DIRECTION ( 'NONE',  ( 0.000000000000000000, 0.000000000000000000, 1.000000000000000000 ) ) ;
#3772 = CARTESIAN_POINT ( 'NONE',  ( 6.770832967758924070, -14.37226586872156986, -1.059150969939341325 ) ) ;
#3773 = DIRECTION ( 'NONE',  ( 0.9965012338971107608, 0.000000000000000000, 0.08357805239137790221 ) ) ;
#3774 = LINE ( 'NONE', #4814, #5166 ) ;
#3775 = CARTESIAN_POINT ( 'NONE',  ( 37.54163183405612614, -31.33408441660167654, -1.620040040736908438 ) ) ;
#3776 = EDGE_LOOP ( 'NONE', ( #3054, #1965, #1197, #2616 ) ) ;
#3777 = CARTESIAN_POINT ( 'NONE',  ( 57.81864542171615540, -1.643059569525959107, -4.548503323288317191 ) ) ;
#3778 = PRESENTATION_LAYER_ASSIGNMENT (  '', '', ( #4449 ) ) ;
#3779 = CARTESIAN_POINT ( 'NONE',  ( -52.34605302607556609, 2.169978146757524762, -3.760746376895218734 ) ) ;
#3780 = CARTESIAN_POINT ( 'NONE',  ( -1.748305595956336944, -7.882055666708383868, -1.003904228258292397 ) ) ;
#3781 = ORIENTED_EDGE ( 'NONE', *, *, #853, .F. ) ;
#3782 = CARTESIAN_POINT ( 'NONE',  ( -71.61096734672436526, -2.171022765856432724, -15.23888633471938370 ) ) ;
#3783 = CARTESIAN_POINT ( 'NONE',  ( 0.000000000000000000, 0.9850000000000002087, 2.520000000000000018 ) ) ;
#3784 = VERTEX_POINT ( 'NONE', #2207 ) ;
#3785 = CARTESIAN_POINT ( 'NONE',  ( 50.12460538285067457, -27.74486028184681174, -3.058542987423920501 ) ) ;
#3786 = CARTESIAN_POINT ( 'NONE',  ( 0.3020426697766380730, 1.903459816837576479, -0.3000000000000001554 ) ) ;
#3787 = PLANE ( 'NONE',  #320 ) ;
#3788 = CARTESIAN_POINT ( 'NONE',  ( -9.124605069403035174, -9.321047096406250176, -1.107933662158297583 ) ) ;
#3789 = EDGE_CURVE ( 'NONE', #2800, #52, #4840, .T. ) ;
#3790 = CARTESIAN_POINT ( 'NONE',  ( -13.94368572206943568, 1.154647042940119883, -1.252001421199163467 ) ) ;
#3791 = B_SPLINE_SURFACE_WITH_KNOTS ( 'NONE', 1, 3, ( 
 ( #1069, #2587, #5813, #3173, #2074, #4196, #6290, #4745, #1557, #3665 ),
 ( #548, #2655, #2618, #1035, #3137, #1377, #4782, #2146, #4264, #586 ) ),
 .UNSPECIFIED., .F., .F., .F.,
 ( 2, 2 ),
 ( 4, 2, 2, 2, 4 ),
 ( 0.000000000000000000, 1.000000000000000000 ),
 ( 0.000000000000000000, 0.2500000000000000000, 0.5000000000000000000, 0.7500000000000000000, 1.000000000000000000 ),
 .UNSPECIFIED. ) ;
#3792 = EDGE_CURVE ( 'NONE', #2209, #4458, #855, .T. ) ;
#3793 = ORIENTED_EDGE ( 'NONE', *, *, #3458, .T. ) ;
#3794 = ORIENTED_EDGE ( 'NONE', *, *, #3886, .T. ) ;
#3795 = CARTESIAN_POINT ( 'NONE',  ( 29.88055865413202028, 4.341839787007422125, -1.342847000352831888 ) ) ;
#3796 = AXIS2_PLACEMENT_3D ( 'NONE', #1775, #4896, #1702 ) ;
#3797 = FACE_OUTER_BOUND ( 'NONE', #4787, .T. ) ;
#3798 = DIRECTION ( 'NONE',  ( 0.9989489082797300412, 0.000000000000000000, 0.04583752443942889360 ) ) ;
#3799 = CARTESIAN_POINT ( 'NONE',  ( 52.91853490852881947, -29.39651542268018147, -2.627890719405263198 ) ) ;
#3800 = EDGE_CURVE ( 'NONE', #6695, #1001, #1619, .T. ) ;
#3801 = CARTESIAN_POINT ( 'NONE',  ( -74.33232441199881180, -5.972304432543244168, -12.58618263852918950 ) ) ;
#3802 = CARTESIAN_POINT ( 'NONE',  ( 20.68261070951692560, 5.508133316712185312, 0.4559544484808366605 ) ) ;
#3803 = VERTEX_POINT ( 'NONE', #575 ) ;
#3804 = ORIENTED_EDGE ( 'NONE', *, *, #1932, .T. ) ;
#3805 = DIRECTION ( 'NONE',  ( 0.000000000000000000, -0.000000000000000000, -1.000000000000000000 ) ) ;
#3806 = CARTESIAN_POINT ( 'NONE',  ( -6.866108573614868149, -14.93827723285031794, 1.139252463126188220 ) ) ;
#3807 = EDGE_CURVE ( 'NONE', #3581, #5196, #2680, .T. ) ;
#3808 = CARTESIAN_POINT ( 'NONE',  ( 9.361212372183217667, -13.78996542475871045, 0.08677656135034585161 ) ) ;
#3809 =( LENGTH_UNIT ( ) NAMED_UNIT ( * ) SI_UNIT ( .MILLI., .METRE. ) );
#3810 = CARTESIAN_POINT ( 'NONE',  ( -67.26504051868967338, 1.027701400671258147, -5.267510323812497397 ) ) ;
#3811 = VECTOR ( 'NONE', #5649, 1000.000000000000000 ) ;
#3812 = CARTESIAN_POINT ( 'NONE',  ( 53.97042376938023978, -23.38964688655295987, -4.794165262184212573 ) ) ;
#3813 = EDGE_CURVE ( 'NONE', #1175, #2280, #4711, .T. ) ;
#3814 = B_SPLINE_CURVE_WITH_KNOTS ( 'NONE', 3,
 ( #6633, #6237, #3053, #1956, #2502, #6713, #5178, #3520, #6115, #2536 ),
 .UNSPECIFIED., .F., .F.,
 ( 4, 2, 2, 2, 4 ),
 ( 0.000000000000000000, 0.007265015806007728109, 0.01089752370901158826, 0.01271377766051352311, 0.01453003161201545622 ),
 .UNSPECIFIED. ) ;
#3815 = AXIS2_PLACEMENT_3D ( 'NONE', #4298, #3736, #1660 ) ;
#3816 = CARTESIAN_POINT ( 'NONE',  ( -36.37705372816304816, 4.514565794610088112, -1.901676500874116327 ) ) ;
#3817 = CARTESIAN_POINT ( 'NONE',  ( 0.4361294781644049490, -7.655849490144393421, -0.9999963537534553026 ) ) ;
#3818 = ORIENTED_EDGE ( 'NONE', *, *, #4559, .F. ) ;
#3819 = AXIS2_PLACEMENT_3D ( 'NONE', #153, #3863, #326 ) ;
#3820 = DIRECTION ( 'NONE',  ( -2.034007358926454027E-21, 3.736488172122332627E-18, 1.000000000000000000 ) ) ;
#3821 = DIRECTION ( 'NONE',  ( 0.000000000000000000, 0.000000000000000000, 1.000000000000000000 ) ) ;
#3822 = VERTEX_POINT ( 'NONE', #688 ) ;
#3823 = CARTESIAN_POINT ( 'NONE',  ( -6.098681480236940899, -11.38255701081681259, 0.9520741978912015124 ) ) ;
#3824 = PRODUCT ( 'bolt', 'bolt', '', ( #4971 ) ) ;
#3825 = CARTESIAN_POINT ( 'NONE',  ( -99.62623949753607633, 36.01427276729121019, -9.912361168911234088 ) ) ;
#3826 = CARTESIAN_POINT ( 'NONE',  ( -5.909756962782128475, 0.2238606145961370419, -1.044609078870558205 ) ) ;
#3827 = FACE_OUTER_BOUND ( 'NONE', #4746, .T. ) ;
#3828 = EDGE_CURVE ( 'NONE', #6177, #3757, #6457, .T. ) ;
#3829 = CARTESIAN_POINT ( 'NONE',  ( 49.12462831084221193, -31.50711613028843416, -4.139775363860223933 ) ) ;
#3830 = DIRECTION ( 'NONE',  ( -1.000000000000000000, 0.000000000000000000, 0.000000000000000000 ) ) ;
#3831 = ORIENTED_EDGE ( 'NONE', *, *, #1310, .T. ) ;
#3832 = EDGE_LOOP ( 'NONE', ( #1008, #5236, #6117, #3947 ) ) ;
#3833 = CARTESIAN_POINT ( 'NONE',  ( -72.36096723560009991, -2.171431038336605113, -15.23888633471938370 ) ) ;
#3834 = VECTOR ( 'NONE', #5523, 1000.000000000000114 ) ;
#3835 = CARTESIAN_POINT ( 'NONE',  ( 56.52884899597769675, -24.90322680848372272, -5.164396660716898957 ) ) ;
#3836 = CARTESIAN_POINT ( 'NONE',  ( 48.42064190732920537, -31.82162983702881931, -2.707131188430804247 ) ) ;
#3837 = CARTESIAN_POINT ( 'NONE',  ( 112.2738636073762848, 0.005000000000000229955, 12.72613639262379515 ) ) ;
#3838 = FACE_OUTER_BOUND ( 'NONE', #6447, .T. ) ;
#3839 = CARTESIAN_POINT ( 'NONE',  ( -45.57563760168331868, -29.66983240334604943, -1.682879553900100467 ) ) ;
#3840 = MECHANICAL_DESIGN_GEOMETRIC_PRESENTATION_REPRESENTATION (  '', ( #5380 ), #2376 ) ;
#3841 = CARTESIAN_POINT ( 'NONE',  ( -52.40022094785518192, 2.169978146757362669, -3.364431052626638330 ) ) ;
#3842 = EDGE_CURVE ( 'NONE', #3180, #4807, #1205, .T. ) ;
#3843 = VERTEX_POINT ( 'NONE', #3320 ) ;
#3844 = ORIENTED_EDGE ( 'NONE', *, *, #5222, .T. ) ;
#3845 = B_SPLINE_CURVE_WITH_KNOTS ( 'NONE', 3,
 ( #5880, #1137, #4878, #6316, #136, #1245, #3991, #3916, #2313, #1354, #5541, #3462, #3323, #4404, #3880, #4435 ),
 .UNSPECIFIED., .F., .F.,
 ( 4, 2, 2, 2, 2, 2, 2, 4 ),
 ( 4.614534396805018336E-14, 0.001791058015562081241, 0.002686587023320048846, 0.003582116031078017102, 0.004477645038835985358, 0.005373174046593952313, 0.006268703054351921870, 0.007164232062109890560 ),
 .UNSPECIFIED. ) ;
#3846 = CARTESIAN_POINT ( 'NONE',  ( -43.17112944061525326, -9.321047096406250176, -37.59855687941917779 ) ) ;
#3847 = CARTESIAN_POINT ( 'NONE',  ( -6.513769980162341433, -16.47775753404176413, 1.145311803467630396 ) ) ;
#3848 = CARTESIAN_POINT ( 'NONE',  ( 125.3490205518908454, -0.004999999999999362593, 24.41536404601275123 ) ) ;
#3849 = CARTESIAN_POINT ( 'NONE',  ( 39.51435808824295748, -31.05452893542555870, -2.219748968104247488 ) ) ;
#3850 = CARTESIAN_POINT ( 'NONE',  ( -0.3464101615137752388, -1.106352066656306181E-16, 0.2000000000000000111 ) ) ;
#3851 = CARTESIAN_POINT ( 'NONE',  ( 112.9668282529391092, -0.9849999999999993205, 12.03317174706097958 ) ) ;
#3852 = DIRECTION ( 'NONE',  ( 4.884682305490612792E-17, 1.000000000000000000, 2.666878455998264135E-17 ) ) ;
#3853 = B_SPLINE_CURVE_WITH_KNOTS ( 'NONE', 3,
 ( #6301, #1570, #3681, #5796 ),
 .UNSPECIFIED., .F., .F.,
 ( 4, 4 ),
 ( 0.000000000000000000, 1.000000000000000000 ),
 .UNSPECIFIED. ) ;
#3854 = CARTESIAN_POINT ( 'NONE',  ( 22.67612527335521833, -33.62629957799191516, -1.667061108909974498 ) ) ;
#3855 = ORIENTED_EDGE ( 'NONE', *, *, #4185, .T. ) ;
#3856 = B_SPLINE_SURFACE_WITH_KNOTS ( 'NONE', 1, 3, ( 
 ( #891, #3486, #306, #4051, #6711, #863, #2013, #5116, #2470, #3544 ),
 ( #5691, #5086, #4629, #917, #2985, #4076, #4541, #6656, #6175, #370 ) ),
 .UNSPECIFIED., .F., .F., .F.,
 ( 2, 2 ),
 ( 4, 2, 2, 2, 4 ),
 ( 0.000000000000000000, 1.000000000000000000 ),
 ( 0.000000000000000000, 0.2500000000000000000, 0.5000000000000000000, 0.7500000000000000000, 1.000000000000000000 ),
 .UNSPECIFIED. ) ;
#3857 = CARTESIAN_POINT ( 'NONE',  ( -55.04095668410097630, 0.9185000180477330689, -4.946910485939196356 ) ) ;
#3858 = CARTESIAN_POINT ( 'NONE',  ( -51.65496210678238498, -26.55474529155532792, -2.455987551587269557 ) ) ;
#3859 = ORIENTED_EDGE ( 'NONE', *, *, #4180, .T. ) ;
#3860 = AXIS2_PLACEMENT_3D ( 'NONE', #1778, #2853, #3270 ) ;
#3861 = CARTESIAN_POINT ( 'NONE',  ( 2.173397161606010375, -7.995714980462268251, 0.9941251089790817952 ) ) ;
#3862 = APPLICATION_PROTOCOL_DEFINITION ( 'draft international standard', 'automotive_design', 1998, #6218 ) ;
#3863 = DIRECTION ( 'NONE',  ( -0.1431291594815635726, 4.337344528946357501E-15, 0.9897040182327750957 ) ) ;
#3864 = CARTESIAN_POINT ( 'NONE',  ( -10.39572806148925466, -18.55947972158576320, 0.06032866722194274445 ) ) ;
#3865 = CARTESIAN_POINT ( 'NONE',  ( 56.41406539325071634, -18.93891244154236730, -4.337736028171019775 ) ) ;
#3866 = CARTESIAN_POINT ( 'NONE',  ( -13.44648378297883440, 0.9440419177927205086, 0.7668725689733659756 ) ) ;
#3867 = ORIENTED_EDGE ( 'NONE', *, *, #277, .F. ) ;
#3868 = ORIENTED_EDGE ( 'NONE', *, *, #2504, .F. ) ;
#3869 = CARTESIAN_POINT ( 'NONE',  ( 29.20626565328500490, 4.210587534235829210, -0.1006555788138125268 ) ) ;
#3870 = DIRECTION ( 'NONE',  ( 0.000000000000000000, 0.000000000000000000, 1.000000000000000000 ) ) ;
#3871 = CARTESIAN_POINT ( 'NONE',  ( -9.578893593713631915, -4.067746674323867495, 0.8816390107505087670 ) ) ;
#3872 = ADVANCED_FACE ( 'NONE', ( #4985 ), #2243, .T. ) ;
#3873 = CARTESIAN_POINT ( 'NONE',  ( 3.061616997868383018E-17, 0.2500000000000000000, -0.2500000000000000000 ) ) ;
#3874 = VECTOR ( 'NONE', #5810, 1000.000000000000000 ) ;
#3875 = CARTESIAN_POINT ( 'NONE',  ( -6.796518924020872987, -14.37210115404097088, -0.3931090475076137181 ) ) ;
#3876 = CARTESIAN_POINT ( 'NONE',  ( 89.99999999999997158, 0.9850000000000002087, 2.520000000000000018 ) ) ;
#3877 = CARTESIAN_POINT ( 'NONE',  ( -59.58424163687718789, -8.744268346357079835, -4.415062714542477451 ) ) ;
#3878 = ORIENTED_EDGE ( 'NONE', *, *, #1319, .T. ) ;
#3879 = ORIENTED_EDGE ( 'NONE', *, *, #3421, .F. ) ;
#3880 = CARTESIAN_POINT ( 'NONE',  ( 9.564718576691282337, -3.766824886172742026, -1.118595834054474825 ) ) ;
#3881 = DIRECTION ( 'NONE',  ( 1.000000000000000000, 0.000000000000000000, 0.000000000000000000 ) ) ;
#3882 = CARTESIAN_POINT ( 'NONE',  ( 65.07098860004248309, -6.358779303344628708, -6.527876379767868720 ) ) ;
#3883 = CARTESIAN_POINT ( 'NONE',  ( -20.33894380612472474, -29.85598075531010309, -0.3324170870050507931 ) ) ;
#3884 = UNCERTAINTY_MEASURE_WITH_UNIT (LENGTH_MEASURE( 1.000000000000000082E-05 ), #6537, 'distance_accuracy_value', 'NONE');
#3885 = EDGE_CURVE ( 'NONE', #1692, #3988, #1720, .T. ) ;
#3886 = EDGE_CURVE ( 'NONE', #5612, #2446, #505, .T. ) ;
#3887 = CARTESIAN_POINT ( 'NONE',  ( -71.61129374225021138, -1.571431512466894942, -14.73888633471937126 ) ) ;
#3888 = ADVANCED_FACE ( 'NONE', ( #2831 ), #58, .T. ) ;
#3889 = CARTESIAN_POINT ( 'NONE',  ( 48.50194627490331811, -31.81570602321563612, -2.045510759679171287 ) ) ;
#3890 = CARTESIAN_POINT ( 'NONE',  ( 112.2738636073762848, 0.005000000000000229955, 12.72613639262379515 ) ) ;
#3891 = ORIENTED_EDGE ( 'NONE', *, *, #5766, .T. ) ;
#3892 = CARTESIAN_POINT ( 'NONE',  ( -71.86096730968294821, -2.171158856683157001, -15.23888633471938370 ) ) ;
#3893 = CARTESIAN_POINT ( 'NONE',  ( -48.89370374296572663, -28.43174249835749734, -2.094483388398581170 ) ) ;
#3894 = EDGE_CURVE ( 'NONE', #5764, #4013, #830, .T. ) ;
#3895 = ORIENTED_EDGE ( 'NONE', *, *, #991, .T. ) ;
#3896 = COLOUR_RGB ( '',1.000000000000000000, 1.000000000000000000, 1.000000000000000000 ) ;
#3897 = VECTOR ( 'NONE', #6437, 1000.000000000000227 ) ;
#3898 = CARTESIAN_POINT ( 'NONE',  ( 20.27759669480957783, -29.79623479676038400, -1.532636152783765082 ) ) ;
#3899 = DIRECTION ( 'NONE',  ( 0.1237124610226153082, 6.734453436468834653E-05, 0.9923181054744699692 ) ) ;
#3900 = SURFACE_STYLE_USAGE ( .BOTH. , #6042 ) ;
#3901 = DIRECTION ( 'NONE',  ( 4.884682305490612792E-17, 1.000000000000000000, 2.666878455998264135E-17 ) ) ;
#3902 = DIRECTION ( 'NONE',  ( -4.380838333381074689E-17, -1.000000000000000000, 4.380838333381063595E-17 ) ) ;
#3903 = CARTESIAN_POINT ( 'NONE',  ( -9.188325095021259159, -9.321047096406250176, 0.8911180748573270805 ) ) ;
#3904 = ORIENTED_EDGE ( 'NONE', *, *, #4394, .F. ) ;
#3905 = ORIENTED_EDGE ( 'NONE', *, *, #2047, .T. ) ;
#3906 = CARTESIAN_POINT ( 'NONE',  ( 58.57747247280573077, -3.190473346467983085, -5.473561588556516533 ) ) ;
#3907 =( LENGTH_UNIT ( ) NAMED_UNIT ( * ) SI_UNIT ( .MILLI., .METRE. ) );
#3908 = CARTESIAN_POINT ( 'NONE',  ( 66.98417885191005894, 1.028568487533104481, -6.860355988447369491 ) ) ;
#3909 = CARTESIAN_POINT ( 'NONE',  ( 12.15201334351448281, 0.2035056584195680252, 0.8096113436253626894 ) ) ;
#3910 = AXIS2_PLACEMENT_3D ( 'NONE', #4148, #2577, #465 ) ;
#3911 = CARTESIAN_POINT ( 'NONE',  ( 0.000000000000000000, 0.2500000000000000000, 0.2500000000000000000 ) ) ;
#3912 = CARTESIAN_POINT ( 'NONE',  ( -31.52881777323746704, -31.59197524632499565, -0.2826004471559688813 ) ) ;
#3913 = CARTESIAN_POINT ( 'NONE',  ( 23.31723196209548377, -30.68450847370865375, -0.9039111475430683385 ) ) ;
#3914 = ORIENTED_EDGE ( 'NONE', *, *, #799, .T. ) ;
#3915 = ORIENTED_EDGE ( 'NONE', *, *, #5828, .F. ) ;
#3916 = CARTESIAN_POINT ( 'NONE',  ( 10.80100350162600975, -1.054180351078126687, -1.151196508798097984 ) ) ;
#3917 = DIRECTION ( 'NONE',  ( 0.000000000000000000, 0.000000000000000000, 1.000000000000000000 ) ) ;
#3918 = EDGE_CURVE ( 'NONE', #1052, #4796, #3814, .T. ) ;
#3919 = FACE_OUTER_BOUND ( 'NONE', #6741, .T. ) ;
#3920 =( NAMED_UNIT ( * ) SI_UNIT ( $, .STERADIAN. ) SOLID_ANGLE_UNIT ( ) );
#3921 = CARTESIAN_POINT ( 'NONE',  ( 43.54123288058977437, -30.22242806060027931, -2.252321491195297565 ) ) ;
#3922 = PRODUCT_DEFINITION_CONTEXT ( 'detailed design', #4167, 'design' ) ;
#3923 = LINE ( 'NONE', #6033, #6121 ) ;
#3924 = DIRECTION ( 'NONE',  ( -0.000000000000000000, -1.000000000000000000, 0.000000000000000000 ) ) ;
#3925 = CARTESIAN_POINT ( 'NONE',  ( 0.000000000000000000, -1.494999999999999885, -0.3000000000000001554 ) ) ;
#3926 = EDGE_LOOP ( 'NONE', ( #4151, #3601, #3948, #6395 ) ) ;
#3927 = DIRECTION ( 'NONE',  ( 0.000000000000000000, 0.000000000000000000, -1.000000000000000000 ) ) ;
#3928 = DIRECTION ( 'NONE',  ( -0.000000000000000000, -1.000000000000000000, 0.000000000000000000 ) ) ;
#3929 = AXIS2_PLACEMENT_3D ( 'NONE', #3604, #4653, #5653 ) ;
#3930 = VERTEX_POINT ( 'NONE', #4601 ) ;
#3931 = CARTESIAN_POINT ( 'NONE',  ( 23.26861726477444847, -30.68629387014524568, -1.702411614934511652 ) ) ;
#3932 = DIRECTION ( 'NONE',  ( -1.249000902703307517E-16, 1.752829652257315413E-15, -1.000000000000000000 ) ) ;
#3933 = CARTESIAN_POINT ( 'NONE',  ( -0.2500000000000000000, 0.000000000000000000, 1.700000000000000178 ) ) ;
#3934 = DIRECTION ( 'NONE',  ( 0.08095859487068314542, 0.000000000000000000, 0.9967174654417192414 ) ) ;
#3935 = AXIS2_PLACEMENT_3D ( 'NONE', #5589, #2430, #6104 ) ;
#3936 = CARTESIAN_POINT ( 'NONE',  ( 8.728568979230287184, 1.287361976335709368, -1.098721675964097422 ) ) ;
#3937 = EDGE_CURVE ( 'NONE', #1281, #3176, #4106, .T. ) ;
#3938 = CARTESIAN_POINT ( 'NONE',  ( 1.487306110593836106, -0.9949999999999997735, -0.3000000000000001554 ) ) ;
#3939 = ORIENTED_EDGE ( 'NONE', *, *, #4037, .T. ) ;
#3940 = ORIENTED_EDGE ( 'NONE', *, *, #6028, .F. ) ;
#3941 = CARTESIAN_POINT ( 'NONE',  ( 57.14832549842019915, -0.9297367687809316994, -5.256608014769766690 ) ) ;
#3942 = CARTESIAN_POINT ( 'NONE',  ( 9.351535363072464691, -13.78996542475871045, -0.3131063924761958717 ) ) ;
#3943 = CARTESIAN_POINT ( 'NONE',  ( -36.41469686049082100, 4.514565794610088112, -1.503437403067620526 ) ) ;
#3944 = CARTESIAN_POINT ( 'NONE',  ( 47.34596231532775334, -28.99128131670936881, -3.244874465805905217 ) ) ;
#3945 = CARTESIAN_POINT ( 'NONE',  ( -58.74000288264475245, -3.262331830609334293, -4.689098720210504112 ) ) ;
#3946 = AXIS2_PLACEMENT_3D ( 'NONE', #6681, #5170, #5141 ) ;
#3947 = ORIENTED_EDGE ( 'NONE', *, *, #6238, .F. ) ;
#3948 = ORIENTED_EDGE ( 'NONE', *, *, #291, .T. ) ;
#3949 = DIRECTION ( 'NONE',  ( 0.000000000000000000, 1.000000000000000000, 0.000000000000000000 ) ) ;
#3950 = CARTESIAN_POINT ( 'NONE',  ( 4.775488754662761792, -9.477908308251766556, 1.171421681299991802 ) ) ;
#3951 = AXIS2_PLACEMENT_3D ( 'NONE', #6415, #4798, #5835 ) ;
#3952 = APPLICATION_CONTEXT ( 'automotive_design' ) ;
#3953 = SURFACE_STYLE_FILL_AREA ( #1830 ) ;
#3954 = FILL_AREA_STYLE ('',( #4408 ) ) ;
#3955 = CARTESIAN_POINT ( 'NONE',  ( 36.55477609732515987, -31.41038612245166561, -0.7255979620792324392 ) ) ;
#3956 =( NAMED_UNIT ( * ) PLANE_ANGLE_UNIT ( ) SI_UNIT ( $, .RADIAN. ) );
#3957 = ADVANCED_FACE ( 'NONE', ( #5693 ), #3018, .F. ) ;
#3958 = CIRCLE ( 'NONE', #6057, 0.2500000000000000000 ) ;
#3959 = DIRECTION ( 'NONE',  ( 0.7071067811865466846, 0.000000000000000000, 0.7071067811865484609 ) ) ;
#3960 = CARTESIAN_POINT ( 'NONE',  ( -44.35864545140902493, -33.12922180992727306, -1.539842653351943813 ) ) ;
#3961 = ORIENTED_EDGE ( 'NONE', *, *, #2353, .T. ) ;
#3962 = ORIENTED_EDGE ( 'NONE', *, *, #6044, .F. ) ;
#3963 = STYLED_ITEM ( 'NONE', ( #4513 ), #3655 ) ;
#3964 = CARTESIAN_POINT ( 'NONE',  ( -0.1732050807568873418, -0.3000000000000001554, 0.000000000000000000 ) ) ;
#3965 = LINE ( 'NONE', #4344, #1239 ) ;
#3966 = ADVANCED_FACE ( 'NONE', ( #5147 ), #3615, .F. ) ;
#3967 = VERTEX_POINT ( 'NONE', #892 ) ;
#3968 = CARTESIAN_POINT ( 'NONE',  ( -2.383520865830868196, -8.081185533138006249, 0.9927274919736910341 ) ) ;
#3969 = CARTESIAN_POINT ( 'NONE',  ( 72.11096727264151696, -2.171294947509881279, -15.23888633471938370 ) ) ;
#3970 = ADVANCED_FACE ( 'NONE', ( #1383 ), #2016, .T. ) ;
#3971 = CARTESIAN_POINT ( 'NONE',  ( 36.12335409883560544, 7.724348755971299774, -2.066359056705334041 ) ) ;
#3972 = B_SPLINE_CURVE_WITH_KNOTS ( 'NONE', 3,
 ( #2051, #5308, #2601, #3718 ),
 .UNSPECIFIED., .F., .F.,
 ( 4, 4 ),
 ( 0.000000000000000000, 1.000000000000000000 ),
 .UNSPECIFIED. ) ;
#3973 = DIRECTION ( 'NONE',  ( 0.000000000000000000, 1.000000000000000000, -0.000000000000000000 ) ) ;
#3974 = CARTESIAN_POINT ( 'NONE',  ( 15.73250037605997775, -5.037600128862662174, -8.026317846729950745 ) ) ;
#3975 = AXIS2_PLACEMENT_3D ( 'NONE', #3241, #1091, #3199 ) ;
#3976 = ORIENTED_EDGE ( 'NONE', *, *, #2864, .F. ) ;
#3977 = ORIENTED_EDGE ( 'NONE', *, *, #5618, .T. ) ;
#3978 = ADVANCED_FACE ( 'NONE', ( #918 ), #5367, .F. ) ;
#3979 = CARTESIAN_POINT ( 'NONE',  ( 89.99999999999997158, 0.005000000000000229955, -2.520000000000000906 ) ) ;
#3980 = EDGE_CURVE ( 'NONE', #645, #4062, #529, .T. ) ;
#3981 = DIRECTION ( 'NONE',  ( -0.7071067811865465735, 0.000000000000000000, -0.7071067811865483499 ) ) ;
#3982 = CARTESIAN_POINT ( 'NONE',  ( -72.36129385337453357, -1.571431512466895164, -14.26371814922621262 ) ) ;
#3983 = CARTESIAN_POINT ( 'NONE',  ( -58.25530723455904081, -14.23946788478057535, -4.209278317434542949 ) ) ;
#3984 = CARTESIAN_POINT ( 'NONE',  ( -74.33232441199879759, -5.972304432543244168, -15.23888633471944054 ) ) ;
#3985 = CARTESIAN_POINT ( 'NONE',  ( -59.39826745182353562, -9.353953579702665166, -4.790949453183027451 ) ) ;
#3986 = EDGE_CURVE ( 'NONE', #3930, #2176, #2244, .T. ) ;
#3987 = B_SPLINE_CURVE_WITH_KNOTS ( 'NONE', 3,
 ( #5162, #1941, #4063, #1556, #6254, #6161, #5101, #1967, #1424, #6729, #3531, #3002 ),
 .UNSPECIFIED., .F., .F.,
 ( 4, 2, 2, 2, 2, 4 ),
 ( 2.589899903099665762E-11, 0.006071749694203786019, 0.01214349936250857208, 0.01517937419666096424, 0.01821524903081335814, 0.02428699869911813553 ),
 .UNSPECIFIED. ) ;
#3988 = VERTEX_POINT ( 'NONE', #4178 ) ;
#3989 = EDGE_CURVE ( 'NONE', #1064, #6109, #5152, .T. ) ;
#3990 =( BOUNDED_CURVE ( )  B_SPLINE_CURVE ( 3, ( #2843, #4303, #1630, #4887 ),
 .UNSPECIFIED., .F., .T. ) 
 B_SPLINE_CURVE_WITH_KNOTS ( ( 4, 4 ),
 ( -2.664535259100375697E-15, 3.141592653589790896 ),
 .UNSPECIFIED. ) 
 CURVE ( )  GEOMETRIC_REPRESENTATION_ITEM ( )  RATIONAL_B_SPLINE_CURVE ( ( 1.000000000000000000, 0.3333333333333332038, 0.3333333333333332038, 1.000000000000000000 ) ) 
 REPRESENTATION_ITEM ( '' )  );
#3991 = CARTESIAN_POINT ( 'NONE',  ( 11.18806871861161412, -0.5988813417257697891, -1.162233114380801791 ) ) ;
#3992 = CARTESIAN_POINT ( 'NONE',  ( -6.823631943256987853, -14.93827723285031794, -1.260371727105982220 ) ) ;
#3993 = CIRCLE ( 'NONE', #4861, 0.9799999999999999822 ) ;
#3994 = AXIS2_PLACEMENT_3D ( 'NONE', #6636, #6025, #5573 ) ;
#3995 = CARTESIAN_POINT ( 'NONE',  ( -59.06194456217003363, -11.83752713051792504, -3.524242406653418147 ) ) ;
#3996 = CARTESIAN_POINT ( 'NONE',  ( -54.69134823431542003, 1.253585267973218675, -3.684145707842839013 ) ) ;
#3997 =( LENGTH_UNIT ( ) NAMED_UNIT ( * ) SI_UNIT ( .MILLI., .METRE. ) );
#3998 = VECTOR ( 'NONE', #1577, 1000.000000000000000 ) ;
#3999 = DIRECTION ( 'NONE',  ( -1.000000000000000000, -0.000000000000000000, -0.000000000000000000 ) ) ;
#4000 = CARTESIAN_POINT ( 'NONE',  ( 0.2499999999999999445, -1.494999999999999885, -0.3000000000000001554 ) ) ;
#4001 = ORIENTED_EDGE ( 'NONE', *, *, #6769, .T. ) ;
#4002 = CARTESIAN_POINT ( 'NONE',  ( -55.29996644894981728, 0.7430084329048933789, -4.984350443126158048 ) ) ;
#4003 = PLANE ( 'NONE',  #5004 ) ;
#4004 = ORIENTED_EDGE ( 'NONE', *, *, #3752, .T. ) ;
#4005 = CARTESIAN_POINT ( 'NONE',  ( 0.4379686774020906115, -7.655887906154329237, 1.000002986004808969 ) ) ;
#4006 = B_SPLINE_SURFACE_WITH_KNOTS ( 'NONE', 3, 3, ( 
 ( #3847, #4333, #3806, #1177, #3287, #4367, #1209, #3463, #798, #4576, #5574, #3950, #6092, #4082, #5604, #5502, #2386, #5637 ),
 ( #3392, #4022, #2903, #6119, #4989, #895, #2963, #6662, #1959, #241, #4511, #2476, #6605, #1864, #5122, #4604, #1387, #6152 ),
 ( #376, #4055, #1284, #5024, #2869, #764, #5091, #1929, #869, #344, #6691, #1417, #2990, #1355, #833, #5060, #2351, #6061 ),
 ( #4470, #1322, #3992, #6570, #3523, #2932, #1828, #3425, #2448, #274, #3492, #311, #5542, #2414, #4547, #6637, #1898, #3618 ) ),
 .UNSPECIFIED., .F., .F., .F.,
 ( 4, 4 ),
 ( 4, 1, 1, 1, 1, 1, 1, 1, 1, 1, 1, 1, 1, 1, 1, 4 ),
 ( 0.000000000000000000, 1.000000000000000000 ),
 ( 0.000000000000000000, 0.07414159210589137128, 0.1113045114925669821, 0.1854377455701817223, 0.2595265918817425410, 0.3335542792960720648, 0.4075223977040176027, 0.4814503892743491886, 0.5553697043243820408, 0.6293143878095749377, 0.7033108966225507519, 0.7773701684609352069, 0.8514843150737173572, 0.9158551830765987445, 0.9628429497835194750, 1.000000000000000000 ),
 .UNSPECIFIED. ) ;
#4007 = PRODUCT_CONTEXT ( 'NONE', #3756, 'mechanical' ) ;
#4008 =( NAMED_UNIT ( * ) PLANE_ANGLE_UNIT ( ) SI_UNIT ( $, .RADIAN. ) );
#4009 = CARTESIAN_POINT ( 'NONE',  ( 65.01085565456256177, 2.118897876212712639, -5.085721055527066881 ) ) ;
#4010 = CARTESIAN_POINT ( 'NONE',  ( 116.5306464301193188, 0.005000000000000229955, 8.469353569880786026 ) ) ;
#4011 = CARTESIAN_POINT ( 'NONE',  ( -33.16504007355477768, 7.452834560370765971, -0.4188777093232728399 ) ) ;
#4012 = VERTEX_POINT ( 'NONE', #5866 ) ;
#4013 = VERTEX_POINT ( 'NONE', #2197 ) ;
#4014 = CARTESIAN_POINT ( 'NONE',  ( 0.000000000000000000, 0.005000000000000229955, -3.500000000000000888 ) ) ;
#4015 = CARTESIAN_POINT ( 'NONE',  ( -55.53931139724932109, -26.46216338256864375, -5.018715347348692291 ) ) ;
#4016 = DIRECTION ( 'NONE',  ( 0.000000000000000000, 0.000000000000000000, -1.000000000000000000 ) ) ;
#4017 = FACE_OUTER_BOUND ( 'NONE', #960, .T. ) ;
#4018 = ADVANCED_FACE ( 'NONE', ( #1053 ), #6809, .F. ) ;
#4019 = CARTESIAN_POINT ( 'NONE',  ( 124.6560559063280351, -0.9849999999999993205, 25.10832869157556857 ) ) ;
#4020 = ORIENTED_EDGE ( 'NONE', *, *, #897, .T. ) ;
#4021 = CARTESIAN_POINT ( 'NONE',  ( -20.33664013798800951, -29.85481788596218067, -0.3323034234568981726 ) ) ;
#4022 = CARTESIAN_POINT ( 'NONE',  ( -6.640912616080760777, -15.86227131820228387, 0.3430070416760106489 ) ) ;
#4023 =( GEOMETRIC_REPRESENTATION_CONTEXT ( 3 ) GLOBAL_UNCERTAINTY_ASSIGNED_CONTEXT ( ( #5999 ) ) GLOBAL_UNIT_ASSIGNED_CONTEXT ( ( #2995, #6606, #1390 ) ) REPRESENTATION_CONTEXT ( 'NONE', 'WORKASPACE' ) );
#4024 = B_SPLINE_CURVE_WITH_KNOTS ( 'NONE', 3,
 ( #1191, #85, #639, #4863 ),
 .UNSPECIFIED., .F., .F.,
 ( 4, 4 ),
 ( 0.000000000000000000, 1.000000000000000000 ),
 .UNSPECIFIED. ) ;
#4025 = EDGE_CURVE ( 'NONE', #4869, #2198, #5277, .T. ) ;
#4026 = PRESENTATION_STYLE_ASSIGNMENT (( #1899 ) ) ;
#4027 = FACE_OUTER_BOUND ( 'NONE', #1966, .T. ) ;
#4028 = CARTESIAN_POINT ( 'NONE',  ( 13.41718827598700159, 0.9646154026886857302, -0.03226414074566487378 ) ) ;
#4029 = CARTESIAN_POINT ( 'NONE',  ( -72.36270919818217351, 1.028568487533104481, -12.23888633471943699 ) ) ;
#4030 = EDGE_CURVE ( 'NONE', #4062, #5656, #742, .T. ) ;
#4031 =( GEOMETRIC_REPRESENTATION_CONTEXT ( 3 ) GLOBAL_UNCERTAINTY_ASSIGNED_CONTEXT ( ( #5759 ) ) GLOBAL_UNIT_ASSIGNED_CONTEXT ( ( #5051, #4627, #3515 ) ) REPRESENTATION_CONTEXT ( 'NONE', 'WORKASPACE' ) );
#4032 = CARTESIAN_POINT ( 'NONE',  ( 7.385970130005627077, 0.6697385550288913469, 0.9321121779398513496 ) ) ;
#4033 = DIRECTION ( 'NONE',  ( 0.000000000000000000, 0.000000000000000000, 1.000000000000000000 ) ) ;
#4034 = ORIENTED_EDGE ( 'NONE', *, *, #5912, .T. ) ;
#4035 = DIRECTION ( 'NONE',  ( 0.7071067811865466846, -0.000000000000000000, 0.7071067811865484609 ) ) ;
#4036 = DIRECTION ( 'NONE',  ( -5.373078839852057817E-18, -1.000000000000000000, 8.077003046403982708E-18 ) ) ;
#4037 = EDGE_CURVE ( 'NONE', #5454, #3784, #6556, .T. ) ;
#4038 = CARTESIAN_POINT ( 'NONE',  ( 36.41398015012793365, 4.514583776060134390, -1.503375728461380456 ) ) ;
#4039 = CARTESIAN_POINT ( 'NONE',  ( 72.36270919818215930, 1.028568487533104481, -15.23888633471944054 ) ) ;
#4040 = CARTESIAN_POINT ( 'NONE',  ( 28.47037950657160010, 7.115914183442288987, -0.6225858221306862506 ) ) ;
#4041 = CARTESIAN_POINT ( 'NONE',  ( -9.211407594315987879, -23.56099507279800775, 0.8906712271472388975 ) ) ;
#4042 = AXIS2_PLACEMENT_3D ( 'NONE', #450, #4716, #2526 ) ;
#4043 = PLANE ( 'NONE',  #3153 ) ;
#4044 = CARTESIAN_POINT ( 'NONE',  ( 59.39826745182346457, -9.353953579702759313, -4.790949453183035445 ) ) ;
#4045 = ORIENTED_EDGE ( 'NONE', *, *, #3813, .T. ) ;
#4046 = ORIENTED_EDGE ( 'NONE', *, *, #4842, .T. ) ;
#4047 = CARTESIAN_POINT ( 'NONE',  ( 54.70783361461154470, 1.138415407318599248, -4.898868427781947865 ) ) ;
#4048 = AXIS2_PLACEMENT_3D ( 'NONE', #2924, #2957, #1380 ) ;
#4049 = EDGE_CURVE ( 'NONE', #2620, #179, #67, .T. ) ;
#4050 = CARTESIAN_POINT ( 'NONE',  ( -56.52855893738279747, -24.90305529588341926, -5.164358709820375815 ) ) ;
#4051 = CARTESIAN_POINT ( 'NONE',  ( 11.87222655021147411, 0.03284538247885266521, 0.01814646133350185375 ) ) ;
#4052 = CARTESIAN_POINT ( 'NONE',  ( -73.46586291072398467, -2.114193178507996596, -5.771521528565330073 ) ) ;
#4053 = ORIENTED_EDGE ( 'NONE', *, *, #1936, .T. ) ;
#4054 = FILL_AREA_STYLE_COLOUR ( '', #5634 ) ;
#4055 = CARTESIAN_POINT ( 'NONE',  ( -6.627189826562772446, -15.86227131820228387, -0.4568751880089281792 ) ) ;
#4056 = EDGE_CURVE ( 'NONE', #3521, #913, #6149, .T. ) ;
#4057 =( NAMED_UNIT ( * ) PLANE_ANGLE_UNIT ( ) SI_UNIT ( $, .RADIAN. ) );
#4058 = CARTESIAN_POINT ( 'NONE',  ( 9.555686756629947709, -4.067225507411745156, 0.08199263675456869294 ) ) ;
#4059 = CARTESIAN_POINT ( 'NONE',  ( 58.95654693898450205, -11.81794265597075189, -4.317449260260006305 ) ) ;
#4060 = AXIS2_PLACEMENT_3D ( 'NONE', #1203, #6680, #6529 ) ;
#4061 = CARTESIAN_POINT ( 'NONE',  ( -1.626303258728256651E-16, 0.2500000000000000000, 0.3464101615137754053 ) ) ;
#4062 = VERTEX_POINT ( 'NONE', #190 ) ;
#4063 = CARTESIAN_POINT ( 'NONE',  ( -43.39948586601200020, -30.22886649158292016, -3.444036782529842800 ) ) ;
#4064 = CARTESIAN_POINT ( 'NONE',  ( 53.97042376938023978, -23.38964688655295987, -4.794165262184212573 ) ) ;
#4065 = DIRECTION ( 'NONE',  ( -0.9859790569629989232, 0.000000000000000000, 0.1668691080768258117 ) ) ;
#4066 = CARTESIAN_POINT ( 'NONE',  ( 62.61182984822992381, -9.397920174333055598, -4.088531720223025800 ) ) ;
#4067 = CARTESIAN_POINT ( 'NONE',  ( -9.191449789816569904, -6.479129892581042327, 0.09099025280642344948 ) ) ;
#4068 = MECHANICAL_DESIGN_GEOMETRIC_PRESENTATION_REPRESENTATION (  '', ( #1851 ), #84 ) ;
#4069 = FACE_OUTER_BOUND ( 'NONE', #6203, .T. ) ;
#4070 = CARTESIAN_POINT ( 'NONE',  ( -66.98417885191005894, 1.028568487533104481, -6.860355988447369491 ) ) ;
#4071 = CARTESIAN_POINT ( 'NONE',  ( -62.73853938423640386, 3.042017152602667807, -4.101820273937096140 ) ) ;
#4072 = ORIENTED_EDGE ( 'NONE', *, *, #1587, .F. ) ;
#4073 = CARTESIAN_POINT ( 'NONE',  ( 0.000000000000000000, -0.9849999999999993205, 3.499999999999999112 ) ) ;
#4074 = ADVANCED_FACE ( 'NONE', ( #4497 ), #4866, .T. ) ;
#4075 = DIRECTION ( 'NONE',  ( 1.000000000000000000, 0.000000000000000000, 0.000000000000000000 ) ) ;
#4076 = CARTESIAN_POINT ( 'NONE',  ( 10.63004018292715180, -1.286090014303280293, -0.3459950240592418180 ) ) ;
#4077 = AXIS2_PLACEMENT_3D ( 'NONE', #4252, #3726, #5838 ) ;
#4078 = CARTESIAN_POINT ( 'NONE',  ( -5.175177125068914918, -0.3728262295290246109, 1.177773410937922982 ) ) ;
#4079 = VERTEX_POINT ( 'NONE', #716 ) ;
#4080 = EDGE_CURVE ( 'NONE', #6682, #1012, #4324, .T. ) ;
#4081 = DIRECTION ( 'NONE',  ( 0.000000000000000000, 0.000000000000000000, -1.000000000000000000 ) ) ;
#4082 = CARTESIAN_POINT ( 'NONE',  ( 6.658793303915558681, -12.65540076342138320, 1.142918636184378389 ) ) ;
#4083 = CARTESIAN_POINT ( 'NONE',  ( 25.83346284252164438, -14.12479451474173153, -18.98535716091972247 ) ) ;
#4084 = DIRECTION ( 'NONE',  ( -1.000000000000000000, 0.000000000000000000, 0.000000000000000000 ) ) ;
#4085 = CARTESIAN_POINT ( 'NONE',  ( 45.57580017681983975, -29.67045318129590825, -1.682898604655869601 ) ) ;
#4086 = DIRECTION ( 'NONE',  ( -4.884682305490612792E-17, -1.000000000000000000, -2.666878455998264135E-17 ) ) ;
#4087 = ORIENTED_EDGE ( 'NONE', *, *, #1553, .F. ) ;
#4088 = ORIENTED_EDGE ( 'NONE', *, *, #3800, .F. ) ;
#4089 = CARTESIAN_POINT ( 'NONE',  ( -52.55189232147537837, -29.70216070428009658, -2.577053396872166502 ) ) ;
#4090 = CARTESIAN_POINT ( 'NONE',  ( 58.08005773200244448, -14.25242143331970723, -5.396433416335698396 ) ) ;
#4091 = VECTOR ( 'NONE', #3649, 1000.000000000000000 ) ;
#4092 = EDGE_CURVE ( 'NONE', #845, #1064, #5453, .T. ) ;
#4093 = CARTESIAN_POINT ( 'NONE',  ( 20.25362257776621533, 2.925213414465439588, -0.3170204517978872927 ) ) ;
#4094 = CARTESIAN_POINT ( 'NONE',  ( 36.27298898002774052, 7.724348755971299774, -0.4732662326632138261 ) ) ;
#4095 = CARTESIAN_POINT ( 'NONE',  ( 116.5306464301193188, -0.9849999999999997646, 8.469353569880784249 ) ) ;
#4096 = ADVANCED_FACE ( 'NONE', ( #2335 ), #1306, .T. ) ;
#4097 = VERTEX_POINT ( 'NONE', #6592 ) ;
#4098 = CARTESIAN_POINT ( 'NONE',  ( 11.42193701777660841, -21.50637450528479278, 0.03222177542823269347 ) ) ;
#4099 = CARTESIAN_POINT ( 'NONE',  ( -20.70974279606455326, 5.514309207376678401, 0.4543965082701693636 ) ) ;
#4100 = ORIENTED_EDGE ( 'NONE', *, *, #5554, .T. ) ;
#4101 = DIRECTION ( 'NONE',  ( 0.000000000000000000, 0.000000000000000000, 1.000000000000000000 ) ) ;
#4102 = VECTOR ( 'NONE', #4848, 1000.000000000000000 ) ;
#4103 = CARTESIAN_POINT ( 'NONE',  ( -39.93254191486445848, -34.01672444183322597, -3.066657421603050881 ) ) ;
#4104 = CARTESIAN_POINT ( 'NONE',  ( -0.2499999999999444333, 1.505000000000000782, -0.3000000000000001554 ) ) ;
#4105 = VERTEX_POINT ( 'NONE', #3903 ) ;
#4106 = LINE ( 'NONE', #1507, #1293 ) ;
#4107 = ORIENTED_EDGE ( 'NONE', *, *, #6125, .F. ) ;
#4108 = CARTESIAN_POINT ( 'NONE',  ( -23.31723196209575377, -30.68450847370868928, -0.9039111475431275133 ) ) ;
#4109 = CARTESIAN_POINT ( 'NONE',  ( -2.687880112888557565E-15, -31.58816513860072916, -386.7465117133056651 ) ) ;
#4110 = PRESENTATION_LAYER_ASSIGNMENT (  '', '', ( #244 ) ) ;
#4111 = AXIS2_PLACEMENT_3D ( 'NONE', #1455, #6615, #5036 ) ;
#4112 =( NAMED_UNIT ( * ) SI_UNIT ( $, .STERADIAN. ) SOLID_ANGLE_UNIT ( ) );
#4113 = CARTESIAN_POINT ( 'NONE',  ( 58.46607439635336334, -2.701819843533399546, -4.647007195586201789 ) ) ;
#4114 = CYLINDRICAL_SURFACE ( 'NONE', #5675, 0.2500000000000000000 ) ;
#4115 = ORIENTED_EDGE ( 'NONE', *, *, #5271, .F. ) ;
#4116 = ORIENTED_EDGE ( 'NONE', *, *, #562, .T. ) ;
#4117 = CARTESIAN_POINT ( 'NONE',  ( -48.78900224857262913, -28.43238645274781362, -2.887601873598136137 ) ) ;
#4118 = ADVANCED_FACE ( 'NONE', ( #1850 ), #1266, .F. ) ;
#4119 = CARTESIAN_POINT ( 'NONE',  ( 57.42890890111010549, -0.9238287662794650856, -3.276324293397636644 ) ) ;
#4120 = ORIENTED_EDGE ( 'NONE', *, *, #5227, .T. ) ;
#4121 = B_SPLINE_CURVE_WITH_KNOTS ( 'NONE', 3,
 ( #3003, #6730, #3474, #6133 ),
 .UNSPECIFIED., .F., .F.,
 ( 4, 4 ),
 ( 0.000000000000000000, 1.000000000000000000 ),
 .UNSPECIFIED. ) ;
#4122 = CARTESIAN_POINT ( 'NONE',  ( 10.26085291163179747, -17.96579032369900730, 0.8642443446681009611 ) ) ;
#4123 = CARTESIAN_POINT ( 'NONE',  ( 55.23366112306617026, -21.19576105011201506, -4.972688928183850443 ) ) ;
#4124 = PRESENTATION_LAYER_ASSIGNMENT (  '', '', ( #5020 ) ) ;
#4125 = CYLINDRICAL_SURFACE ( 'NONE', #1277, 38.50000000000000711 ) ;
#4126 = DIRECTION ( 'NONE',  ( 0.8660254037844384856, 0.000000000000000000, -0.5000000000000003331 ) ) ;
#4127 = DIRECTION ( 'NONE',  ( 1.000000000000000000, 0.000000000000000000, -0.000000000000000000 ) ) ;
#4128 = AXIS2_PLACEMENT_3D ( 'NONE', #2367, #3268, #6041 ) ;
#4129 = ORIENTED_EDGE ( 'NONE', *, *, #1546, .F. ) ;
#4130 = CARTESIAN_POINT ( 'NONE',  ( 17.55351842731650791, -28.42806802323650572, -0.5962985397302983381 ) ) ;
#4131 = FACE_OUTER_BOUND ( 'NONE', #333, .T. ) ;
#4132 = CARTESIAN_POINT ( 'NONE',  ( -54.07861530701788411, -23.38744780005218971, -4.001545601143241981 ) ) ;
#4133 = ORIENTED_EDGE ( 'NONE', *, *, #1812, .T. ) ;
#4134 = DIRECTION ( 'NONE',  ( 1.000000000000000000, 0.000000000000000000, 0.000000000000000000 ) ) ;
#4135 = CARTESIAN_POINT ( 'NONE',  ( 9.755241789690771270, -16.20564122752806568, 0.07754222296513003931 ) ) ;
#4136 = CARTESIAN_POINT ( 'NONE',  ( 0.000000000000000000, 0.005000000000000446795, 3.499999999999999112 ) ) ;
#4137 = CARTESIAN_POINT ( 'NONE',  ( 23.31723196209548377, -30.68450847370865375, -0.9039111475430683385 ) ) ;
#4138 = ORIENTED_EDGE ( 'NONE', *, *, #2741, .T. ) ;
#4139 = DIRECTION ( 'NONE',  ( 0.000000000000000000, 0.000000000000000000, -1.000000000000000000 ) ) ;
#4140 = CIRCLE ( 'NONE', #3124, 5.378530054091751111 ) ;
#4141 = EDGE_LOOP ( 'NONE', ( #1196, #3962, #5889, #374 ) ) ;
#4142 = B_SPLINE_CURVE_WITH_KNOTS ( 'NONE', 3,
 ( #4856, #109, #6433, #3854 ),
 .UNSPECIFIED., .F., .F.,
 ( 4, 4 ),
 ( 0.000000000000000000, 1.000000000000000000 ),
 .UNSPECIFIED. ) ;
#4143 = CARTESIAN_POINT ( 'NONE',  ( -16.28807955479122427, -27.52243917402021012, -0.1412963883190513359 ) ) ;
#4144 = CARTESIAN_POINT ( 'NONE',  ( -11.86930133293395073, -22.18417124592587797, 0.8184984450396186606 ) ) ;
#4145 = VECTOR ( 'NONE', #5959, 1000.000000000000114 ) ;
#4146 = CARTESIAN_POINT ( 'NONE',  ( 0.1732050807568877859, 0.2999999999999999334, 0.2000000000000000111 ) ) ;
#4147 = VECTOR ( 'NONE', #2368, 1000.000000000000000 ) ;
#4148 = CARTESIAN_POINT ( 'NONE',  ( 48.29626422087925164, -7.359678565581375231, -14.14935409385818055 ) ) ;
#4149 = CARTESIAN_POINT ( 'NONE',  ( 40.69184415587993442, 7.554766419008001499, -1.139026102424674169 ) ) ;
#4150 = CARTESIAN_POINT ( 'NONE',  ( 50.17524460451480905, -27.68199506685710176, -2.259974197035402366 ) ) ;
#4151 = ORIENTED_EDGE ( 'NONE', *, *, #5240, .F. ) ;
#4152 = ORIENTED_EDGE ( 'NONE', *, *, #6726, .T. ) ;
#4153 = CYLINDRICAL_SURFACE ( 'NONE', #5092, 4.999982586909747617 ) ;
#4154 = CARTESIAN_POINT ( 'NONE',  ( 60.89872678285134810, -15.17570109921189569, -5.836249830227363766 ) ) ;
#4155 = ORIENTED_EDGE ( 'NONE', *, *, #6757, .F. ) ;
#4156 = CARTESIAN_POINT ( 'NONE',  ( 9.855762735860039925, -16.17053811203571101, 0.8747443501951364109 ) ) ;
#4157 = CARTESIAN_POINT ( 'NONE',  ( 72.36096723560009991, -2.171431038336605113, -15.23888633471938370 ) ) ;
#4158 = EDGE_CURVE ( 'NONE', #6533, #5764, #621, .T. ) ;
#4159 = CIRCLE ( 'NONE', #1178, 0.9799999999999999822 ) ;
#4160 = EDGE_LOOP ( 'NONE', ( #1144, #238, #6582, #5048, #1018, #2719, #4965, #5368 ) ) ;
#4161 = CARTESIAN_POINT ( 'NONE',  ( 29.87005908420525557, 4.276497177770600899, -2.157359849111632144 ) ) ;
#4162 = CARTESIAN_POINT ( 'NONE',  ( -27.97296217021638398, 6.963327306406799977, -2.007381189486818762 ) ) ;
#4163 = VERTEX_POINT ( 'NONE', #3272 ) ;
#4164 = CIRCLE ( 'NONE', #3603, 0.9799999999999999822 ) ;
#4165 = CARTESIAN_POINT ( 'NONE',  ( 71.86096730968294821, -2.171158856683157001, -15.23888633471938370 ) ) ;
#4166 = CARTESIAN_POINT ( 'NONE',  ( 72.36270890600182781, -5.972304474962074394, -12.23888628320016281 ) ) ;
#4167 = APPLICATION_CONTEXT ( 'automotive_design' ) ;
#4168 = EDGE_LOOP ( 'NONE', ( #4116, #449, #2187, #6402 ) ) ;
#4169 = CARTESIAN_POINT ( 'NONE',  ( -58.46607439635319992, -2.701819843533314724, -4.647007195586356332 ) ) ;
#4170 = EDGE_CURVE ( 'NONE', #4097, #1692, #1504, .T. ) ;
#4171 =( NAMED_UNIT ( * ) SI_UNIT ( $, .STERADIAN. ) SOLID_ANGLE_UNIT ( ) );
#4172 = CARTESIAN_POINT ( 'NONE',  ( 1.883875361156086781, -0.5253844912537813938, -1.004418042214549445 ) ) ;
#4173 = CARTESIAN_POINT ( 'NONE',  ( 72.36270890600182781, -5.972304474962074394, -12.23888628320016281 ) ) ;
#4174 = AXIS2_PLACEMENT_3D ( 'NONE', #6055, #2345, #6564 ) ;
#4175 = CARTESIAN_POINT ( 'NONE',  ( 65.85341820072395080, 1.564037537757432039, -6.660972678179952311 ) ) ;
#4176 = EDGE_LOOP ( 'NONE', ( #5022, #6036, #5951, #2776 ) ) ;
#4177 = VECTOR ( 'NONE', #846, 1000.000000000000000 ) ;
#4178 = CARTESIAN_POINT ( 'NONE',  ( 89.99999999999997158, -0.9849999999999997646, -2.520000000000001350 ) ) ;
#4179 = EDGE_CURVE ( 'NONE', #1562, #3770, #4456, .T. ) ;
#4180 = EDGE_CURVE ( 'NONE', #5782, #2176, #5561, .T. ) ;
#4181 = EDGE_LOOP ( 'NONE', ( #1590, #605, #5468, #2544 ) ) ;
#4182 = DIRECTION ( 'NONE',  ( -0.000000000000000000, 1.000000000000000000, -0.000000000000000000 ) ) ;
#4183 = DIRECTION ( 'NONE',  ( 0.000000000000000000, 1.000000000000000000, -0.000000000000000000 ) ) ;
#4184 = B_SPLINE_CURVE_WITH_KNOTS ( 'NONE', 3,
 ( #5418, #5379, #4314, #1192 ),
 .UNSPECIFIED., .F., .F.,
 ( 4, 4 ),
 ( 0.000000000000000000, 1.000000000000000000 ),
 .UNSPECIFIED. ) ;
#4185 = EDGE_CURVE ( 'NONE', #3757, #64, #503, .T. ) ;
#4186 = DIRECTION ( 'NONE',  ( -0.8119951814335659712, -0.0004420204476415801075, 0.5836639700603371006 ) ) ;
#4187 = CARTESIAN_POINT ( 'NONE',  ( -56.71618464764382139, -24.89849163149590439, -3.844370444988066016 ) ) ;
#4188 = CARTESIAN_POINT ( 'NONE',  ( 52.47768369167854985, -25.78150427398470512, -2.567279803197163979 ) ) ;
#4189 = VECTOR ( 'NONE', #1016, 1000.000000000000000 ) ;
#4190 = ORIENTED_EDGE ( 'NONE', *, *, #2518, .F. ) ;
#4191 = ORIENTED_EDGE ( 'NONE', *, *, #6120, .F. ) ;
#4192 = CARTESIAN_POINT ( 'NONE',  ( 72.36270890600181360, -5.972304474962074394, -15.23888628320016458 ) ) ;
#4193 = CARTESIAN_POINT ( 'NONE',  ( -48.41886958799617702, -31.81660870557537280, -2.706953730122721336 ) ) ;
#4194 = ORIENTED_EDGE ( 'NONE', *, *, #2808, .T. ) ;
#4195 = CARTESIAN_POINT ( 'NONE',  ( -49.37942239876664985, -31.51265542327189095, -2.156070744799829075 ) ) ;
#4196 = CARTESIAN_POINT ( 'NONE',  ( -11.41928809992457161, -0.3705715824428518212, 0.03165992407520424462 ) ) ;
#4197 = ORIENTED_EDGE ( 'NONE', *, *, #3224, .T. ) ;
#4198 = CARTESIAN_POINT ( 'NONE',  ( 14.21065999328241958, 3.627154607124123853, -1.446215360763386748 ) ) ;
#4199 = CARTESIAN_POINT ( 'NONE',  ( 40.40617043807776554, -30.85308135568316601, -3.120764672000464923 ) ) ;
#4200 = EDGE_LOOP ( 'NONE', ( #3576, #4614, #5176, #3868 ) ) ;
#4201 = DIRECTION ( 'NONE',  ( -0.000000000000000000, -1.000000000000000000, 0.000000000000000000 ) ) ;
#4202 = CARTESIAN_POINT ( 'NONE',  ( 11.45752645209852005, -21.49642292989729597, 0.8315161356999136721 ) ) ;
#4203 = ORIENTED_EDGE ( 'NONE', *, *, #4306, .T. ) ;
#4204 = CARTESIAN_POINT ( 'NONE',  ( 50.07278984346093154, -27.74486028184680819, -3.455174520062728849 ) ) ;
#4205 = B_SPLINE_CURVE_WITH_KNOTS ( 'NONE', 3,
 ( #5200, #3600, #6734, #2696, #1074, #2152, #4268, #4714, #4199, #480, #6363, #3179 ),
 .UNSPECIFIED., .F., .F.,
 ( 4, 2, 2, 2, 2, 4 ),
 ( 1.192726691521170783E-11, 0.006071685214172324249, 0.01214337041641738030, 0.01517921301753991092, 0.01821505561866244155, 0.02428674082090750280 ),
 .UNSPECIFIED. ) ;
#4206 =( NAMED_UNIT ( * ) PLANE_ANGLE_UNIT ( ) SI_UNIT ( $, .RADIAN. ) );
#4207 = CARTESIAN_POINT ( 'NONE',  ( -26.97144624677046210, -34.34950275451330981, -1.937938738466211230 ) ) ;
#4208 = LINE ( 'NONE', #4136, #4189 ) ;
#4209 = CARTESIAN_POINT ( 'NONE',  ( -63.08923515257779258, -7.904860737209270738, -6.194078734878692316 ) ) ;
#4210 = ORIENTED_EDGE ( 'NONE', *, *, #2353, .F. ) ;
#4211 = CARTESIAN_POINT ( 'NONE',  ( -61.55988661215849334, 3.413243352908217343, -6.128231451711010358 ) ) ;
#4212 = EDGE_LOOP ( 'NONE', ( #134, #1746, #3961, #4247, #409, #1164, #903, #6583 ) ) ;
#4213 = DIRECTION ( 'NONE',  ( 0.9916034532735665818, 0.000000000000000000, 0.1293158592591708012 ) ) ;
#4214 = CARTESIAN_POINT ( 'NONE',  ( 0.000000000000000000, 0.005000000000000229955, -3.500000000000000888 ) ) ;
#4215 = CARTESIAN_POINT ( 'NONE',  ( 56.81210148162212903, -24.89744629570826362, -3.184662601421978323 ) ) ;
#4216 = ADVANCED_FACE ( 'NONE', ( #749 ), #3449, .T. ) ;
#4217 = CARTESIAN_POINT ( 'NONE',  ( 74.33232441199879759, -5.972304432543244168, -15.58618263852919128 ) ) ;
#4218 = CARTESIAN_POINT ( 'NONE',  ( 5.551115123125782702E-14, 1.505000000000000782, -0.3000000000000001554 ) ) ;
#4219 = CARTESIAN_POINT ( 'NONE',  ( 112.2738636073762848, -0.9849999999999993205, 12.72613639262379515 ) ) ;
#4220 = VECTOR ( 'NONE', #3178, 1000.000000000000114 ) ;
#4221 = ORIENTED_EDGE ( 'NONE', *, *, #5828, .T. ) ;
#4222 = VERTEX_POINT ( 'NONE', #3011 ) ;
#4223 = LINE ( 'NONE', #5258, #4978 ) ;
#4224 = CARTESIAN_POINT ( 'NONE',  ( 58.86105219597889970, -3.186145455741470123, -3.493663832180575302 ) ) ;
#4225 = ORIENTED_EDGE ( 'NONE', *, *, #201, .T. ) ;
#4226 = CARTESIAN_POINT ( 'NONE',  ( 74.33232441199881180, -5.972304432543244168, -12.58618263852918950 ) ) ;
#4227 = PLANE ( 'NONE',  #4488 ) ;
#4228 = ADVANCED_FACE ( 'NONE', ( #2007 ), #2496, .T. ) ;
#4229 = EDGE_LOOP ( 'NONE', ( #3732, #3895, #6405, #752 ) ) ;
#4230 = CARTESIAN_POINT ( 'NONE',  ( 66.76429040343001020, -5.971513736902210212, -4.790730798948168001 ) ) ;
#4231 = PRESENTATION_LAYER_ASSIGNMENT (  '', '', ( #363 ) ) ;
#4232 = DIRECTION ( 'NONE',  ( 0.1402449585775401575, 1.719131077821751311E-14, 0.9901168373447570836 ) ) ;
#4233 = DIRECTION ( 'NONE',  ( -0.5836638835813471315, 0.0003177252488584065768, 0.8119953017434311526 ) ) ;
#4234 = ORIENTED_EDGE ( 'NONE', *, *, #5666, .F. ) ;
#4235 = CARTESIAN_POINT ( 'NONE',  ( 1.487306110593836106, -0.9949999999999997735, -0.3000000000000001554 ) ) ;
#4236 = DIRECTION ( 'NONE',  ( -0.9999998518342840814, -0.0005443633068965336502, 0.000000000000000000 ) ) ;
#4237 = ADVANCED_FACE ( 'NONE', ( #6650 ), #2953, .T. ) ;
#4238 = ORIENTED_EDGE ( 'NONE', *, *, #1264, .T. ) ;
#4239 = SURFACE_SIDE_STYLE ('',( #2120 ) ) ;
#4240 = CARTESIAN_POINT ( 'NONE',  ( -10.38498163763296489, -18.55947972158578452, -0.3395269496878497995 ) ) ;
#4241 = PRESENTATION_LAYER_ASSIGNMENT (  '', '', ( #3008 ) ) ;
#4242 = CARTESIAN_POINT ( 'NONE',  ( -71.86096730968294821, -2.171158856683157001, -15.23888633471938370 ) ) ;
#4243 = CARTESIAN_POINT ( 'NONE',  ( 66.98417885191005894, 1.028568487533104481, -6.860355988447369491 ) ) ;
#4244 = ORIENTED_EDGE ( 'NONE', *, *, #2276, .F. ) ;
#4245 = B_SPLINE_CURVE_WITH_KNOTS ( 'NONE', 3,
 ( #4730, #463, #5213, #2539, #5696, #6278, #6308, #1578, #4665, #19, #2575, #1544, #2021, #4144, #3688, #5803, #1200, #127, #6418, #3762 ),
 .UNSPECIFIED., .F., .F.,
 ( 4, 2, 2, 2, 2, 2, 2, 2, 2, 4 ),
 ( 0.000000000000000000, 0.004648727634061934968, 0.006973091451092905922, 0.009297455268123878611, 0.01045963717663937233, 0.01162181908515486604, 0.01394618290218585521, 0.01627054671921684612, 0.01743272862773233636, 0.01859491053624782661 ),
 .UNSPECIFIED. ) ;
#4246 = CARTESIAN_POINT ( 'NONE',  ( -10.98037466140164575, 2.364914076947106647, -1.343796830742946202 ) ) ;
#4247 = ORIENTED_EDGE ( 'NONE', *, *, #3645, .T. ) ;
#4248 = DIRECTION ( 'NONE',  ( -0.9999998518342840814, -0.0005443633068965336502, 0.000000000000000000 ) ) ;
#4249 = VECTOR ( 'NONE', #4806, 1000.000000000000000 ) ;
#4250 = CARTESIAN_POINT ( 'NONE',  ( -9.817775275146072289, -2.892390803982619385, 0.07550983191634871861 ) ) ;
#4251 = CARTESIAN_POINT ( 'NONE',  ( 9.545808712541301588, -4.067225507411745156, -0.3178853749501997505 ) ) ;
#4252 = CARTESIAN_POINT ( 'NONE',  ( 0.000000000000000000, 0.9850000000000002087, -3.500000000000000888 ) ) ;
#4253 = AXIS2_PLACEMENT_3D ( 'NONE', #6004, #2292, #3927 ) ;
#4254 = CARTESIAN_POINT ( 'NONE',  ( -14.82013901639916220, -26.19816670164935957, -1.284691748527206689 ) ) ;
#4255 = CARTESIAN_POINT ( 'NONE',  ( 59.57663281499777952, -9.352696012490786970, -3.604342683980197748 ) ) ;
#4256 = CARTESIAN_POINT ( 'NONE',  ( -53.97067245265889568, -23.38979298291714315, -4.794197116653828417 ) ) ;
#4257 = ORIENTED_EDGE ( 'NONE', *, *, #3894, .F. ) ;
#4258 = VERTEX_POINT ( 'NONE', #2980 ) ;
#4259 = CARTESIAN_POINT ( 'NONE',  ( 22.67612527335521833, -33.62629957799191516, -1.667061108909974498 ) ) ;
#4260 = CARTESIAN_POINT ( 'NONE',  ( 52.34605302607611321, 2.169978146757367554, -3.760746376895317766 ) ) ;
#4261 = CIRCLE ( 'NONE', #47, 38.50000000000000711 ) ;
#4262 = CARTESIAN_POINT ( 'NONE',  ( 59.71882074748761227, -6.284962101917009214, -3.626399632284626584 ) ) ;
#4263 = DIRECTION ( 'NONE',  ( -0.8660254037844385966, -0.5000000000000002220, 0.000000000000000000 ) ) ;
#4264 = CARTESIAN_POINT ( 'NONE',  ( -13.40329605214582642, 0.9646081676219077083, -0.4320230106685172822 ) ) ;
#4265 = VERTEX_POINT ( 'NONE', #942 ) ;
#4266 = CARTESIAN_POINT ( 'NONE',  ( 56.61206125769154340, -0.2282836251278638207, -4.367828324851108945 ) ) ;
#4267 = LINE ( 'NONE', #515, #4220 ) ;
#4268 = CARTESIAN_POINT ( 'NONE',  ( 37.37912699002036732, -31.30612143464452757, -2.813957311543858086 ) ) ;
#4269 = ORIENTED_EDGE ( 'NONE', *, *, #1433, .F. ) ;
#4270 = CARTESIAN_POINT ( 'NONE',  ( 5.551115123125782702E-14, 1.505000000000000782, -0.3000000000000001554 ) ) ;
#4271 = FACE_OUTER_BOUND ( 'NONE', #4853, .T. ) ;
#4272 = EDGE_CURVE ( 'NONE', #540, #986, #2742, .T. ) ;
#4273 = ORIENTED_EDGE ( 'NONE', *, *, #2723, .F. ) ;
#4274 = CARTESIAN_POINT ( 'NONE',  ( 13.40329605214585129, 0.9646081676219177004, -0.4320230106685175597 ) ) ;
#4275 = CARTESIAN_POINT ( 'NONE',  ( 71.63591906163591716, 1.027496301198058903, -5.094182362657604379 ) ) ;
#4276 = CARTESIAN_POINT ( 'NONE',  ( -66.98417879198578362, -5.972304474962074394, -6.860356279145685576 ) ) ;
#4277 = AXIS2_PLACEMENT_3D ( 'NONE', #2707, #4832, #4937 ) ;
#4278 = CARTESIAN_POINT ( 'NONE',  ( 61.21916990562756666, 3.455279961200480088, -5.886946625055596627 ) ) ;
#4279 = CARTESIAN_POINT ( 'NONE',  ( 5.685892891243545577, -7.397946776921730638, -1.231117877432940100 ) ) ;
#4280 = ORIENTED_EDGE ( 'NONE', *, *, #1508, .F. ) ;
#4281 = ORIENTED_EDGE ( 'NONE', *, *, #4954, .F. ) ;
#4282 = CYLINDRICAL_SURFACE ( 'NONE', #5605, 0.9799999999999999822 ) ;
#4283 = DIRECTION ( 'NONE',  ( 0.000000000000000000, 0.000000000000000000, 1.000000000000000000 ) ) ;
#4284 = CARTESIAN_POINT ( 'NONE',  ( 71.56946175102197572, -1.571431512466895164, -14.83288868384772741 ) ) ;
#4285 = CARTESIAN_POINT ( 'NONE',  ( -49.22265559236435450, 3.005179513590079843, -3.333844015281532958 ) ) ;
#4286 = VECTOR ( 'NONE', #385, 999.9999999999998863 ) ;
#4287 = CARTESIAN_POINT ( 'NONE',  ( 6.855174307339550133, -15.50978806173891655, 0.9393974074487683179 ) ) ;
#4288 = PLANE ( 'NONE',  #5503 ) ;
#4289 = CARTESIAN_POINT ( 'NONE',  ( -9.945474056691336884, -17.04100814505666861, -1.128008725762484010 ) ) ;
#4290 = EDGE_CURVE ( 'NONE', #3098, #2361, #2076, .T. ) ;
#4291 = VERTEX_POINT ( 'NONE', #422 ) ;
#4292 = VERTEX_POINT ( 'NONE', #2527 ) ;
#4293 = DIRECTION ( 'NONE',  ( 0.000000000000000000, 1.000000000000000000, 0.000000000000000000 ) ) ;
#4294 = CARTESIAN_POINT ( 'NONE',  ( -72.36270919818217351, 1.028568487533104481, -12.23888633471943699 ) ) ;
#4295 = B_SPLINE_CURVE_WITH_KNOTS ( 'NONE', 3,
 ( #714, #6443, #3865, #1779, #2370, #2750 ),
 .UNSPECIFIED., .F., .F.,
 ( 4, 2, 4 ),
 ( 0.000000000000000000, 0.5000000000000000000, 1.000000000000000000 ),
 .UNSPECIFIED. ) ;
#4296 = CARTESIAN_POINT ( 'NONE',  ( 0.000000000000000000, -0.004999999999999796274, 2.519999999999999574 ) ) ;
#4297 = PRESENTATION_STYLE_ASSIGNMENT (( #3172 ) ) ;
#4298 = CARTESIAN_POINT ( 'NONE',  ( 112.9668282529391092, -0.004999999999999362593, 12.03317174706097958 ) ) ;
#4299 = VECTOR ( 'NONE', #4359, 1000.000000000000114 ) ;
#4300 = ORIENTED_EDGE ( 'NONE', *, *, #3555, .T. ) ;
#4301 = FACE_OUTER_BOUND ( 'NONE', #5879, .T. ) ;
#4302 = EDGE_CURVE ( 'NONE', #64, #517, #5079, .T. ) ;
#4303 = CARTESIAN_POINT ( 'NONE',  ( 72.11129381633308810, -1.571431512466894942, -14.73888633471937126 ) ) ;
#4304 = CARTESIAN_POINT ( 'NONE',  ( -2.377063523138727597, -8.083358308321173524, -1.007270779760154999 ) ) ;
#4305 = ORIENTED_EDGE ( 'NONE', *, *, #3224, .F. ) ;
#4306 = EDGE_CURVE ( 'NONE', #6171, #2550, #2469, .T. ) ;
#4307 = DIRECTION ( 'NONE',  ( 0.000000000000000000, 0.000000000000000000, 1.000000000000000000 ) ) ;
#4308 = CARTESIAN_POINT ( 'NONE',  ( 15.46898536353802989, -26.71954724852386676, 0.6914161298595592475 ) ) ;
#4309 = EDGE_LOOP ( 'NONE', ( #4949, #6211, #689, #203 ) ) ;
#4310 = DIRECTION ( 'NONE',  ( 0.7071067811865475727, 0.000000000000000000, -0.7071067811865475727 ) ) ;
#4311 = CARTESIAN_POINT ( 'NONE',  ( -9.545808712541502317, -4.067225507410880958, -0.3178853749502424941 ) ) ;
#4312 = VECTOR ( 'NONE', #6126, 1000.000000000000114 ) ;
#4313 = EDGE_CURVE ( 'NONE', #1301, #823, #6361, .T. ) ;
#4314 = CARTESIAN_POINT ( 'NONE',  ( 52.41632991280302889, 2.162667515611191416, -3.232167798305519923 ) ) ;
#4315 = PRESENTATION_STYLE_ASSIGNMENT (( #1118 ) ) ;
#4316 = CARTESIAN_POINT ( 'NONE',  ( -47.67023720998527381, 7.028927331064123152, -3.326354849118115631 ) ) ;
#4317 = AXIS2_PLACEMENT_3D ( 'NONE', #2894, #266, #3981 ) ;
#4318 = ORIENTED_EDGE ( 'NONE', *, *, #5749, .T. ) ;
#4319 = ORIENTED_EDGE ( 'NONE', *, *, #1049, .F. ) ;
#4320 = EDGE_CURVE ( 'NONE', #4904, #5138, #4654, .T. ) ;
#4321 = CARTESIAN_POINT ( 'NONE',  ( 25.14546066347634934, 3.752858749290246987, 0.1871467062052357411 ) ) ;
#4322 = CARTESIAN_POINT ( 'NONE',  ( 129.6058033746338651, -0.9849999999999997646, 20.15858122326973856 ) ) ;
#4323 = CYLINDRICAL_SURFACE ( 'NONE', #5800, 16.89560387563110311 ) ;
#4324 = B_SPLINE_CURVE_WITH_KNOTS ( 'NONE', 1,
 ( #121, #227 ),
 .UNSPECIFIED., .F., .F.,
 ( 2, 2 ),
 ( 0.000000000000000000, 1.000000000000000000 ),
 .UNSPECIFIED. ) ;
#4325 = DIRECTION ( 'NONE',  ( 1.000000000000000000, -5.379731069172958753E-17, 0.000000000000000000 ) ) ;
#4326 = PRODUCT_DEFINITION_SHAPE ( 'NONE', 'NONE',  #6828 ) ;
#4327 = CARTESIAN_POINT ( 'NONE',  ( 43.49622280135394448, -30.22242806060027220, -2.649786441603707132 ) ) ;
#4328 = CARTESIAN_POINT ( 'NONE',  ( 49.92035844432645320, -27.67897668314269666, -4.243670039711472164 ) ) ;
#4329 = EDGE_CURVE ( 'NONE', #1905, #2280, #4486, .T. ) ;
#4330 = ORIENTED_EDGE ( 'NONE', *, *, #6408, .F. ) ;
#4331 = ORIENTED_EDGE ( 'NONE', *, *, #4990, .F. ) ;
#4332 = DIRECTION ( 'NONE',  ( 0.000000000000000000, -1.000000000000000000, 0.000000000000000000 ) ) ;
#4333 = CARTESIAN_POINT ( 'NONE',  ( -6.654635405598746445, -15.86227131820228387, 1.142889271360950199 ) ) ;
#4334 = DIRECTION ( 'NONE',  ( 0.000000000000000000, 0.000000000000000000, -1.000000000000000000 ) ) ;
#4335 = CARTESIAN_POINT ( 'NONE',  ( 43.49622280135394448, -30.22242806060027220, -2.649786441603707132 ) ) ;
#4336 = CARTESIAN_POINT ( 'NONE',  ( -47.41157415211753090, -28.99203072184976193, -2.715594255461362128 ) ) ;
#4337 = ADVANCED_FACE ( 'NONE', ( #5204 ), #2561, .T. ) ;
#4338 = ORIENTED_EDGE ( 'NONE', *, *, #271, .T. ) ;
#4339 = CARTESIAN_POINT ( 'NONE',  ( 56.71930312579731037, -24.90032411644164156, -3.844791827166563536 ) ) ;
#4340 =( NAMED_UNIT ( * ) SI_UNIT ( $, .STERADIAN. ) SOLID_ANGLE_UNIT ( ) );
#4341 = CARTESIAN_POINT ( 'NONE',  ( -2.782655228654551838, -8.250653138956918653, -1.009983423775701050 ) ) ;
#4342 = ORIENTED_EDGE ( 'NONE', *, *, #5749, .F. ) ;
#4343 = CARTESIAN_POINT ( 'NONE',  ( -72.36129385337453357, -1.571431512466895164, -15.23888633471938370 ) ) ;
#4344 = CARTESIAN_POINT ( 'NONE',  ( 71.36096738376582493, -2.170886675029708890, -15.23888633471938370 ) ) ;
#4345 = B_SPLINE_CURVE_WITH_KNOTS ( 'NONE', 3,
 ( #5194, #5712, #6392, #32, #1103, #1525, #3069, #2106, #3632, #445, #71, #5748 ),
 .UNSPECIFIED., .F., .F.,
 ( 4, 2, 2, 2, 2, 4 ),
 ( 5.926525733041588541E-13, 0.002232987091156812647, 0.003349480636438895674, 0.004465974181720978702, 0.006698961272285160369, 0.008931948362849342904 ),
 .UNSPECIFIED. ) ;
#4346 = ORIENTED_EDGE ( 'NONE', *, *, #5909, .T. ) ;
#4347 = FACE_OUTER_BOUND ( 'NONE', #73, .T. ) ;
#4348 = DIRECTION ( 'NONE',  ( 1.000000000000000000, 0.000000000000000000, 0.000000000000000000 ) ) ;
#4349 = CARTESIAN_POINT ( 'NONE',  ( -8.728473713316333260, 1.287572035498690148, -1.098723221247326132 ) ) ;
#4350 = CARTESIAN_POINT ( 'NONE',  ( -59.23797411750985020, -4.121020805890685423, -3.551741142686255959 ) ) ;
#4351 = CARTESIAN_POINT ( 'NONE',  ( 89.99999999999997158, -0.9849999999999997646, -2.520000000000001350 ) ) ;
#4352 = EDGE_CURVE ( 'NONE', #1677, #2596, #6452, .T. ) ;
#4353 = CARTESIAN_POINT ( 'NONE',  ( 125.3490205518908454, 0.005000000000000229955, 24.41536404601275123 ) ) ;
#4354 = ORIENTED_EDGE ( 'NONE', *, *, #1351, .T. ) ;
#4355 = VERTEX_POINT ( 'NONE', #199 ) ;
#4356 = CARTESIAN_POINT ( 'NONE',  ( 26.76333872742278785, 3.970859106149863482, 0.07870429540911909327 ) ) ;
#4357 = DIRECTION ( 'NONE',  ( -0.000000000000000000, -1.000000000000000000, 0.000000000000000000 ) ) ;
#4358 = CARTESIAN_POINT ( 'NONE',  ( 89.99999999999997158, -0.004999999999999796274, 3.499999999999999112 ) ) ;
#4359 = DIRECTION ( 'NONE',  ( -0.7071067811865465735, -0.000000000000000000, -0.7071067811865483499 ) ) ;
#4360 = CARTESIAN_POINT ( 'NONE',  ( -74.33232427436544754, 1.027496301198058903, -15.58618261426071605 ) ) ;
#4361 = PRODUCT_DEFINITION_FORMATION_WITH_SPECIFIED_SOURCE ( 'ANY', '', #3824, .NOT_KNOWN. ) ;
#4362 = LINE ( 'NONE', #3801, #3668 ) ;
#4363 = CARTESIAN_POINT ( 'NONE',  ( -53.59356557039514257, 1.851208056033266214, -3.527535826611945868 ) ) ;
#4364 = ORIENTED_EDGE ( 'NONE', *, *, #5602, .F. ) ;
#4365 = VERTEX_POINT ( 'NONE', #3349 ) ;
#4366 = CARTESIAN_POINT ( 'NONE',  ( 26.96160485657889083, -34.34749586598906745, -1.937359846053585022 ) ) ;
#4367 = CARTESIAN_POINT ( 'NONE',  ( -5.419611361121403625, -10.18390284179582395, 1.162738672506192117 ) ) ;
#4368 = AXIS2_PLACEMENT_3D ( 'NONE', #2002, #4127, #3075 ) ;
#4369 = CARTESIAN_POINT ( 'NONE',  ( -72.36270890600181360, -5.972304474962074394, -15.23888628320016458 ) ) ;
#4370 = DIRECTION ( 'NONE',  ( 0.000000000000000000, -1.000000000000000000, 2.518185781381239098E-18 ) ) ;
#4371 = CARTESIAN_POINT ( 'NONE',  ( 23.34136073444825499, -30.68450847370865375, -0.5046395578391371650 ) ) ;
#4372 = UNCERTAINTY_MEASURE_WITH_UNIT (LENGTH_MEASURE( 1.000000000000000082E-05 ), #248, 'distance_accuracy_value', 'NONE');
#4373 = CARTESIAN_POINT ( 'NONE',  ( 59.45973303555215494, -9.353953579702759313, -4.395700187507686429 ) ) ;
#4374 = AXIS2_PLACEMENT_3D ( 'NONE', #5884, #3292, #734 ) ;
#4375 = CARTESIAN_POINT ( 'NONE',  ( 129.6058033746338651, -0.9849999999999997646, 20.15858122326973856 ) ) ;
#4376 = CARTESIAN_POINT ( 'NONE',  ( -59.28153533113967200, -9.355247069915128222, -5.582328043439863663 ) ) ;
#4377 = EDGE_LOOP ( 'NONE', ( #3592, #4931, #1853, #3183 ) ) ;
#4378 = DIRECTION ( 'NONE',  ( 0.7071067811865470176, 0.000000000000000000, -0.7071067811865479058 ) ) ;
#4379 = LINE ( 'NONE', #1259, #2992 ) ;
#4380 = ADVANCED_FACE ( 'NONE', ( #1717 ), #4043, .F. ) ;
#4381 = VERTEX_POINT ( 'NONE', #3911 ) ;
#4382 = CARTESIAN_POINT ( 'NONE',  ( 6.579380439986049822, -12.61774685597803547, 0.9441863459332019426 ) ) ;
#4383 = APPLICATION_PROTOCOL_DEFINITION ( 'draft international standard', 'automotive_design', 1998, #5016 ) ;
#4384 = CARTESIAN_POINT ( 'NONE',  ( -59.39826745182350720, -9.353953579702766419, -4.790949453183027451 ) ) ;
#4385 = CARTESIAN_POINT ( 'NONE',  ( 72.36270919818217351, 1.028568487533104481, -12.23888633471943699 ) ) ;
#4386 = FACE_OUTER_BOUND ( 'NONE', #5825, .T. ) ;
#4387 = DIRECTION ( 'NONE',  ( 0.9995064647790758983, 0.000000000000000000, -0.03141380054743484612 ) ) ;
#4388 = EDGE_LOOP ( 'NONE', ( #351, #704, #6315, #63 ) ) ;
#4389 = ORIENTED_EDGE ( 'NONE', *, *, #1969, .F. ) ;
#4390 = FACE_OUTER_BOUND ( 'NONE', #1206, .T. ) ;
#4391 = CARTESIAN_POINT ( 'NONE',  ( 90.00000000000000000, 0.005000000000000229955, 35.00000000000000000 ) ) ;
#4392 = FACE_OUTER_BOUND ( 'NONE', #2101, .T. ) ;
#4393 = DIRECTION ( 'NONE',  ( -0.000000000000000000, 1.000000000000000000, -0.000000000000000000 ) ) ;
#4394 = EDGE_CURVE ( 'NONE', #5336, #1175, #651, .T. ) ;
#4395 = CARTESIAN_POINT ( 'NONE',  ( -12.04625947171524736, -27.68249430701380831, -1.187459112988088483 ) ) ;
#4396 = FACE_OUTER_BOUND ( 'NONE', #2183, .T. ) ;
#4397 = AXIS2_PLACEMENT_3D ( 'NONE', #3641, #5657, #1408 ) ;
#4398 = EDGE_CURVE ( 'NONE', #5261, #970, #6046, .T. ) ;
#4399 = CARTESIAN_POINT ( 'NONE',  ( -59.23985738231743881, -4.425573612006055590, -4.361506691635698374 ) ) ;
#4400 = B_SPLINE_CURVE_WITH_KNOTS ( 'NONE', 3,
 ( #6093, #3467, #5065, #3996, #1211, #2839, #2286, #3326, #4956, #1358, #6064, #1831, #2418, #1869, #2934, #6030, #695, #5436 ),
 .UNSPECIFIED., .F., .F.,
 ( 4, 2, 2, 2, 2, 2, 2, 2, 4 ),
 ( 0.000000000000000000, 0.1250000000000000555, 0.2500000000000001110, 0.3750000000000001665, 0.5000000000000002220, 0.6250000000000002220, 0.7500000000000002220, 0.8750000000000001110, 1.000000000000000000 ),
 .UNSPECIFIED. ) ;
#4401 = ORIENTED_EDGE ( 'NONE', *, *, #6446, .T. ) ;
#4402 = ADVANCED_FACE ( 'NONE', ( #4564, #2463 ), #5495, .T. ) ;
#4403 = ORIENTED_EDGE ( 'NONE', *, *, #291, .F. ) ;
#4404 = CARTESIAN_POINT ( 'NONE',  ( 9.631115126843454277, -3.470123948899145994, -1.120241472442068842 ) ) ;
#4405 = DIRECTION ( 'NONE',  ( 0.000000000000000000, 0.000000000000000000, 1.000000000000000000 ) ) ;
#4406 = EDGE_CURVE ( 'NONE', #1367, #1296, #724, .T. ) ;
#4407 = CARTESIAN_POINT ( 'NONE',  ( 64.09701381042224000, -6.915413892271932816, -6.362503679418269442 ) ) ;
#4408 = FILL_AREA_STYLE_COLOUR ( '', #6368 ) ;
#4409 = CARTESIAN_POINT ( 'NONE',  ( 33.47456470649920135, -31.61997772969103693, -1.245244761514546994 ) ) ;
#4410 = DIRECTION ( 'NONE',  ( 0.7071067811865475727, 0.000000000000000000, -0.7071067811865475727 ) ) ;
#4411 = B_SPLINE_CURVE_WITH_KNOTS ( 'NONE', 3,
 ( #5198, #935, #4587, #3004 ),
 .UNSPECIFIED., .F., .F.,
 ( 4, 4 ),
 ( 0.000000000000000000, 0.4987999949150138113 ),
 .UNSPECIFIED. ) ;
#4412 = CARTESIAN_POINT ( 'NONE',  ( 2.778796208560207148, -8.248874924536295339, -1.009954972274746732 ) ) ;
#4413 = ORIENTED_EDGE ( 'NONE', *, *, #5157, .T. ) ;
#4414 = AXIS2_PLACEMENT_3D ( 'NONE', #1274, #1858, #6563 ) ;
#4415 = CARTESIAN_POINT ( 'NONE',  ( 52.50651980417335096, 2.162313714343155002, -2.571643726370622218 ) ) ;
#4416 = CARTESIAN_POINT ( 'NONE',  ( -54.24251919480320794, -23.38510682105046357, -2.812828075175455744 ) ) ;
#4417 = ORIENTED_EDGE ( 'NONE', *, *, #2994, .T. ) ;
#4418 = CARTESIAN_POINT ( 'NONE',  ( -0.4432400113026998545, -7.656072540234832857, 0.9999969960795686008 ) ) ;
#4419 = APPLICATION_PROTOCOL_DEFINITION ( 'draft international standard', 'automotive_design', 1998, #3952 ) ;
#4420 = CARTESIAN_POINT ( 'NONE',  ( -59.28153533113967200, -9.355247069915128222, -5.582328043439863663 ) ) ;
#4421 = CARTESIAN_POINT ( 'NONE',  ( -0.2999999999999999334, 0.000000000000000000, 0.1732050807568877582 ) ) ;
#4422 = CARTESIAN_POINT ( 'NONE',  ( 1.487306110593836106, -0.9949999999999997735, 0.2999999999999998224 ) ) ;
#4423 = CARTESIAN_POINT ( 'NONE',  ( -10.68345978946635810, -1.299065910847328364, 0.8528264389186133165 ) ) ;
#4424 = ORIENTED_EDGE ( 'NONE', *, *, #2378, .T. ) ;
#4425 = ORIENTED_EDGE ( 'NONE', *, *, #3455, .F. ) ;
#4426 = VECTOR ( 'NONE', #770, 1000.000000000000000 ) ;
#4427 = DIRECTION ( 'NONE',  ( -0.0005443633068965336502, 0.9999998518342840814, -2.518186154490093769E-18 ) ) ;
#4428 = CARTESIAN_POINT ( 'NONE',  ( 67.21570776679384096, 1.027657838230303655, -5.547278966807284384 ) ) ;
#4429 = DIRECTION ( 'NONE',  ( -1.000000000000000000, 0.000000000000000000, 9.578695379593080197E-09 ) ) ;
#4430 = CARTESIAN_POINT ( 'NONE',  ( 117.2236110756821290, 0.005000000000000229955, 7.776388924317967799 ) ) ;
#4431 = CARTESIAN_POINT ( 'NONE',  ( 31.43914509817658498, -31.62509332549633001, -1.073906564222450344 ) ) ;
#4432 = CARTESIAN_POINT ( 'NONE',  ( 16.27122431030377214, -27.52245502340909056, -0.5409427996174041020 ) ) ;
#4433 = ORIENTED_EDGE ( 'NONE', *, *, #6634, .F. ) ;
#4434 = ORIENTED_EDGE ( 'NONE', *, *, #5190, .F. ) ;
#4435 = CARTESIAN_POINT ( 'NONE',  ( 9.522627960318182261, -4.066707890778600287, -1.117532755479633266 ) ) ;
#4436 = CARTESIAN_POINT ( 'NONE',  ( 57.87751192024793312, -1.641442107755989310, -4.152857008608031641 ) ) ;
#4437 = PRODUCT_RELATED_PRODUCT_CATEGORY ( 'part', '', ( #5862 ) ) ;
#4438 = CARTESIAN_POINT ( 'NONE',  ( -52.23896421689945413, 2.174703292199955396, -4.553471990397930824 ) ) ;
#4439 = CARTESIAN_POINT ( 'NONE',  ( -10.80510749681173976, -20.06398430725878868, 0.04932628350144831891 ) ) ;
#4440 = VECTOR ( 'NONE', #6390, 1000.000000000000000 ) ;
#4441 = CARTESIAN_POINT ( 'NONE',  ( 0.000000000000000000, 0.005000000000000229955, -2.520000000000001350 ) ) ;
#4442 = ADVANCED_FACE ( 'NONE', ( #3838 ), #5910, .F. ) ;
#4443 = CARTESIAN_POINT ( 'NONE',  ( 10.42699304719285003, -18.55682158173675589, 0.8595943815470388216 ) ) ;
#4444 = DIRECTION ( 'NONE',  ( -0.8119953427286267233, -3.965605148610141197E-17, -0.5836639130415894883 ) ) ;
#4445 = ORIENTED_EDGE ( 'NONE', *, *, #2213, .F. ) ;
#4446 = CARTESIAN_POINT ( 'NONE',  ( -72.36129385337453357, -1.571431512466895164, -15.23888633471938370 ) ) ;
#4447 = EDGE_CURVE ( 'NONE', #6185, #2596, #5708, .T. ) ;
#4448 = VERTEX_POINT ( 'NONE', #330 ) ;
#4449 = STYLED_ITEM ( 'NONE', ( #108 ), #2005 ) ;
#4450 = AXIS2_PLACEMENT_3D ( 'NONE', #1737, #6585, #1222 ) ;
#4451 = CARTESIAN_POINT ( 'NONE',  ( 1.752004541464557308, -7.869480223461030377, 0.9962838959876566536 ) ) ;
#4452 = APPLICATION_PROTOCOL_DEFINITION ( 'draft international standard', 'automotive_design', 1998, #629 ) ;
#4453 = DIRECTION ( 'NONE',  ( 0.000000000000000000, 0.000000000000000000, -1.000000000000000000 ) ) ;
#4454 = CARTESIAN_POINT ( 'NONE',  ( -53.11089983213801702, 2.011548743041682297, -2.654128737642653668 ) ) ;
#4455 = DIRECTION ( 'NONE',  ( 1.000000000000000000, -4.380838333381074689E-17, 0.000000000000000000 ) ) ;
#4456 = LINE ( 'NONE', #3938, #3497 ) ;
#4457 = EDGE_LOOP ( 'NONE', ( #2780, #482 ) ) ;
#4458 = VERTEX_POINT ( 'NONE', #1171 ) ;
#4459 = CARTESIAN_POINT ( 'NONE',  ( -63.25733818177571521, -8.133614384134070008, -4.194699924582293349 ) ) ;
#4460 = CARTESIAN_POINT ( 'NONE',  ( 129.6058033746338651, -0.9849999999999997646, 20.15858122326973856 ) ) ;
#4461 = CARTESIAN_POINT ( 'NONE',  ( -54.13457609172890983, -23.38744780005218971, -3.605479456952025430 ) ) ;
#4462 = CARTESIAN_POINT ( 'NONE',  ( -26.67788439088677066, 4.023857744322824281, -0.7073334039813281571 ) ) ;
#4463 = CARTESIAN_POINT ( 'NONE',  ( -25.34411211287232391, -31.09041393154112853, -0.6256697872244801895 ) ) ;
#4464 = CARTESIAN_POINT ( 'NONE',  ( 21.79514512977023699, -30.37570252971806539, -0.8119283414482748595 ) ) ;
#4465 = AXIS2_PLACEMENT_3D ( 'NONE', #5415, #779, #5895 ) ;
#4466 = EDGE_CURVE ( 'NONE', #1584, #6352, #2308, .T. ) ;
#4467 = VERTEX_POINT ( 'NONE', #4912 ) ;
#4468 = ORIENTED_EDGE ( 'NONE', *, *, #431, .F. ) ;
#4469 = LINE ( 'NONE', #4510, #664 ) ;
#4470 = CARTESIAN_POINT ( 'NONE',  ( -6.473473064272186939, -16.47775753404176413, -1.254349872387894527 ) ) ;
#4471 =( GEOMETRIC_REPRESENTATION_CONTEXT ( 3 ) GLOBAL_UNCERTAINTY_ASSIGNED_CONTEXT ( ( #2321 ) ) GLOBAL_UNIT_ASSIGNED_CONTEXT ( ( #2158, #1806, #1190 ) ) REPRESENTATION_CONTEXT ( 'NONE', 'WORKASPACE' ) );
#4472 = EDGE_CURVE ( 'NONE', #3613, #2393, #1908, .T. ) ;
#4473 = CARTESIAN_POINT ( 'NONE',  ( -62.48657761812643230, -9.959804985429737911, -4.068188793777547829 ) ) ;
#4474 = CARTESIAN_POINT ( 'NONE',  ( 13.98890673045872290, 1.148922094363814761, -0.05294645060061053954 ) ) ;
#4475 = UNCERTAINTY_MEASURE_WITH_UNIT (LENGTH_MEASURE( 1.000000000000000082E-05 ), #2088, 'distance_accuracy_value', 'NONE');
#4476 = AXIS2_PLACEMENT_3D ( 'NONE', #2389, #6094, #5641 ) ;
#4477 = DIRECTION ( 'NONE',  ( -0.4999999999999996114, -0.8660254037844388186, 0.000000000000000000 ) ) ;
#4478 = CARTESIAN_POINT ( 'NONE',  ( 125.3490205518908454, -0.004999999999999362593, 24.41536404601275123 ) ) ;
#4479 = ORIENTED_EDGE ( 'NONE', *, *, #4313, .T. ) ;
#4480 = ORIENTED_EDGE ( 'NONE', *, *, #2686, .F. ) ;
#4481 = CARTESIAN_POINT ( 'NONE',  ( -59.34825914414179238, -9.048668892813287457, -5.592790129728759219 ) ) ;
#4482 = FACE_BOUND ( 'NONE', #1461, .T. ) ;
#4483 = ADVANCED_FACE ( 'NONE', ( #2241 ), #165, .F. ) ;
#4484 = AXIS2_PLACEMENT_3D ( 'NONE', #705, #1076, #3222 ) ;
#4485 = PRESENTATION_LAYER_ASSIGNMENT (  '', '', ( #1931 ) ) ;
#4486 = B_SPLINE_CURVE_WITH_KNOTS ( 'NONE', 3,
 ( #6170, #2403, #1341, #2920, #362, #4531, #4099, #1886, #6194, #3045, #4011, #1373, #3480, #5592, #331, #2434, #4565, #1406, #3512, #2464, #4594, #4071, #1435, #3538 ),
 .UNSPECIFIED., .F., .F.,
 ( 4, 2, 2, 2, 2, 2, 2, 2, 2, 2, 2, 4 ),
 ( 0.000000000000000000, 0.003816856738867211319, 0.007633713477734422638, 0.01526742695546884528, 0.02290114043320326531, 0.02671799717207046926, 0.03053485391093766974, 0.03816856738867207416, 0.04198542412753926423, 0.04580228086640645430, 0.05343599434414085525, 0.06106970782187527008 ),
 .UNSPECIFIED. ) ;
#4487 = ORIENTED_EDGE ( 'NONE', *, *, #6113, .F. ) ;
#4488 = AXIS2_PLACEMENT_3D ( 'NONE', #965, #6324, #2690 ) ;
#4489 = CARTESIAN_POINT ( 'NONE',  ( 2.787747963373539584, -8.246449972737567080, 0.9900325346068712395 ) ) ;
#4490 = DIRECTION ( 'NONE',  ( 0.0005443633068965183629, -0.9999998518342838594, 2.081668171172168513E-17 ) ) ;
#4491 = FILL_AREA_STYLE ('',( #746 ) ) ;
#4492 = CARTESIAN_POINT ( 'NONE',  ( 59.02343411536458717, 4.425642715306498332, -4.101404680933816493 ) ) ;
#4493 = AXIS2_PLACEMENT_3D ( 'NONE', #2010, #6233, #1502 ) ;
#4494 = LINE ( 'NONE', #4422, #6500 ) ;
#4495 = EDGE_CURVE ( 'NONE', #3205, #690, #4873, .T. ) ;
#4496 = EDGE_CURVE ( 'NONE', #921, #3581, #4159, .T. ) ;
#4497 = FACE_OUTER_BOUND ( 'NONE', #1042, .T. ) ;
#4498 = EDGE_LOOP ( 'NONE', ( #4663, #1318, #1920, #3625 ) ) ;
#4499 = VERTEX_POINT ( 'NONE', #1055 ) ;
#4500 = DIRECTION ( 'NONE',  ( 0.000000000000000000, 0.000000000000000000, -1.000000000000000000 ) ) ;
#4501 = FILL_AREA_STYLE_COLOUR ( '', #3680 ) ;
#4502 = CARTESIAN_POINT ( 'NONE',  ( 128.9128387290710691, -0.9849999999999997646, 20.85154586883255234 ) ) ;
#4503 = FACE_OUTER_BOUND ( 'NONE', #6611, .T. ) ;
#4504 = B_SPLINE_CURVE_WITH_KNOTS ( 'NONE', 3,
 ( #207, #172, #6462, #6026, #2314, #580, #619, #2283, #5953, #5398 ),
 .UNSPECIFIED., .F., .F.,
 ( 4, 2, 2, 2, 4 ),
 ( 0.000000000000000000, 0.2500000000000000000, 0.5000000000000000000, 0.7500000000000000000, 1.000000000000000000 ),
 .UNSPECIFIED. ) ;
#4505 = PRODUCT_DEFINITION_SHAPE ( 'NONE', 'NONE',  #1459 ) ;
#4506 = DIRECTION ( 'NONE',  ( 0.7071067811865466846, 0.000000000000000000, 0.7071067811865484609 ) ) ;
#4507 = CARTESIAN_POINT ( 'NONE',  ( -54.72475200468545609, 1.301886109526658286, -3.688024631347599946 ) ) ;
#4508 = AXIS2_PLACEMENT_3D ( 'NONE', #1918, #5626, #886 ) ;
#4509 = ORIENTED_EDGE ( 'NONE', *, *, #282, .F. ) ;
#4510 = CARTESIAN_POINT ( 'NONE',  ( 74.33232441199879759, -5.972304432543244168, -15.23888633471944054 ) ) ;
#4511 = CARTESIAN_POINT ( 'NONE',  ( 3.218314464861276925, -8.364347729640424944, 0.3878511777643982028 ) ) ;
#4512 = COLOUR_RGB ( '',0.2509803921568627416, 0.2509803921568627416, 0.2509803921568627416 ) ;
#4513 = PRESENTATION_STYLE_ASSIGNMENT (( #211 ) ) ;
#4514 = PLANE ( 'NONE',  #1483 ) ;
#4515 = PRESENTATION_STYLE_ASSIGNMENT (( #5609 ) ) ;
#4516 = AXIS2_PLACEMENT_3D ( 'NONE', #2960, #4572, #6657 ) ;
#4517 = FACE_BOUND ( 'NONE', #6612, .T. ) ;
#4518 = ORIENTED_EDGE ( 'NONE', *, *, #3025, .T. ) ;
#4519 = ORIENTED_EDGE ( 'NONE', *, *, #2841, .T. ) ;
#4520 = CIRCLE ( 'NONE', #1307, 31.50000000000000000 ) ;
#4521 = CARTESIAN_POINT ( 'NONE',  ( -56.04373884624028790, 0.1853156767742253630, -5.092582469916196786 ) ) ;
#4522 = CARTESIAN_POINT ( 'NONE',  ( -23.34136073444861736, -30.68450847370872481, -0.5046395578391926762 ) ) ;
#4523 = ADVANCED_FACE ( 'NONE', ( #6376 ), #3237, .T. ) ;
#4524 = ORIENTED_EDGE ( 'NONE', *, *, #4997, .F. ) ;
#4525 = CARTESIAN_POINT ( 'NONE',  ( 15.36927640974715104, -26.71354927528160772, -1.306196830713844070 ) ) ;
#4526 = B_SPLINE_CURVE_WITH_KNOTS ( 'NONE', 1,
 ( #6258, #5679 ),
 .UNSPECIFIED., .F., .F.,
 ( 2, 2 ),
 ( 0.000000000000000000, 1.000000000000000000 ),
 .UNSPECIFIED. ) ;
#4527 = CARTESIAN_POINT ( 'NONE',  ( 89.99999999999997158, -0.9849999999999997646, -3.500000000000000888 ) ) ;
#4528 = CARTESIAN_POINT ( 'NONE',  ( 85.30513192396472277, -11.25322035869499793, -7.856896082460147035 ) ) ;
#4529 = EDGE_CURVE ( 'NONE', #3719, #5789, #1253, .T. ) ;
#4530 = DIRECTION ( 'NONE',  ( 0.000000000000000000, 0.000000000000000000, 1.000000000000000000 ) ) ;
#4531 = CARTESIAN_POINT ( 'NONE',  ( -18.27648738535624773, 4.855855279335129282, 0.5765051158395372299 ) ) ;
#4532 = AXIS2_PLACEMENT_3D ( 'NONE', #10, #2122, #1082 ) ;
#4533 = VECTOR ( 'NONE', #2342, 1000.000000000000000 ) ;
#4534 = ORIENTED_EDGE ( 'NONE', *, *, #2421, .T. ) ;
#4535 = ORIENTED_EDGE ( 'NONE', *, *, #5870, .F. ) ;
#4536 = CARTESIAN_POINT ( 'NONE',  ( -63.42430986207724430, -7.902413905655257587, -4.222330731487275557 ) ) ;
#4537 = EDGE_CURVE ( 'NONE', #3822, #1985, #5905, .T. ) ;
#4538 = FILL_AREA_STYLE_COLOUR ( '', #1472 ) ;
#4539 = CARTESIAN_POINT ( 'NONE',  ( 67.33142813757753231, 1.027496301198058903, -4.890732625976187187 ) ) ;
#4540 = APPLICATION_CONTEXT ( 'automotive_design' ) ;
#4541 = CARTESIAN_POINT ( 'NONE',  ( 10.30522338006368166, -1.798140565481151310, -0.3373105380873532844 ) ) ;
#4542 = CARTESIAN_POINT ( 'NONE',  ( -33.47440837631724264, -31.62001486570551023, -1.245230354757479230 ) ) ;
#4543 = CARTESIAN_POINT ( 'NONE',  ( 116.5306464301193188, 0.005000000000000229955, 8.469353569880784249 ) ) ;
#4544 = ADVANCED_FACE ( 'NONE', ( #4390 ), #2050, .T. ) ;
#4545 = EDGE_LOOP ( 'NONE', ( #1375, #4234, #6793, #6486 ) ) ;
#4546 = CARTESIAN_POINT ( 'NONE',  ( 89.99999999999997158, 0.005000000000000446795, 3.499999999999999112 ) ) ;
#4547 = CARTESIAN_POINT ( 'NONE',  ( 6.822148260958532440, -14.22371950113054595, -1.260376459055803089 ) ) ;
#4548 = VECTOR ( 'NONE', #5504, 1000.000000000000000 ) ;
#4549 = VECTOR ( 'NONE', #6425, 1000.000000000000000 ) ;
#4550 = EDGE_CURVE ( 'NONE', #6101, #5914, #1748, .T. ) ;
#4551 = CARTESIAN_POINT ( 'NONE',  ( -23.26865289713983742, -30.68611784667740849, -1.702414906222134316 ) ) ;
#4552 = SURFACE_STYLE_USAGE ( .BOTH. , #872 ) ;
#4553 = LINE ( 'NONE', #4029, #4312 ) ;
#4554 = CARTESIAN_POINT ( 'NONE',  ( 8.769844120516106400, 1.296081811426298858, 0.9007644865471853279 ) ) ;
#4555 = LINE ( 'NONE', #2453, #5648 ) ;
#4556 = EDGE_LOOP ( 'NONE', ( #4354, #2580, #3135, #5991 ) ) ;
#4557 = CARTESIAN_POINT ( 'NONE',  ( -59.05152696258992506, -4.427548331761734346, -5.546701353493457276 ) ) ;
#4558 = DIRECTION ( 'NONE',  ( 0.9999998518342840814, 0.0005443633068965336502, 0.000000000000000000 ) ) ;
#4559 = EDGE_CURVE ( 'NONE', #5500, #4582, #2755, .T. ) ;
#4560 = CARTESIAN_POINT ( 'NONE',  ( 39.65240958384192282, 4.368642006646412668, -1.823397230990318141 ) ) ;
#4561 = CYLINDRICAL_SURFACE ( 'NONE', #5252, 5.378530200181927512 ) ;
#4562 = CARTESIAN_POINT ( 'NONE',  ( 2.531456297277683287, -1.795581977929471718, 1.207862287686864988 ) ) ;
#4563 = CARTESIAN_POINT ( 'NONE',  ( 59.57663281499777952, -9.352696012490786970, -3.604342683980197748 ) ) ;
#4564 = FACE_BOUND ( 'NONE', #5068, .T. ) ;
#4565 = CARTESIAN_POINT ( 'NONE',  ( -48.19821228103684518, 6.843237860146876628, -2.005228412412520811 ) ) ;
#4566 = EDGE_LOOP ( 'NONE', ( #3221, #588, #1623, #4640 ) ) ;
#4567 = EDGE_LOOP ( 'NONE', ( #3225, #4331, #122, #2125 ) ) ;
#4568 = DIRECTION ( 'NONE',  ( 1.000000000000000000, 0.000000000000000000, -0.000000000000000000 ) ) ;
#4569 = CARTESIAN_POINT ( 'NONE',  ( -60.89823993672000313, -15.17554362266049495, -5.836172051454108889 ) ) ;
#4570 = ADVANCED_FACE ( 'NONE', ( #90 ), #3759, .F. ) ;
#4571 = DIRECTION ( 'NONE',  ( 0.000000000000000000, 0.000000000000000000, 1.000000000000000000 ) ) ;
#4572 = DIRECTION ( 'NONE',  ( -0.8660254037844388186, 0.4999999999999997780, 0.000000000000000000 ) ) ;
#4573 = DIRECTION ( 'NONE',  ( 0.7071067811865466846, 0.000000000000000000, 0.7071067811865484609 ) ) ;
#4574 = ORIENTED_EDGE ( 'NONE', *, *, #6669, .F. ) ;
#4575 = DIRECTION ( 'NONE',  ( -0.1463631007731221456, -8.047954932903742413E-16, -0.9892309349853940503 ) ) ;
#4576 = CARTESIAN_POINT ( 'NONE',  ( 1.427688392773312831, -7.716735782361043405, 1.198883716002207667 ) ) ;
#4577 = CLOSED_SHELL ( 'NONE', ( #4812, #901, #3294, #4523, #870, #4570, #919, #2093 ) ) ;
#4578 = CYLINDRICAL_SURFACE ( 'NONE', #104, 16.89553129543696386 ) ;
#4579 =( NAMED_UNIT ( * ) PLANE_ANGLE_UNIT ( ) SI_UNIT ( $, .RADIAN. ) );
#4580 = FILL_AREA_STYLE ('',( #6607 ) ) ;
#4581 = CARTESIAN_POINT ( 'NONE',  ( 58.19473649644093172, -14.24045285161433583, -4.604666670681300644 ) ) ;
#4582 = VERTEX_POINT ( 'NONE', #3312 ) ;
#4583 = ORIENTED_EDGE ( 'NONE', *, *, #4686, .T. ) ;
#4584 = B_SPLINE_CURVE_WITH_KNOTS ( 'NONE', 3,
 ( #3650, #533, #3023, #5281, #5665, #3160, #433, #5734, #6207, #923 ),
 .UNSPECIFIED., .F., .F.,
 ( 4, 2, 2, 2, 4 ),
 ( 0.000000000000000000, 0.2499999999999997780, 0.4999999999999995559, 0.7499999999999997780, 1.000000000000000000 ),
 .UNSPECIFIED. ) ;
#4585 = CARTESIAN_POINT ( 'NONE',  ( -49.35372557361297652, 3.000534823733440604, -2.140635226362884502 ) ) ;
#4586 = FACE_OUTER_BOUND ( 'NONE', #287, .T. ) ;
#4587 = CARTESIAN_POINT ( 'NONE',  ( -67.21598754003588283, -5.972299911001587525, -5.545703577162488074 ) ) ;
#4588 = CARTESIAN_POINT ( 'NONE',  ( 64.43599024684077392, -6.911530525804967517, -4.391427709425277826 ) ) ;
#4589 = CARTESIAN_POINT ( 'NONE',  ( -7.619582152081722626, -9.139892380292334195, 0.3218379282287464060 ) ) ;
#4590 = CARTESIAN_POINT ( 'NONE',  ( -12.93317312584652790, -28.49873384958418043, 0.7851847916101687419 ) ) ;
#4591 = VECTOR ( 'NONE', #3820, 1000.000000000000000 ) ;
#4592 = DIRECTION ( 'NONE',  ( 1.000000000000000000, 0.000000000000000000, -0.000000000000000000 ) ) ;
#4593 = EDGE_CURVE ( 'NONE', #3332, #6724, #5963, .T. ) ;
#4594 = CARTESIAN_POINT ( 'NONE',  ( -58.01074076006661073, 4.666866690586157773, -3.356582049959773606 ) ) ;
#4595 = ORIENTED_EDGE ( 'NONE', *, *, #6317, .F. ) ;
#4596 = DIRECTION ( 'NONE',  ( 0.9999998518342840814, 0.0005443633068966032560, 0.000000000000000000 ) ) ;
#4597 = AXIS2_PLACEMENT_3D ( 'NONE', #1625, #6354, #5133 ) ;
#4598 = SURFACE_STYLE_FILL_AREA ( #6654 ) ;
#4599 = CARTESIAN_POINT ( 'NONE',  ( -30.22284434371201911, -34.55922257348510129, -2.184251031232144591 ) ) ;
#4600 = CARTESIAN_POINT ( 'NONE',  ( -71.86096730968294821, -2.171158856683157001, -15.23888633471938370 ) ) ;
#4601 = CARTESIAN_POINT ( 'NONE',  ( -13.94368572206943568, 1.154647042940119883, -1.252001421199163467 ) ) ;
#4602 = VERTEX_POINT ( 'NONE', #1712 ) ;
#4603 = CARTESIAN_POINT ( 'NONE',  ( 21.81969197797182858, 0.04600101191091510860, 52.14729604281303921 ) ) ;
#4604 = CARTESIAN_POINT ( 'NONE',  ( 6.765532573478948208, -15.48517697636201973, 0.3409089136582985069 ) ) ;
#4605 = EDGE_CURVE ( 'NONE', #3284, #1584, #2055, .T. ) ;
#4606 = ADVANCED_FACE ( 'NONE', ( #6487 ), #5279, .T. ) ;
#4607 = CARTESIAN_POINT ( 'NONE',  ( 58.74000288264477376, -3.262331830609445316, -4.689098720210449933 ) ) ;
#4608 = CARTESIAN_POINT ( 'NONE',  ( 25.40907990529458260, -31.08893750737449224, 0.1718566633437469404 ) ) ;
#4609 = ADVANCED_FACE ( 'NONE', ( #3275 ), #4282, .T. ) ;
#4610 = LINE ( 'NONE', #6725, #2760 ) ;
#4611 = ADVANCED_FACE ( 'NONE', ( #5565 ), #3415, .T. ) ;
#4612 = AXIS2_PLACEMENT_3D ( 'NONE', #452, #3081, #5722 ) ;
#4613 = PLANE ( 'NONE',  #1987 ) ;
#4614 = ORIENTED_EDGE ( 'NONE', *, *, #2790, .F. ) ;
#4615 = CARTESIAN_POINT ( 'NONE',  ( -29.92052761937637939, 4.341190088516483137, -0.1423335631825913550 ) ) ;
#4616 = CARTESIAN_POINT ( 'NONE',  ( -48.21895046073139213, -28.74238259661089145, -2.009198812681934232 ) ) ;
#4617 = CARTESIAN_POINT ( 'NONE',  ( 49.27365274236686332, 3.005163129902671759, -2.937095313580742939 ) ) ;
#4618 = CONTEXT_DEPENDENT_SHAPE_REPRESENTATION ( #6638, #4326 ) ;
#4619 = CARTESIAN_POINT ( 'NONE',  ( 51.46546850974099385, 6.370305151598564919, -3.818084153397601099 ) ) ;
#4620 = VECTOR ( 'NONE', #2847, 1000.000000000000114 ) ;
#4621 = FACE_OUTER_BOUND ( 'NONE', #4176, .T. ) ;
#4622 = ORIENTED_EDGE ( 'NONE', *, *, #3252, .T. ) ;
#4623 = CARTESIAN_POINT ( 'NONE',  ( 10.39572806148928663, -18.55947972158575254, 0.06032866722192973402 ) ) ;
#4624 = CARTESIAN_POINT ( 'NONE',  ( -71.61129374225021138, -1.571431512466895164, -15.73888633471939968 ) ) ;
#4625 = VERTEX_POINT ( 'NONE', #787 ) ;
#4626 = CARTESIAN_POINT ( 'NONE',  ( -59.34329752832426408, -5.028276267352661755, -4.782387471926613287 ) ) ;
#4627 =( NAMED_UNIT ( * ) PLANE_ANGLE_UNIT ( ) SI_UNIT ( $, .RADIAN. ) );
#4628 = CARTESIAN_POINT ( 'NONE',  ( 59.28135062179150339, -9.355209283805878684, -5.582304607681224162 ) ) ;
#4629 = CARTESIAN_POINT ( 'NONE',  ( 12.85788170344034498, 0.7005016043820935234, -0.4135877600897091555 ) ) ;
#4630 = VECTOR ( 'NONE', #6703, 1000.000000000000114 ) ;
#4631 = CARTESIAN_POINT ( 'NONE',  ( -67.84569357858826777, 0.8927607368526098153, -4.772113162085533489 ) ) ;
#4632 = ADVANCED_FACE ( 'NONE', ( #6015 ), #4979, .F. ) ;
#4633 = EDGE_LOOP ( 'NONE', ( #4519, #4783, #3738, #943, #5742 ) ) ;
#4634 = PRESENTATION_STYLE_ASSIGNMENT (( #4664 ) ) ;
#4635 = SURFACE_SIDE_STYLE ('',( #5150 ) ) ;
#4636 = CARTESIAN_POINT ( 'NONE',  ( -11.42497001339031115, -21.49669601226180049, -1.169106295649581462 ) ) ;
#4637 = CARTESIAN_POINT ( 'NONE',  ( 55.57541697095065558, 5.357308634817430359, -2.995568898156199200 ) ) ;
#4638 = DIRECTION ( 'NONE',  ( 1.000000000000000000, 0.000000000000000000, -0.000000000000000000 ) ) ;
#4639 = ORIENTED_EDGE ( 'NONE', *, *, #1640, .T. ) ;
#4640 = ORIENTED_EDGE ( 'NONE', *, *, #1847, .T. ) ;
#4641 = DIRECTION ( 'NONE',  ( 0.000000000000000000, 1.000000000000000000, 0.000000000000000000 ) ) ;
#4642 = CIRCLE ( 'NONE', #6286, 0.2499999999999999445 ) ;
#4643 = CARTESIAN_POINT ( 'NONE',  ( 54.98374008100811494, 1.144209673724351450, -2.917975974990496102 ) ) ;
#4644 = ORIENTED_EDGE ( 'NONE', *, *, #2442, .F. ) ;
#4645 = CARTESIAN_POINT ( 'NONE',  ( 9.315684899959949306, -12.54791162976227170, 0.8880845027870107877 ) ) ;
#4646 = FACE_OUTER_BOUND ( 'NONE', #2858, .T. ) ;
#4647 = EDGE_CURVE ( 'NONE', #5272, #6109, #1732, .T. ) ;
#4648 = CARTESIAN_POINT ( 'NONE',  ( 36.37633775868846442, 4.514583776060134390, -1.901614890023097137 ) ) ;
#4649 = CONTEXT_DEPENDENT_SHAPE_REPRESENTATION ( #5452, #1226 ) ;
#4650 = CARTESIAN_POINT ( 'NONE',  ( 32.30684238553720888, 4.412197153486435930, -2.354394889366032917 ) ) ;
#4651 = PLANE ( 'NONE',  #2260 ) ;
#4652 = ORIENTED_EDGE ( 'NONE', *, *, #2987, .T. ) ;
#4653 = DIRECTION ( 'NONE',  ( 0.1339818617916381793, -1.156750119674707220E-14, -0.9909837842824908982 ) ) ;
#4654 = LINE ( 'NONE', #1976, #1404 ) ;
#4655 = ORIENTED_EDGE ( 'NONE', *, *, #5819, .T. ) ;
#4656 = CARTESIAN_POINT ( 'NONE',  ( -54.13457609172895957, -23.38744780005218971, -3.605479456952054296 ) ) ;
#4657 = CARTESIAN_POINT ( 'NONE',  ( -34.57441966391353105, -34.54439034850697254, -2.551052793816273478 ) ) ;
#4658 = CARTESIAN_POINT ( 'NONE',  ( -8.728473713316333260, 1.287572035498690148, -1.098723221247326132 ) ) ;
#4659 = CARTESIAN_POINT ( 'NONE',  ( 11.46260850621100857, -0.3821100235413683044, 0.8305983211527663279 ) ) ;
#4660 = B_SPLINE_CURVE_WITH_KNOTS ( 'NONE', 3,
 ( #3761, #3687, #2677, #5802, #2606, #4836 ),
 .UNSPECIFIED., .F., .F.,
 ( 4, 2, 4 ),
 ( 1.224745782130214476E-12, 0.008001525367881274706, 0.01600305073453781035 ),
 .UNSPECIFIED. ) ;
#4661 = ORIENTED_EDGE ( 'NONE', *, *, #2054, .T. ) ;
#4662 = DIRECTION ( 'NONE',  ( 1.000000000000000000, 0.000000000000000000, 0.000000000000000000 ) ) ;
#4663 = ORIENTED_EDGE ( 'NONE', *, *, #3231, .T. ) ;
#4664 = SURFACE_STYLE_USAGE ( .BOTH. , #2538 ) ;
#4665 = CARTESIAN_POINT ( 'NONE',  ( -14.64345859749471224, -25.92925175778357882, 0.7234834830098967329 ) ) ;
#4666 = FILL_AREA_STYLE ('',( #434 ) ) ;
#4667 = CARTESIAN_POINT ( 'NONE',  ( -12.57659341113227569, -23.51002578273392629, -1.204866724477925199 ) ) ;
#4668 = EDGE_CURVE ( 'NONE', #2579, #2465, #1854, .T. ) ;
#4669 = CARTESIAN_POINT ( 'NONE',  ( 61.53489223054161528, 3.456508973028091791, -3.912012470123715335 ) ) ;
#4670 = DIRECTION ( 'NONE',  ( 0.000000000000000000, 1.000000000000000000, 0.000000000000000000 ) ) ;
#4671 = ORIENTED_EDGE ( 'NONE', *, *, #41, .F. ) ;
#4672 = ORIENTED_EDGE ( 'NONE', *, *, #5412, .T. ) ;
#4673 = CARTESIAN_POINT ( 'NONE',  ( -51.84132350150169799, -26.31351403631538943, -3.288020734631049269 ) ) ;
#4674 = ADVANCED_FACE ( 'NONE', ( #6653 ), #1921, .T. ) ;
#4675 = CARTESIAN_POINT ( 'NONE',  ( 23.30886501051325155, -30.68613493008231430, -1.036971836937431224 ) ) ;
#4676 = VERTEX_POINT ( 'NONE', #4014 ) ;
#4677 = CARTESIAN_POINT ( 'NONE',  ( 9.107402148803235065, -8.919877166347783159, 0.8930526550185622359 ) ) ;
#4678 = CARTESIAN_POINT ( 'NONE',  ( 52.34605302607611321, 2.169978146757339577, -3.760746376895274246 ) ) ;
#4679 = EDGE_CURVE ( 'NONE', #3284, #974, #2172, .T. ) ;
#4680 =( GEOMETRIC_REPRESENTATION_CONTEXT ( 3 ) GLOBAL_UNCERTAINTY_ASSIGNED_CONTEXT ( ( #2085 ) ) GLOBAL_UNIT_ASSIGNED_CONTEXT ( ( #2531, #399, #6709 ) ) REPRESENTATION_CONTEXT ( 'NONE', 'WORKASPACE' ) );
#4681 = ORIENTED_EDGE ( 'NONE', *, *, #1553, .T. ) ;
#4682 = PLANE ( 'NONE',  #1359 ) ;
#4683 = CARTESIAN_POINT ( 'NONE',  ( -6.536351851373318311, -12.63117025630439549, -1.055376567408245148 ) ) ;
#4684 = EDGE_CURVE ( 'NONE', #105, #2550, #194, .T. ) ;
#4685 = VERTEX_POINT ( 'NONE', #2923 ) ;
#4686 = EDGE_CURVE ( 'NONE', #3581, #3988, #5982, .T. ) ;
#4687 = CARTESIAN_POINT ( 'NONE',  ( -67.26504051868967338, 1.027701400671258147, -5.267510323812497397 ) ) ;
#4688 = PLANE ( 'NONE',  #6602 ) ;
#4689 = CARTESIAN_POINT ( 'NONE',  ( -21.56523247595360360, -33.39512101645252784, -1.601665487226800577 ) ) ;
#4690 = ORIENTED_EDGE ( 'NONE', *, *, #3455, .T. ) ;
#4691 = PLANE ( 'NONE',  #4397 ) ;
#4692 = FACE_OUTER_BOUND ( 'NONE', #4160, .T. ) ;
#4693 = EDGE_CURVE ( 'NONE', #823, #4826, #6544, .T. ) ;
#4694 = CARTESIAN_POINT ( 'NONE',  ( -10.39572806148925466, -18.55947972158576320, 0.06032866722194274445 ) ) ;
#4695 = CARTESIAN_POINT ( 'NONE',  ( 72.36129385337453357, -1.571431512466895164, -15.23888633471938370 ) ) ;
#4696 = ORIENTED_EDGE ( 'NONE', *, *, #204, .F. ) ;
#4697 = CARTESIAN_POINT ( 'NONE',  ( -55.21345147811197052, 5.501644552193210025, -4.341736277853484260 ) ) ;
#4698 = EDGE_LOOP ( 'NONE', ( #1992, #5395, #2988, #3915 ) ) ;
#4699 = FILL_AREA_STYLE ('',( #3057 ) ) ;
#4700 = VECTOR ( 'NONE', #926, 1000.000000000000114 ) ;
#4701 = CARTESIAN_POINT ( 'NONE',  ( -29.91076790553543674, 4.341710135934352621, -0.9439684159004071429 ) ) ;
#4702 = AXIS2_PLACEMENT_3D ( 'NONE', #2948, #4972, #709 ) ;
#4703 = CARTESIAN_POINT ( 'NONE',  ( 47.50804008522567301, -28.98762727043579090, -1.921488931554431234 ) ) ;
#4704 = ORIENTED_EDGE ( 'NONE', *, *, #6735, .F. ) ;
#4705 = EDGE_LOOP ( 'NONE', ( #6586, #1490, #4574, #110 ) ) ;
#4706 = CARTESIAN_POINT ( 'NONE',  ( -67.33147515572458985, -34.58816513739292731, -4.890740774603330010 ) ) ;
#4707 = DIRECTION ( 'NONE',  ( 0.9999998518342840814, -0.0005443633068965336502, 0.000000000000000000 ) ) ;
#4708 = EDGE_LOOP ( 'NONE', ( #4346, #1628, #1005, #2032 ) ) ;
#4709 = CARTESIAN_POINT ( 'NONE',  ( 71.61129374225021138, -1.571431512466895164, -15.73888633471939968 ) ) ;
#4710 = CARTESIAN_POINT ( 'NONE',  ( 62.48641579219008690, -9.959771843234342725, -4.068171048128999878 ) ) ;
#4711 = CIRCLE ( 'NONE', #1299, 7.356347997161058139 ) ;
#4712 = EDGE_LOOP ( 'NONE', ( #4413, #6284, #812, #2624 ) ) ;
#4713 = DIRECTION ( 'NONE',  ( 0.7071067811865466846, -0.000000000000000000, 0.7071067811865484609 ) ) ;
#4714 = CARTESIAN_POINT ( 'NONE',  ( 39.40290720778597944, -31.02672597552584222, -3.016376895133654479 ) ) ;
#4715 = VECTOR ( 'NONE', #570, 1000.000000000000000 ) ;
#4716 = DIRECTION ( 'NONE',  ( 0.0005443633068965336502, 0.9999998518342840814, -2.518186154490093769E-18 ) ) ;
#4717 = CARTESIAN_POINT ( 'NONE',  ( 117.2236110756821290, -0.9849999999999997646, 7.776388924317970464 ) ) ;
#4718 = B_SPLINE_CURVE_WITH_KNOTS ( 'NONE', 3,
 ( #5913, #4187, #3653, #3165 ),
 .UNSPECIFIED., .F., .F.,
 ( 4, 4 ),
 ( 0.000000000000000000, 1.000000000000000000 ),
 .UNSPECIFIED. ) ;
#4719 = B_SPLINE_CURVE_WITH_KNOTS ( 'NONE', 3,
 ( #6760, #3594, #1524, #3631, #1002, #2586, #3849, #4335, #5401, #661 ),
 .UNSPECIFIED., .F., .F.,
 ( 4, 2, 2, 2, 4 ),
 ( 0.000000000000000000, 0.2500000000000000000, 0.5000000000000000000, 0.7500000000000000000, 1.000000000000000000 ),
 .UNSPECIFIED. ) ;
#4720 = ORIENTED_EDGE ( 'NONE', *, *, #1351, .F. ) ;
#4721 = CARTESIAN_POINT ( 'NONE',  ( -58.74000288264475245, -3.262331830609334293, -4.689098720210504112 ) ) ;
#4722 = EDGE_CURVE ( 'NONE', #5656, #3613, #1098, .T. ) ;
#4723 = CARTESIAN_POINT ( 'NONE',  ( -10.30522338006364791, -1.798140565481203712, -0.3373105380874465431 ) ) ;
#4724 = CARTESIAN_POINT ( 'NONE',  ( 117.2236110756821290, -0.9849999999999997646, 7.776388924317970464 ) ) ;
#4725 = ORIENTED_EDGE ( 'NONE', *, *, #3044, .F. ) ;
#4726 = CARTESIAN_POINT ( 'NONE',  ( 90.00000000000000000, -0.9849999999999995426, 35.00000000000000000 ) ) ;
#4727 = EDGE_CURVE ( 'NONE', #1054, #5792, #5303, .T. ) ;
#4728 = EDGE_LOOP ( 'NONE', ( #5276, #2674, #2497, #4790 ) ) ;
#4729 = CARTESIAN_POINT ( 'NONE',  ( -10.31615076684714083, -1.797473007945872947, 0.06253949548023456095 ) ) ;
#4730 = CARTESIAN_POINT ( 'NONE',  ( -23.39001403186060202, -30.68256082903890913, 0.2938580573995622225 ) ) ;
#4731 = B_SPLINE_CURVE_WITH_KNOTS ( 'NONE', 3,
 ( #4251, #6345, #5873, #3942, #5052, #6016 ),
 .UNSPECIFIED., .F., .F.,
 ( 4, 2, 4 ),
 ( 0.000000000000000000, 0.5000000000000000000, 1.000000000000000000 ),
 .UNSPECIFIED. ) ;
#4732 = CARTESIAN_POINT ( 'NONE',  ( -17.09379667778198097, 2.149878692748863340, -0.1652679883328010413 ) ) ;
#4733 = EDGE_CURVE ( 'NONE', #1442, #3413, #5706, .T. ) ;
#4734 = DIRECTION ( 'NONE',  ( 0.000000000000000000, 0.000000000000000000, -1.000000000000000000 ) ) ;
#4735 = FACE_BOUND ( 'NONE', #2423, .T. ) ;
#4736 = AXIS2_PLACEMENT_3D ( 'NONE', #5208, #5343, #3188 ) ;
#4737 = ORIENTED_EDGE ( 'NONE', *, *, #2141, .F. ) ;
#4738 = ORIENTED_EDGE ( 'NONE', *, *, #6262, .T. ) ;
#4739 = DIRECTION ( 'NONE',  ( 0.000000000000000000, 0.000000000000000000, 1.000000000000000000 ) ) ;
#4740 = EDGE_CURVE ( 'NONE', #6048, #1301, #2834, .T. ) ;
#4741 = CARTESIAN_POINT ( 'NONE',  ( -41.11528434306843849, 4.185493468708359366, -3.194021313812493545 ) ) ;
#4742 = ORIENTED_EDGE ( 'NONE', *, *, #4529, .T. ) ;
#4743 = ADVANCED_BREP_SHAPE_REPRESENTATION ( '', ( #4895, #313, #6116 ), #4031 ) ;
#4744 = CARTESIAN_POINT ( 'NONE',  ( -52.40022094785455664, 2.169978146757524762, -3.364431052626626339 ) ) ;
#4745 = CARTESIAN_POINT ( 'NONE',  ( -12.87118709504177616, 0.7005016043820814220, -0.01380877937179441489 ) ) ;
#4746 = EDGE_LOOP ( 'NONE', ( #3564, #5927, #743, #4133 ) ) ;
#4747 = CARTESIAN_POINT ( 'NONE',  ( 59.40470622859079697, -5.028276267352763007, -4.387129348520245387 ) ) ;
#4748 = CARTESIAN_POINT ( 'NONE',  ( 70.47061305319395785, -0.6697080072573514675, -7.680297150432362052 ) ) ;
#4749 = FACE_OUTER_BOUND ( 'NONE', #2157, .T. ) ;
#4750 = PRESENTATION_LAYER_ASSIGNMENT (  '', '', ( #6773 ) ) ;
#4751 = ORIENTED_EDGE ( 'NONE', *, *, #3357, .T. ) ;
#4752 = EDGE_CURVE ( 'NONE', #517, #3822, #4164, .T. ) ;
#4753 = DIRECTION ( 'NONE',  ( 0.7071067811865466846, 0.000000000000000000, 0.7071067811865484609 ) ) ;
#4754 = DIRECTION ( 'NONE',  ( -0.9999998518342840814, 0.0005443633068965336502, 0.000000000000000000 ) ) ;
#4755 = B_SPLINE_CURVE_WITH_KNOTS ( 'NONE', 3,
 ( #2151, #6763, #551, #2037, #2622, #4650, #1492, #4161, #479, #2660, #1528, #6733, #6362, #968 ),
 .UNSPECIFIED., .F., .F.,
 ( 4, 2, 2, 2, 2, 2, 4 ),
 ( 2.025569950703085621E-11, 0.009683942122743588801, 0.01936788422523147771, 0.02178886975085343042, 0.02420985527647538660, 0.02905182632771930590, 0.03873576843020715837 ),
 .UNSPECIFIED. ) ;
#4756 = ORIENTED_EDGE ( 'NONE', *, *, #6397, .T. ) ;
#4757 = CARTESIAN_POINT ( 'NONE',  ( 54.13457609172900220, -23.38744780005202273, -3.605479456952025430 ) ) ;
#4758 = B_SPLINE_CURVE_WITH_KNOTS ( 'NONE', 3,
 ( #3516, #305, #4569, #6655, #6146, #4050 ),
 .UNSPECIFIED., .F., .F.,
 ( 4, 2, 4 ),
 ( 1.226758820737182716E-12, 0.007998458774499513091, 0.01599691754777226790 ),
 .UNSPECIFIED. ) ;
#4759 = FILL_AREA_STYLE_COLOUR ( '', #3238 ) ;
#4760 = CARTESIAN_POINT ( 'NONE',  ( -9.755883688327637415, -16.20800025875496431, 0.07752494936724788066 ) ) ;
#4761 = CARTESIAN_POINT ( 'NONE',  ( 74.33232427436544754, 1.027496301198058903, -15.23888633471944054 ) ) ;
#4762 = CARTESIAN_POINT ( 'NONE',  ( -62.17406678493110661, -9.961853179025142779, -6.043422485588382465 ) ) ;
#4763 = ORIENTED_EDGE ( 'NONE', *, *, #4981, .F. ) ;
#4764 = CARTESIAN_POINT ( 'NONE',  ( -17.03151049186989141, 4.614245537124638474, -1.552620489631790335 ) ) ;
#4765 = AXIS2_PLACEMENT_3D ( 'NONE', #3253, #69, #1689 ) ;
#4766 = ORIENTED_EDGE ( 'NONE', *, *, #6276, .T. ) ;
#4767 = CARTESIAN_POINT ( 'NONE',  ( 13.97444591346516241, 1.148922094363807878, -0.4526849711010139110 ) ) ;
#4768 = LINE ( 'NONE', #5387, #3431 ) ;
#4769 = FACE_OUTER_BOUND ( 'NONE', #6079, .T. ) ;
#4770 = CARTESIAN_POINT ( 'NONE',  ( -46.05069587741677140, 3.611967262190577177, -2.939221569353121399 ) ) ;
#4771 = CARTESIAN_POINT ( 'NONE',  ( -13.75914028599896888, -25.05788962163710565, -1.245386002362170341 ) ) ;
#4772 = CARTESIAN_POINT ( 'NONE',  ( 56.58772277482668045, -18.92785460689901100, -3.150381147101625867 ) ) ;
#4773 = DIRECTION ( 'NONE',  ( -0.7071067811865484609, -0.000000000000000000, 0.7071067811865466846 ) ) ;
#4774 = MECHANICAL_DESIGN_GEOMETRIC_PRESENTATION_REPRESENTATION (  '', ( #4449 ), #1674 ) ;
#4775 = EDGE_LOOP ( 'NONE', ( #1636, #3569, #1126, #6024 ) ) ;
#4776 = AXIS2_PLACEMENT_3D ( 'NONE', #5515, #2848, #4968 ) ;
#4777 = ORIENTED_EDGE ( 'NONE', *, *, #4997, .T. ) ;
#4778 = CARTESIAN_POINT ( 'NONE',  ( 46.20933813678377788, -32.55872297476392419, -3.772193666981915605 ) ) ;
#4779 = FACE_OUTER_BOUND ( 'NONE', #2693, .T. ) ;
#4780 = CARTESIAN_POINT ( 'NONE',  ( -48.50210279798924518, -31.81614761215615417, -2.045522794672268496 ) ) ;
#4781 = FACE_OUTER_BOUND ( 'NONE', #384, .T. ) ;
#4782 = CARTESIAN_POINT ( 'NONE',  ( -11.85995381868511522, 0.03284538247882490963, -0.3816655531563415971 ) ) ;
#4783 = ORIENTED_EDGE ( 'NONE', *, *, #2994, .F. ) ;
#4784 = CARTESIAN_POINT ( 'NONE',  ( 58.74000288264477376, -3.262331830609445316, -4.689098720210449933 ) ) ;
#4785 = FACE_OUTER_BOUND ( 'NONE', #5304, .T. ) ;
#4786 = CARTESIAN_POINT ( 'NONE',  ( -62.41698709926805577, 3.041473172142682202, -6.075842650499373221 ) ) ;
#4787 = EDGE_LOOP ( 'NONE', ( #2922, #4244, #5672, #6230 ) ) ;
#4788 = CARTESIAN_POINT ( 'NONE',  ( 5.421010862427522170E-17, 0.2500000000000000000, -0.3464101615137754608 ) ) ;
#4789 = CARTESIAN_POINT ( 'NONE',  ( 22.62334748428397546, -30.51860220174195604, 0.3396347620429571723 ) ) ;
#4790 = ORIENTED_EDGE ( 'NONE', *, *, #3986, .T. ) ;
#4791 = CARTESIAN_POINT ( 'NONE',  ( -10.39572806148928663, -18.55947972158578452, 0.06032866722192967851 ) ) ;
#4792 = PRESENTATION_LAYER_ASSIGNMENT (  '', '', ( #2462 ) ) ;
#4793 = FACE_OUTER_BOUND ( 'NONE', #5916, .T. ) ;
#4794 = ADVANCED_FACE ( 'NONE', ( #6231, #6803 ), #5113, .F. ) ;
#4795 = CARTESIAN_POINT ( 'NONE',  ( -17.06685004387948013, 4.614245537124638474, -0.7533520923506370481 ) ) ;
#4796 = VERTEX_POINT ( 'NONE', #5758 ) ;
#4797 = ORIENTED_EDGE ( 'NONE', *, *, #3252, .F. ) ;
#4798 = DIRECTION ( 'NONE',  ( -0.000000000000000000, -1.000000000000000000, 0.000000000000000000 ) ) ;
#4799 = DIRECTION ( 'NONE',  ( -0.9999998518342840814, -0.0005443633068965226997, 0.000000000000000000 ) ) ;
#4800 = CARTESIAN_POINT ( 'NONE',  ( -47.34718755772580323, -28.99478243525750543, -3.244995883485272348 ) ) ;
#4801 = CARTESIAN_POINT ( 'NONE',  ( -13.97444591346496345, 1.148922094363608259, -0.4526849711010587640 ) ) ;
#4802 = CIRCLE ( 'NONE', #6572, 0.9799999999999995381 ) ;
#4803 = CARTESIAN_POINT ( 'NONE',  ( 10.05168131105385143, -25.02257663825469436, 0.8700957379456024654 ) ) ;
#4804 = AXIS2_PLACEMENT_3D ( 'NONE', #1759, #4405, #6499 ) ;
#4805 = CARTESIAN_POINT ( 'NONE',  ( 0.000000000000000000, -0.9849999999999993205, 2.520000000000000018 ) ) ;
#4806 = DIRECTION ( 'NONE',  ( 4.625929269271484533E-15, 0.000000000000000000, 1.000000000000000000 ) ) ;
#4807 = VERTEX_POINT ( 'NONE', #424 ) ;
#4808 = ORIENTED_EDGE ( 'NONE', *, *, #2951, .T. ) ;
#4809 = LINE ( 'NONE', #2177, #984 ) ;
#4810 = DIRECTION ( 'NONE',  ( -0.4999999999999996114, -0.8660254037844388186, 0.000000000000000000 ) ) ;
#4811 = AXIS2_PLACEMENT_3D ( 'NONE', #2861, #4980, #2408 ) ;
#4812 = ADVANCED_FACE ( 'NONE', ( #1979 ), #5724, .F. ) ;
#4813 = CARTESIAN_POINT ( 'NONE',  ( -28.98554205315156906, -63.85663865890116142, -72.64632266997438137 ) ) ;
#4814 = CARTESIAN_POINT ( 'NONE',  ( 89.99999999999997158, -0.9849999999999993205, 3.499999999999999112 ) ) ;
#4815 = CARTESIAN_POINT ( 'NONE',  ( -71.86096730968294821, -2.171158856683157001, -15.23888633471938370 ) ) ;
#4816 = PRODUCT_DEFINITION_SHAPE ( 'NONE', 'NONE',  #6156 ) ;
#4817 = EDGE_CURVE ( 'NONE', #1645, #1602, #3248, .T. ) ;
#4818 = ORIENTED_EDGE ( 'NONE', *, *, #5139, .T. ) ;
#4819 = CARTESIAN_POINT ( 'NONE',  ( 54.72475200468552003, 1.301886109526555702, -3.688024631347818882 ) ) ;
#4820 = DIRECTION ( 'NONE',  ( 0.000000000000000000, 1.000000000000000000, 0.000000000000000000 ) ) ;
#4821 = CARTESIAN_POINT ( 'NONE',  ( -2.981412520740878591, -8.344142036996256451, -1.011472624242561125 ) ) ;
#4822 = ORIENTED_EDGE ( 'NONE', *, *, #2644, .T. ) ;
#4823 = CARTESIAN_POINT ( 'NONE',  ( 0.2500000000000554556, 1.505000000000000782, 0.2999999999999998224 ) ) ;
#4824 = CARTESIAN_POINT ( 'NONE',  ( 21.49277936009722723, -30.19262086503581344, 0.4040447864807470424 ) ) ;
#4825 = AXIS2_PLACEMENT_3D ( 'NONE', #4543, #4573, #1471 ) ;
#4826 = VERTEX_POINT ( 'NONE', #4656 ) ;
#4827 = DIRECTION ( 'NONE',  ( 1.000000000000000000, 0.000000000000000000, -0.000000000000000000 ) ) ;
#4828 = PRESENTATION_STYLE_ASSIGNMENT (( #1080 ) ) ;
#4829 = CARTESIAN_POINT ( 'NONE',  ( -56.47244291135435645, -18.93891244154216835, -3.942017778287857599 ) ) ;
#4830 = DIRECTION ( 'NONE',  ( 2.034007358926454027E-21, 3.736488172122332627E-18, 1.000000000000000000 ) ) ;
#4831 = ADVANCED_FACE ( 'NONE', ( #1952 ), #4691, .F. ) ;
#4832 = DIRECTION ( 'NONE',  ( -0.000000000000000000, 1.000000000000000000, -0.000000000000000000 ) ) ;
#4833 = VERTEX_POINT ( 'NONE', #1438 ) ;
#4834 = ORIENTED_EDGE ( 'NONE', *, *, #6408, .T. ) ;
#4835 = CARTESIAN_POINT ( 'NONE',  ( 26.65097146073101797, 4.023897249189135827, -1.106435928687219183 ) ) ;
#4836 = CARTESIAN_POINT ( 'NONE',  ( -56.81239730767611462, -24.89761982630561121, -3.184701407127283890 ) ) ;
#4837 = DIRECTION ( 'NONE',  ( 0.0005443633068965336502, 0.9999998518342840814, -2.518186154490093769E-18 ) ) ;
#4838 = AXIS2_PLACEMENT_3D ( 'NONE', #5859, #40, #5755 ) ;
#4839 = FACE_OUTER_BOUND ( 'NONE', #5645, .T. ) ;
#4840 = CIRCLE ( 'NONE', #2728, 0.5000000000000000000 ) ;
#4841 = CARTESIAN_POINT ( 'NONE',  ( 33.43996089052653531, -31.61997772969102982, -1.643750761989743125 ) ) ;
#4842 = EDGE_CURVE ( 'NONE', #1985, #2612, #6267, .T. ) ;
#4843 = DIRECTION ( 'NONE',  ( -1.000000000000000000, 0.000000000000000000, 0.000000000000000000 ) ) ;
#4844 = ORIENTED_EDGE ( 'NONE', *, *, #157, .T. ) ;
#4845 = EDGE_LOOP ( 'NONE', ( #34, #3256, #1768, #3062, #2638, #1896, #6340, #3099 ) ) ;
#4846 = LINE ( 'NONE', #2684, #3874 ) ;
#4847 = CARTESIAN_POINT ( 'NONE',  ( -9.188325095021259159, -9.321047096406250176, 0.8911180748573270805 ) ) ;
#4848 = DIRECTION ( 'NONE',  ( 0.000000000000000000, -1.000000000000000000, -0.000000000000000000 ) ) ;
#4849 = CARTESIAN_POINT ( 'NONE',  ( 6.773179096034459334, -15.50884603187394717, -1.059468187007158946 ) ) ;
#4850 = VECTOR ( 'NONE', #2669, 1000.000000000000114 ) ;
#4851 = CARTESIAN_POINT ( 'NONE',  ( -59.39826745182362089, -9.353953579702766419, -4.790949453183090512 ) ) ;
#4852 = CIRCLE ( 'NONE', #6069, 5.378530054091751111 ) ;
#4853 = EDGE_LOOP ( 'NONE', ( #160, #2558, #3110, #4319 ) ) ;
#4854 = CARTESIAN_POINT ( 'NONE',  ( 0.000000000000000000, 0.9850000000000002087, 2.520000000000000018 ) ) ;
#4855 = CARTESIAN_POINT ( 'NONE',  ( 10.35365832981629985, -18.56215944170708454, -1.138790000481002984 ) ) ;
#4856 = CARTESIAN_POINT ( 'NONE',  ( 22.79436345058470081, -33.62299216816840897, 0.3293906635821423068 ) ) ;
#4857 = ORIENTED_EDGE ( 'NONE', *, *, #5412, .F. ) ;
#4858 = DIRECTION ( 'NONE',  ( 0.000000000000000000, 0.000000000000000000, 1.000000000000000000 ) ) ;
#4859 = DIRECTION ( 'NONE',  ( 0.000000000000000000, 0.000000000000000000, 1.000000000000000000 ) ) ;
#4860 = ORIENTED_EDGE ( 'NONE', *, *, #2003, .T. ) ;
#4861 = AXIS2_PLACEMENT_3D ( 'NONE', #1933, #5576, #5639 ) ;
#4862 = CARTESIAN_POINT ( 'NONE',  ( 54.07861530701791963, -23.38744780005202273, -4.001545601143270403 ) ) ;
#4863 = CARTESIAN_POINT ( 'NONE',  ( 9.578864787540959824, -4.067742127412493858, 0.8816401026671676355 ) ) ;
#4864 = CARTESIAN_POINT ( 'NONE',  ( -54.78781962468404032, 1.247014889534598492, -2.890127766143228083 ) ) ;
#4865 = CARTESIAN_POINT ( 'NONE',  ( 20.57435948869240860, 5.507779782658642986, -1.541148006974067286 ) ) ;
#4866 = PLANE ( 'NONE',  #5699 ) ;
#4867 = PRESENTATION_LAYER_ASSIGNMENT (  '', '', ( #2630 ) ) ;
#4868 = ORIENTED_EDGE ( 'NONE', *, *, #2139, .T. ) ;
#4869 = VERTEX_POINT ( 'NONE', #3114 ) ;
#4870 = CARTESIAN_POINT ( 'NONE',  ( 46.17647864235559751, 3.607423337073056402, -1.745894477496755748 ) ) ;
#4871 = CYLINDRICAL_SURFACE ( 'NONE', #6134, 6.499976476969923311 ) ;
#4872 = CARTESIAN_POINT ( 'NONE',  ( -72.36096723560009991, -2.171431038336605113, -15.23888633471938370 ) ) ;
#4873 = LINE ( 'NONE', #2277, #3276 ) ;
#4874 = CARTESIAN_POINT ( 'NONE',  ( -43.61982517259273351, -30.21899295459589752, -1.456183461664791068 ) ) ;
#4875 = CARTESIAN_POINT ( 'NONE',  ( 50.53083319390890438, -27.25487108053829388, -4.323838519999753771 ) ) ;
#4876 = ORIENTED_EDGE ( 'NONE', *, *, #5961, .T. ) ;
#4877 = EDGE_LOOP ( 'NONE', ( #2114, #5455, #2572, #4281 ) ) ;
#4878 = CARTESIAN_POINT ( 'NONE',  ( 12.83307683758537365, 0.7004902680698337214, -1.213202208627031986 ) ) ;
#4879 = CARTESIAN_POINT ( 'NONE',  ( 59.40447033488459283, -5.026749081059707080, -4.387094852642286824 ) ) ;
#4880 = B_SPLINE_CURVE_WITH_KNOTS ( 'NONE', 3,
 ( #1295, #2360, #3960, #1836, #6581, #6066, #1329, #3435, #2877, #5549, #4999, #251 ),
 .UNSPECIFIED., .F., .F.,
 ( 4, 2, 2, 2, 2, 4 ),
 ( 3.400514786248704373E-11, 0.006504304557601818700, 0.01300860908119848974, 0.01626076134299683784, 0.01951291360479518247, 0.02601721812839185785 ),
 .UNSPECIFIED. ) ;
#4881 = EDGE_CURVE ( 'NONE', #179, #3284, #5237, .T. ) ;
#4882 = CARTESIAN_POINT ( 'NONE',  ( -49.10395011529469400, 3.017581654879105901, -4.125034032920175342 ) ) ;
#4883 = SURFACE_STYLE_FILL_AREA ( #1659 ) ;
#4884 = DIRECTION ( 'NONE',  ( 0.09224045608807754371, 6.521316093740979518E-15, -0.9957367615292023189 ) ) ;
#4885 = CARTESIAN_POINT ( 'NONE',  ( 57.50468549739578350, -1.144761270703996692, -4.096551581369364037 ) ) ;
#4886 = VECTOR ( 'NONE', #1254, 1000.000000000000227 ) ;
#4887 = CARTESIAN_POINT ( 'NONE',  ( 71.61129374225021138, -1.571431512466895164, -15.23888633471938370 ) ) ;
#4888 = CARTESIAN_POINT ( 'NONE',  ( -56.30694788546880858, -18.92949299617504977, -5.130601431472473273 ) ) ;
#4889 = EDGE_LOOP ( 'NONE', ( #6448, #432, #3597, #606 ) ) ;
#4890 = CARTESIAN_POINT ( 'NONE',  ( 112.2738636073762848, -0.004999999999999362593, 12.72613639262379515 ) ) ;
#4891 = CARTESIAN_POINT ( 'NONE',  ( -52.71356600566834061, -25.50045076487101881, -2.599800581463182603 ) ) ;
#4892 = ORIENTED_EDGE ( 'NONE', *, *, #3378, .F. ) ;
#4893 = MECHANICAL_DESIGN_GEOMETRIC_PRESENTATION_REPRESENTATION (  '', ( #363 ), #26 ) ;
#4894 = DIRECTION ( 'NONE',  ( -0.000000000000000000, -1.000000000000000000, 0.000000000000000000 ) ) ;
#4895 = MANIFOLD_SOLID_BREP ( 'Fillet1', #553 ) ;
#4896 = DIRECTION ( 'NONE',  ( 0.000000000000000000, 0.000000000000000000, 1.000000000000000000 ) ) ;
#4897 = CYLINDRICAL_SURFACE ( 'NONE', #3819, 9.858128918148707953 ) ;
#4898 = ADVANCED_FACE ( 'NONE', ( #2225 ), #2597, .T. ) ;
#4899 = CARTESIAN_POINT ( 'NONE',  ( -59.56890975880460104, -5.325848252907663394, -3.603059086508793918 ) ) ;
#4900 = ADVANCED_FACE ( 'NONE', ( #5414 ), #2119, .F. ) ;
#4901 = CARTESIAN_POINT ( 'NONE',  ( -6.771041445455909802, -14.37226678043900030, -1.059135254886776734 ) ) ;
#4902 = EDGE_CURVE ( 'NONE', #5789, #1684, #3147, .T. ) ;
#4903 = DIRECTION ( 'NONE',  ( -0.7071067811865465735, -0.000000000000000000, -0.7071067811865483499 ) ) ;
#4904 = VERTEX_POINT ( 'NONE', #3226 ) ;
#4905 = VERTEX_POINT ( 'NONE', #115 ) ;
#4906 = CARTESIAN_POINT ( 'NONE',  ( 0.000000000000000000, 0.005000000000000446795, 2.520000000000000018 ) ) ;
#4907 = ADVANCED_FACE ( 'NONE', ( #4347 ), #5826, .F. ) ;
#4908 = SURFACE_STYLE_USAGE ( .BOTH. , #2238 ) ;
#4909 = CARTESIAN_POINT ( 'NONE',  ( -15.73098173464729221, -5.037597910355311015, -8.017335502258175595 ) ) ;
#4910 = DIRECTION ( 'NONE',  ( 0.9999999999999998890, -1.966246612733025489E-08, 4.625929269271484533E-15 ) ) ;
#4911 = B_SPLINE_CURVE_WITH_KNOTS ( 'NONE', 3,
 ( #1047, #1603, #6439, #3713, #3149, #5273, #1701, #3823, #2628, #6551, #2816, #4970, #2295, #6102, #849, #3475, #1261, #3968, #2851, #5971, #6617, #256, #4418, #4005, #2947, #4451, #3861, #4489, #1225, #6587, #293, #151, #6074, #1844, #5587, #6513, #1881, #3406, #2262, #1368, #4382, #3442, #6477, #1740 ),
 .UNSPECIFIED., .F., .F.,
 ( 4, 2, 2, 2, 2, 2, 2, 2, 2, 2, 2, 2, 2, 2, 2, 2, 2, 2, 2, 2, 2, 4 ),
 ( 0.000000000000000000, 0.001321656066579744802, 0.001982484099869616986, 0.002643312133159488736, 0.003964968199739227032, 0.005286624266318964462, 0.006608280332898702758, 0.007269108366188572340, 0.007929936399478441922, 0.008590764432768309769, 0.009251592466058177616, 0.01057324853263791331, 0.01189490459921764900, 0.01321656066579738296, 0.01387738869908725081, 0.01453821673237711866, 0.01585987279895685262, 0.01718152886553658484, 0.01784235689882645443, 0.01850318493211632054, 0.01982484099869604929, 0.02114649706527577458 ),
 .UNSPECIFIED. ) ;
#4912 = CARTESIAN_POINT ( 'NONE',  ( -1.626303258728256651E-16, 0.000000000000000000, 0.3464101615137754053 ) ) ;
#4913 = CARTESIAN_POINT ( 'NONE',  ( 59.16894017270372785, -3.931283741416091715, -3.541082054015266323 ) ) ;
#4914 = CARTESIAN_POINT ( 'NONE',  ( 8.454671579120686786, -22.05904395827394637, 0.9080124014533005328 ) ) ;
#4915 = CARTESIAN_POINT ( 'NONE',  ( 17.55351842731650791, -28.42806802323650572, -0.5962985397302983381 ) ) ;
#4916 = EDGE_LOOP ( 'NONE', ( #12, #6304, #5384, #6651 ) ) ;
#4917 = ORIENTED_EDGE ( 'NONE', *, *, #1917, .T. ) ;
#4918 = DIRECTION ( 'NONE',  ( 0.9994923749638410237, 0.000000000000000000, 0.03185894519818400356 ) ) ;
#4919 = CARTESIAN_POINT ( 'NONE',  ( 55.21869948128080097, 0.9322007479343580316, -3.759893288146550550 ) ) ;
#4920 = CIRCLE ( 'NONE', #382, 0.9799999999999988720 ) ;
#4921 = CARTESIAN_POINT ( 'NONE',  ( 63.07123707390879730, -7.887543571046286672, -6.191024203267487813 ) ) ;
#4922 = CARTESIAN_POINT ( 'NONE',  ( 18.40423105562893014, -32.26693565250646856, -1.437875833329546493 ) ) ;
#4923 = CARTESIAN_POINT ( 'NONE',  ( -17.56937946517505011, -28.42690515388867212, -0.1965898840275907833 ) ) ;
#4924 = B_SPLINE_CURVE_WITH_KNOTS ( 'NONE', 3,
 ( #5239, #2599, #3115, #946, #2566, #4172, #3049, #6268, #5761, #1535, #493, #3749, #3826, #5896, #5934, #4349 ),
 .UNSPECIFIED., .F., .F.,
 ( 4, 2, 2, 2, 2, 2, 2, 4 ),
 ( 3.434822435823711030E-11, 0.004472891571464911523, 0.006709337340023256192, 0.007827560224302428094, 0.008945783108581600862, 0.01341867464569829020, 0.01565512041425663747, 0.01789156618281498301 ),
 .UNSPECIFIED. ) ;
#4925 = CIRCLE ( 'NONE', #4804, 0.2499999999999999445 ) ;
#4926 = CARTESIAN_POINT ( 'NONE',  ( 66.98417885191005894, 1.028568487533104481, -6.860355988447369491 ) ) ;
#4927 = CARTESIAN_POINT ( 'NONE',  ( -3.562374542788122600, -8.665054483247059736, -1.016405479316567551 ) ) ;
#4928 = EDGE_LOOP ( 'NONE', ( #4524, #1478, #2224, #397 ) ) ;
#4929 = DIRECTION ( 'NONE',  ( 1.000000000000000000, 0.000000000000000000, 0.000000000000000000 ) ) ;
#4930 = DIRECTION ( 'NONE',  ( 1.000000000000000000, -5.368631588648113674E-17, 0.000000000000000000 ) ) ;
#4931 = ORIENTED_EDGE ( 'NONE', *, *, #6370, .F. ) ;
#4932 = CARTESIAN_POINT ( 'NONE',  ( 14.52301445113548795, -25.91933088400355700, -1.273072769835975171 ) ) ;
#4933 = PRODUCT_CONTEXT ( 'NONE', #6218, 'mechanical' ) ;
#4934 = CARTESIAN_POINT ( 'NONE',  ( 59.48763376947756143, -8.027567098108580268, -5.614523122093364904 ) ) ;
#4935 = LINE ( 'NONE', #640, #1865 ) ;
#4936 = CARTESIAN_POINT ( 'NONE',  ( 90.00000000000000000, -0.004999999999999579434, 35.00000000000000000 ) ) ;
#4937 = DIRECTION ( 'NONE',  ( -0.9988849663519852040, 0.000000000000000000, -0.04721042253563590557 ) ) ;
#4938 = EDGE_CURVE ( 'NONE', #393, #6413, #5475, .T. ) ;
#4939 = ORIENTED_EDGE ( 'NONE', *, *, #2936, .T. ) ;
#4940 = ORIENTED_EDGE ( 'NONE', *, *, #897, .F. ) ;
#4941 = CARTESIAN_POINT ( 'NONE',  ( -62.48657761812643230, -9.959804985429737911, -4.068188793777547829 ) ) ;
#4942 = VECTOR ( 'NONE', #5538, 1000.000000000000000 ) ;
#4943 = DIRECTION ( 'NONE',  ( 0.9994991048313625059, 0.000000000000000000, 0.03164710794536110955 ) ) ;
#4944 = CARTESIAN_POINT ( 'NONE',  ( -49.27358670833209686, 3.005180769253338102, -2.937086288124939326 ) ) ;
#4945 = DIRECTION ( 'NONE',  ( 0.000000000000000000, -0.000000000000000000, -1.000000000000000000 ) ) ;
#4946 = FACE_BOUND ( 'NONE', #27, .T. ) ;
#4947 = CARTESIAN_POINT ( 'NONE',  ( -56.15232654234794296, 0.1898975167689398169, -4.299950826674029614 ) ) ;
#4948 = ADVANCED_FACE ( 'NONE', ( #3303 ), #1104, .T. ) ;
#4949 = ORIENTED_EDGE ( 'NONE', *, *, #4727, .F. ) ;
#4950 = ORIENTED_EDGE ( 'NONE', *, *, #6626, .F. ) ;
#4951 = DIRECTION ( 'NONE',  ( 0.000000000000000000, 0.000000000000000000, 1.000000000000000000 ) ) ;
#4952 = LINE ( 'NONE', #5881, #834 ) ;
#4953 = MECHANICAL_DESIGN_GEOMETRIC_PRESENTATION_REPRESENTATION (  '', ( #5069 ), #6693 ) ;
#4954 = EDGE_CURVE ( 'NONE', #6185, #3437, #4911, .T. ) ;
#4955 = CARTESIAN_POINT ( 'NONE',  ( 66.98417879198578362, -5.972304474962074394, -6.860356279145685576 ) ) ;
#4956 = CARTESIAN_POINT ( 'NONE',  ( -57.87762469757792871, -1.641710284483214988, -4.152874167214438472 ) ) ;
#4957 = CARTESIAN_POINT ( 'NONE',  ( -43.54112965218974551, -30.22243126600640650, -2.252310342629352036 ) ) ;
#4958 = UNCERTAINTY_MEASURE_WITH_UNIT (LENGTH_MEASURE( 1.000000000000000082E-05 ), #537, 'distance_accuracy_value', 'NONE');
#4959 = PRODUCT_DEFINITION_CONTEXT ( 'detailed design', #4540, 'design' ) ;
#4960 = B_SPLINE_CURVE_WITH_KNOTS ( 'NONE', 3,
 ( #4243, #4175, #3189, #3644, #4278, #2123, #561, #6372, #3753, #1017, #3118, #5345, #6806, #602, #5243, #3271, #5381, #782, #2231, #4865, #2299, #5899, #3307, #3936 ),
 .UNSPECIFIED., .F., .F.,
 ( 4, 2, 2, 2, 2, 2, 2, 2, 2, 2, 2, 4 ),
 ( 3.662893798573299068E-07, 0.003798904686097683524, 0.007597443082815510257, 0.01519451987625118281, 0.02279159666968685535, 0.02659013506640470204, 0.03038867346312254872, 0.03798575025655823861, 0.04178428865327608877, 0.04558282704999393198, 0.05317990384342961840, 0.06077698063686530483 ),
 .UNSPECIFIED. ) ;
#4961 = CARTESIAN_POINT ( 'NONE',  ( 0.2999999999999999889, 0.2500000000000000000, -0.1732050807568877582 ) ) ;
#4962 = EDGE_CURVE ( 'NONE', #4796, #2915, #5978, .T. ) ;
#4963 = CARTESIAN_POINT ( 'NONE',  ( 128.9128387290710691, 0.005000000000000229955, 20.85154586883255234 ) ) ;
#4964 = CARTESIAN_POINT ( 'NONE',  ( 6.058994959423991133, -11.39121511058865188, -1.047573373381121220 ) ) ;
#4965 = ORIENTED_EDGE ( 'NONE', *, *, #6072, .F. ) ;
#4966 = AXIS2_PLACEMENT_3D ( 'NONE', #1744, #3902, #4455 ) ;
#4967 = CARTESIAN_POINT ( 'NONE',  ( -56.81239730767611462, -24.89761982630561121, -3.184701407127283890 ) ) ;
#4968 = DIRECTION ( 'NONE',  ( 0.000000000000000000, 0.000000000000000000, 1.000000000000000000 ) ) ;
#4969 = ORIENTED_EDGE ( 'NONE', *, *, #6370, .T. ) ;
#4970 = CARTESIAN_POINT ( 'NONE',  ( -4.472432885719001661, -9.304802576206482101, 0.9743329290636282281 ) ) ;
#4971 = PRODUCT_CONTEXT ( 'NONE', #2346, 'mechanical' ) ;
#4972 = DIRECTION ( 'NONE',  ( 0.000000000000000000, 0.000000000000000000, 1.000000000000000000 ) ) ;
#4973 = LINE ( 'NONE', #4421, #6808 ) ;
#4974 = CARTESIAN_POINT ( 'NONE',  ( 56.06823224331625255, -25.71094899716190696, -5.096218891386475214 ) ) ;
#4975 = CARTESIAN_POINT ( 'NONE',  ( -11.45925385013501874, -0.3854772355949533935, 0.8306984176069381887 ) ) ;
#4976 = ORIENTED_EDGE ( 'NONE', *, *, #1716, .F. ) ;
#4977 = EDGE_LOOP ( 'NONE', ( #2569, #4330, #2970, #1782 ) ) ;
#4978 = VECTOR ( 'NONE', #508, 999.9999999999998863 ) ;
#4979 = CYLINDRICAL_SURFACE ( 'NONE', #3504, 21.11474921619061718 ) ;
#4980 = DIRECTION ( 'NONE',  ( -0.04099718878562561702, -1.446433562424617898E-15, -0.9991592618355074062 ) ) ;
#4981 = EDGE_CURVE ( 'NONE', #3301, #5740, #6040, .T. ) ;
#4982 = CARTESIAN_POINT ( 'NONE',  ( -67.15824373545011383, -5.972299720997384931, -5.873184978992602723 ) ) ;
#4983 = VECTOR ( 'NONE', #2057, 1000.000000000000000 ) ;
#4984 = DIRECTION ( 'NONE',  ( 0.7071067811865475727, 0.000000000000000000, -0.7071067811865475727 ) ) ;
#4985 = FACE_OUTER_BOUND ( 'NONE', #1336, .T. ) ;
#4986 = VERTEX_POINT ( 'NONE', #5518 ) ;
#4987 = EDGE_LOOP ( 'NONE', ( #6160, #1711, #2648, #948 ) ) ;
#4988 = CARTESIAN_POINT ( 'NONE',  ( 5.551115123125782702E-14, 1.505000000000000782, 0.2999999999999998224 ) ) ;
#4989 = CARTESIAN_POINT ( 'NONE',  ( -6.374741389869637231, -11.82672518258413596, 0.3477243024399435112 ) ) ;
#4990 = EDGE_CURVE ( 'NONE', #2036, #2261, #1043, .T. ) ;
#4991 = CARTESIAN_POINT ( 'NONE',  ( 71.56913536789227237, -2.170999994058727456, -14.83288868384772563 ) ) ;
#4992 = CARTESIAN_POINT ( 'NONE',  ( 54.07861530701774910, -23.38744780005217550, -4.001545601143241981 ) ) ;
#4993 = CARTESIAN_POINT ( 'NONE',  ( 1.487306110593836106, -0.9949999999999997735, 0.2999999999999998224 ) ) ;
#4994 = CIRCLE ( 'NONE', #1445, 0.9799999999999988720 ) ;
#4995 = CARTESIAN_POINT ( 'NONE',  ( -9.188325095021269817, -10.88056848006409005, 0.8911180748572439247 ) ) ;
#4996 = EDGE_CURVE ( 'NONE', #6413, #179, #4261, .T. ) ;
#4997 = EDGE_CURVE ( 'NONE', #557, #6256, #387, .T. ) ;
#4998 = CARTESIAN_POINT ( 'NONE',  ( -7.372532007292433853, 0.7080980439110713398, 0.9305687782011142772 ) ) ;
#4999 = CARTESIAN_POINT ( 'NONE',  ( -24.94692866123403974, -34.05599137417443956, 0.2026492562387529617 ) ) ;
#5000 = EDGE_LOOP ( 'NONE', ( #3646, #5049, #4844, #217 ) ) ;
#5001 = CARTESIAN_POINT ( 'NONE',  ( -71.36129370520879434, -1.571431512466895164, -16.23888633471934284 ) ) ;
#5002 = PLANE ( 'NONE',  #5655 ) ;
#5003 = VERTEX_POINT ( 'NONE', #2651 ) ;
#5004 = AXIS2_PLACEMENT_3D ( 'NONE', #2943, #6187, #2913 ) ;
#5005 = CARTESIAN_POINT ( 'NONE',  ( 16.26338168225511183, -27.46109438534661962, -1.342873139341820510 ) ) ;
#5006 = CARTESIAN_POINT ( 'NONE',  ( 52.23898935287444800, 2.174796628552852162, -4.553470942937517307 ) ) ;
#5007 = CARTESIAN_POINT ( 'NONE',  ( 0.3020426697765826174, -1.893459816837575582, 0.2999999999999998224 ) ) ;
#5008 = CARTESIAN_POINT ( 'NONE',  ( 112.2738636073762848, 0.005000000000000229955, 12.72613639262379337 ) ) ;
#5009 = CARTESIAN_POINT ( 'NONE',  ( -10.86080414281935447, -1.058363138105300694, 0.8479126709754216673 ) ) ;
#5010 = B_SPLINE_CURVE_WITH_KNOTS ( 'NONE', 3,
 ( #4539, #4428, #6053, #3908 ),
 .UNSPECIFIED., .F., .F.,
 ( 4, 4 ),
 ( 0.000000000000000000, 1.000000000000000000 ),
 .UNSPECIFIED. ) ;
#5011 = VERTEX_POINT ( 'NONE', #5846 ) ;
#5012 = ORIENTED_EDGE ( 'NONE', *, *, #2284, .F. ) ;
#5013 = CARTESIAN_POINT ( 'NONE',  ( 57.79352234577770986, -1.779149806497520414, -5.353818408806621854 ) ) ;
#5014 = CARTESIAN_POINT ( 'NONE',  ( -22.79443831382579333, -33.62262276534619332, 0.3293838417181573219 ) ) ;
#5015 = CARTESIAN_POINT ( 'NONE',  ( 62.17423663352469987, -9.961888886619691519, -6.043441438079321770 ) ) ;
#5016 = APPLICATION_CONTEXT ( 'automotive_design' ) ;
#5017 = CARTESIAN_POINT ( 'NONE',  ( -0.2999999999999999334, 0.2500000000000000000, -0.1732050807568876194 ) ) ;
#5018 = DIRECTION ( 'NONE',  ( -0.9999998518342840814, 0.0005443633068966335052, 0.000000000000000000 ) ) ;
#5019 = CARTESIAN_POINT ( 'NONE',  ( -59.60732273390529201, -6.877646156516580511, -4.823518473558920938 ) ) ;
#5020 = STYLED_ITEM ( 'NONE', ( #3185 ), #3746 ) ;
#5021 = ORIENTED_EDGE ( 'NONE', *, *, #6125, .T. ) ;
#5022 = ORIENTED_EDGE ( 'NONE', *, *, #6749, .F. ) ;
#5023 = DIRECTION ( 'NONE',  ( 0.9988849664658578931, 0.000000000000000000, -0.04721042012630147222 ) ) ;
#5024 = CARTESIAN_POINT ( 'NONE',  ( -6.752831746024414272, -13.36424320151719414, -0.4590243195046404545 ) ) ;
#5025 = PRODUCT_DEFINITION_FORMATION_WITH_SPECIFIED_SOURCE ( 'ANY', '', #2883, .NOT_KNOWN. ) ;
#5026 = EDGE_CURVE ( 'NONE', #785, #1232, #3568, .T. ) ;
#5027 = CARTESIAN_POINT ( 'NONE',  ( 10.60260625988949812, -25.93646306725468875, -1.145058766999757838 ) ) ;
#5028 = CARTESIAN_POINT ( 'NONE',  ( -66.98417885191003052, 1.028568487533104481, -6.860355988447364162 ) ) ;
#5029 = ADVANCED_FACE ( 'NONE', ( #1970 ), #1715, .T. ) ;
#5030 = DIRECTION ( 'NONE',  ( 0.000000000000000000, 0.000000000000000000, -1.000000000000000000 ) ) ;
#5031 = B_SPLINE_CURVE_WITH_KNOTS ( 'NONE', 3,
 ( #2515, #1000, #5848, #4262, #5291, #3735, #6287, #4913, #1102, #4224, #1484, #3134, #6727, #4119, #6758, #3699, #6214, #4643, #5709, #3170, #6792, #962 ),
 .UNSPECIFIED., .F., .F.,
 ( 4, 2, 2, 2, 2, 2, 2, 2, 2, 2, 4 ),
 ( 0.001997969077411593242, 0.002802081710630848540, 0.003606194343850103838, 0.005214419610288617904, 0.006018532243507873636, 0.006822644876727128500, 0.008430870143165630423, 0.01003909540960413321, 0.01164732067604263600, 0.01325554594248113706, 0.01486377120891963985 ),
 .UNSPECIFIED. ) ;
#5032 = CARTESIAN_POINT ( 'NONE',  ( 9.555686756629947709, -4.067225507411745156, 0.08199263675456869294 ) ) ;
#5033 = EDGE_LOOP ( 'NONE', ( #568, #2474, #815, #5671 ) ) ;
#5034 = EDGE_LOOP ( 'NONE', ( #4671, #4152, #6715, #489 ) ) ;
#5035 = LINE ( 'NONE', #218, #1271 ) ;
#5036 = DIRECTION ( 'NONE',  ( 0.000000000000000000, 0.000000000000000000, -1.000000000000000000 ) ) ;
#5037 = EDGE_CURVE ( 'NONE', #6352, #5454, #6342, .T. ) ;
#5038 = VECTOR ( 'NONE', #1168, 1000.000000000000000 ) ;
#5039 = VERTEX_POINT ( 'NONE', #3734 ) ;
#5040 = AXIS2_PLACEMENT_3D ( 'NONE', #4815, #6795, #5263 ) ;
#5041 = CARTESIAN_POINT ( 'NONE',  ( 0.000000000000000000, -1.494999999999999885, -0.3000000000000001554 ) ) ;
#5042 = LINE ( 'NONE', #3969, #3489 ) ;
#5043 = CARTESIAN_POINT ( 'NONE',  ( 81.52219917711705932, -7.790853845348025608, -7.189944410192043556 ) ) ;
#5044 =( GEOMETRIC_REPRESENTATION_CONTEXT ( 3 ) GLOBAL_UNCERTAINTY_ASSIGNED_CONTEXT ( ( #5474 ) ) GLOBAL_UNIT_ASSIGNED_CONTEXT ( ( #6588, #4008, #3507 ) ) REPRESENTATION_CONTEXT ( 'NONE', 'WORKASPACE' ) );
#5045 = CARTESIAN_POINT ( 'NONE',  ( -15.54755515864480486, -30.61762690617213423, 0.6893978657127782794 ) ) ;
#5046 = EDGE_CURVE ( 'NONE', #5656, #2291, #4411, .T. ) ;
#5047 = CARTESIAN_POINT ( 'NONE',  ( -59.39826745182362089, -9.353953579702766419, -4.790949453183090512 ) ) ;
#5048 = ORIENTED_EDGE ( 'NONE', *, *, #6469, .T. ) ;
#5049 = ORIENTED_EDGE ( 'NONE', *, *, #1847, .F. ) ;
#5050 = DIRECTION ( 'NONE',  ( 0.7071067811865483499, 0.000000000000000000, -0.7071067811865465735 ) ) ;
#5051 =( LENGTH_UNIT ( ) NAMED_UNIT ( * ) SI_UNIT ( .MILLI., .METRE. ) );
#5052 = CARTESIAN_POINT ( 'NONE',  ( 9.745798736232373471, -16.20800041507334299, -0.3223484450991152550 ) ) ;
#5053 = ADVANCED_FACE ( 'NONE', ( #4779 ), #6677, .F. ) ;
#5054 = CARTESIAN_POINT ( 'NONE',  ( -12.08017206584832870, 0.1969051390411140079, -1.189120044848058999 ) ) ;
#5055 = CARTESIAN_POINT ( 'NONE',  ( 47.50804008522567301, -28.98762727043579090, -1.921488931554431234 ) ) ;
#5056 = CARTESIAN_POINT ( 'NONE',  ( -59.34329752832426408, -5.028276267352661755, -4.782387471926613287 ) ) ;
#5057 = AXIS2_PLACEMENT_3D ( 'NONE', #3833, #4248, #646 ) ;
#5058 = EDGE_LOOP ( 'NONE', ( #3855, #6374, #577, #4155 ) ) ;
#5059 = DIRECTION ( 'NONE',  ( -0.000000000000000000, -1.000000000000000000, 0.000000000000000000 ) ) ;
#5060 = CARTESIAN_POINT ( 'NONE',  ( 6.751552269136722018, -15.48517697636202328, -0.4589689804524745287 ) ) ;
#5061 = EDGE_CURVE ( 'NONE', #2365, #4222, #29, .T. ) ;
#5062 = AXIS2_PLACEMENT_3D ( 'NONE', #2530, #2466, #4101 ) ;
#5063 = SURFACE_SIDE_STYLE ('',( #801 ) ) ;
#5064 = B_SPLINE_CURVE_WITH_KNOTS ( 'NONE', 3,
 ( #4967, #1333, #3439, #5552, #2912, #288, #964, #4089, #905, #3105, #4195, #2487 ),
 .UNSPECIFIED., .F., .F.,
 ( 4, 2, 2, 2, 2, 4 ),
 ( 1.014620920694012469E-12, 0.002764750133516408713, 0.004147125199767304898, 0.005529500266018202818, 0.008294250398520004730, 0.01105900053102180751 ),
 .UNSPECIFIED. ) ;
#5065 = CARTESIAN_POINT ( 'NONE',  ( -53.57655317511747484, 1.794809731185045942, -3.526636483348250195 ) ) ;
#5066 = CARTESIAN_POINT ( 'NONE',  ( -8.769921363075528831, 1.295913291444664717, 0.9007668078101489506 ) ) ;
#5067 = VERTEX_POINT ( 'NONE', #5164 ) ;
#5068 = EDGE_LOOP ( 'NONE', ( #322, #5409 ) ) ;
#5069 = STYLED_ITEM ( 'NONE', ( #5153 ), #3694 ) ;
#5070 = CARTESIAN_POINT ( 'NONE',  ( 47.26589031668713403, -28.99586973487285846, -3.906666372423405864 ) ) ;
#5071 = CARTESIAN_POINT ( 'NONE',  ( 89.99999999999997158, -0.004999999999999796274, 3.499999999999999112 ) ) ;
#5072 = ADVANCED_FACE ( 'NONE', ( #907 ), #6732, .F. ) ;
#5073 = DIRECTION ( 'NONE',  ( -0.000000000000000000, -1.000000000000000000, 0.000000000000000000 ) ) ;
#5074 = ITEM_DEFINED_TRANSFORMATION ( 'NONE', 'NONE', #265,  #6116 ) ;
#5075 = CARTESIAN_POINT ( 'NONE',  ( 124.6560559063280351, 0.005000000000000229955, 25.10832869157556857 ) ) ;
#5076 = CARTESIAN_POINT ( 'NONE',  ( -9.361335230589904910, -13.79148808154128325, 0.08677054860268994252 ) ) ;
#5077 = CARTESIAN_POINT ( 'NONE',  ( -6.966793510052681881, -16.62942375605076606, 0.9374606682674184732 ) ) ;
#5078 = DIRECTION ( 'NONE',  ( 0.000000000000000000, 0.000000000000000000, 1.000000000000000000 ) ) ;
#5079 = LINE ( 'NONE', #1950, #6591 ) ;
#5080 = VECTOR ( 'NONE', #6269, 999.9999999999998863 ) ;
#5081 = ORIENTED_EDGE ( 'NONE', *, *, #4472, .T. ) ;
#5082 = EDGE_LOOP ( 'NONE', ( #3157, #3214, #5525, #1029 ) ) ;
#5083 = CARTESIAN_POINT ( 'NONE',  ( 59.43336363162443803, -6.286116660569071257, -5.606055882470552199 ) ) ;
#5084 = SHAPE_REPRESENTATION_RELATIONSHIP ( 'NONE' , 'NONE' ,  #3216, #867 ) ;
#5085 = CARTESIAN_POINT ( 'NONE',  ( 22.67612527335521833, -33.62629957799191516, -1.667061108909974498 ) ) ;
#5086 = CARTESIAN_POINT ( 'NONE',  ( 13.40329605214585129, 0.9646081676219177004, -0.4320230106685175597 ) ) ;
#5087 = CARTESIAN_POINT ( 'NONE',  ( -25.40901407539111290, -31.08934253910224399, 0.1718610679176921507 ) ) ;
#5088 = CARTESIAN_POINT ( 'NONE',  ( -55.32808761658196062, 5.501644552193210025, -3.549952440335709447 ) ) ;
#5089 = VERTEX_POINT ( 'NONE', #2000 ) ;
#5090 = CARTESIAN_POINT ( 'NONE',  ( -20.31561744932387725, -29.85481788596218067, -0.7317531622798658653 ) ) ;
#5091 = CARTESIAN_POINT ( 'NONE',  ( -4.022471887174542182, -8.867433818977792370, -0.4199131181865926599 ) ) ;
#5092 = AXIS2_PLACEMENT_3D ( 'NONE', #6213, #3527, #928 ) ;
#5093 = CARTESIAN_POINT ( 'NONE',  ( 57.81864542171615540, -1.643059569525959107, -4.548503323288317191 ) ) ;
#5094 = PRESENTATION_STYLE_ASSIGNMENT (( #4552 ) ) ;
#5095 = B_SPLINE_CURVE_WITH_KNOTS ( 'NONE', 3,
 ( #6383, #4289, #1653, #3768, #614, #5877 ),
 .UNSPECIFIED., .F., .F.,
 ( 4, 2, 4 ),
 ( 5.066687096058684748E-13, 0.004657915968824298016, 0.009315831937141928407 ),
 .UNSPECIFIED. ) ;
#5096 = CARTESIAN_POINT ( 'NONE',  ( 56.47244291135390881, -18.93891244154236730, -3.942017778287573382 ) ) ;
#5097 = ADVANCED_FACE ( 'NONE', ( #5715 ), #4125, .T. ) ;
#5098 = CARTESIAN_POINT ( 'NONE',  ( 116.5306464301193188, 0.005000000000000229955, 8.469353569880784249 ) ) ;
#5099 = CARTESIAN_POINT ( 'NONE',  ( -10.38498163763293647, -18.55947972158576320, -0.3395269496878072779 ) ) ;
#5100 = VERTEX_POINT ( 'NONE', #2428 ) ;
#5101 = CARTESIAN_POINT ( 'NONE',  ( -33.41345664628377676, -31.58528050339451454, -2.448494688661533747 ) ) ;
#5102 = CARTESIAN_POINT ( 'NONE',  ( 56.30653080600629323, -18.92930802033145810, -5.130539940831074119 ) ) ;
#5103 = CARTESIAN_POINT ( 'NONE',  ( 46.09775752906027435, 3.612025542909350406, -2.541990137410656825 ) ) ;
#5104 = CARTESIAN_POINT ( 'NONE',  ( 62.81728367317383999, -8.868693886526541448, -4.122106520821363418 ) ) ;
#5105 = CARTESIAN_POINT ( 'NONE',  ( -9.079027551983593014, -8.922771208028905221, 0.09349930097794879880 ) ) ;
#5106 = CARTESIAN_POINT ( 'NONE',  ( -17.49837663158346146, -31.78497094663256561, 0.6061923149374519593 ) ) ;
#5107 = CARTESIAN_POINT ( 'NONE',  ( 67.33147515572444775, -34.58816513739293441, -4.890740774603274943 ) ) ;
#5108 = CARTESIAN_POINT ( 'NONE',  ( -72.11129381633308810, -1.571431512466895164, -15.73888633471939968 ) ) ;
#5109 = AXIS2_PLACEMENT_3D ( 'NONE', #2265, #3901, #1158 ) ;
#5110 = VECTOR ( 'NONE', #3368, 1000.000000000000114 ) ;
#5111 = ORIENTED_EDGE ( 'NONE', *, *, #2190, .T. ) ;
#5112 = EDGE_CURVE ( 'NONE', #6472, #4355, #4952, .T. ) ;
#5113 = PLANE ( 'NONE',  #5062 ) ;
#5114 = EDGE_CURVE ( 'NONE', #2136, #64, #1818, .T. ) ;
#5115 = CARTESIAN_POINT ( 'NONE',  ( -54.34569285250964299, -27.84983887862766849, -4.847277740631084519 ) ) ;
#5116 = CARTESIAN_POINT ( 'NONE',  ( 9.818038849279625779, -2.891723246447218454, 0.07550491431404798837 ) ) ;
#5117 = EDGE_CURVE ( 'NONE', #2008, #540, #4504, .T. ) ;
#5118 = CARTESIAN_POINT ( 'NONE',  ( -85.30513192396472277, -11.25322035869498905, -7.856896082460145259 ) ) ;
#5119 = EDGE_CURVE ( 'NONE', #2361, #785, #5642, .T. ) ;
#5120 = ORIENTED_EDGE ( 'NONE', *, *, #1930, .F. ) ;
#5121 = FACE_OUTER_BOUND ( 'NONE', #6642, .T. ) ;
#5122 = CARTESIAN_POINT ( 'NONE',  ( 6.850459857318272228, -14.22371950113055306, 0.3393729814616073814 ) ) ;
#5123 = VECTOR ( 'NONE', #3059, 1000.000000000000000 ) ;
#5124 = LINE ( 'NONE', #314, #663 ) ;
#5125 = FACE_OUTER_BOUND ( 'NONE', #2015, .T. ) ;
#5126 = CARTESIAN_POINT ( 'NONE',  ( 54.07861530701774910, -23.38744780005217550, -4.001545601143241981 ) ) ;
#5127 =( GEOMETRIC_REPRESENTATION_CONTEXT ( 3 ) GLOBAL_UNCERTAINTY_ASSIGNED_CONTEXT ( ( #491 ) ) GLOBAL_UNIT_ASSIGNED_CONTEXT ( ( #1890, #3014, #3572 ) ) REPRESENTATION_CONTEXT ( 'NONE', 'WORKASPACE' ) );
#5128 = CARTESIAN_POINT ( 'NONE',  ( 89.99999999999997158, 0.9850000000000002087, -2.520000000000001350 ) ) ;
#5129 = ORIENTED_EDGE ( 'NONE', *, *, #1508, .T. ) ;
#5130 = LINE ( 'NONE', #932, #4286 ) ;
#5131 = LINE ( 'NONE', #6217, #3218 ) ;
#5132 = AXIS2_PLACEMENT_3D ( 'NONE', #2174, #5358, #1134 ) ;
#5133 = DIRECTION ( 'NONE',  ( 0.9994923749638410237, 0.000000000000000000, 0.03185894519818400356 ) ) ;
#5134 = SHAPE_DEFINITION_REPRESENTATION ( #1661, #3216 ) ;
#5135 = CARTESIAN_POINT ( 'NONE',  ( -7.603837040644179979, -9.139892380292334195, -0.4780005572331181285 ) ) ;
#5136 = LINE ( 'NONE', #1972, #1638 ) ;
#5137 = AXIS2_PLACEMENT_3D ( 'NONE', #1007, #1631, #2 ) ;
#5138 = VERTEX_POINT ( 'NONE', #4294 ) ;
#5139 = EDGE_CURVE ( 'NONE', #6256, #557, #4925, .T. ) ;
#5140 = CARTESIAN_POINT ( 'NONE',  ( -67.33147295269333199, 1.027594070906433288, -4.890740392771682821 ) ) ;
#5141 = DIRECTION ( 'NONE',  ( -0.7071067811865465735, 0.000000000000000000, -0.7071067811865483499 ) ) ;
#5142 = ORIENTED_EDGE ( 'NONE', *, *, #5312, .F. ) ;
#5143 = CARTESIAN_POINT ( 'NONE',  ( -10.38498163763293647, -18.55947972158576320, -0.3395269496878072779 ) ) ;
#5144 = SURFACE_STYLE_USAGE ( .BOTH. , #5725 ) ;
#5145 = CARTESIAN_POINT ( 'NONE',  ( -72.36270890600181360, -5.972304474962074394, -15.23888628320016458 ) ) ;
#5146 = CARTESIAN_POINT ( 'NONE',  ( -9.609734948338862992, -3.467367776706513638, -1.119707036045979320 ) ) ;
#5147 = FACE_OUTER_BOUND ( 'NONE', #2435, .T. ) ;
#5148 = ORIENTED_EDGE ( 'NONE', *, *, #2977, .T. ) ;
#5149 = CARTESIAN_POINT ( 'NONE',  ( 0.2999999999999999889, 0.000000000000000000, -0.1732050807568877582 ) ) ;
#5150 = SURFACE_STYLE_FILL_AREA ( #4699 ) ;
#5151 = ADVANCED_FACE ( 'NONE', ( #6535 ), #5363, .F. ) ;
#5152 = CIRCLE ( 'NONE', #6358, 32.48000000000001108 ) ;
#5153 = PRESENTATION_STYLE_ASSIGNMENT (( #2996 ) ) ;
#5154 = CARTESIAN_POINT ( 'NONE',  ( -74.33232427436546175, 1.027496301198058903, -12.58618261426071250 ) ) ;
#5155 = ORIENTED_EDGE ( 'NONE', *, *, #3886, .F. ) ;
#5156 = CARTESIAN_POINT ( 'NONE',  ( 117.2236110756821290, -0.9849999999999997646, 7.776388924317970464 ) ) ;
#5157 = EDGE_CURVE ( 'NONE', #3437, #4292, #2993, .T. ) ;
#5158 = VECTOR ( 'NONE', #5310, 1000.000000000000000 ) ;
#5159 = ORIENTED_EDGE ( 'NONE', *, *, #4990, .T. ) ;
#5160 = ORIENTED_EDGE ( 'NONE', *, *, #3288, .F. ) ;
#5161 = B_SPLINE_CURVE_WITH_KNOTS ( 'NONE', 3,
 ( #3812, #6327, #1693, #5853 ),
 .UNSPECIFIED., .F., .F.,
 ( 4, 4 ),
 ( 0.000000000000000000, 1.000000000000000000 ),
 .UNSPECIFIED. ) ;
#5162 = CARTESIAN_POINT ( 'NONE',  ( -47.26598171559211181, -28.99612849199822406, -3.906672837020707778 ) ) ;
#5163 = FACE_BOUND ( 'NONE', #1414, .T. ) ;
#5164 = CARTESIAN_POINT ( 'NONE',  ( 124.6560559063280351, -0.004999999999999362593, 25.10832869157556857 ) ) ;
#5165 = CARTESIAN_POINT ( 'NONE',  ( 81.10535250330025292, -7.790853845348025608, -9.553466459500597807 ) ) ;
#5166 = VECTOR ( 'NONE', #547, 1000.000000000000000 ) ;
#5167 = DIRECTION ( 'NONE',  ( 0.7071067811865475727, 1.251668095251734027E-15, 0.7071067811865475727 ) ) ;
#5168 = ORIENTED_EDGE ( 'NONE', *, *, #6251, .T. ) ;
#5169 = CARTESIAN_POINT ( 'NONE',  ( 21.81769866685897696, -30.37570249460896932, -0.4125615571597709974 ) ) ;
#5170 = DIRECTION ( 'NONE',  ( 0.7071067811865484609, 0.000000000000000000, -0.7071067811865466846 ) ) ;
#5171 = ORIENTED_EDGE ( 'NONE', *, *, #5139, .F. ) ;
#5172 = DIRECTION ( 'NONE',  ( -1.000000000000000000, -0.000000000000000000, -0.000000000000000000 ) ) ;
#5173 = CARTESIAN_POINT ( 'NONE',  ( 9.079119582402594091, -8.923162910061824604, 0.09349710744958118769 ) ) ;
#5174 = ADVANCED_FACE ( 'NONE', ( #5918 ), #6388, .T. ) ;
#5175 = CARTESIAN_POINT ( 'NONE',  ( -11.39297677968745326, -0.3884231723954099103, -1.168215971401073361 ) ) ;
#5176 = ORIENTED_EDGE ( 'NONE', *, *, #2042, .F. ) ;
#5177 = AXIS2_PLACEMENT_3D ( 'NONE', #5461, #2379, #685 ) ;
#5178 = CARTESIAN_POINT ( 'NONE',  ( 9.792266444422077498, -16.17236351364982383, -1.124287635853041589 ) ) ;
#5179 = ORIENTED_EDGE ( 'NONE', *, *, #3590, .F. ) ;
#5180 = EDGE_CURVE ( 'NONE', #4105, #5782, #3337, .T. ) ;
#5181 = DIRECTION ( 'NONE',  ( 1.000000000000000000, -5.385298038120966970E-17, 0.000000000000000000 ) ) ;
#5182 = ADVANCED_FACE ( 'NONE', ( #2248 ), #4006, .T. ) ;
#5183 = CARTESIAN_POINT ( 'NONE',  ( 0.000000000000000000, 0.000000000000000000, 1.700000000000000178 ) ) ;
#5184 = FACE_OUTER_BOUND ( 'NONE', #4698, .T. ) ;
#5185 = DIRECTION ( 'NONE',  ( -0.7071067811865489050, 0.000000000000000000, 0.7071067811865462405 ) ) ;
#5186 = ORIENTED_EDGE ( 'NONE', *, *, #2951, .F. ) ;
#5187 = ORIENTED_EDGE ( 'NONE', *, *, #5026, .F. ) ;
#5188 = CARTESIAN_POINT ( 'NONE',  ( -71.61129374225021138, -1.571431512466895164, -15.23888633471938370 ) ) ;
#5189 = EDGE_CURVE ( 'NONE', #4291, #5482, #4584, .T. ) ;
#5190 = EDGE_CURVE ( 'NONE', #4355, #6695, #6241, .T. ) ;
#5191 = CARTESIAN_POINT ( 'NONE',  ( 72.36270908967155435, -1.571431512466895164, -17.23888633471944232 ) ) ;
#5192 = ORIENTED_EDGE ( 'NONE', *, *, #5988, .F. ) ;
#5193 = CARTESIAN_POINT ( 'NONE',  ( 6.829398364620291595, -14.37197475349328002, 0.9395797310053517482 ) ) ;
#5194 = CARTESIAN_POINT ( 'NONE',  ( -53.97067245265889568, -23.38979298291714315, -4.794197116653828417 ) ) ;
#5195 = EDGE_CURVE ( 'NONE', #3344, #5852, #2692, .T. ) ;
#5196 = VERTEX_POINT ( 'NONE', #2641 ) ;
#5197 = ADVANCED_FACE ( 'NONE', ( #4769 ), #2095, .F. ) ;
#5198 = CARTESIAN_POINT ( 'NONE',  ( -67.33147515126222515, -5.972304965155426970, -4.890740773849204359 ) ) ;
#5199 = CARTESIAN_POINT ( 'NONE',  ( 43.74946739346287217, 7.474899988731517730, -3.664295283954228655 ) ) ;
#5200 = CARTESIAN_POINT ( 'NONE',  ( 23.26861726477444847, -30.68629387014524568, -1.702411614934511652 ) ) ;
#5201 = ORIENTED_EDGE ( 'NONE', *, *, #5988, .T. ) ;
#5202 = CARTESIAN_POINT ( 'NONE',  ( 71.86096730968294821, -2.171158856683157001, -15.23888633471938370 ) ) ;
#5203 = CYLINDRICAL_SURFACE ( 'NONE', #6257, 0.4999999999999796829 ) ;
#5204 = FACE_OUTER_BOUND ( 'NONE', #6313, .T. ) ;
#5205 = ORIENTED_EDGE ( 'NONE', *, *, #3465, .F. ) ;
#5206 = CARTESIAN_POINT ( 'NONE',  ( -59.17861909176212265, -4.425573612006055590, -4.756791303654390290 ) ) ;
#5207 = FACE_OUTER_BOUND ( 'NONE', #2764, .T. ) ;
#5208 = CARTESIAN_POINT ( 'NONE',  ( 90.00000000000000000, 0.9850000000000002087, -3.500000000000000888 ) ) ;
#5209 = ORIENTED_EDGE ( 'NONE', *, *, #6609, .F. ) ;
#5210 = CARTESIAN_POINT ( 'NONE',  ( -39.90441120719456336, 7.706884380106464150, -3.244602388748987210 ) ) ;
#5211 = VERTEX_POINT ( 'NONE', #500 ) ;
#5212 = CYLINDRICAL_SURFACE ( 'NONE', #435, 386.5465117133056765 ) ;
#5213 = CARTESIAN_POINT ( 'NONE',  ( -20.39060667199559163, -29.86258369774621002, 0.4659643476614234170 ) ) ;
#5214 = AXIS2_PLACEMENT_3D ( 'NONE', #5098, #3959, #5215 ) ;
#5215 = DIRECTION ( 'NONE',  ( 0.7071067811865475727, 0.000000000000000000, -0.7071067811865475727 ) ) ;
#5216 = CARTESIAN_POINT ( 'NONE',  ( 0.000000000000000000, 0.000000000000000000, 0.2500000000000000000 ) ) ;
#5217 = CARTESIAN_POINT ( 'NONE',  ( 54.66818113438655047, 1.301886109526555702, -4.084005447966470470 ) ) ;
#5218 = FACE_OUTER_BOUND ( 'NONE', #5686, .T. ) ;
#5219 = ORIENTED_EDGE ( 'NONE', *, *, #2289, .F. ) ;
#5220 = ORIENTED_EDGE ( 'NONE', *, *, #6658, .F. ) ;
#5221 = LINE ( 'NONE', #411, #1432 ) ;
#5222 = EDGE_CURVE ( 'NONE', #3784, #974, #3024, .T. ) ;
#5223 = CARTESIAN_POINT ( 'NONE',  ( -48.25490760331916817, -31.82461956704189632, -4.030061489257390939 ) ) ;
#5224 = ORIENTED_EDGE ( 'NONE', *, *, #6814, .T. ) ;
#5225 = CARTESIAN_POINT ( 'NONE',  ( -33.98890287789863152, 4.452493306665013861, -0.4917010294925178715 ) ) ;
#5226 = CARTESIAN_POINT ( 'NONE',  ( 1.487306110593891617, 1.005000000000000782, -0.3000000000000001554 ) ) ;
#5227 = EDGE_CURVE ( 'NONE', #4676, #3284, #6783, .T. ) ;
#5228 = ORIENTED_EDGE ( 'NONE', *, *, #1989, .T. ) ;
#5229 = CARTESIAN_POINT ( 'NONE',  ( -10.42665669773803216, -18.55691319536747841, 0.8596157923531517753 ) ) ;
#5230 = FACE_OUTER_BOUND ( 'NONE', #5778, .T. ) ;
#5231 = EDGE_CURVE ( 'NONE', #507, #3461, #4245, .T. ) ;
#5232 = AXIS2_PLACEMENT_3D ( 'NONE', #3825, #3899, #2330 ) ;
#5233 = ORIENTED_EDGE ( 'NONE', *, *, #2054, .F. ) ;
#5234 = CARTESIAN_POINT ( 'NONE',  ( 20.31561744932376357, -29.85481788596217356, -0.7317531622798860713 ) ) ;
#5235 = CARTESIAN_POINT ( 'NONE',  ( 14.09309891696130279, -25.35674069914509587, 0.7441093277468855405 ) ) ;
#5236 = ORIENTED_EDGE ( 'NONE', *, *, #3590, .T. ) ;
#5237 = LINE ( 'NONE', #490, #509 ) ;
#5238 = SURFACE_SIDE_STYLE ('',( #6774 ) ) ;
#5239 = CARTESIAN_POINT ( 'NONE',  ( 8.728568979230287184, 1.287361976335709368, -1.098721675964097422 ) ) ;
#5240 = EDGE_CURVE ( 'NONE', #5789, #1232, #5484, .T. ) ;
#5241 = VECTOR ( 'NONE', #4444, 1000.000000000000000 ) ;
#5242 = DIRECTION ( 'NONE',  ( 0.0005443633068965336502, -0.9999998518342840814, 2.518186154490093769E-18 ) ) ;
#5243 = CARTESIAN_POINT ( 'NONE',  ( 32.98667416182894385, 7.486087578001158427, -2.404872756080208784 ) ) ;
#5244 = VERTEX_POINT ( 'NONE', #1713 ) ;
#5245 = CARTESIAN_POINT ( 'NONE',  ( -67.56078389389469407, 0.8927607368526098153, -6.346584100249487825 ) ) ;
#5246 = AXIS2_PLACEMENT_3D ( 'NONE', #816, #778, #2882 ) ;
#5247 = ORIENTED_EDGE ( 'NONE', *, *, #3715, .F. ) ;
#5248 = ADVANCED_FACE ( 'NONE', ( #5351 ), #609, .T. ) ;
#5249 = LINE ( 'NONE', #5872, #4091 ) ;
#5250 = DIRECTION ( 'NONE',  ( 4.884682305490612792E-17, 1.000000000000000000, 2.666878455998264135E-17 ) ) ;
#5251 = LINE ( 'NONE', #2059, #3102 ) ;
#5252 = AXIS2_PLACEMENT_3D ( 'NONE', #850, #6137, #4453 ) ;
#5253 = PLANE ( 'NONE',  #6007 ) ;
#5254 = CARTESIAN_POINT ( 'NONE',  ( -10.38498163763293647, -18.55947972158576320, -0.3395269496878072779 ) ) ;
#5255 = LINE ( 'NONE', #1477, #2468 ) ;
#5256 = ORIENTED_EDGE ( 'NONE', *, *, #388, .F. ) ;
#5257 = EDGE_LOOP ( 'NONE', ( #1220, #4479, #1875, #6430 ) ) ;
#5258 = CARTESIAN_POINT ( 'NONE',  ( 72.36270890600181360, -5.972304474962074394, -15.23888628320016458 ) ) ;
#5259 = EDGE_CURVE ( 'NONE', #1993, #3547, #6697, .T. ) ;
#5260 = CARTESIAN_POINT ( 'NONE',  ( -34.62320403948980641, 4.460058716260544287, -2.556100103995514239 ) ) ;
#5261 = VERTEX_POINT ( 'NONE', #722 ) ;
#5262 = FACE_OUTER_BOUND ( 'NONE', #5572, .T. ) ;
#5263 = DIRECTION ( 'NONE',  ( 0.9999998518342840814, 0.0005443633068966335052, 0.000000000000000000 ) ) ;
#5264 = AXIS2_PLACEMENT_3D ( 'NONE', #2979, #1753, #6018 ) ;
#5265 = ORIENTED_EDGE ( 'NONE', *, *, #3937, .F. ) ;
#5266 = DIRECTION ( 'NONE',  ( -0.7071067811865465735, -0.000000000000000000, -0.7071067811865483499 ) ) ;
#5267 = CARTESIAN_POINT ( 'NONE',  ( -6.070403962760127392, -11.38897154407685086, -1.047728926591230181 ) ) ;
#5268 = EDGE_LOOP ( 'NONE', ( #4818, #4777 ) ) ;
#5269 = FACE_OUTER_BOUND ( 'NONE', #728, .T. ) ;
#5270 = CARTESIAN_POINT ( 'NONE',  ( 71.56913536789227237, -2.170999994058727456, -14.83288868384772563 ) ) ;
#5271 = EDGE_CURVE ( 'NONE', #4265, #1485, #3705, .T. ) ;
#5272 = VERTEX_POINT ( 'NONE', #4358 ) ;
#5273 = CARTESIAN_POINT ( 'NONE',  ( -6.436157084431644471, -12.20299571859283283, 0.9465855202037914973 ) ) ;
#5274 = FACE_OUTER_BOUND ( 'NONE', #5257, .T. ) ;
#5275 = DIRECTION ( 'NONE',  ( -1.966246612733025489E-08, 0.9999999999999998890, -2.518185781354285324E-18 ) ) ;
#5276 = ORIENTED_EDGE ( 'NONE', *, *, #3383, .T. ) ;
#5277 = LINE ( 'NONE', #5833, #5158 ) ;
#5278 = ORIENTED_EDGE ( 'NONE', *, *, #4302, .T. ) ;
#5279 = CYLINDRICAL_SURFACE ( 'NONE', #1182, 0.9799999999999999822 ) ;
#5280 = LINE ( 'NONE', #532, #2320 ) ;
#5281 = CARTESIAN_POINT ( 'NONE',  ( 13.02901078110332378, -24.17531902997345128, -0.01857752065696491317 ) ) ;
#5282 = CARTESIAN_POINT ( 'NONE',  ( 74.33232441199879759, -5.972304432543244168, -15.58618263852919128 ) ) ;
#5283 = AXIS2_PLACEMENT_3D ( 'NONE', #4936, #1230, #3377 ) ;
#5284 =( NAMED_UNIT ( * ) PLANE_ANGLE_UNIT ( ) SI_UNIT ( $, .RADIAN. ) );
#5285 = CARTESIAN_POINT ( 'NONE',  ( 13.94373341695030710, 1.154498292037051899, -1.252010064568245040 ) ) ;
#5286 =( NAMED_UNIT ( * ) SI_UNIT ( $, .STERADIAN. ) SOLID_ANGLE_UNIT ( ) );
#5287 = ORIENTED_EDGE ( 'NONE', *, *, #1036, .F. ) ;
#5288 = EDGE_LOOP ( 'NONE', ( #1927, #2104, #123, #5843 ) ) ;
#5289 = CARTESIAN_POINT ( 'NONE',  ( 52.36893594038699007, -25.78839938999781722, -3.359848355345639970 ) ) ;
#5290 = ADVANCED_FACE ( 'NONE', ( #1680 ), #5907, .F. ) ;
#5291 = CARTESIAN_POINT ( 'NONE',  ( 59.68578084839185749, -6.014364658695533272, -3.621249077804761907 ) ) ;
#5292 = FACE_OUTER_BOUND ( 'NONE', #229, .T. ) ;
#5293 = MECHANICAL_DESIGN_GEOMETRIC_PRESENTATION_REPRESENTATION (  '', ( #6773 ), #535 ) ;
#5294 = ORIENTED_EDGE ( 'NONE', *, *, #4722, .T. ) ;
#5295 = CARTESIAN_POINT ( 'NONE',  ( 37.91230924362690757, -34.28635677674014914, -0.8563715025395850500 ) ) ;
#5296 = ADVANCED_FACE ( 'NONE', ( #2826 ), #4323, .F. ) ;
#5297 = CARTESIAN_POINT ( 'NONE',  ( 84.88837629756407921, -11.25322035869499793, -10.22043468968944602 ) ) ;
#5298 = CARTESIAN_POINT ( 'NONE',  ( -31.73029148856733883, 7.355643865705659756, -2.305178908821313488 ) ) ;
#5299 = AXIS2_PLACEMENT_3D ( 'NONE', #6344, #91, #5906 ) ;
#5300 = EDGE_LOOP ( 'NONE', ( #2815, #2857, #1135, #1153 ) ) ;
#5301 = FACE_OUTER_BOUND ( 'NONE', #6755, .T. ) ;
#5302 = CARTESIAN_POINT ( 'NONE',  ( 23.00456611695201303, -30.60954055197612433, 0.3171725539894328372 ) ) ;
#5303 = B_SPLINE_CURVE_WITH_KNOTS ( 'NONE', 3,
 ( #2304, #264, #5595, #5083, #335, #2438, #6523, #1784, #1311, #3906, #6559, #1816, #5013, #3941, #2374, #2563, #3514, #4047, #2046, #6742, #944, #2982 ),
 .UNSPECIFIED., .F., .F.,
 ( 4, 2, 2, 2, 2, 2, 2, 2, 2, 2, 4 ),
 ( 0.002002420440898614474, 0.002805639420838374528, 0.003608858400778134148, 0.005215296360657654257, 0.006018515340597409974, 0.006821734320537167426, 0.008428172280416670187, 0.01003461024029617295, 0.01164104820017567571, 0.01324748616005517847, 0.01485392411993468123 ),
 .UNSPECIFIED. ) ;
#5304 = EDGE_LOOP ( 'NONE', ( #3471, #3067, #2789, #910 ) ) ;
#5305 = CARTESIAN_POINT ( 'NONE',  ( 53.33168120624100084, -24.67983492730165551, -3.896010198753180109 ) ) ;
#5306 = CARTESIAN_POINT ( 'NONE',  ( 74.53576572475900264, 1.027496301198058903, -8.281738684076112023 ) ) ;
#5307 = FACE_OUTER_BOUND ( 'NONE', #6247, .T. ) ;
#5308 = CARTESIAN_POINT ( 'NONE',  ( 8.755382827615880714, 1.294707470136418070, 0.2342687477481942282 ) ) ;
#5309 = ORIENTED_EDGE ( 'NONE', *, *, #5227, .F. ) ;
#5310 = DIRECTION ( 'NONE',  ( -0.000000000000000000, -1.000000000000000000, -0.000000000000000000 ) ) ;
#5311 = AXIS2_PLACEMENT_3D ( 'NONE', #4813, #584, #3773 ) ;
#5312 = EDGE_CURVE ( 'NONE', #2312, #1697, #2344, .T. ) ;
#5313 = EDGE_LOOP ( 'NONE', ( #1804, #578, #474 ) ) ;
#5314 = EDGE_LOOP ( 'NONE', ( #4138, #3441, #1757, #1530 ) ) ;
#5315 = DIRECTION ( 'NONE',  ( 0.000000000000000000, 0.000000000000000000, 1.000000000000000000 ) ) ;
#5316 = LINE ( 'NONE', #4322, #4983 ) ;
#5317 = CARTESIAN_POINT ( 'NONE',  ( -9.561240715019604153, -4.067565977296447421, 0.2152137085812006745 ) ) ;
#5318 = ADVANCED_BREP_SHAPE_REPRESENTATION ( '', ( #2510, #6116 ), #2908 ) ;
#5319 = EDGE_CURVE ( 'NONE', #3822, #921, #2168, .T. ) ;
#5320 = CARTESIAN_POINT ( 'NONE',  ( 21.67959500776979809, -33.40349920001514761, 0.3950607801353954174 ) ) ;
#5321 = CARTESIAN_POINT ( 'NONE',  ( 58.05339155755487468, -7.359678565581375231, -15.55687638935399519 ) ) ;
#5322 = FACE_OUTER_BOUND ( 'NONE', #1977, .T. ) ;
#5323 = AXIS2_PLACEMENT_3D ( 'NONE', #6610, #2967, #874 ) ;
#5324 = ORIENTED_EDGE ( 'NONE', *, *, #2987, .F. ) ;
#5325 = CIRCLE ( 'NONE', #6196, 0.9799999999999988720 ) ;
#5326 = ORIENTED_EDGE ( 'NONE', *, *, #1930, .T. ) ;
#5327 = DIRECTION ( 'NONE',  ( 0.7071067811865466846, 0.000000000000000000, 0.7071067811865484609 ) ) ;
#5328 = DIRECTION ( 'NONE',  ( 0.000000000000000000, 0.000000000000000000, 1.000000000000000000 ) ) ;
#5329 = FACE_BOUND ( 'NONE', #2867, .T. ) ;
#5330 = CARTESIAN_POINT ( 'NONE',  ( 7.289795765830805685, -18.83127950857281618, -1.068833591178544928 ) ) ;
#5331 = DIRECTION ( 'NONE',  ( 1.000000000000000000, -0.000000000000000000, -0.000000000000000000 ) ) ;
#5332 = B_SPLINE_CURVE_WITH_KNOTS ( 'NONE', 3,
 ( #2998, #1480, #1521, #3100, #4673, #6285, #6249, #4117, #3658, #2581 ),
 .UNSPECIFIED., .F., .F.,
 ( 4, 2, 2, 2, 4 ),
 ( 0.000000000000000000, 0.2500000000000000000, 0.5000000000000000000, 0.7500000000000000000, 1.000000000000000000 ),
 .UNSPECIFIED. ) ;
#5333 = ORIENTED_EDGE ( 'NONE', *, *, #3660, .F. ) ;
#5334 = CARTESIAN_POINT ( 'NONE',  ( 24.94681141276824476, -34.05643614273205344, 0.2026568408159464540 ) ) ;
#5335 = CARTESIAN_POINT ( 'NONE',  ( -51.65310994707047598, 6.180675622793903479, -4.471940452542337852 ) ) ;
#5336 = VERTEX_POINT ( 'NONE', #3198 ) ;
#5337 = CARTESIAN_POINT ( 'NONE',  ( -9.555686756630093370, -4.067225507411758478, 0.08199263675456869294 ) ) ;
#5338 = CARTESIAN_POINT ( 'NONE',  ( 19.67826079812270024, -29.49638807826775988, 0.5009513643711761555 ) ) ;
#5339 = MECHANICAL_DESIGN_GEOMETRIC_PRESENTATION_REPRESENTATION (  '', ( #2462 ), #4680 ) ;
#5340 = EDGE_LOOP ( 'NONE', ( #6080, #4129, #6097, #2675 ) ) ;
#5341 = CARTESIAN_POINT ( 'NONE',  ( 0.000000000000000000, 0.000000000000000000, 0.000000000000000000 ) ) ;
#5342 = FACE_OUTER_BOUND ( 'NONE', #2823, .T. ) ;
#5343 = DIRECTION ( 'NONE',  ( 0.000000000000000000, 1.000000000000000000, -0.000000000000000000 ) ) ;
#5344 = EDGE_CURVE ( 'NONE', #2199, #952, #3698, .T. ) ;
#5345 = CARTESIAN_POINT ( 'NONE',  ( 40.48360071719783804, 7.554713076297863594, -3.128164654586573779 ) ) ;
#5346 = CARTESIAN_POINT ( 'NONE',  ( -47.57160958085005831, 7.028927331064125816, -4.120309794868878051 ) ) ;
#5347 = ORIENTED_EDGE ( 'NONE', *, *, #4495, .F. ) ;
#5348 = ORIENTED_EDGE ( 'NONE', *, *, #1719, .T. ) ;
#5349 = CARTESIAN_POINT ( 'NONE',  ( -72.36107850237499406, -1.571431512466895164, -14.26387294396510974 ) ) ;
#5350 = DIRECTION ( 'NONE',  ( -0.9999999999999997780, 2.153660471889033782E-08, -1.370862375611047157E-21 ) ) ;
#5351 = FACE_OUTER_BOUND ( 'NONE', #2911, .T. ) ;
#5352 = B_SPLINE_CURVE_WITH_KNOTS ( 'NONE', 3,
 ( #4416, #5411, #671, #4891, #148, #2259, #3858, #6510, #1770, #3893, #4616, #2456 ),
 .UNSPECIFIED., .F., .F.,
 ( 4, 2, 2, 2, 2, 4 ),
 ( 5.924441978626865157E-13, 0.002239022655912276984, 0.003358533983572193227, 0.004478045311232110338, 0.006717067966551958438, 0.008956090621871807406 ),
 .UNSPECIFIED. ) ;
#5353 = CARTESIAN_POINT ( 'NONE',  ( -59.45973303555225442, -9.353953579702766419, -4.395700187507789458 ) ) ;
#5354 = VECTOR ( 'NONE', #1112, 1000.000000000000114 ) ;
#5355 = CARTESIAN_POINT ( 'NONE',  ( 27.33597185583745315, -31.35971720916294458, -1.162387283227274803 ) ) ;
#5356 = VECTOR ( 'NONE', #2273, 1000.000000000000000 ) ;
#5357 = CARTESIAN_POINT ( 'NONE',  ( 51.69180665743365211, -26.30720866780344025, -4.478719364318106244 ) ) ;
#5358 = DIRECTION ( 'NONE',  ( -0.1397437239215590932, 7.864273835440841103E-15, 0.9901877052481186103 ) ) ;
#5359 = EDGE_LOOP ( 'NONE', ( #6098, #4639, #2153, #4203 ) ) ;
#5360 = CIRCLE ( 'NONE', #5040, 0.4999999999999796829 ) ;
#5361 = ORIENTED_EDGE ( 'NONE', *, *, #2237, .T. ) ;
#5362 = CARTESIAN_POINT ( 'NONE',  ( 47.41157415211824144, -28.99203072184941732, -2.715594255461417639 ) ) ;
#5363 = CYLINDRICAL_SURFACE ( 'NONE', #2477, 0.2499999999999999445 ) ;
#5364 = DIRECTION ( 'NONE',  ( -0.9999999999999991118, -4.173484458121928399E-08, -4.625929269271479011E-15 ) ) ;
#5365 = SURFACE_SIDE_STYLE ('',( #4883 ) ) ;
#5366 = LINE ( 'NONE', #1181, #6459 ) ;
#5367 = B_SPLINE_SURFACE_WITH_KNOTS ( 'NONE', 3, 3, ( 
 ( #5118, #402, #2411, #4052, #4631, #372, #6686, #6747, #1984, #5730, #1895, #865, #340, #4078, #3090, #3577, #6176, #983 ),
 ( #308, #3490, #6148, #5599, #950, #2961, #5088, #6659, #1441, #2444, #1926, #3545, #5661, #3647, #6373, #2634, #3120, #5901 ),
 ( #2053, #3720, #566, #15, #5245, #5765, #4697, #4316, #1123, #2126, #2673, #4795, #6780, #1020, #497, #3684, #1162, #1643 ),
 ( #3234, #1540, #49, #2090, #1085, #4211, #2603, #5346, #5210, #3754, #5799, #4764, #4246, #2162, #6341, #4279, #1675, #460 ) ),
 .UNSPECIFIED., .F., .F., .F.,
 ( 4, 4 ),
 ( 4, 1, 1, 1, 1, 1, 1, 1, 1, 1, 1, 1, 1, 1, 1, 4 ),
 ( 0.000000000000000000, 1.000000000000000000 ),
 ( 0.000000000000000000, 0.07422954343685896073, 0.1484590868737181157, 0.2110747108058944332, 0.2596984728745519444, 0.3337185047233071633, 0.4077261547396212604, 0.4817266172263465762, 0.5557254397975283089, 0.6297282507137726970, 0.7037404821222020823, 0.7777671032511533911, 0.8148016717910900875, 0.8888575918029146816, 0.9629367924205075591, 1.000000000000000000 ),
 .UNSPECIFIED. ) ;
#5368 = ORIENTED_EDGE ( 'NONE', *, *, #4170, .T. ) ;
#5369 = CARTESIAN_POINT ( 'NONE',  ( -59.45973303555225442, -9.353953579702766419, -4.395700187507789458 ) ) ;
#5370 = CARTESIAN_POINT ( 'NONE',  ( -23.30938391069552651, -30.68355693456134148, -1.037010619326142580 ) ) ;
#5371 = CARTESIAN_POINT ( 'NONE',  ( -58.08051548043755474, -14.25256834932268468, -5.396503083522476096 ) ) ;
#5372 = ORIENTED_EDGE ( 'NONE', *, *, #4817, .F. ) ;
#5373 = CARTESIAN_POINT ( 'NONE',  ( 116.5306464301193188, 0.005000000000000229955, 8.469353569880786026 ) ) ;
#5374 = CARTESIAN_POINT ( 'NONE',  ( 48.29626422087925164, -7.359678565581375231, -14.14935409385818055 ) ) ;
#5375 = VECTOR ( 'NONE', #3203, 1000.000000000000114 ) ;
#5376 = EDGE_LOOP ( 'NONE', ( #2633, #927, #644, #6434 ) ) ;
#5377 = DIRECTION ( 'NONE',  ( 0.000000000000000000, 0.000000000000000000, -1.000000000000000000 ) ) ;
#5378 = CARTESIAN_POINT ( 'NONE',  ( -9.745798736232458737, -16.20800041507248679, -0.3223484450992620820 ) ) ;
#5379 = CARTESIAN_POINT ( 'NONE',  ( 52.32844855427966735, 2.171723487193802704, -3.892888158344367522 ) ) ;
#5380 = STYLED_ITEM ( 'NONE', ( #521 ), #4895 ) ;
#5381 = CARTESIAN_POINT ( 'NONE',  ( 28.00552001188319906, 6.933450260779960850, -2.015936647691319195 ) ) ;
#5382 = CARTESIAN_POINT ( 'NONE',  ( 117.2236110756821290, 0.9850000000000002087, 7.776388924317967799 ) ) ;
#5383 = ORIENTED_EDGE ( 'NONE', *, *, #5119, .T. ) ;
#5384 = ORIENTED_EDGE ( 'NONE', *, *, #3329, .T. ) ;
#5385 = CARTESIAN_POINT ( 'NONE',  ( 20.23268570720177095, 2.925213414465439588, -0.7164859898646256386 ) ) ;
#5386 = EDGE_CURVE ( 'NONE', #655, #5904, #5837, .T. ) ;
#5387 = CARTESIAN_POINT ( 'NONE',  ( -74.33232441199879759, -5.972304432543244168, -15.23888633471944054 ) ) ;
#5388 = CARTESIAN_POINT ( 'NONE',  ( -74.33232441199879759, -5.972304432543244168, -15.58618263852919128 ) ) ;
#5389 = AXIS2_PLACEMENT_3D ( 'NONE', #5374, #634, #6264 ) ;
#5390 = CARTESIAN_POINT ( 'NONE',  ( -36.41469686049082100, 4.514565794610088112, -1.503437403067574563 ) ) ;
#5391 = VECTOR ( 'NONE', #6123, 1000.000000000000000 ) ;
#5392 = CARTESIAN_POINT ( 'NONE',  ( -8.863900008943188524, -23.05362269095081018, -1.101779795551431462 ) ) ;
#5393 = CARTESIAN_POINT ( 'NONE',  ( -0.2499999999999999445, -1.494999999999999885, -0.3000000000000001554 ) ) ;
#5394 = CARTESIAN_POINT ( 'NONE',  ( 8.769844120516106400, 1.296081811426298858, 0.9007644865471853279 ) ) ;
#5395 = ORIENTED_EDGE ( 'NONE', *, *, #2519, .T. ) ;
#5396 = ORIENTED_EDGE ( 'NONE', *, *, #3986, .F. ) ;
#5397 = CARTESIAN_POINT ( 'NONE',  ( 33.40863615576288481, -34.62351864998033335, -2.443356705039898547 ) ) ;
#5398 = CARTESIAN_POINT ( 'NONE',  ( -23.31723196209597759, -30.68450847370872481, -0.9039111475431238496 ) ) ;
#5399 = ADVANCED_FACE ( 'NONE', ( #4392 ), #5426, .F. ) ;
#5400 = CARTESIAN_POINT ( 'NONE',  ( 9.545808712541370866, -4.067225507411724728, -0.3178853749502424386 ) ) ;
#5401 = CARTESIAN_POINT ( 'NONE',  ( 45.44865925420256758, -29.67361162283803111, -2.876294127901386499 ) ) ;
#5402 = AXIS2_PLACEMENT_3D ( 'NONE', #978, #2012, #2533 ) ;
#5403 = CARTESIAN_POINT ( 'NONE',  ( 25.34417653247784941, -31.09042698771451185, -0.6256736802288008770 ) ) ;
#5404 = AXIS2_PLACEMENT_3D ( 'NONE', #3315, #3347, #1314 ) ;
#5405 = EDGE_CURVE ( 'NONE', #3129, #5782, #6631, .T. ) ;
#5406 = ADVANCED_FACE ( 'NONE', ( #6489 ), #4871, .F. ) ;
#5407 = CARTESIAN_POINT ( 'NONE',  ( 59.66900464896501433, -6.877646156516677323, -4.428302910304140028 ) ) ;
#5408 = LINE ( 'NONE', #3260, #5241 ) ;
#5409 = ORIENTED_EDGE ( 'NONE', *, *, #6454, .F. ) ;
#5410 = CARTESIAN_POINT ( 'NONE',  ( 72.36270890600181360, -5.972304474962074394, -15.23888633471944054 ) ) ;
#5411 = CARTESIAN_POINT ( 'NONE',  ( -53.86082626633994863, -24.03671757768189821, -2.758863082383185450 ) ) ;
#5412 = EDGE_CURVE ( 'NONE', #1684, #5612, #4731, .T. ) ;
#5413 = ORIENTED_EDGE ( 'NONE', *, *, #4647, .F. ) ;
#5414 = FACE_OUTER_BOUND ( 'NONE', #145, .T. ) ;
#5415 = CARTESIAN_POINT ( 'NONE',  ( 0.000000000000000000, 0.000000000000000000, 0.000000000000000000 ) ) ;
#5416 = LINE ( 'NONE', #3786, #5688 ) ;
#5417 = VECTOR ( 'NONE', #5433, 1000.000000000000000 ) ;
#5418 = CARTESIAN_POINT ( 'NONE',  ( 52.23898935287444800, 2.174796628552852162, -4.553470942937517307 ) ) ;
#5419 = FACE_OUTER_BOUND ( 'NONE', #1174, .T. ) ;
#5420 = B_SPLINE_CURVE_WITH_KNOTS ( 'NONE', 3,
 ( #3108, #5716, #5751, #5229 ),
 .UNSPECIFIED., .F., .F.,
 ( 4, 4 ),
 ( 0.000000000000000000, 1.000000000000000000 ),
 .UNSPECIFIED. ) ;
#5421 = CARTESIAN_POINT ( 'NONE',  ( -10.21650633311011447, -2.073936347931312874, 0.8654022310918688676 ) ) ;
#5422 = VERTEX_POINT ( 'NONE', #5085 ) ;
#5423 = ORIENTED_EDGE ( 'NONE', *, *, #6749, .T. ) ;
#5424 = CARTESIAN_POINT ( 'NONE',  ( 49.35353916659936857, 2.999415008524489501, -2.140612148483094668 ) ) ;
#5425 =( NAMED_UNIT ( * ) SI_UNIT ( $, .STERADIAN. ) SOLID_ANGLE_UNIT ( ) );
#5426 = PLANE ( 'NONE',  #1388 ) ;
#5427 = PLANE ( 'NONE',  #5404 ) ;
#5428 = DIRECTION ( 'NONE',  ( -4.625929269271484533E-15, 0.000000000000000000, 1.000000000000000000 ) ) ;
#5429 = CARTESIAN_POINT ( 'NONE',  ( -37.65292864119580685, -31.33007603785901907, -0.8271239484776948814 ) ) ;
#5430 = CARTESIAN_POINT ( 'NONE',  ( 0.000000000000000000, -0.9849999999999997646, -2.520000000000001350 ) ) ;
#5431 = ORIENTED_EDGE ( 'NONE', *, *, #720, .T. ) ;
#5432 = ORIENTED_EDGE ( 'NONE', *, *, #6303, .T. ) ;
#5433 = DIRECTION ( 'NONE',  ( 0.000000000000000000, 0.000000000000000000, 1.000000000000000000 ) ) ;
#5434 = CARTESIAN_POINT ( 'NONE',  ( 59.61942014141044410, -6.255863445944229717, -4.420551961948058661 ) ) ;
#5435 = CARTESIAN_POINT ( 'NONE',  ( 117.2236110756821290, 0.9850000000000002087, 7.776388924317970464 ) ) ;
#5436 = CARTESIAN_POINT ( 'NONE',  ( -59.45973303555225442, -9.353953579702766419, -4.395700187507789458 ) ) ;
#5437 = CARTESIAN_POINT ( 'NONE',  ( -33.47440837631723554, -31.62001486570551734, -1.245230354757480340 ) ) ;
#5438 = CARTESIAN_POINT ( 'NONE',  ( 46.44273668907636221, -32.54321264130814484, -1.785828791658257364 ) ) ;
#5439 = CARTESIAN_POINT ( 'NONE',  ( -20.23333419707005021, 2.925348884175660302, -0.7165254581479174600 ) ) ;
#5440 = CARTESIAN_POINT ( 'NONE',  ( -5.080428271679739538, -9.929353195702010026, -1.033330720882139842 ) ) ;
#5441 = ORIENTED_EDGE ( 'NONE', *, *, #4817, .T. ) ;
#5442 = EDGE_CURVE ( 'NONE', #3176, #1367, #2266, .T. ) ;
#5443 = PLANE ( 'NONE',  #275 ) ;
#5444 = CARTESIAN_POINT ( 'NONE',  ( -54.07861530701788411, -23.38744780005218971, -4.001545601143241981 ) ) ;
#5445 = ORIENTED_EDGE ( 'NONE', *, *, #328, .T. ) ;
#5446 = CARTESIAN_POINT ( 'NONE',  ( 10.75727376011719727, -20.07806786845472757, -1.149802251474626225 ) ) ;
#5447 = DIRECTION ( 'NONE',  ( 0.5695424312950172485, -0.0003100380472546542389, 0.8219618743171547282 ) ) ;
#5448 = DIRECTION ( 'NONE',  ( 1.000000000000000000, 0.000000000000000000, 0.000000000000000000 ) ) ;
#5449 = CARTESIAN_POINT ( 'NONE',  ( -55.31656335830682281, 0.9254695057021995463, -2.965967007812908118 ) ) ;
#5450 = CLOSED_SHELL ( 'NONE', ( #477, #5072, #1867, #4632, #792, #1842, #3978, #5053, #6541, #1621, #6366, #5543, #5182, #2729, #1300, #3080, #4237, #6168, #341, #4018, #3470, #1973, #710, #1810, #4118, #3143, #5406, #141, #5732, #1518, #6716, #615, #5296, #6401, #5248, #5694, #2115, #3966, #2740, #5744, #6157, #2218, #3517, #5399, #760, #249, #1510, #5780, #1366, #5624, #2387, #999 ) ) ;
#5451 = DIRECTION ( 'NONE',  ( -0.0005443633068965336502, 0.9999998518342840814, -2.518186154490093769E-18 ) ) ;
#5452 =( REPRESENTATION_RELATIONSHIP ('NONE','NONE', #356, #2065 ) REPRESENTATION_RELATIONSHIP_WITH_TRANSFORMATION ( #936 )SHAPE_REPRESENTATION_RELATIONSHIP( ) );
#5453 = LINE ( 'NONE', #2855, #6687 ) ;
#5454 = VERTEX_POINT ( 'NONE', #6598 ) ;
#5455 = ORIENTED_EDGE ( 'NONE', *, *, #2864, .T. ) ;
#5456 = ADVANCED_FACE ( 'NONE', ( #267 ), #3200, .T. ) ;
#5457 = CARTESIAN_POINT ( 'NONE',  ( 89.99999999999997158, -0.9849999999999997646, -3.500000000000000888 ) ) ;
#5458 = B_SPLINE_CURVE_WITH_KNOTS ( 'NONE', 3,
 ( #3263, #1151, #1698, #670 ),
 .UNSPECIFIED., .F., .F.,
 ( 4, 4 ),
 ( 0.000000000000000000, 1.000000000000000000 ),
 .UNSPECIFIED. ) ;
#5459 = FACE_OUTER_BOUND ( 'NONE', #4, .T. ) ;
#5460 = DIRECTION ( 'NONE',  ( 0.000000000000000000, 0.000000000000000000, -1.000000000000000000 ) ) ;
#5461 = CARTESIAN_POINT ( 'NONE',  ( 90.00000000000000000, 0.000000000000000000, 35.00000000000000000 ) ) ;
#5462 = CARTESIAN_POINT ( 'NONE',  ( 5.551115123125782702E-14, 1.505000000000000782, 0.2999999999999998224 ) ) ;
#5463 = CARTESIAN_POINT ( 'NONE',  ( 0.000000000000000000, 0.000000000000000000, 0.2000000000000000111 ) ) ;
#5464 = CARTESIAN_POINT ( 'NONE',  ( -52.34605302607618427, 2.169978146757362669, -3.760746376895262255 ) ) ;
#5465 = ADVANCED_FACE ( 'NONE', ( #2339 ), #337, .T. ) ;
#5466 = AXIS2_PLACEMENT_3D ( 'NONE', #2611, #2064, #3127 ) ;
#5467 = ORIENTED_EDGE ( 'NONE', *, *, #1566, .F. ) ;
#5468 = ORIENTED_EDGE ( 'NONE', *, *, #2445, .F. ) ;
#5469 = CARTESIAN_POINT ( 'NONE',  ( -0.1732050807568873418, -0.3000000000000001554, 0.2000000000000000111 ) ) ;
#5470 = CARTESIAN_POINT ( 'NONE',  ( 52.40022094785527429, 2.169978146757343573, -3.364431052626737362 ) ) ;
#5471 = CARTESIAN_POINT ( 'NONE',  ( 62.17423663352469987, -9.961888886619691519, -6.043441438079321770 ) ) ;
#5472 = CARTESIAN_POINT ( 'NONE',  ( 47.36256316717131654, -28.99203072184941732, -3.112580304781176199 ) ) ;
#5473 = CARTESIAN_POINT ( 'NONE',  ( -27.36432937173046653, -31.35972682035337300, -0.7633885114449141529 ) ) ;
#5474 = UNCERTAINTY_MEASURE_WITH_UNIT (LENGTH_MEASURE( 1.000000000000000082E-05 ), #6588, 'distance_accuracy_value', 'NONE');
#5475 = CIRCLE ( 'NONE', #2154, 0.9799999999999988720 ) ;
#5476 = CARTESIAN_POINT ( 'NONE',  ( -10.42665669773803216, -18.55691319536747841, 0.8596157923531517753 ) ) ;
#5477 = SURFACE_SIDE_STYLE ('',( #2255 ) ) ;
#5478 = DIRECTION ( 'NONE',  ( -0.7071067811865465735, -0.000000000000000000, -0.7071067811865483499 ) ) ;
#5479 = EDGE_LOOP ( 'NONE', ( #6568, #2700, #252, #3082 ) ) ;
#5480 = CARTESIAN_POINT ( 'NONE',  ( 0.3020426697766381285, 1.903459816837576479, -0.3000000000000001554 ) ) ;
#5481 = CYLINDRICAL_SURFACE ( 'NONE', #5998, 387.7465117133056651 ) ;
#5482 = VERTEX_POINT ( 'NONE', #5530 ) ;
#5483 = CARTESIAN_POINT ( 'NONE',  ( 12.56852595533962713, -23.49929734854720209, -1.204602011163060205 ) ) ;
#5484 = B_SPLINE_CURVE_WITH_KNOTS ( 'NONE', 1,
 ( #196, #5983 ),
 .UNSPECIFIED., .F., .F.,
 ( 2, 2 ),
 ( 0.000000000000000000, 1.000000000000000000 ),
 .UNSPECIFIED. ) ;
#5485 = CARTESIAN_POINT ( 'NONE',  ( -9.578893593713631915, -4.067746674323867495, 0.8816390107505087670 ) ) ;
#5486 = CYLINDRICAL_SURFACE ( 'NONE', #3302, 68.31155953199039743 ) ;
#5487 = CARTESIAN_POINT ( 'NONE',  ( 54.36492783749033464, -27.85884608469348933, -4.849695278901690720 ) ) ;
#5488 = DIRECTION ( 'NONE',  ( 0.000000000000000000, 0.000000000000000000, -1.000000000000000000 ) ) ;
#5489 = ORIENTED_EDGE ( 'NONE', *, *, #5046, .T. ) ;
#5490 = EDGE_LOOP ( 'NONE', ( #729, #4305, #184, #221 ) ) ;
#5491 = DIRECTION ( 'NONE',  ( 1.000000000000000000, 0.000000000000000000, -0.000000000000000000 ) ) ;
#5492 = VECTOR ( 'NONE', #5989, 1000.000000000000000 ) ;
#5493 = CARTESIAN_POINT ( 'NONE',  ( -53.69507882508757746, -28.49828270883516979, -4.755258213303924286 ) ) ;
#5494 = CARTESIAN_POINT ( 'NONE',  ( 11.91082687090309022, 0.01705800969568945988, 0.8170828356157284755 ) ) ;
#5495 = PLANE ( 'NONE',  #182 ) ;
#5496 = CARTESIAN_POINT ( 'NONE',  ( 116.5306464301193188, -0.004999999999999735559, 8.469353569880784249 ) ) ;
#5497 = CARTESIAN_POINT ( 'NONE',  ( 112.2738636073762848, -0.9849999999999993205, 12.72613639262379515 ) ) ;
#5498 = VERTEX_POINT ( 'NONE', #5015 ) ;
#5499 = EDGE_CURVE ( 'NONE', #1296, #2056, #5010, .T. ) ;
#5500 = VERTEX_POINT ( 'NONE', #3982 ) ;
#5501 = DIRECTION ( 'NONE',  ( 1.000000000000000000, 0.000000000000000000, 0.000000000000000000 ) ) ;
#5502 = CARTESIAN_POINT ( 'NONE',  ( 6.779512877821171735, -15.48517697636201973, 1.140786807769073263 ) ) ;
#5503 = AXIS2_PLACEMENT_3D ( 'NONE', #6818, #2098, #4843 ) ;
#5504 = DIRECTION ( 'NONE',  ( 0.0005443633068965336502, 0.9999998518342840814, -2.518186154490093769E-18 ) ) ;
#5505 = CARTESIAN_POINT ( 'NONE',  ( 14.55252742649374298, -29.92927110482335351, -1.274329471723198326 ) ) ;
#5506 = CARTESIAN_POINT ( 'NONE',  ( -52.41844384913495247, 2.170621015171911861, -3.232350085261342709 ) ) ;
#5507 = UNCERTAINTY_MEASURE_WITH_UNIT (LENGTH_MEASURE( 1.000000000000000082E-05 ), #3997, 'distance_accuracy_value', 'NONE');
#5508 = PRODUCT_DEFINITION_CONTEXT ( 'detailed design', #629, 'design' ) ;
#5509 = CARTESIAN_POINT ( 'NONE',  ( 0.000000000000000000, 0.000000000000000000, 0.2500000000000000000 ) ) ;
#5510 = CARTESIAN_POINT ( 'NONE',  ( 3.764620104879189633, -0.2812769544387508369, 0.9824161106902448148 ) ) ;
#5511 = CARTESIAN_POINT ( 'NONE',  ( -55.23405445994405483, -21.19596268764110292, -4.972745665144918448 ) ) ;
#5512 = ORIENTED_EDGE ( 'NONE', *, *, #1708, .F. ) ;
#5513 = COLOUR_RGB ( '',0.7921568627450980005, 0.8196078431372548767, 0.9333333333333333481 ) ;
#5514 = DIRECTION ( 'NONE',  ( 0.0005443633068965336502, 0.9999998518342840814, -2.518186154490093769E-18 ) ) ;
#5515 = CARTESIAN_POINT ( 'NONE',  ( 90.00000000000000000, 0.9850000000000002087, 35.00000000000000000 ) ) ;
#5516 = EDGE_CURVE ( 'NONE', #2393, #272, #4758, .T. ) ;
#5517 = VERTEX_POINT ( 'NONE', #4502 ) ;
#5518 = CARTESIAN_POINT ( 'NONE',  ( -0.2499999999999444333, 1.505000000000000782, 0.2999999999999998224 ) ) ;
#5519 = APPLICATION_PROTOCOL_DEFINITION ( 'draft international standard', 'automotive_design', 1998, #862 ) ;
#5520 = CARTESIAN_POINT ( 'NONE',  ( -59.38221667069963416, -9.354880160303508774, -4.923325501037682628 ) ) ;
#5521 = CARTESIAN_POINT ( 'NONE',  ( 14.29911971810919979, 3.627154607124123853, 0.9522520782272563267 ) ) ;
#5522 = DIRECTION ( 'NONE',  ( 0.0005443633068965336502, 0.9999998518342840814, -2.518186154490093769E-18 ) ) ;
#5523 = DIRECTION ( 'NONE',  ( -0.7071067811865465735, -0.000000000000000000, -0.7071067811865483499 ) ) ;
#5524 = AXIS2_PLACEMENT_3D ( 'NONE', #278, #242, #767 ) ;
#5525 = ORIENTED_EDGE ( 'NONE', *, *, #5531, .T. ) ;
#5526 = ORIENTED_EDGE ( 'NONE', *, *, #1124, .F. ) ;
#5527 = CIRCLE ( 'NONE', #2524, 0.9799999999999988720 ) ;
#5528 = DIRECTION ( 'NONE',  ( 0.7071067811865466846, 0.000000000000000000, 0.7071067811865484609 ) ) ;
#5529 = CARTESIAN_POINT ( 'NONE',  ( 0.000000000000000000, 0.9850000000000002087, -2.520000000000001350 ) ) ;
#5530 = CARTESIAN_POINT ( 'NONE',  ( 23.34136073444825499, -30.68450847370865375, -0.5046395578391371650 ) ) ;
#5531 = EDGE_CURVE ( 'NONE', #2008, #1721, #1946, .T. ) ;
#5532 = CARTESIAN_POINT ( 'NONE',  ( 0.1732050807568877859, 0.2999999999999999334, 0.2000000000000000111 ) ) ;
#5533 = B_SPLINE_CURVE_WITH_KNOTS ( 'NONE', 3,
 ( #166, #4287, #3728, #6381, #5840, #4914, #2762, #4803, #3766, #2278, #2830, #3202, #1241, #2796, #3350, #3318, #574, #2242, #5320, #1651 ),
 .UNSPECIFIED., .F., .F.,
 ( 4, 2, 2, 2, 2, 2, 2, 2, 2, 4 ),
 ( 2.912628014843543679E-13, 0.003365666062451974812, 0.006731332124612686950, 0.01009699818677339996, 0.01346266424893411209, 0.01682833031109482597, 0.01851116334217518117, 0.02019399637325554331, 0.02355966243541626412, 0.02692532849757698493 ),
 .UNSPECIFIED. ) ;
#5534 = AXIS2_PLACEMENT_3D ( 'NONE', #788, #1199, #195 ) ;
#5535 = CARTESIAN_POINT ( 'NONE',  ( 71.86096730968294821, -2.171158856683157001, -15.23888633471938370 ) ) ;
#5536 = B_SPLINE_CURVE_WITH_KNOTS ( 'NONE', 3,
 ( #5353, #1681, #3983, #6599, #5984, #723 ),
 .UNSPECIFIED., .F., .F.,
 ( 4, 2, 4 ),
 ( 0.000000000000000000, 0.5000000000000000000, 1.000000000000000000 ),
 .UNSPECIFIED. ) ;
#5537 = EDGE_CURVE ( 'NONE', #272, #263, #3438, .T. ) ;
#5538 = DIRECTION ( 'NONE',  ( -1.000000000000000000, -0.000000000000000000, -0.000000000000000000 ) ) ;
#5539 = ORIENTED_EDGE ( 'NONE', *, *, #4550, .F. ) ;
#5540 = ORIENTED_EDGE ( 'NONE', *, *, #6549, .T. ) ;
#5541 = CARTESIAN_POINT ( 'NONE',  ( 10.15545380521784935, -2.070231588386741262, -1.133683365570349766 ) ) ;
#5542 = CARTESIAN_POINT ( 'NONE',  ( 5.923289096503500772, -10.97173934209919466, -1.245117442360748727 ) ) ;
#5543 = ADVANCED_FACE ( 'NONE', ( #5568 ), #755, .T. ) ;
#5544 = CARTESIAN_POINT ( 'NONE',  ( 21.56530803973845067, -33.39491887361500488, -1.601669839948592244 ) ) ;
#5545 = LINE ( 'NONE', #2906, #6022 ) ;
#5546 = CARTESIAN_POINT ( 'NONE',  ( -10.00873380900355336, -17.03887243384682648, 0.8710232428567331597 ) ) ;
#5547 = EDGE_CURVE ( 'NONE', #2291, #1610, #660, .T. ) ;
#5548 = DIRECTION ( 'NONE',  ( -0.000000000000000000, -0.000000000000000000, -1.000000000000000000 ) ) ;
#5549 = CARTESIAN_POINT ( 'NONE',  ( -27.11172955983454358, -34.34509117505096043, 0.05716157667553392607 ) ) ;
#5550 = ORIENTED_EDGE ( 'NONE', *, *, #5117, .F. ) ;
#5551 = ORIENTED_EDGE ( 'NONE', *, *, #4352, .F. ) ;
#5552 = CARTESIAN_POINT ( 'NONE',  ( -54.92615327572448791, -27.50965971782470731, -2.909874544699159848 ) ) ;
#5553 = CARTESIAN_POINT ( 'NONE',  ( -72.36096723560009991, -2.171431038336605113, -14.26371814922621262 ) ) ;
#5554 = EDGE_CURVE ( 'NONE', #263, #1677, #2771, .T. ) ;
#5555 = ORIENTED_EDGE ( 'NONE', *, *, #4740, .T. ) ;
#5556 = AXIS2_PLACEMENT_3D ( 'NONE', #3433, #6640, #843 ) ;
#5557 = DIRECTION ( 'NONE',  ( -0.000000000000000000, -1.000000000000000000, -0.000000000000000000 ) ) ;
#5558 = CARTESIAN_POINT ( 'NONE',  ( 59.42128020865893490, -8.693086841877084581, -5.604147809579946404 ) ) ;
#5559 = CARTESIAN_POINT ( 'NONE',  ( 84.08136606467890317, -10.38746360755481035, -9.265816001617379172 ) ) ;
#5560 = CARTESIAN_POINT ( 'NONE',  ( -71.61096734672436526, -2.171022765856432724, -15.23888633471938370 ) ) ;
#5561 = B_SPLINE_CURVE_WITH_KNOTS ( 'NONE', 3,
 ( #1194, #3309, #1745, #5421, #6047, #4423, #5009, #679, #4975, #158, #3379, #2268, #6484, #3866, #5979, #3342 ),
 .UNSPECIFIED., .F., .F.,
 ( 4, 2, 2, 2, 2, 2, 2, 4 ),
 ( 8.556967715098310197E-14, 0.001793740199655003299, 0.002690610299439719945, 0.003587480399224437025, 0.004484350499009154105, 0.005381220598793870317, 0.006278090698578587397, 0.007174960798363304477 ),
 .UNSPECIFIED. ) ;
#5562 = CARTESIAN_POINT ( 'NONE',  ( -21.83912000694338573, 0.04610659934080021949, 52.09403470126694913 ) ) ;
#5563 = ORIENTED_EDGE ( 'NONE', *, *, #1310, .F. ) ;
#5564 = ORIENTED_EDGE ( 'NONE', *, *, #6202, .F. ) ;
#5565 = FACE_OUTER_BOUND ( 'NONE', #1422, .T. ) ;
#5566 = EDGE_CURVE ( 'NONE', #2107, #4291, #6310, .T. ) ;
#5567 = CARTESIAN_POINT ( 'NONE',  ( 0.000000000000000000, 0.000000000000000000, 0.000000000000000000 ) ) ;
#5568 = FACE_OUTER_BOUND ( 'NONE', #4712, .T. ) ;
#5569 = PLANE ( 'NONE',  #1323 ) ;
#5570 = CARTESIAN_POINT ( 'NONE',  ( 47.42817981696640572, -28.99280164900113732, -2.583300724152906902 ) ) ;
#5571 = CARTESIAN_POINT ( 'NONE',  ( -57.87847640565640006, -1.643059569525868735, -4.153003173894409095 ) ) ;
#5572 = EDGE_LOOP ( 'NONE', ( #6754, #4535, #528, #2384 ) ) ;
#5573 = DIRECTION ( 'NONE',  ( -0.9959016034323404654, 0.000000000000000000, 0.09044333187633743498 ) ) ;
#5574 = CARTESIAN_POINT ( 'NONE',  ( 3.224964793597275836, -8.364347729640424944, 1.187826073424066875 ) ) ;
#5575 = EDGE_CURVE ( 'NONE', #414, #1670, #380, .T. ) ;
#5576 = DIRECTION ( 'NONE',  ( -1.000000000000000000, -0.000000000000000000, -0.000000000000000000 ) ) ;
#5577 =( BOUNDED_CURVE ( )  B_SPLINE_CURVE ( 3, ( #5830, #495, #1083, #4695 ),
 .UNSPECIFIED., .F., .T. ) 
 B_SPLINE_CURVE_WITH_KNOTS ( ( 4, 4 ),
 ( 3.141592653589790896, 6.283185307179586232 ),
 .UNSPECIFIED. ) 
 CURVE ( )  GEOMETRIC_REPRESENTATION_ITEM ( )  RATIONAL_B_SPLINE_CURVE ( ( 1.000000000000000000, 0.3333333333333325932, 0.3333333333333325932, 1.000000000000000000 ) ) 
 REPRESENTATION_ITEM ( '' )  );
#5578 = CARTESIAN_POINT ( 'NONE',  ( 47.50804008522567301, -28.98762727043579090, -1.921488931554431234 ) ) ;
#5579 = FILL_AREA_STYLE_COLOUR ( '', #2035 ) ;
#5580 =( NAMED_UNIT ( * ) PLANE_ANGLE_UNIT ( ) SI_UNIT ( $, .RADIAN. ) );
#5581 = ORIENTED_EDGE ( 'NONE', *, *, #5319, .T. ) ;
#5582 = ORIENTED_EDGE ( 'NONE', *, *, #5912, .F. ) ;
#5583 = LINE ( 'NONE', #3964, #4177 ) ;
#5584 = DIRECTION ( 'NONE',  ( 0.000000000000000000, 0.000000000000000000, 1.000000000000000000 ) ) ;
#5585 = VECTOR ( 'NONE', #1058, 1000.000000000000000 ) ;
#5586 = AXIS2_PLACEMENT_3D ( 'NONE', #847, #324, #1942 ) ;
#5587 = CARTESIAN_POINT ( 'NONE',  ( 5.386606811324479160, -10.26445250192110059, 0.9626620571900180723 ) ) ;
#5588 = PRODUCT_CONTEXT ( 'NONE', #806, 'mechanical' ) ;
#5589 = CARTESIAN_POINT ( 'NONE',  ( 0.000000000000000000, -0.9849999999999993205, 3.499999999999999112 ) ) ;
#5590 = CARTESIAN_POINT ( 'NONE',  ( 36.19817153943166232, 7.724348755971301550, -1.269812644684281011 ) ) ;
#5591 = FACE_OUTER_BOUND ( 'NONE', #4498, .T. ) ;
#5592 = CARTESIAN_POINT ( 'NONE',  ( -40.71453444325737081, 7.587670349106946155, -1.135234246073208997 ) ) ;
#5593 = ORIENTED_EDGE ( 'NONE', *, *, #5547, .F. ) ;
#5594 = ORIENTED_EDGE ( 'NONE', *, *, #33, .T. ) ;
#5595 = CARTESIAN_POINT ( 'NONE',  ( 59.47686130327245735, -6.823481713057146791, -5.612841260251935083 ) ) ;
#5596 = CARTESIAN_POINT ( 'NONE',  ( -47.36256316717078363, -28.99203072184976193, -3.112580304781065177 ) ) ;
#5597 = DIRECTION ( 'NONE',  ( -0.000000000000000000, -1.000000000000000000, 0.000000000000000000 ) ) ;
#5598 = FACE_OUTER_BOUND ( 'NONE', #761, .T. ) ;
#5599 = CARTESIAN_POINT ( 'NONE',  ( -73.32820114138156953, -2.114193178507996596, -6.559584780711466223 ) ) ;
#5600 = AXIS2_PLACEMENT_3D ( 'NONE', #784, #6012, #2888 ) ;
#5601 = EDGE_LOOP ( 'NONE', ( #3046, #1021, #795, #3939 ) ) ;
#5602 = EDGE_CURVE ( 'NONE', #25, #4467, #3609, .T. ) ;
#5603 = CARTESIAN_POINT ( 'NONE',  ( -11.42194602273919912, -21.50636846652926337, 0.03222188404730230021 ) ) ;
#5604 = CARTESIAN_POINT ( 'NONE',  ( 6.864615655498146118, -14.22371950113054595, 1.139247701720311756 ) ) ;
#5605 = AXIS2_PLACEMENT_3D ( 'NONE', #4906, #2824, #3452 ) ;
#5606 = FACE_OUTER_BOUND ( 'NONE', #5479, .T. ) ;
#5607 = CARTESIAN_POINT ( 'NONE',  ( 59.52264734376945654, -8.744268348890896547, -4.810291964501657525 ) ) ;
#5608 = CARTESIAN_POINT ( 'NONE',  ( -71.63591906163591716, 1.027496301198058903, -5.094182362657604379 ) ) ;
#5609 = SURFACE_STYLE_USAGE ( .BOTH. , #1291 ) ;
#5610 = CYLINDRICAL_SURFACE ( 'NONE', #5323, 5.378530200181927512 ) ;
#5611 = DIRECTION ( 'NONE',  ( 0.000000000000000000, 0.000000000000000000, 1.000000000000000000 ) ) ;
#5612 = VERTEX_POINT ( 'NONE', #369 ) ;
#5613 = CARTESIAN_POINT ( 'NONE',  ( -59.28410632144863257, -5.332957669198304274, -5.582808084824838701 ) ) ;
#5614 = CARTESIAN_POINT ( 'NONE',  ( 112.9668282529391092, -0.004999999999999579434, 12.03317174706097781 ) ) ;
#5615 = ADVANCED_FACE ( 'NONE', ( #4692 ), #6775, .F. ) ;
#5616 = B_SPLINE_CURVE_WITH_KNOTS ( 'NONE', 3,
 ( #4855, #1694, #215, #4443 ),
 .UNSPECIFIED., .F., .F.,
 ( 4, 4 ),
 ( 0.000000000000000000, 1.000000000000000000 ),
 .UNSPECIFIED. ) ;
#5617 = ADVANCED_FACE ( 'NONE', ( #6173 ), #5658, .T. ) ;
#5618 = EDGE_CURVE ( 'NONE', #89, #6807, #2048, .T. ) ;
#5619 = CARTESIAN_POINT ( 'NONE',  ( 13.98890673045872290, 1.148922094363814761, -0.05294645060061053954 ) ) ;
#5620 = ITEM_DEFINED_TRANSFORMATION ( 'NONE', 'NONE', #3796,  #6116 ) ;
#5621 = CARTESIAN_POINT ( 'NONE',  ( 8.301729133030601560, 1.164669439050466604, 1.123514075218147168 ) ) ;
#5622 = CIRCLE ( 'NONE', #4414, 0.2499999999999999445 ) ;
#5623 = CARTESIAN_POINT ( 'NONE',  ( 59.70714811555028945, -8.690137056043573338, -3.624556652953946578 ) ) ;
#5624 = ADVANCED_FACE ( 'NONE', ( #5207 ), #2499, .T. ) ;
#5625 = CARTESIAN_POINT ( 'NONE',  ( -9.122566037954543461, -23.55124119026174156, -1.107784394627247870 ) ) ;
#5626 = DIRECTION ( 'NONE',  ( 0.6040853395531656789, 0.7969196336751508403, -0.000000000000000000 ) ) ;
#5627 = VERTEX_POINT ( 'NONE', #5690 ) ;
#5628 = DIRECTION ( 'NONE',  ( -0.0005443633068965336502, 0.9999998518342840814, -2.518186154490093769E-18 ) ) ;
#5629 = CARTESIAN_POINT ( 'NONE',  ( 0.000000000000000000, 0.000000000000000000, 0.000000000000000000 ) ) ;
#5630 = CARTESIAN_POINT ( 'NONE',  ( -50.12460538285044720, -27.74486028184681885, -3.058542987424528903 ) ) ;
#5631 = B_SPLINE_CURVE_WITH_KNOTS ( 'NONE', 3,
 ( #5472, #175, #1249, #768, #802, #4992 ),
 .UNSPECIFIED., .F., .F.,
 ( 4, 2, 4 ),
 ( 0.000000000000000000, 0.5000000000000000000, 1.000000000000000000 ),
 .UNSPECIFIED. ) ;
#5632 = CARTESIAN_POINT ( 'NONE',  ( 10.86571740275682529, -1.051709655910660679, 0.8477751154876348449 ) ) ;
#5633 = DIRECTION ( 'NONE',  ( 0.000000000000000000, -1.000000000000000000, -0.000000000000000000 ) ) ;
#5634 = COLOUR_RGB ( '',1.000000000000000000, 1.000000000000000000, 1.000000000000000000 ) ;
#5635 = ORIENTED_EDGE ( 'NONE', *, *, #2567, .T. ) ;
#5636 = CARTESIAN_POINT ( 'NONE',  ( -14.00152063799700031, -25.39495585576661441, -0.4519948574822930665 ) ) ;
#5637 = CARTESIAN_POINT ( 'NONE',  ( 6.513769980162344986, -16.47775753404175703, 1.145311803467630396 ) ) ;
#5638 = CIRCLE ( 'NONE', #5850, 7.356347997161058139 ) ;
#5639 = DIRECTION ( 'NONE',  ( 0.000000000000000000, 0.000000000000000000, -1.000000000000000000 ) ) ;
#5640 = CARTESIAN_POINT ( 'NONE',  ( 59.39826745182346457, -9.353953579702759313, -4.790949453183035445 ) ) ;
#5641 = DIRECTION ( 'NONE',  ( 0.000000000000000000, 0.000000000000000000, 1.000000000000000000 ) ) ;
#5642 = B_SPLINE_CURVE_WITH_KNOTS ( 'NONE', 3,
 ( #3208, #658, #66, #1724, #5434, #4879, #3250, #1657, #2685, #4436, #5993, #137, #2802, #4919, #1246, #6426, #2178, #5470 ),
 .UNSPECIFIED., .F., .F.,
 ( 4, 2, 2, 2, 2, 2, 2, 2, 4 ),
 ( 0.000000000000000000, 0.1250000000000000278, 0.2500000000000000555, 0.3750000000000001110, 0.5000000000000001110, 0.6250000000000000000, 0.7500000000000000000, 0.8750000000000001110, 1.000000000000000000 ),
 .UNSPECIFIED. ) ;
#5643 = CARTESIAN_POINT ( 'NONE',  ( 112.9668282529391092, 0.005000000000000229955, 12.03317174706098136 ) ) ;
#5644 = VERTEX_POINT ( 'NONE', #4628 ) ;
#5645 = EDGE_LOOP ( 'NONE', ( #5990, #3905, #5326, #4210 ) ) ;
#5646 = CARTESIAN_POINT ( 'NONE',  ( -10.35400005103250720, -18.56206631971965848, -1.138811692849617252 ) ) ;
#5647 = PLANE ( 'NONE',  #6539 ) ;
#5648 = VECTOR ( 'NONE', #6641, 1000.000000000000000 ) ;
#5649 = DIRECTION ( 'NONE',  ( -0.0005443633068965336502, 0.9999998518342840814, -2.518186154490093769E-18 ) ) ;
#5650 = DIRECTION ( 'NONE',  ( 0.7969196336751507292, 0.6040853395531655678, 0.000000000000000000 ) ) ;
#5651 = PRODUCT_RELATED_PRODUCT_CATEGORY ( 'part', '', ( #3824 ) ) ;
#5652 = LINE ( 'NONE', #6139, #5839 ) ;
#5653 = DIRECTION ( 'NONE',  ( -0.9909837842824907872, 0.000000000000000000, -0.1339818617916381516 ) ) ;
#5654 = CIRCLE ( 'NONE', #1450, 31.50000000000000711 ) ;
#5655 = AXIS2_PLACEMENT_3D ( 'NONE', #5553, #6474, #1699 ) ;
#5656 = VERTEX_POINT ( 'NONE', #6710 ) ;
#5657 = DIRECTION ( 'NONE',  ( 0.8660254037844384856, 0.5000000000000004441, -0.000000000000000000 ) ) ;
#5658 = PLANE ( 'NONE',  #4493 ) ;
#5659 = EDGE_CURVE ( 'NONE', #1756, #1571, #4924, .T. ) ;
#5660 = CARTESIAN_POINT ( 'NONE',  ( 9.627224332351747904, -3.768339521599774589, 0.8804686985188838744 ) ) ;
#5661 = CARTESIAN_POINT ( 'NONE',  ( -11.02594280709389274, 2.364914076947106647, 0.2556064007654420545 ) ) ;
#5662 = ADVANCED_FACE ( 'NONE', ( #5274 ), #2702, .T. ) ;
#5663 = ORIENTED_EDGE ( 'NONE', *, *, #5442, .F. ) ;
#5664 = CARTESIAN_POINT ( 'NONE',  ( 89.99999999999997158, 0.9850000000000002087, 2.520000000000000018 ) ) ;
#5665 = CARTESIAN_POINT ( 'NONE',  ( 14.01442258220784787, -25.39336584902276073, -0.05219434761238250786 ) ) ;
#5666 = EDGE_CURVE ( 'NONE', #1052, #4163, #4024, .T. ) ;
#5667 = CARTESIAN_POINT ( 'NONE',  ( 62.71335959531941739, 3.015640344973764986, -4.103352390038341291 ) ) ;
#5668 = CARTESIAN_POINT ( 'NONE',  ( 23.39007884152525563, -30.68223936111589367, 0.2938519568721940645 ) ) ;
#5669 = ORIENTED_EDGE ( 'NONE', *, *, #2636, .F. ) ;
#5670 = LINE ( 'NONE', #5156, #6625 ) ;
#5671 = ORIENTED_EDGE ( 'NONE', *, *, #1662, .T. ) ;
#5672 = ORIENTED_EDGE ( 'NONE', *, *, #4158, .F. ) ;
#5673 = CARTESIAN_POINT ( 'NONE',  ( 9.741471222838214317, -15.56651442464019830, 0.8776241351996909579 ) ) ;
#5674 = CARTESIAN_POINT ( 'NONE',  ( 112.9668282529391092, -0.9849999999999993205, 12.03317174706097958 ) ) ;
#5675 = AXIS2_PLACEMENT_3D ( 'NONE', #3097, #5806, #1027 ) ;
#5676 = ADVANCED_FACE ( 'NONE', ( #559 ), #1709, .T. ) ;
#5677 = CARTESIAN_POINT ( 'NONE',  ( 29.91147918529572891, 4.341839787007422125, -0.9440296233652989422 ) ) ;
#5678 = CONTEXT_DEPENDENT_SHAPE_REPRESENTATION ( #5707, #3267 ) ;
#5679 = CARTESIAN_POINT ( 'NONE',  ( -52.40022094785455664, 2.169978146757524762, -3.364431052626626339 ) ) ;
#5680 = PLANE ( 'NONE',  #1481 ) ;
#5681 = VECTOR ( 'NONE', #5478, 1000.000000000000114 ) ;
#5682 = ORIENTED_EDGE ( 'NONE', *, *, #1861, .T. ) ;
#5683 = CARTESIAN_POINT ( 'NONE',  ( 11.41012976625099107, -21.50637450528479278, -0.3676047850222601832 ) ) ;
#5684 = ADVANCED_FACE ( 'NONE', ( #5342 ), #116, .T. ) ;
#5685 = DIRECTION ( 'NONE',  ( -4.625929269271484533E-15, 0.000000000000000000, 1.000000000000000000 ) ) ;
#5686 = EDGE_LOOP ( 'NONE', ( #514, #5445, #1136, #4939 ) ) ;
#5687 = DIRECTION ( 'NONE',  ( 0.000000000000000000, 0.000000000000000000, -1.000000000000000000 ) ) ;
#5688 = VECTOR ( 'NONE', #1156, 1000.000000000000000 ) ;
#5689 = FILL_AREA_STYLE_COLOUR ( '', #1024 ) ;
#5690 = CARTESIAN_POINT ( 'NONE',  ( 74.33232441199879759, -5.972304432543244168, -15.23888633471944054 ) ) ;
#5691 = CARTESIAN_POINT ( 'NONE',  ( 13.97444591346476450, 1.148922094363622914, -0.4526849711010587085 ) ) ;
#5692 = VERTEX_POINT ( 'NONE', #1703 ) ;
#5693 = FACE_OUTER_BOUND ( 'NONE', #5857, .T. ) ;
#5694 = ADVANCED_FACE ( 'NONE', ( #598 ), #5832, .F. ) ;
#5695 = ORIENTED_EDGE ( 'NONE', *, *, #6463, .T. ) ;
#5696 = CARTESIAN_POINT ( 'NONE',  ( -17.63876605063127201, -28.38395070964282141, 0.5991165458870032490 ) ) ;
#5697 = EDGE_CURVE ( 'NONE', #1267, #981, #1393, .T. ) ;
#5698 = PRESENTATION_STYLE_ASSIGNMENT (( #2541 ) ) ;
#5699 = AXIS2_PLACEMENT_3D ( 'NONE', #5382, #2787, #3411 ) ;
#5700 = CARTESIAN_POINT ( 'NONE',  ( 48.22897887215315649, 6.873277091179337717, -2.002844594646801202 ) ) ;
#5701 = LINE ( 'NONE', #2647, #2687 ) ;
#5702 = EDGE_CURVE ( 'NONE', #2800, #5261, #5416, .T. ) ;
#5703 = VERTEX_POINT ( 'NONE', #3269 ) ;
#5704 = ORIENTED_EDGE ( 'NONE', *, *, #3146, .T. ) ;
#5705 = LINE ( 'NONE', #3589, #2870 ) ;
#5706 = CIRCLE ( 'NONE', #2716, 0.9799999999999999822 ) ;
#5707 =( REPRESENTATION_RELATIONSHIP ('NONE','NONE', #356, #2958 ) REPRESENTATION_RELATIONSHIP_WITH_TRANSFORMATION ( #5074 )SHAPE_REPRESENTATION_RELATIONSHIP( ) );
#5708 = B_SPLINE_CURVE_WITH_KNOTS ( 'NONE', 3,
 ( #2952, #6649, #3875, #1275 ),
 .UNSPECIFIED., .F., .F.,
 ( 4, 4 ),
 ( 0.000000000000000000, 1.000000000000000000 ),
 .UNSPECIFIED. ) ;
#5709 = CARTESIAN_POINT ( 'NONE',  ( 54.51768883920644271, 1.405306361096850809, -2.851441785205393487 ) ) ;
#5710 = ORIENTED_EDGE ( 'NONE', *, *, #4679, .T. ) ;
#5711 = CARTESIAN_POINT ( 'NONE',  ( -36.43989370577055098, 4.445846671898517677, -0.7152101801329293629 ) ) ;
#5712 = CARTESIAN_POINT ( 'NONE',  ( -53.59727496593992413, -24.04393877522731060, -4.741474296670792121 ) ) ;
#5713 = VERTEX_POINT ( 'NONE', #6441 ) ;
#5714 = CIRCLE ( 'NONE', #2724, 0.9799999999999999822 ) ;
#5715 = FACE_OUTER_BOUND ( 'NONE', #5300, .T. ) ;
#5716 = CARTESIAN_POINT ( 'NONE',  ( -10.37985802722827344, -18.55989949019270568, -0.4727630208023363978 ) ) ;
#5717 = AXIS2_PLACEMENT_3D ( 'NONE', #3359, #315, #243 ) ;
#5718 = PLANE ( 'NONE',  #5137 ) ;
#5719 = ORIENTED_EDGE ( 'NONE', *, *, #3661, .T. ) ;
#5720 = DIRECTION ( 'NONE',  ( 0.0005443633068965336502, 0.9999998518342840814, -2.518186154490093769E-18 ) ) ;
#5721 = CYLINDRICAL_SURFACE ( 'NONE', #4174, 0.2500000000000000000 ) ;
#5722 = DIRECTION ( 'NONE',  ( 0.000000000000000000, 0.000000000000000000, -1.000000000000000000 ) ) ;
#5723 = VERTEX_POINT ( 'NONE', #675 ) ;
#5724 = CYLINDRICAL_SURFACE ( 'NONE', #1509, 0.2500000000000037192 ) ;
#5725 = SURFACE_SIDE_STYLE ('',( #4598 ) ) ;
#5726 = CARTESIAN_POINT ( 'NONE',  ( -66.98417885191005894, 1.028568487533104481, -12.23888633471946363 ) ) ;
#5727 = PLANE ( 'NONE',  #4736 ) ;
#5728 = ORIENTED_EDGE ( 'NONE', *, *, #4056, .F. ) ;
#5729 = VECTOR ( 'NONE', #1051, 1000.000000000000000 ) ;
#5730 = CARTESIAN_POINT ( 'NONE',  ( -32.39431754614155778, 7.527193366182288514, -0.1287877006394806678 ) ) ;
#5731 = EDGE_LOOP ( 'NONE', ( #1747, #6476, #292, #2683 ) ) ;
#5732 = ADVANCED_FACE ( 'NONE', ( #2783 ), #4897, .F. ) ;
#5733 = CARTESIAN_POINT ( 'NONE',  ( -10.80442669312483162, -20.06148230094536800, 0.04934452278079008714 ) ) ;
#5734 = CARTESIAN_POINT ( 'NONE',  ( 20.33860175552305094, -29.85585597339612463, -0.3324003118841746263 ) ) ;
#5735 = CARTESIAN_POINT ( 'NONE',  ( 3.021956730846051542, -0.4024515812644626767, 0.9889555031234406046 ) ) ;
#5736 = ADVANCED_FACE ( 'NONE', ( #2817 ), #1369, .T. ) ;
#5737 = DIRECTION ( 'NONE',  ( 0.000000000000000000, 0.000000000000000000, 1.000000000000000000 ) ) ;
#5738 = CARTESIAN_POINT ( 'NONE',  ( 39.43468889017614742, 7.594048859660733619, -1.008445168560056393 ) ) ;
#5739 = DIRECTION ( 'NONE',  ( 0.000000000000000000, 0.000000000000000000, -1.000000000000000000 ) ) ;
#5740 = VERTEX_POINT ( 'NONE', #6646 ) ;
#5741 = MECHANICAL_DESIGN_GEOMETRIC_PRESENTATION_REPRESENTATION (  '', ( #982 ), #4023 ) ;
#5742 = ORIENTED_EDGE ( 'NONE', *, *, #1716, .T. ) ;
#5743 = CARTESIAN_POINT ( 'NONE',  ( 89.99999999999997158, -0.9849999999999993205, 2.520000000000000018 ) ) ;
#5744 = ADVANCED_FACE ( 'NONE', ( #295 ), #3476, .F. ) ;
#5745 = CARTESIAN_POINT ( 'NONE',  ( -17.05634951326300808, 2.164688873460474117, -1.364666372739869349 ) ) ;
#5746 = VERTEX_POINT ( 'NONE', #2331 ) ;
#5747 = CARTESIAN_POINT ( 'NONE',  ( -39.70617632364205463, 4.313604632297735719, -1.034878833865755965 ) ) ;
#5748 = CARTESIAN_POINT ( 'NONE',  ( -47.26598171559211181, -28.99612849199822406, -3.906672837020707778 ) ) ;
#5749 = EDGE_CURVE ( 'NONE', #2261, #3757, #780, .T. ) ;
#5750 = ORIENTED_EDGE ( 'NONE', *, *, #5821, .T. ) ;
#5751 = CARTESIAN_POINT ( 'NONE',  ( -10.40086768766399317, -18.55905596577902728, 0.1935642278317254994 ) ) ;
#5752 = FACE_OUTER_BOUND ( 'NONE', #4377, .T. ) ;
#5753 = ORIENTED_EDGE ( 'NONE', *, *, #4668, .F. ) ;
#5754 = CARTESIAN_POINT ( 'NONE',  ( 10.79325605214787309, -20.06147593205301405, -0.3504996929709371378 ) ) ;
#5755 = DIRECTION ( 'NONE',  ( 1.000000000000000000, 0.000000000000000000, 0.000000000000000000 ) ) ;
#5756 = EDGE_CURVE ( 'NONE', #3381, #5011, #283, .T. ) ;
#5757 = ORIENTED_EDGE ( 'NONE', *, *, #848, .T. ) ;
#5758 = CARTESIAN_POINT ( 'NONE',  ( 10.35365832981629985, -18.56215944170708454, -1.138790000481002984 ) ) ;
#5759 = UNCERTAINTY_MEASURE_WITH_UNIT (LENGTH_MEASURE( 1.000000000000000082E-05 ), #5051, 'distance_accuracy_value', 'NONE');
#5760 = SHAPE_REPRESENTATION_RELATIONSHIP ( 'NONE' , 'NONE' ,  #2254, #1282 ) ;
#5761 = CARTESIAN_POINT ( 'NONE',  ( 0.3806637870512694644, -0.6060632677129881296, -1.000006594020322881 ) ) ;
#5762 = CARTESIAN_POINT ( 'NONE',  ( 0.000000000000000000, -0.9849999999999997646, -2.520000000000001350 ) ) ;
#5763 = CARTESIAN_POINT ( 'NONE',  ( -62.48310918642960843, -8.870769884119603432, -6.094018378287395343 ) ) ;
#5764 = VERTEX_POINT ( 'NONE', #5075 ) ;
#5765 = CARTESIAN_POINT ( 'NONE',  ( -61.68664093978968310, 3.413243352908217343, -5.338284440332859759 ) ) ;
#5766 = EDGE_CURVE ( 'NONE', #5244, #5914, #2852, .T. ) ;
#5767 = VERTEX_POINT ( 'NONE', #224 ) ;
#5768 = CARTESIAN_POINT ( 'NONE',  ( -11.87210844170548363, 0.03273879182625201445, 0.01815293727651712610 ) ) ;
#5769 = CARTESIAN_POINT ( 'NONE',  ( -0.3464101615137752388, -1.106352066656306181E-16, 0.2000000000000000111 ) ) ;
#5770 = B_SPLINE_CURVE_WITH_KNOTS ( 'NONE', 3,
 ( #4551, #346, #2449, #6153, #5804, #6720, #6280, #4254, #6347, #3026, #4771, #3585, #4667, #1581, #4636, #3550, #1516, #1988 ),
 .UNSPECIFIED., .F., .F.,
 ( 4, 2, 2, 2, 2, 2, 2, 2, 4 ),
 ( 0.000000000000000000, 0.004639242317696599081, 0.006958863476544898188, 0.009278484635393198163, 0.01043829521481734295, 0.01159810579424148946, 0.01391772695308979291, 0.01623734811193809635, 0.01855696927078639979 ),
 .UNSPECIFIED. ) ;
#5771 = DIRECTION ( 'NONE',  ( 0.8119951814335659712, -0.0004420204476415801075, 0.5836639700603371006 ) ) ;
#5772 = B_SPLINE_CURVE_WITH_KNOTS ( 'NONE', 3,
 ( #4563, #5623, #884, #6221 ),
 .UNSPECIFIED., .F., .F.,
 ( 4, 4 ),
 ( 0.000000000000000000, 0.001997969077411593242 ),
 .UNSPECIFIED. ) ;
#5773 = CARTESIAN_POINT ( 'NONE',  ( 124.6560559063280351, -0.9849999999999993205, 25.10832869157556857 ) ) ;
#5774 = CARTESIAN_POINT ( 'NONE',  ( -20.31561744932387725, -29.85481788596218067, -0.7317531622798658653 ) ) ;
#5775 = CARTESIAN_POINT ( 'NONE',  ( -0.2499999999999444333, 1.505000000000000782, -0.3000000000000001554 ) ) ;
#5776 = ORIENTED_EDGE ( 'NONE', *, *, #2276, .T. ) ;
#5777 = AXIS2_PLACEMENT_3D ( 'NONE', #5463, #59, #2679 ) ;
#5778 = EDGE_LOOP ( 'NONE', ( #6335, #5160, #5413, #1332 ) ) ;
#5779 = PLANE ( 'NONE',  #6081 ) ;
#5780 = ADVANCED_FACE ( 'NONE', ( #187 ), #4561, .F. ) ;
#5781 = CARTESIAN_POINT ( 'NONE',  ( -20.20293166760440684, 2.933977692219909006, -1.516265139702100528 ) ) ;
#5782 = VERTEX_POINT ( 'NONE', #5485 ) ;
#5783 = CARTESIAN_POINT ( 'NONE',  ( -14.02022323956612482, 1.141500831036104335, 0.7463235250255078057 ) ) ;
#5784 = FACE_OUTER_BOUND ( 'NONE', #2270, .T. ) ;
#5785 = COLOUR_RGB ( '',0.7921568627450980005, 0.8196078431372548767, 0.9333333333333333481 ) ;
#5786 = ORIENTED_EDGE ( 'NONE', *, *, #1609, .F. ) ;
#5787 = CARTESIAN_POINT ( 'NONE',  ( 112.9668282529391092, 0.005000000000000229955, 12.03317174706097958 ) ) ;
#5788 = CARTESIAN_POINT ( 'NONE',  ( -64.72342393188475285, 2.100320274016993949, -6.461724200783192984 ) ) ;
#5789 = VERTEX_POINT ( 'NONE', #1912 ) ;
#5790 = CARTESIAN_POINT ( 'NONE',  ( 66.98417885191005894, -5.972304474962074394, -12.23888633471946363 ) ) ;
#5791 = CARTESIAN_POINT ( 'NONE',  ( 71.86096730968294821, -2.171158856683157001, -15.23888633471938370 ) ) ;
#5792 = VERTEX_POINT ( 'NONE', #5006 ) ;
#5793 = CARTESIAN_POINT ( 'NONE',  ( 52.35785589792356376, -25.83769692428422360, -3.760624728254338134 ) ) ;
#5794 = CARTESIAN_POINT ( 'NONE',  ( -9.635423966453018352, -3.473169532923022107, -0.3200992989547349898 ) ) ;
#5795 = VECTOR ( 'NONE', #878, 1000.000000000000000 ) ;
#5796 = CARTESIAN_POINT ( 'NONE',  ( -8.728473713316333260, 1.287572035498690148, -1.098723221247326132 ) ) ;
#5797 = SURFACE_SIDE_STYLE ('',( #6302 ) ) ;
#5798 = VERTEX_POINT ( 'NONE', #3339 ) ;
#5799 = CARTESIAN_POINT ( 'NONE',  ( -24.53714910389382453, 6.491929769951052975, -1.956506810357887760 ) ) ;
#5800 = AXIS2_PLACEMENT_3D ( 'NONE', #1613, #6378, #3798 ) ;
#5801 = ORIENTED_EDGE ( 'NONE', *, *, #6757, .T. ) ;
#5802 = CARTESIAN_POINT ( 'NONE',  ( -59.30685498266527844, -20.15282512598496822, -3.561222430390135418 ) ) ;
#5803 = CARTESIAN_POINT ( 'NONE',  ( -11.05422605842061223, -20.41718379181261867, 0.8424265442337435239 ) ) ;
#5804 = CARTESIAN_POINT ( 'NONE',  ( -17.53391998800112361, -28.37544810326910039, -1.398181834704107285 ) ) ;
#5805 = CARTESIAN_POINT ( 'NONE',  ( 28.15091248733791218, 6.933481378039057397, -0.02121717522476522164 ) ) ;
#5806 = DIRECTION ( 'NONE',  ( -0.000000000000000000, 1.000000000000000000, -0.000000000000000000 ) ) ;
#5807 = EDGE_CURVE ( 'NONE', #5644, #1054, #213, .T. ) ;
#5808 = EDGE_LOOP ( 'NONE', ( #3553, #6197, #4238, #2246 ) ) ;
#5809 = EDGE_LOOP ( 'NONE', ( #1550, #5432, #554, #2822 ) ) ;
#5810 = DIRECTION ( 'NONE',  ( 4.625929269271484533E-15, 0.000000000000000000, 1.000000000000000000 ) ) ;
#5811 = CARTESIAN_POINT ( 'NONE',  ( -29.76403138853146402, 4.341200162989031774, -2.136271735931035920 ) ) ;
#5812 = CARTESIAN_POINT ( 'NONE',  ( 6.770832967758924070, -14.37226586872156986, -1.059150969939341325 ) ) ;
#5813 = CARTESIAN_POINT ( 'NONE',  ( -9.818038849279616898, -2.891723246447288620, 0.07550491431407034548 ) ) ;
#5814 = AXIS2_PLACEMENT_3D ( 'NONE', #3196, #607, #5315 ) ;
#5815 = ORIENTED_EDGE ( 'NONE', *, *, #62, .T. ) ;
#5816 = CARTESIAN_POINT ( 'NONE',  ( 59.55755557537720080, -6.254336259651172902, -4.815729887884896421 ) ) ;
#5817 = CARTESIAN_POINT ( 'NONE',  ( 20.75947730946406722, 5.657392638444434851, -1.734795966360113129 ) ) ;
#5818 = CARTESIAN_POINT ( 'NONE',  ( -8.728473713316333260, 1.287572035498690148, -1.098723221247326132 ) ) ;
#5819 = EDGE_CURVE ( 'NONE', #981, #2592, #5042, .T. ) ;
#5820 = VERTEX_POINT ( 'NONE', #1882 ) ;
#5821 = EDGE_CURVE ( 'NONE', #3708, #6746, #3407, .T. ) ;
#5822 = CARTESIAN_POINT ( 'NONE',  ( 61.19276135400323113, -15.17182616509622761, -3.857866153942652865 ) ) ;
#5823 = CARTESIAN_POINT ( 'NONE',  ( 52.40022094785527429, 2.169978146757343573, -3.364431052626737362 ) ) ;
#5824 = EDGE_CURVE ( 'NONE', #3530, #1111, #1616, .T. ) ;
#5825 = EDGE_LOOP ( 'NONE', ( #6707, #3804, #3206, #3119 ) ) ;
#5826 = PLANE ( 'NONE',  #6766 ) ;
#5827 = CARTESIAN_POINT ( 'NONE',  ( -9.191791590048065785, -6.476866555710780737, 0.09098178459830010001 ) ) ;
#5828 = EDGE_CURVE ( 'NONE', #3051, #2199, #6515, .T. ) ;
#5829 = DIRECTION ( 'NONE',  ( -1.000000000000000000, -0.000000000000000000, -0.000000000000000000 ) ) ;
#5830 = CARTESIAN_POINT ( 'NONE',  ( 71.36129370520879434, -1.571431512466895164, -15.23888633471938370 ) ) ;
#5831 = ORIENTED_EDGE ( 'NONE', *, *, #3885, .T. ) ;
#5832 =( BOUNDED_SURFACE ( )  B_SPLINE_SURFACE ( 1, 3, ( 
 ( #2121, #6337, #44, #3714 ),
 ( #3186, #5306, #4275, #117 ) ),
 .UNSPECIFIED., .F., .F., .T. ) 
 B_SPLINE_SURFACE_WITH_KNOTS ( ( 2, 2 ),
 ( 4, 4 ),
 ( 0.000000000000000000, 1.000000000000000000 ),
 ( 0.000000000000000000, 1.000000000000000000 ),
 .UNSPECIFIED. ) 
 GEOMETRIC_REPRESENTATION_ITEM ( )  RATIONAL_B_SPLINE_SURFACE ( (
 ( 1.000000000000000000, 0.8047378541243649375, 0.8047378541243649375, 1.000000000000000000),
 ( 1.000000000000000000, 0.8047378541243649375, 0.8047378541243649375, 1.000000000000000000) ) ) 
 REPRESENTATION_ITEM ( '' )  SURFACE ( )  );
#5833 = CARTESIAN_POINT ( 'NONE',  ( 0.2999999999999999889, 0.2500000000000000000, -0.1732050807568877582 ) ) ;
#5834 = ORIENTED_EDGE ( 'NONE', *, *, #4025, .T. ) ;
#5835 = DIRECTION ( 'NONE',  ( 0.000000000000000000, 0.000000000000000000, 1.000000000000000000 ) ) ;
#5836 = CARTESIAN_POINT ( 'NONE',  ( -41.35506154848366123, -16.94374592679639235, -16.25514882543365047 ) ) ;
#5837 = LINE ( 'NONE', #1090, #5356 ) ;
#5838 = DIRECTION ( 'NONE',  ( 0.000000000000000000, -0.000000000000000000, 1.000000000000000000 ) ) ;
#5839 = VECTOR ( 'NONE', #297, 1000.000000000000000 ) ;
#5840 = CARTESIAN_POINT ( 'NONE',  ( 7.669494771144791834, -19.92381742797710587, 0.9243414445070825547 ) ) ;
#5841 = CARTESIAN_POINT ( 'NONE',  ( 89.99999999999997158, 0.005000000000000229955, -3.500000000000000888 ) ) ;
#5842 = CARTESIAN_POINT ( 'NONE',  ( 53.86111696667276760, -24.03690735335050377, -2.758903840032671528 ) ) ;
#5843 = ORIENTED_EDGE ( 'NONE', *, *, #3091, .F. ) ;
#5844 = ORIENTED_EDGE ( 'NONE', *, *, #3715, .T. ) ;
#5845 = CARTESIAN_POINT ( 'NONE',  ( -71.36096738376582493, -2.170886675029708890, -15.23888633471938370 ) ) ;
#5846 = CARTESIAN_POINT ( 'NONE',  ( 0.2499999999999999445, -1.494999999999999885, 0.2999999999999998224 ) ) ;
#5847 = MANIFOLD_SOLID_BREP ( 'Mirror1', #5450 ) ;
#5848 = CARTESIAN_POINT ( 'NONE',  ( 59.76241234656117030, -6.822898171894876462, -3.633197009986754100 ) ) ;
#5849 = DIRECTION ( 'NONE',  ( -0.000000000000000000, -0.000000000000000000, -1.000000000000000000 ) ) ;
#5850 = AXIS2_PLACEMENT_3D ( 'NONE', #206, #5059, #5023 ) ;
#5851 = EDGE_CURVE ( 'NONE', #1125, #1367, #1108, .T. ) ;
#5852 = VERTEX_POINT ( 'NONE', #2108 ) ;
#5853 = CARTESIAN_POINT ( 'NONE',  ( 54.24277224150512922, -23.38525610815846534, -2.812860548487907675 ) ) ;
#5854 = CARTESIAN_POINT ( 'NONE',  ( -17.07612626701287795, 2.149878705145030988, -0.5648903995622239771 ) ) ;
#5855 = CARTESIAN_POINT ( 'NONE',  ( 0.3020426697766380730, 1.903459816837576479, -0.3000000000000001554 ) ) ;
#5856 = VECTOR ( 'NONE', #1089, 1000.000000000000000 ) ;
#5857 = EDGE_LOOP ( 'NONE', ( #2525, #2754, #4763, #2731, #6291, #1772, #1887, #82 ) ) ;
#5858 = LINE ( 'NONE', #4343, #4591 ) ;
#5859 = CARTESIAN_POINT ( 'NONE',  ( 0.000000000000000000, -1.494999999999999885, -0.3000000000000001554 ) ) ;
#5860 = ORIENTED_EDGE ( 'NONE', *, *, #5259, .T. ) ;
#5861 = CARTESIAN_POINT ( 'NONE',  ( 10.63004018292715180, -1.286090014303280293, -0.3459950240592418180 ) ) ;
#5862 = PRODUCT ( 'nut', 'nut', '', ( #2296 ) ) ;
#5863 = DIRECTION ( 'NONE',  ( -0.9999998518342840814, 0.0005443633068966032560, 0.000000000000000000 ) ) ;
#5864 = CARTESIAN_POINT ( 'NONE',  ( -47.41157415211753090, -28.99203072184976193, -2.715594255461362128 ) ) ;
#5865 = CARTESIAN_POINT ( 'NONE',  ( 117.2236110756821290, 0.005000000000000229955, 7.776388924317967799 ) ) ;
#5866 = CARTESIAN_POINT ( 'NONE',  ( 72.36270919818217351, 1.028568487533104481, -12.23888633471943699 ) ) ;
#5867 = AXIS2_PLACEMENT_3D ( 'NONE', #4369, #5364, #6464 ) ;
#5868 = VERTEX_POINT ( 'NONE', #3851 ) ;
#5869 = VERTEX_POINT ( 'NONE', #1629 ) ;
#5870 = EDGE_CURVE ( 'NONE', #2303, #2209, #5161, .T. ) ;
#5871 = CARTESIAN_POINT ( 'NONE',  ( 52.50651980417335096, 2.162313714343155002, -2.571643726370622218 ) ) ;
#5872 = CARTESIAN_POINT ( 'NONE',  ( -7.997199408079761263, -9.321047096406250176, -36.47738343439729647 ) ) ;
#5873 = CARTESIAN_POINT ( 'NONE',  ( 9.069765063203563571, -8.924293864813204635, -0.3063930546751019168 ) ) ;
#5874 = FACE_OUTER_BOUND ( 'NONE', #6414, .T. ) ;
#5875 = CARTESIAN_POINT ( 'NONE',  ( 25.34427357156503291, -31.09044665500598370, -0.6256795444928270333 ) ) ;
#5876 = CARTESIAN_POINT ( 'NONE',  ( 18.24475817521745924, 4.845983896549649117, 0.5779614139157895902 ) ) ;
#5877 = CARTESIAN_POINT ( 'NONE',  ( -9.124605069403035174, -9.321047096406250176, -1.107933662158297583 ) ) ;
#5878 = ORIENTED_EDGE ( 'NONE', *, *, #2442, .T. ) ;
#5879 = EDGE_LOOP ( 'NONE', ( #3138, #3758, #6236, #2900 ) ) ;
#5880 = CARTESIAN_POINT ( 'NONE',  ( 13.94373341695030710, 1.154498292037051899, -1.252010064568245040 ) ) ;
#5881 = CARTESIAN_POINT ( 'NONE',  ( -0.1732050807568876749, 0.2999999999999999334, 0.2000000000000000111 ) ) ;
#5882 = CARTESIAN_POINT ( 'NONE',  ( 9.069765063203563571, -8.924293864813204635, -0.3063930546751019168 ) ) ;
#5883 = CARTESIAN_POINT ( 'NONE',  ( 0.000000000000000000, -0.9949999999999997735, 0.2999999999999998224 ) ) ;
#5884 = CARTESIAN_POINT ( 'NONE',  ( 116.5306464301193188, -0.004999999999999796274, 8.469353569880784249 ) ) ;
#5885 = ORIENTED_EDGE ( 'NONE', *, *, #545, .T. ) ;
#5886 = CARTESIAN_POINT ( 'NONE',  ( 59.23985738231735354, -4.425573612006118651, -4.361506691636000355 ) ) ;
#5887 = LINE ( 'NONE', #2810, #4886 ) ;
#5888 = CARTESIAN_POINT ( 'NONE',  ( 23.26861726477444847, -30.68629387014524568, -1.702411614934511652 ) ) ;
#5889 = ORIENTED_EDGE ( 'NONE', *, *, #4320, .F. ) ;
#5890 = FACE_OUTER_BOUND ( 'NONE', #4845, .T. ) ;
#5891 = CARTESIAN_POINT ( 'NONE',  ( 20.38963430460878001, -29.80403005538506989, 0.4642353305732739854 ) ) ;
#5892 = EDGE_CURVE ( 'NONE', #3587, #1993, #6571, .T. ) ;
#5893 = ORIENTED_EDGE ( 'NONE', *, *, #3723, .T. ) ;
#5894 = CARTESIAN_POINT ( 'NONE',  ( 11.40748358662430206, -0.3705715824428148508, -0.3681660573257171110 ) ) ;
#5895 = DIRECTION ( 'NONE',  ( 1.000000000000000000, 0.000000000000000000, 0.000000000000000000 ) ) ;
#5896 = CARTESIAN_POINT ( 'NONE',  ( -7.340104181941523365, 0.6965508818375351074, -1.069177930542828836 ) ) ;
#5897 = B_SPLINE_CURVE_WITH_KNOTS ( 'NONE', 3,
 ( #1821, #233, #5944, #4462, #6453, #3943, #1238, #1202, #4944, #6527 ),
 .UNSPECIFIED., .F., .F.,
 ( 4, 2, 2, 2, 4 ),
 ( 0.000000000000000000, 0.2500000000000002776, 0.5000000000000005551, 0.7500000000000002220, 1.000000000000000000 ),
 .UNSPECIFIED. ) ;
#5898 = CARTESIAN_POINT ( 'NONE',  ( 54.13457609172882457, -23.38744780005217550, -3.605479456952054296 ) ) ;
#5899 = CARTESIAN_POINT ( 'NONE',  ( 13.37694245564301454, 3.263431495759104628, -1.224618229285072246 ) ) ;
#5900 = ADVANCED_FACE ( 'NONE', ( #4301 ), #1170, .T. ) ;
#5901 = CARTESIAN_POINT ( 'NONE',  ( 9.584192467710609620, -10.82513488819481040, 0.2813487651392028166 ) ) ;
#5902 = EDGE_CURVE ( 'NONE', #1301, #2940, #2356, .T. ) ;
#5903 = ORIENTED_EDGE ( 'NONE', *, *, #2718, .F. ) ;
#5904 = VERTEX_POINT ( 'NONE', #4854 ) ;
#5905 = LINE ( 'NONE', #2710, #1061 ) ;
#5906 = DIRECTION ( 'NONE',  ( 0.7071067811865475727, 0.000000000000000000, -0.7071067811865475727 ) ) ;
#5907 = CYLINDRICAL_SURFACE ( 'NONE', #3020, 0.2500000000000037192 ) ;
#5908 =( NAMED_UNIT ( * ) SI_UNIT ( $, .STERADIAN. ) SOLID_ANGLE_UNIT ( ) );
#5909 = EDGE_CURVE ( 'NONE', #5767, #6765, #6386, .T. ) ;
#5910 = PLANE ( 'NONE',  #6245 ) ;
#5911 = DIRECTION ( 'NONE',  ( 0.9848077530122067991, -2.120941530072250246E-08, 0.1736481776669358545 ) ) ;
#5912 = EDGE_CURVE ( 'NONE', #4869, #3121, #106, .T. ) ;
#5913 = CARTESIAN_POINT ( 'NONE',  ( -56.81239730767611462, -24.89761982630561121, -3.184701407127283890 ) ) ;
#5914 = VERTEX_POINT ( 'NONE', #2809 ) ;
#5915 = CIRCLE ( 'NONE', #4374, 0.9799999999999988720 ) ;
#5916 = EDGE_LOOP ( 'NONE', ( #5710, #1852, #6297, #2234 ) ) ;
#5917 = CARTESIAN_POINT ( 'NONE',  ( 48.11381785416735823, -28.74220636980867383, -2.802291648403029800 ) ) ;
#5918 = FACE_OUTER_BOUND ( 'NONE', #6723, .T. ) ;
#5919 = VECTOR ( 'NONE', #400, 1000.000000000000000 ) ;
#5920 = EDGE_CURVE ( 'NONE', #3461, #4105, #3174, .T. ) ;
#5921 = CARTESIAN_POINT ( 'NONE',  ( 9.182289731064130933, -6.476866462390806767, -0.3089055198758754450 ) ) ;
#5922 = CARTESIAN_POINT ( 'NONE',  ( -39.55535094496227089, -31.05452572884107454, -1.821850161614675168 ) ) ;
#5923 = PRODUCT_DEFINITION_SHAPE ( 'NONE', 'NONE',  #2968 ) ;
#5924 = CARTESIAN_POINT ( 'NONE',  ( 27.10187786127858089, -34.34347703252841910, 0.05774237760748686388 ) ) ;
#5925 = CARTESIAN_POINT ( 'NONE',  ( -39.61083056956817927, 4.368707988947912568, -2.221239903990817055 ) ) ;
#5926 = CARTESIAN_POINT ( 'NONE',  ( 6.546532882465414538, -12.62190954380475638, -1.055544345742193801 ) ) ;
#5927 = ORIENTED_EDGE ( 'NONE', *, *, #6810, .F. ) ;
#5928 = LINE ( 'NONE', #3333, #1037 ) ;
#5929 = DIRECTION ( 'NONE',  ( -0.5000000000000001110, 0.8660254037844384856, 0.000000000000000000 ) ) ;
#5930 = VECTOR ( 'NONE', #2165, 1000.000000000000000 ) ;
#5931 = EDGE_LOOP ( 'NONE', ( #3794, #3731, #2325, #3712 ) ) ;
#5932 = CARTESIAN_POINT ( 'NONE',  ( 11.85995381868513654, 0.03284538247885261664, -0.3816655531563051817 ) ) ;
#5933 = PRODUCT_CONTEXT ( 'NONE', #3182, 'mechanical' ) ;
#5934 = CARTESIAN_POINT ( 'NONE',  ( -8.041958482692331600, 0.9708200567078041354, -1.083222919508648907 ) ) ;
#5935 = DIRECTION ( 'NONE',  ( 0.9967174654417190194, 0.000000000000000000, -0.08095859487068320093 ) ) ;
#5936 = CARTESIAN_POINT ( 'NONE',  ( 52.28500004061748285, -29.67595161690475436, -4.559653509061353027 ) ) ;
#5937 = DIRECTION ( 'NONE',  ( 0.000000000000000000, 0.000000000000000000, 1.000000000000000000 ) ) ;
#5938 = ORIENTED_EDGE ( 'NONE', *, *, #5702, .T. ) ;
#5939 = EDGE_LOOP ( 'NONE', ( #3656, #6023, #4194, #1919, #1710, #3423, #3021, #3686, #2045 ) ) ;
#5940 = CARTESIAN_POINT ( 'NONE',  ( 36.37633775868846442, 4.514583776060134390, -1.901614890023097137 ) ) ;
#5941 = CARTESIAN_POINT ( 'NONE',  ( -47.42646018021125798, -28.98793312973866776, -2.583134425556758096 ) ) ;
#5942 = AXIS2_PLACEMENT_3D ( 'NONE', #307, #972, #758 ) ;
#5943 = MANIFOLD_SOLID_BREP ( 'Boss-Extrude2', #3672 ) ;
#5944 = CARTESIAN_POINT ( 'NONE',  ( -20.25427173869461939, 2.925348884175660746, -0.3170599609231241067 ) ) ;
#5945 = AXIS2_PLACEMENT_3D ( 'NONE', #2251, #2617, #139 ) ;
#5946 = CARTESIAN_POINT ( 'NONE',  ( -8.170077741406013061, -21.51147109889314279, -1.086480890953087641 ) ) ;
#5947 = CARTESIAN_POINT ( 'NONE',  ( -39.65847316780738652, -31.04913091594065477, -1.028309267085827372 ) ) ;
#5948 = B_SPLINE_CURVE_WITH_KNOTS ( 'NONE', 3,
 ( #3259, #5370, #2734, #6129 ),
 .UNSPECIFIED., .F., .F.,
 ( 4, 4 ),
 ( 0.000000000000000000, 1.000000000000000000 ),
 .UNSPECIFIED. ) ;
#5949 = DIRECTION ( 'NONE',  ( -0.9988849664658578931, 0.000000000000000000, -0.04721042012630147222 ) ) ;
#5950 = ORIENTED_EDGE ( 'NONE', *, *, #3813, .F. ) ;
#5951 = ORIENTED_EDGE ( 'NONE', *, *, #1708, .T. ) ;
#5952 = CARTESIAN_POINT ( 'NONE',  ( 117.2236110756821290, -0.004999999999999579434, 7.776388924317970464 ) ) ;
#5953 = CARTESIAN_POINT ( 'NONE',  ( -25.31791302717844161, -31.09041393155467148, -1.024816263795965909 ) ) ;
#5954 = B_SPLINE_SURFACE_WITH_KNOTS ( 'NONE', 3, 3, ( 
 ( #908, #6702, #2886, #4562, #5621, #5521, #2918, #883, #4094, #2491, #1884, #3477, #1402, #1370, #781, #5043, #2460, #4528 ),
 ( #296, #4589, #2975, #851, #1913, #2369, #6620, #4040, #5590, #6138, #6190, #4492, #4009, #3006, #359, #259, #6678, #2400 ),
 ( #6589, #5135, #2949, #1945, #1458, #1846, #327, #6165, #3971, #6105, #4619, #6075, #3535, #391, #1339, #3446, #5559, #818 ),
 ( #2431, #6647, #3074, #3706, #1560, #4198, #5817, #447, #2555, #5199, #3040, #937, #36, #4748, #3139, #5165, #2001, #5297 ) ),
 .UNSPECIFIED., .F., .F., .F.,
 ( 4, 4 ),
 ( 4, 1, 1, 1, 1, 1, 1, 1, 1, 1, 1, 1, 1, 1, 1, 4 ),
 ( 0.000000000000000000, 1.000000000000000000 ),
 ( 0.000000000000000000, 0.07409154454548870505, 0.1481588146560472163, 0.2106205463853571269, 0.2592433391338634374, 0.3332621778110893551, 0.4072690376074992180, 0.4812691514002258586, 0.5552680836921037866, 0.6292714570895949766, 0.7032846758299534651, 0.7773126603914318755, 0.8144119915956027356, 0.8886415297786942613, 0.9628710679617858981, 1.000000000000000000 ),
 .UNSPECIFIED. ) ;
#5955 = ADVANCED_FACE ( 'NONE', ( #6505 ), #2973, .T. ) ;
#5956 = CARTESIAN_POINT ( 'NONE',  ( 9.755883688327553926, -16.20800025875583117, 0.07752494936739467990 ) ) ;
#5957 = PLANE ( 'NONE',  #191 ) ;
#5958 = AXIS2_PLACEMENT_3D ( 'NONE', #4242, #5242, #457 ) ;
#5959 = DIRECTION ( 'NONE',  ( 0.5000000000000003331, -0.8660254037844383745, 0.000000000000000000 ) ) ;
#5960 = UNCERTAINTY_MEASURE_WITH_UNIT (LENGTH_MEASURE( 1.000000000000000082E-05 ), #6083, 'distance_accuracy_value', 'NONE');
#5961 = EDGE_CURVE ( 'NONE', #5852, #2036, #2842, .T. ) ;
#5962 = CARTESIAN_POINT ( 'NONE',  ( 59.61918598968920691, -6.254336259651172902, -4.420506274447205897 ) ) ;
#5963 = B_SPLINE_CURVE_WITH_KNOTS ( 'NONE', 3,
 ( #5871, #5424, #4870, #682, #17, #1611, #1088, #1127, #3869, #4356, #4321, #1198, #3722, #2236 ),
 .UNSPECIFIED., .F., .F.,
 ( 4, 2, 2, 2, 2, 2, 4 ),
 ( 4.355715290558447454E-11, 0.009731791163291245161, 0.01946358228302533938, 0.02189653006295886120, 0.02432947784289236220, 0.02919537340275937809, 0.03892716452249340986 ),
 .UNSPECIFIED. ) ;
#5964 = LINE ( 'NONE', #3330, #2341 ) ;
#5965 = CARTESIAN_POINT ( 'NONE',  ( 1.746759423904764352, -7.870407876120420809, -1.003712776014086927 ) ) ;
#5966 = ORIENTED_EDGE ( 'NONE', *, *, #1662, .F. ) ;
#5967 = CARTESIAN_POINT ( 'NONE',  ( -52.23896421689945413, 2.174703292199955396, -4.553471990397930824 ) ) ;
#5968 = CARTESIAN_POINT ( 'NONE',  ( -71.36129370520879434, -1.571431512466895164, -15.23888633471938370 ) ) ;
#5969 = EDGE_CURVE ( 'NONE', #2550, #6171, #1372, .T. ) ;
#5970 = ORIENTED_EDGE ( 'NONE', *, *, #799, .F. ) ;
#5971 = CARTESIAN_POINT ( 'NONE',  ( -1.752292271346565622, -7.880719491247791808, 0.9960983676742590776 ) ) ;
#5972 = SHAPE_DEFINITION_REPRESENTATION ( #5923, #2958 ) ;
#5973 = CARTESIAN_POINT ( 'NONE',  ( -58.89560150384992454, -11.81794271619397918, -4.712779414729447502 ) ) ;
#5974 = VECTOR ( 'NONE', #2350, 1000.000000000000114 ) ;
#5975 = CARTESIAN_POINT ( 'NONE',  ( -9.755417003647938401, -16.20628515289199356, 0.07753751395674830793 ) ) ;
#5976 = CARTESIAN_POINT ( 'NONE',  ( -9.255853644101870614, -5.809481926614073366, -1.110971618083945955 ) ) ;
#5977 = EDGE_CURVE ( 'NONE', #3843, #6177, #430, .T. ) ;
#5978 = B_SPLINE_CURVE_WITH_KNOTS ( 'NONE', 3,
 ( #3336, #5446, #2398, #5483, #3371, #708, #4932, #4525, #185, #5005, #744, #1773, #2329, #6008, #3898, #222, #1805, #3931 ),
 .UNSPECIFIED., .F., .F.,
 ( 4, 2, 2, 2, 2, 2, 2, 2, 4 ),
 ( 2.959120860677220389E-12, 0.004639399184160349944, 0.006959098774760964085, 0.009278798365361579092, 0.01043864816066188313, 0.01159849795596218890, 0.01391819754656279870, 0.01623789713716341024, 0.01855759672776402178 ),
 .UNSPECIFIED. ) ;
#5979 = CARTESIAN_POINT ( 'NONE',  ( -13.72890808166644305, 1.057395654827221865, 0.7569821750375168579 ) ) ;
#5980 = EDGE_LOOP ( 'NONE', ( #6364, #1735, #4696, #1555 ) ) ;
#5981 = VERTEX_POINT ( 'NONE', #6542 ) ;
#5982 = LINE ( 'NONE', #5457, #2945 ) ;
#5983 = CARTESIAN_POINT ( 'NONE',  ( 13.98890673045872290, 1.148922094363814761, -0.05294645060061053954 ) ) ;
#5984 = CARTESIAN_POINT ( 'NONE',  ( -55.39215172056573522, -21.21377376310188367, -3.783164220104278996 ) ) ;
#5985 = CIRCLE ( 'NONE', #4765, 5.378530346272100360 ) ;
#5986 = CARTESIAN_POINT ( 'NONE',  ( -12.83593062401338614, -28.48550876009396760, -1.212683796245836110 ) ) ;
#5987 = CARTESIAN_POINT ( 'NONE',  ( -23.39001403186060202, -30.68256082903890913, 0.2938580573995622225 ) ) ;
#5988 = EDGE_CURVE ( 'NONE', #6746, #5100, #3923, .T. ) ;
#5989 = DIRECTION ( 'NONE',  ( 1.000000000000000000, -0.000000000000000000, 0.000000000000000000 ) ) ;
#5990 = ORIENTED_EDGE ( 'NONE', *, *, #1257, .F. ) ;
#5991 = ORIENTED_EDGE ( 'NONE', *, *, #124, .T. ) ;
#5992 = DIRECTION ( 'NONE',  ( 1.966246612733025489E-08, 0.9999999999999998890, -2.518185781354285324E-18 ) ) ;
#5993 = CARTESIAN_POINT ( 'NONE',  ( 57.50578538734488632, -1.145997864124504773, -4.096715830653206325 ) ) ;
#5994 = CARTESIAN_POINT ( 'NONE',  ( 9.079150495256500975, -8.924293864813204635, 0.09349684883778923428 ) ) ;
#5995 = CARTESIAN_POINT ( 'NONE',  ( 15.46405950594833278, -30.58753384745432413, -1.309821451230190448 ) ) ;
#5996 = TOROIDAL_SURFACE ( 'NONE', #3456, 32.48000000000001108, 0.9799999999999999822 ) ;
#5997 = CYLINDRICAL_SURFACE ( 'NONE', #6229, 48.40168864916725511 ) ;
#5998 = AXIS2_PLACEMENT_3D ( 'NONE', #219, #1298, #4930 ) ;
#5999 = UNCERTAINTY_MEASURE_WITH_UNIT (LENGTH_MEASURE( 1.000000000000000082E-05 ), #2995, 'distance_accuracy_value', 'NONE');
#6000 = CARTESIAN_POINT ( 'NONE',  ( -9.291509603387213545, -12.43005587004779855, 0.8887128083511196541 ) ) ;
#6001 = B_SPLINE_CURVE_WITH_KNOTS ( 'NONE', 1,
 ( #6538, #245 ),
 .UNSPECIFIED., .F., .F.,
 ( 2, 2 ),
 ( 0.000000000000000000, 1.000000000000000000 ),
 .UNSPECIFIED. ) ;
#6002 = CARTESIAN_POINT ( 'NONE',  ( -59.45973303555225442, -9.353953579702766419, -4.395700187507789458 ) ) ;
#6003 = ORIENTED_EDGE ( 'NONE', *, *, #3578, .F. ) ;
#6004 = CARTESIAN_POINT ( 'NONE',  ( 89.99999999999997158, -0.004999999999999796274, -2.520000000000001350 ) ) ;
#6005 = CARTESIAN_POINT ( 'NONE',  ( 90.00000000000000000, 0.005000000000000229955, 35.00000000000000000 ) ) ;
#6006 = ORIENTED_EDGE ( 'NONE', *, *, #2471, .F. ) ;
#6007 = AXIS2_PLACEMENT_3D ( 'NONE', #502, #2609, #4734 ) ;
#6008 = CARTESIAN_POINT ( 'NONE',  ( 19.56805874590397565, -29.48841279620973310, -1.496029202528616597 ) ) ;
#6009 = PRESENTATION_STYLE_ASSIGNMENT (( #3900 ) ) ;
#6010 = CARTESIAN_POINT ( 'NONE',  ( -59.78064005860433383, -6.859332789120598406, -3.636041374130108750 ) ) ;
#6011 = DIRECTION ( 'NONE',  ( 0.6040853395531656789, -0.7969196336751508403, 0.000000000000000000 ) ) ;
#6012 = DIRECTION ( 'NONE',  ( 0.000000000000000000, -1.000000000000000000, 6.195440985631455317E-17 ) ) ;
#6013 = ORIENTED_EDGE ( 'NONE', *, *, #2513, .T. ) ;
#6014 = ORIENTED_EDGE ( 'NONE', *, *, #3465, .T. ) ;
#6015 = FACE_OUTER_BOUND ( 'NONE', #6283, .T. ) ;
#6016 = CARTESIAN_POINT ( 'NONE',  ( 10.38498163763279258, -18.55947972158575965, -0.3395269496878072779 ) ) ;
#6017 = CARTESIAN_POINT ( 'NONE',  ( 0.000000000000000000, 0.9850000000000002087, 2.520000000000000018 ) ) ;
#6018 = DIRECTION ( 'NONE',  ( 1.000000000000000000, 0.000000000000000000, 0.000000000000000000 ) ) ;
#6019 = CARTESIAN_POINT ( 'NONE',  ( -33.58426558085903224, -31.58563090861623479, -0.4557945497906309429 ) ) ;
#6020 = EDGE_CURVE ( 'NONE', #459, #4381, #3397, .T. ) ;
#6021 = CARTESIAN_POINT ( 'NONE',  ( -56.67064366324223101, -0.2282836251278402562, -3.972141211423821261 ) ) ;
#6022 = VECTOR ( 'NONE', #2935, 1000.000000000000000 ) ;
#6023 = ORIENTED_EDGE ( 'NONE', *, *, #4962, .T. ) ;
#6024 = ORIENTED_EDGE ( 'NONE', *, *, #3070, .F. ) ;
#6025 = DIRECTION ( 'NONE',  ( -0.09044333187633739335, 4.347250130113495552E-15, -0.9959016034323404654 ) ) ;
#6026 = CARTESIAN_POINT ( 'NONE',  ( -39.51446120982052435, -31.05452572884108875, -2.219760105133552042 ) ) ;
#6027 = AXIS2_PLACEMENT_3D ( 'NONE', #4165, #6263, #518 ) ;
#6028 = EDGE_CURVE ( 'NONE', #823, #2008, #3765, .T. ) ;
#6029 = CARTESIAN_POINT ( 'NONE',  ( 9.351535363072464691, -13.78996542475871045, -0.3131063924761958717 ) ) ;
#6030 = CARTESIAN_POINT ( 'NONE',  ( -59.65146992738200282, -8.124371557721696391, -4.425566509869449661 ) ) ;
#6031 = CARTESIAN_POINT ( 'NONE',  ( 39.55524771667405304, -31.05452893542556581, -1.821839013060722268 ) ) ;
#6032 = AXIS2_PLACEMENT_3D ( 'NONE', #1943, #3038, #4065 ) ;
#6033 = CARTESIAN_POINT ( 'NONE',  ( 0.1732050807568877859, -0.3000000000000001554, 0.2000000000000000111 ) ) ;
#6034 = CARTESIAN_POINT ( 'NONE',  ( 1.892072568988537817, -0.5245914380540606103, 0.9955665562285669345 ) ) ;
#6035 = DIRECTION ( 'NONE',  ( -0.000000000000000000, 0.000000000000000000, -1.000000000000000000 ) ) ;
#6036 = ORIENTED_EDGE ( 'NONE', *, *, #4092, .T. ) ;
#6037 = CARTESIAN_POINT ( 'NONE',  ( -58.95432500428240985, -4.128688733590205828, -5.531649447543250275 ) ) ;
#6038 = FACE_OUTER_BOUND ( 'NONE', #5809, .T. ) ;
#6039 = ORIENTED_EDGE ( 'NONE', *, *, #5969, .T. ) ;
#6040 = LINE ( 'NONE', #1302, #3255 ) ;
#6041 = DIRECTION ( 'NONE',  ( 0.9978522072020024059, -0.0005431942077892426167, 0.06550326344652324106 ) ) ;
#6042 = SURFACE_SIDE_STYLE ('',( #1776 ) ) ;
#6043 = FACE_BOUND ( 'NONE', #5939, .T. ) ;
#6044 = EDGE_CURVE ( 'NONE', #5138, #1175, #4553, .T. ) ;
#6045 = DIRECTION ( 'NONE',  ( -1.000000000000000000, 0.000000000000000000, 0.000000000000000000 ) ) ;
#6046 = CIRCLE ( 'NONE', #5264, 0.5000000000000000000 ) ;
#6047 = CARTESIAN_POINT ( 'NONE',  ( -10.36168842939618884, -1.805808679428645647, 0.8615618120113550660 ) ) ;
#6048 = VERTEX_POINT ( 'NONE', #1394 ) ;
#6049 = ORIENTED_EDGE ( 'NONE', *, *, #1855, .F. ) ;
#6050 = CARTESIAN_POINT ( 'NONE',  ( -66.21203138150420386, -6.067637465487423221, -4.694658695962401040 ) ) ;
#6051 = EDGE_CURVE ( 'NONE', #655, #4676, #1335, .T. ) ;
#6052 = VECTOR ( 'NONE', #1376, 1000.000000000000000 ) ;
#6053 = CARTESIAN_POINT ( 'NONE',  ( 67.09994236785024668, 1.028113173923971502, -6.203817162193284496 ) ) ;
#6054 = CARTESIAN_POINT ( 'NONE',  ( 53.97042376938023978, -23.38964688655295987, -4.794165262184212573 ) ) ;
#6055 = CARTESIAN_POINT ( 'NONE',  ( 0.000000000000000000, 0.000000000000000000, 0.000000000000000000 ) ) ;
#6056 = CARTESIAN_POINT ( 'NONE',  ( -59.17861909176212265, -4.425573612006055590, -4.756791303654390290 ) ) ;
#6057 = AXIS2_PLACEMENT_3D ( 'NONE', #236, #1276, #1859 ) ;
#6058 = ORIENTED_EDGE ( 'NONE', *, *, #5037, .T. ) ;
#6059 = VERTEX_POINT ( 'NONE', #3554 ) ;
#6060 = CARTESIAN_POINT ( 'NONE',  ( 0.000000000000000000, 0.005000000000000446795, 2.520000000000000018 ) ) ;
#6061 = CARTESIAN_POINT ( 'NONE',  ( 6.486905369568908952, -16.47775753404175703, -0.4544626471027189418 ) ) ;
#6062 = EDGE_CURVE ( 'NONE', #4826, #1721, #5332, .T. ) ;
#6063 = PRESENTATION_STYLE_ASSIGNMENT (( #1868 ) ) ;
#6064 = CARTESIAN_POINT ( 'NONE',  ( -58.80020144577255081, -3.260850363172595578, -4.293653383896898212 ) ) ;
#6065 = CARTESIAN_POINT ( 'NONE',  ( 11.41971719251955442, -0.3701093268050641427, 0.03164803892292000070 ) ) ;
#6066 = CARTESIAN_POINT ( 'NONE',  ( -34.75163273619467219, -34.54486740906168762, -0.5589107933623667090 ) ) ;
#6067 = ORIENTED_EDGE ( 'NONE', *, *, #2504, .T. ) ;
#6068 = ORIENTED_EDGE ( 'NONE', *, *, #198, .T. ) ;
#6069 = AXIS2_PLACEMENT_3D ( 'NONE', #164, #4393, #4429 ) ;
#6070 = LINE ( 'NONE', #5480, #4620 ) ;
#6071 = DIRECTION ( 'NONE',  ( 0.000000000000000000, 1.000000000000000000, -0.000000000000000000 ) ) ;
#6072 = EDGE_CURVE ( 'NONE', #4097, #6177, #5705, .T. ) ;
#6073 = ORIENTED_EDGE ( 'NONE', *, *, #6416, .F. ) ;
#6074 = CARTESIAN_POINT ( 'NONE',  ( 4.467634596608949238, -9.299938815157542393, 0.9743911063491537128 ) ) ;
#6075 = CARTESIAN_POINT ( 'NONE',  ( 58.90237779689251596, 4.425642715306498332, -4.892263390812675361 ) ) ;
#6076 = DIRECTION ( 'NONE',  ( 1.966246612733025158E-08, -0.9999999999999997780, 0.000000000000000000 ) ) ;
#6077 = DIRECTION ( 'NONE',  ( 0.7071067811865475727, 0.000000000000000000, -0.7071067811865475727 ) ) ;
#6078 = COLOUR_RGB ( '',0.7921568627450980005, 0.8196078431372548767, 0.9333333333333333481 ) ;
#6079 = EDGE_LOOP ( 'NONE', ( #4857, #616, #3071, #5333, #3436, #5179, #822, #5155 ) ) ;
#6080 = ORIENTED_EDGE ( 'NONE', *, *, #6619, .F. ) ;
#6081 = AXIS2_PLACEMENT_3D ( 'NONE', #65, #4332, #3805 ) ;
#6082 = DIRECTION ( 'NONE',  ( 0.000000000000000000, 0.000000000000000000, -1.000000000000000000 ) ) ;
#6083 =( LENGTH_UNIT ( ) NAMED_UNIT ( * ) SI_UNIT ( .MILLI., .METRE. ) );
#6084 = CARTESIAN_POINT ( 'NONE',  ( -53.35295078266258884, -28.81057485545312247, -4.707295881505235258 ) ) ;
#6085 = CARTESIAN_POINT ( 'NONE',  ( -67.33147295269333199, 1.027594070906433288, -4.890740392771682821 ) ) ;
#6086 = B_SPLINE_CURVE_WITH_KNOTS ( 'NONE', 3,
 ( #3864, #5975, #5076, #5105, #4067, #1971 ),
 .UNSPECIFIED., .F., .F.,
 ( 4, 2, 4 ),
 ( 0.000000000000000000, 0.5000000000000000000, 1.000000000000000000 ),
 .UNSPECIFIED. ) ;
#6087 = VECTOR ( 'NONE', #6450, 1000.000000000000114 ) ;
#6088 = CARTESIAN_POINT ( 'NONE',  ( -23.39001403186060202, -30.68256082903890913, 0.2938580573995622225 ) ) ;
#6089 = CARTESIAN_POINT ( 'NONE',  ( -59.40470622859095329, -5.028276267352661755, -4.387129348520440786 ) ) ;
#6090 = ORIENTED_EDGE ( 'NONE', *, *, #6416, .T. ) ;
#6091 = CARTESIAN_POINT ( 'NONE',  ( 5.551115123125782702E-14, 1.005000000000000782, -0.3000000000000001554 ) ) ;
#6092 = CARTESIAN_POINT ( 'NONE',  ( 5.960161155774470032, -10.97173934209919466, 1.154601704724295130 ) ) ;
#6093 = CARTESIAN_POINT ( 'NONE',  ( -52.40022094785455664, 2.169978146757524762, -3.364431052626626339 ) ) ;
#6094 = DIRECTION ( 'NONE',  ( 0.000000000000000000, 1.000000000000000000, 0.000000000000000000 ) ) ;
#6095 = CARTESIAN_POINT ( 'NONE',  ( -9.701726998855505713, -15.50920657319105445, 0.8786628224883598071 ) ) ;
#6096 = CARTESIAN_POINT ( 'NONE',  ( 0.3823516064459994146, -0.6060440388183288007, 0.9999933773223979028 ) ) ;
#6097 = ORIENTED_EDGE ( 'NONE', *, *, #1969, .T. ) ;
#6098 = ORIENTED_EDGE ( 'NONE', *, *, #4684, .F. ) ;
#6099 = CARTESIAN_POINT ( 'NONE',  ( -59.44448339519271940, -6.247957522460300339, -5.607775291276642093 ) ) ;
#6100 = DIRECTION ( 'NONE',  ( 0.7071067811865475727, 1.251668095251734027E-15, 0.7071067811865475727 ) ) ;
#6101 = VERTEX_POINT ( 'NONE', #961 ) ;
#6102 = CARTESIAN_POINT ( 'NONE',  ( -3.573238587043759296, -8.660385613492094237, 0.9835797042517346878 ) ) ;
#6103 = ITEM_DEFINED_TRANSFORMATION ( 'NONE', 'NONE', #1688,  #6116 ) ;
#6104 = DIRECTION ( 'NONE',  ( 1.000000000000000000, 0.000000000000000000, -0.000000000000000000 ) ) ;
#6105 = CARTESIAN_POINT ( 'NONE',  ( 43.84018094867695936, 7.474899988731517730, -2.869397077832603671 ) ) ;
#6106 = CARTESIAN_POINT ( 'NONE',  ( -6.855962013945100963, -15.50974906871815762, 0.9393834780035458243 ) ) ;
#6107 = CARTESIAN_POINT ( 'NONE',  ( -72.11129381633308810, -1.571431512466895164, -15.23888633471938370 ) ) ;
#6108 = ORIENTED_EDGE ( 'NONE', *, *, #2548, .F. ) ;
#6109 = VERTEX_POINT ( 'NONE', #5743 ) ;
#6110 = CARTESIAN_POINT ( 'NONE',  ( -54.07861530701788411, -23.38744780005218971, -4.001545601143241981 ) ) ;
#6111 = DIRECTION ( 'NONE',  ( 0.000000000000000000, 0.000000000000000000, 1.000000000000000000 ) ) ;
#6112 = CARTESIAN_POINT ( 'NONE',  ( -47.41157415211753801, -28.99203072184976193, -2.715594255461320383 ) ) ;
#6113 = EDGE_CURVE ( 'NONE', #2036, #1667, #5670, .T. ) ;
#6114 = CARTESIAN_POINT ( 'NONE',  ( -39.51446120982052435, -31.05452572884108875, -2.219760105133552042 ) ) ;
#6115 = CARTESIAN_POINT ( 'NONE',  ( 10.19759858351869397, -17.96817359931261038, -1.134781754220753447 ) ) ;
#6116 = AXIS2_PLACEMENT_3D ( 'NONE', #5567, #3870, #825 ) ;
#6117 = ORIENTED_EDGE ( 'NONE', *, *, #6127, .T. ) ;
#6118 = CARTESIAN_POINT ( 'NONE',  ( -17.57168288429017622, -28.42806802323659809, -0.1967086252086453491 ) ) ;
#6119 = CARTESIAN_POINT ( 'NONE',  ( -6.766814699753856743, -13.36424320151719414, 0.3408534600166659434 ) ) ;
#6120 = EDGE_CURVE ( 'NONE', #1165, #3967, #5221, .T. ) ;
#6121 = VECTOR ( 'NONE', #1901, 1000.000000000000114 ) ;
#6122 = ADVANCED_FACE ( 'NONE', ( #873 ), #2512, .T. ) ;
#6123 = DIRECTION ( 'NONE',  ( -0.000000000000000000, -1.000000000000000000, -0.000000000000000000 ) ) ;
#6124 = CARTESIAN_POINT ( 'NONE',  ( 12.87180980586691170, 0.7008901212504411449, -0.01382651814104467192 ) ) ;
#6125 = EDGE_CURVE ( 'NONE', #2280, #5656, #441, .T. ) ;
#6126 = DIRECTION ( 'NONE',  ( -0.9848076114973283168, -0.0005360932074821968610, -0.1736481527140441850 ) ) ;
#6127 = EDGE_CURVE ( 'NONE', #5713, #1783, #1774, .T. ) ;
#6128 = AXIS2_PLACEMENT_3D ( 'NONE', #3925, #6035, #2735 ) ;
#6129 = CARTESIAN_POINT ( 'NONE',  ( -23.39001403186060202, -30.68256082903890913, 0.2938580573995622225 ) ) ;
#6130 = CARTESIAN_POINT ( 'NONE',  ( 5.551115123125782702E-14, 1.005000000000000782, -0.3000000000000001554 ) ) ;
#6131 = ORIENTED_EDGE ( 'NONE', *, *, #484, .F. ) ;
#6132 = CARTESIAN_POINT ( 'NONE',  ( -71.36129370520879434, -1.571431512466895164, -15.23888633471938370 ) ) ;
#6133 = CARTESIAN_POINT ( 'NONE',  ( 62.17423663352469987, -9.961888886619691519, -6.043441438079321770 ) ) ;
#6134 = AXIS2_PLACEMENT_3D ( 'NONE', #4909, #1648, #4943 ) ;
#6135 = CARTESIAN_POINT ( 'NONE',  ( 20.25362257776621533, 2.925213414465440032, -0.3170204517979537395 ) ) ;
#6136 = ITEM_DEFINED_TRANSFORMATION ( 'NONE', 'NONE', #5232,  #6116 ) ;
#6137 = DIRECTION ( 'NONE',  ( 0.000000000000000000, -1.000000000000000000, 0.000000000000000000 ) ) ;
#6138 = CARTESIAN_POINT ( 'NONE',  ( 43.93089450389105366, 7.474899988731518619, -2.074498871710958259 ) ) ;
#6139 = CARTESIAN_POINT ( 'NONE',  ( 0.000000000000000000, 0.9850000000000002087, -3.500000000000000888 ) ) ;
#6140 = DIRECTION ( 'NONE',  ( 0.7071067811865465735, 0.000000000000000000, 0.7071067811865483499 ) ) ;
#6141 = DIRECTION ( 'NONE',  ( 0.1468961855306511743, 1.081736156819057242E-15, -0.9891519148626991553 ) ) ;
#6142 = ORIENTED_EDGE ( 'NONE', *, *, #355, .T. ) ;
#6143 = ORIENTED_EDGE ( 'NONE', *, *, #1119, .F. ) ;
#6144 = DIRECTION ( 'NONE',  ( 0.000000000000000000, 1.000000000000000000, 0.000000000000000000 ) ) ;
#6145 = PRESENTATION_STYLE_ASSIGNMENT (( #3048 ) ) ;
#6146 = CARTESIAN_POINT ( 'NONE',  ( -57.87140086819723450, -22.56715003291990129, -5.363333792382562137 ) ) ;
#6147 = CARTESIAN_POINT ( 'NONE',  ( -13.94368572206943568, 1.154647042940119883, -1.252001421199163467 ) ) ;
#6148 = CARTESIAN_POINT ( 'NONE',  ( -79.41196736218671504, -6.144661151139389155, -7.629524179066127232 ) ) ;
#6149 = CIRCLE ( 'NONE', #1727, 0.5000000000000000000 ) ;
#6150 = ORIENTED_EDGE ( 'NONE', *, *, #6469, .F. ) ;
#6151 = CARTESIAN_POINT ( 'NONE',  ( 72.36270919818215930, 1.028568487533104037, -15.23888633471944054 ) ) ;
#6152 = CARTESIAN_POINT ( 'NONE',  ( 6.500337674865627413, -16.47775753404175703, 0.3454245781824549222 ) ) ;
#6153 = CARTESIAN_POINT ( 'NONE',  ( -18.20744079873234611, -28.78467706810968707, -1.429320155644411505 ) ) ;
#6154 = DIRECTION ( 'NONE',  ( 1.000000000000000000, 0.000000000000000000, -0.000000000000000000 ) ) ;
#6155 = CARTESIAN_POINT ( 'NONE',  ( -74.53576572475900264, 1.027496301198058903, -8.281738684076112023 ) ) ;
#6156 = PRODUCT_DEFINITION ( 'UNKNOWN', '', #1143, #3922 ) ;
#6157 = ADVANCED_FACE ( 'NONE', ( #6791 ), #6756, .F. ) ;
#6158 = CARTESIAN_POINT ( 'NONE',  ( 59.45973303555194178, -9.353953579703858878, -4.395700187507630474 ) ) ;
#6159 = CARTESIAN_POINT ( 'NONE',  ( -9.069765063203622191, -8.924293864812392840, -0.3063930546747388739 ) ) ;
#6160 = ORIENTED_EDGE ( 'NONE', *, *, #2946, .T. ) ;
#6161 = CARTESIAN_POINT ( 'NONE',  ( -34.43015429973381458, -31.54705499731383256, -2.538280121896833386 ) ) ;
#6162 = CARTESIAN_POINT ( 'NONE',  ( 59.48763376947754722, -7.359678565581385001, -5.614523122093435958 ) ) ;
#6163 = EDGE_CURVE ( 'NONE', #6109, #2620, #4610, .T. ) ;
#6164 = CARTESIAN_POINT ( 'NONE',  ( 52.40022094785527429, 2.169978146757343573, -3.364431052626737362 ) ) ;
#6165 = CARTESIAN_POINT ( 'NONE',  ( 28.41155297463684448, 7.115914183442288987, -1.420473577148410049 ) ) ;
#6166 = VECTOR ( 'NONE', #2897, 1000.000000000000000 ) ;
#6167 = FACE_OUTER_BOUND ( 'NONE', #5601, .T. ) ;
#6168 = ADVANCED_FACE ( 'NONE', ( #3064 ), #4153, .F. ) ;
#6169 = CARTESIAN_POINT ( 'NONE',  ( 13.02781386869022917, -24.17326890789896510, -0.01853939929264116979 ) ) ;
#6170 = CARTESIAN_POINT ( 'NONE',  ( -8.769921363075528831, 1.295913291444664717, 0.9007668078101489506 ) ) ;
#6171 = VERTEX_POINT ( 'NONE', #5188 ) ;
#6172 = CARTESIAN_POINT ( 'NONE',  ( -10.39572806148925466, -18.55947972158576320, 0.06032866722194274445 ) ) ;
#6173 = FACE_OUTER_BOUND ( 'NONE', #1880, .T. ) ;
#6174 = ADVANCED_FACE ( 'NONE', ( #2546 ), #6467, .T. ) ;
#6175 = CARTESIAN_POINT ( 'NONE',  ( 9.635423966453004141, -3.473169532922944391, -0.3200992989547344902 ) ) ;
#6176 = CARTESIAN_POINT ( 'NONE',  ( 8.633010501979956786, -9.968064906625611954, 1.103006767743248906 ) ) ;
#6177 = VERTEX_POINT ( 'NONE', #1421 ) ;
#6178 = CARTESIAN_POINT ( 'NONE',  ( -23.34136073444840065, -30.68450847370868928, -0.5046395578391337233 ) ) ;
#6179 =( NAMED_UNIT ( * ) SI_UNIT ( $, .STERADIAN. ) SOLID_ANGLE_UNIT ( ) );
#6180 = CARTESIAN_POINT ( 'NONE',  ( -56.58730051955678420, -18.92766554144423807, -3.150318892487532274 ) ) ;
#6181 =( LENGTH_UNIT ( ) NAMED_UNIT ( * ) SI_UNIT ( .MILLI., .METRE. ) );
#6182 = DIRECTION ( 'NONE',  ( 0.7071067811865465735, 0.000000000000000000, 0.7071067811865483499 ) ) ;
#6183 = EDGE_CURVE ( 'NONE', #672, #6533, #381, .T. ) ;
#6184 = CARTESIAN_POINT ( 'NONE',  ( 112.9668282529391092, -0.004999999999999579434, 12.03317174706097781 ) ) ;
#6185 = VERTEX_POINT ( 'NONE', #1448 ) ;
#6186 = CARTESIAN_POINT ( 'NONE',  ( 72.11129381633308810, -1.571431512466895164, -15.23888633471938370 ) ) ;
#6187 = DIRECTION ( 'NONE',  ( -1.370808142439265230E-21, 2.518185781381239098E-18, 1.000000000000000000 ) ) ;
#6188 = VECTOR ( 'NONE', #622, 1000.000000000000000 ) ;
#6189 = CARTESIAN_POINT ( 'NONE',  ( 46.05010468182312877, 3.612025542909349074, -2.939155647315045972 ) ) ;
#6190 = CARTESIAN_POINT ( 'NONE',  ( 51.57228124856687401, 6.370305151598564919, -3.025204974831950278 ) ) ;
#6191 = LINE ( 'NONE', #2461, #3412 ) ;
#6192 = ORIENTED_EDGE ( 'NONE', *, *, #6072, .T. ) ;
#6193 = CARTESIAN_POINT ( 'NONE',  ( 59.45973303555210521, -9.353953579702759313, -4.395700187507733503 ) ) ;
#6194 = CARTESIAN_POINT ( 'NONE',  ( -28.12148054190836532, 6.963811645370122427, -0.01285860416027029968 ) ) ;
#6195 = VECTOR ( 'NONE', #5548, 1000.000000000000000 ) ;
#6196 = AXIS2_PLACEMENT_3D ( 'NONE', #5614, #6100, #289 ) ;
#6197 = ORIENTED_EDGE ( 'NONE', *, *, #5807, .F. ) ;
#6198 = DIRECTION ( 'NONE',  ( 0.000000000000000000, 0.000000000000000000, -1.000000000000000000 ) ) ;
#6199 = CARTESIAN_POINT ( 'NONE',  ( -44.13451848670070632, -33.13889909072815954, -3.527275803844002855 ) ) ;
#6200 = EDGE_CURVE ( 'NONE', #557, #3381, #2614, .T. ) ;
#6201 = CARTESIAN_POINT ( 'NONE',  ( -9.522598872476157439, -4.066703691913454044, -1.117531654426466625 ) ) ;
#6202 = EDGE_CURVE ( 'NONE', #4807, #3353, #5527, .T. ) ;
#6203 = EDGE_LOOP ( 'NONE', ( #6131, #4681, #4738, #1075 ) ) ;
#6204 = DIRECTION ( 'NONE',  ( 0.000000000000000000, 1.000000000000000000, -0.000000000000000000 ) ) ;
#6205 = ORIENTED_EDGE ( 'NONE', *, *, #5602, .T. ) ;
#6206 = FILL_AREA_STYLE ('',( #4054 ) ) ;
#6207 = CARTESIAN_POINT ( 'NONE',  ( 21.81564959047130259, -30.37528720210868372, -0.4124378139179185609 ) ) ;
#6208 = CARTESIAN_POINT ( 'NONE',  ( 116.5306464301193188, -0.9849999999999997646, 8.469353569880784249 ) ) ;
#6209 = CARTESIAN_POINT ( 'NONE',  ( 50.70017078998108673, 6.455488367237391500, -2.321088822365876325 ) ) ;
#6210 = CARTESIAN_POINT ( 'NONE',  ( -74.33232441199881180, -5.972304453752658837, -12.58618263852918950 ) ) ;
#6211 = ORIENTED_EDGE ( 'NONE', *, *, #3763, .T. ) ;
#6212 = EDGE_LOOP ( 'NONE', ( #1038, #1632, #5247, #6384 ) ) ;
#6213 = CARTESIAN_POINT ( 'NONE',  ( -68.18908041087082950, -10.97228249791134047, 0.2268699066322304447 ) ) ;
#6214 = CARTESIAN_POINT ( 'NONE',  ( 55.86715354117878007, 0.5502005825315692267, -3.045563479500414505 ) ) ;
#6215 = EDGE_LOOP ( 'NONE', ( #3793, #3297, #1888, #1622 ) ) ;
#6216 = CARTESIAN_POINT ( 'NONE',  ( 10.42699304719285003, -18.55682158173675589, 0.8595943815470388216 ) ) ;
#6217 = CARTESIAN_POINT ( 'NONE',  ( -66.98417880039076522, 1.027701400671255705, -6.860356280627669001 ) ) ;
#6218 = APPLICATION_CONTEXT ( 'automotive_design' ) ;
#6219 = CARTESIAN_POINT ( 'NONE',  ( 90.00000000000000000, 0.000000000000000000, 35.00000000000000000 ) ) ;
#6220 = CARTESIAN_POINT ( 'NONE',  ( -8.769921363075528831, 1.295913291444664717, 0.9007668078101489506 ) ) ;
#6221 = CARTESIAN_POINT ( 'NONE',  ( 59.77320851352405384, -7.359678565581387666, -3.634881910926155868 ) ) ;
#6222 = AXIS2_PLACEMENT_3D ( 'NONE', #4270, #6331, #4929 ) ;
#6223 = ORIENTED_EDGE ( 'NONE', *, *, #4329, .T. ) ;
#6224 = AXIS2_PLACEMENT_3D ( 'NONE', #2666, #1637, #3748 ) ;
#6225 = DIRECTION ( 'NONE',  ( 0.7071067811865475727, 0.000000000000000000, -0.7071067811865475727 ) ) ;
#6226 = CYLINDRICAL_SURFACE ( 'NONE', #956, 0.4999999999999796829 ) ;
#6227 = EDGE_CURVE ( 'NONE', #5422, #3547, #371, .T. ) ;
#6228 = CARTESIAN_POINT ( 'NONE',  ( -17.39179183223821568, -31.77283652197676744, -1.391031246643192665 ) ) ;
#6229 = AXIS2_PLACEMENT_3D ( 'NONE', #1250, #4884, #3327 ) ;
#6230 = ORIENTED_EDGE ( 'NONE', *, *, #6183, .F. ) ;
#6231 = FACE_BOUND ( 'NONE', #2672, .T. ) ;
#6232 = ADVANCED_FACE ( 'NONE', ( #1066 ), #5779, .T. ) ;
#6233 = DIRECTION ( 'NONE',  ( 0.000000000000000000, 1.000000000000000000, 0.000000000000000000 ) ) ;
#6234 = FACE_OUTER_BOUND ( 'NONE', #1033, .T. ) ;
#6235 = CARTESIAN_POINT ( 'NONE',  ( -9.780179008591220580, -2.894928471937218362, -1.123922727486303286 ) ) ;
#6236 = ORIENTED_EDGE ( 'NONE', *, *, #1131, .T. ) ;
#6237 = CARTESIAN_POINT ( 'NONE',  ( 9.152267500318369997, -6.495153879936864882, -1.108414712986015571 ) ) ;
#6238 = EDGE_CURVE ( 'NONE', #1012, #1783, #2758, .T. ) ;
#6239 = ORIENTED_EDGE ( 'NONE', *, *, #3980, .F. ) ;
#6240 = CARTESIAN_POINT ( 'NONE',  ( -10.39572806148931861, -18.55947972158590531, 0.06032866722192967851 ) ) ;
#6241 = LINE ( 'NONE', #5769, #5585 ) ;
#6242 = SURFACE_STYLE_USAGE ( .BOTH. , #6752 ) ;
#6243 = EDGE_CURVE ( 'NONE', #5039, #3051, #3076, .T. ) ;
#6244 = CARTESIAN_POINT ( 'NONE',  ( -72.36096723560009991, -2.171431038336605113, -14.26371814922621262 ) ) ;
#6245 = AXIS2_PLACEMENT_3D ( 'NONE', #686, #2761, #4945 ) ;
#6246 = DIRECTION ( 'NONE',  ( 0.000000000000000000, -1.000000000000000000, 0.000000000000000000 ) ) ;
#6247 = EDGE_LOOP ( 'NONE', ( #5860, #2084, #1473, #4445 ) ) ;
#6248 = ORIENTED_EDGE ( 'NONE', *, *, #1428, .F. ) ;
#6249 = CARTESIAN_POINT ( 'NONE',  ( -50.08440228290172058, -27.69308976998567573, -3.054471071719763842 ) ) ;
#6250 = PRESENTATION_LAYER_ASSIGNMENT (  '', '', ( #5380 ) ) ;
#6251 = EDGE_CURVE ( 'NONE', #3205, #6521, #4223, .T. ) ;
#6252 = PLANE ( 'NONE',  #235 ) ;
#6253 = ORIENTED_EDGE ( 'NONE', *, *, #4320, .T. ) ;
#6254 = CARTESIAN_POINT ( 'NONE',  ( -37.46113302571338721, -31.33098411923448268, -2.817934232696731822 ) ) ;
#6255 = LINE ( 'NONE', #1003, #2030 ) ;
#6256 = VERTEX_POINT ( 'NONE', #6353 ) ;
#6257 = AXIS2_PLACEMENT_3D ( 'NONE', #5535, #3605, #5018 ) ;
#6258 = CARTESIAN_POINT ( 'NONE',  ( -52.34605302607556609, 2.169978146757524762, -3.760746376895218734 ) ) ;
#6259 = AXIS2_PLACEMENT_3D ( 'NONE', #585, #1690, #4370 ) ;
#6260 = CARTESIAN_POINT ( 'NONE',  ( -36.75472292175314237, 7.605230501816005351, -2.752970657182711722 ) ) ;
#6261 = ORIENTED_EDGE ( 'NONE', *, *, #6494, .T. ) ;
#6262 = EDGE_CURVE ( 'NONE', #2067, #1281, #4846, .T. ) ;
#6263 = DIRECTION ( 'NONE',  ( 0.0005443633068965336502, 0.9999998518342840814, -2.518186154490093769E-18 ) ) ;
#6264 = DIRECTION ( 'NONE',  ( 0.9897547569913133225, 0.000000000000000000, -0.1427778729813075631 ) ) ;
#6265 =( BOUNDED_CURVE ( )  B_SPLINE_CURVE ( 3, ( #3664, #4709, #1034, #6186 ),
 .UNSPECIFIED., .F., .T. ) 
 B_SPLINE_CURVE_WITH_KNOTS ( ( 4, 4 ),
 ( 3.141592653589790896, 6.283185307179586232 ),
 .UNSPECIFIED. ) 
 CURVE ( )  GEOMETRIC_REPRESENTATION_ITEM ( )  RATIONAL_B_SPLINE_CURVE ( ( 1.000000000000000000, 0.3333333333333325932, 0.3333333333333325932, 1.000000000000000000 ) ) 
 REPRESENTATION_ITEM ( '' )  );
#6266 = VERTEX_POINT ( 'NONE', #1176 ) ;
#6267 = LINE ( 'NONE', #4073, #626 ) ;
#6268 = CARTESIAN_POINT ( 'NONE',  ( 0.7553760875925640272, -0.5960257825026067380, -1.000556816100717228 ) ) ;
#6269 = DIRECTION ( 'NONE',  ( 4.173484458121925752E-08, 0.9999999999999992228, -7.358978692125614202E-09 ) ) ;
#6270 = FILL_AREA_STYLE ('',( #3154 ) ) ;
#6271 = ORIENTED_EDGE ( 'NONE', *, *, #2047, .F. ) ;
#6272 = CIRCLE ( 'NONE', #5958, 0.2500000000000037192 ) ;
#6273 =( GEOMETRIC_REPRESENTATION_CONTEXT ( 3 ) GLOBAL_UNCERTAINTY_ASSIGNED_CONTEXT ( ( #4475 ) ) GLOBAL_UNIT_ASSIGNED_CONTEXT ( ( #2088, #980, #1606 ) ) REPRESENTATION_CONTEXT ( 'NONE', 'WORKASPACE' ) );
#6274 = DIRECTION ( 'NONE',  ( 0.000000000000000000, 1.000000000000000000, -0.000000000000000000 ) ) ;
#6275 = ORIENTED_EDGE ( 'NONE', *, *, #3283, .T. ) ;
#6276 = EDGE_CURVE ( 'NONE', #64, #3843, #1624, .T. ) ;
#6277 = CARTESIAN_POINT ( 'NONE',  ( -13.98890673045830901, 1.148922094363605595, -0.05294645060066605069 ) ) ;
#6278 = CARTESIAN_POINT ( 'NONE',  ( -16.36805648156715165, -27.48766672840635295, 0.6548931967873081739 ) ) ;
#6279 = CARTESIAN_POINT ( 'NONE',  ( -26.67788439088677421, 4.023857744322824281, -0.7073334039813334861 ) ) ;
#6280 = CARTESIAN_POINT ( 'NONE',  ( -15.66733822187582881, -26.99137124981855251, -1.317886284174262013 ) ) ;
#6281 = CARTESIAN_POINT ( 'NONE',  ( 53.97042376938023978, -23.38964688655295987, -4.794165262184212573 ) ) ;
#6282 = PLANE ( 'NONE',  #3363 ) ;
#6283 = EDGE_LOOP ( 'NONE', ( #3491, #4976, #6322, #3451 ) ) ;
#6284 = ORIENTED_EDGE ( 'NONE', *, *, #3578, .T. ) ;
#6285 = CARTESIAN_POINT ( 'NONE',  ( -50.69531803373509149, -27.26904316981586618, -3.134830640520700928 ) ) ;
#6286 = AXIS2_PLACEMENT_3D ( 'NONE', #4988, #4951, #2413 ) ;
#6287 = CARTESIAN_POINT ( 'NONE',  ( 59.42493656772224142, -4.692803182369833515, -3.580667616390438290 ) ) ;
#6288 = ORIENTED_EDGE ( 'NONE', *, *, #5516, .F. ) ;
#6289 = CARTESIAN_POINT ( 'NONE',  ( -37.25932568463420580, 4.423804652629754308, -0.7934424120033478633 ) ) ;
#6290 = CARTESIAN_POINT ( 'NONE',  ( -11.87222655021145279, 0.03284538247882486106, 0.01814646133346544885 ) ) ;
#6291 = ORIENTED_EDGE ( 'NONE', *, *, #5386, .F. ) ;
#6292 = DIRECTION ( 'NONE',  ( 0.7071067811865475727, 0.000000000000000000, -0.7071067811865475727 ) ) ;
#6293 = CARTESIAN_POINT ( 'NONE',  ( -13.40116124461971303, 3.236431733638713393, -1.231051311291927908 ) ) ;
#6294 = ORIENTED_EDGE ( 'NONE', *, *, #5961, .F. ) ;
#6295 = CYLINDRICAL_SURFACE ( 'NONE', #6027, 0.2500000000000037192 ) ;
#6296 = CARTESIAN_POINT ( 'NONE',  ( 17.63826908143394334, -28.38351122750974298, 0.5991467221510243801 ) ) ;
#6297 = ORIENTED_EDGE ( 'NONE', *, *, #2741, .F. ) ;
#6298 =( LENGTH_UNIT ( ) NAMED_UNIT ( * ) SI_UNIT ( .MILLI., .METRE. ) );
#6299 = UNCERTAINTY_MEASURE_WITH_UNIT (LENGTH_MEASURE( 1.000000000000000082E-05 ), #1409, 'distance_accuracy_value', 'NONE');
#6300 = CARTESIAN_POINT ( 'NONE',  ( 9.191549538031846822, -6.478469379840291253, 0.09098778876178743868 ) ) ;
#6301 = CARTESIAN_POINT ( 'NONE',  ( -8.769921363075528831, 1.295913291444664717, 0.9007668078101489506 ) ) ;
#6302 = SURFACE_STYLE_FILL_AREA ( #6270 ) ;
#6303 = EDGE_CURVE ( 'NONE', #4602, #3803, #3169, .T. ) ;
#6304 = ORIENTED_EDGE ( 'NONE', *, *, #880, .T. ) ;
#6305 = DIRECTION ( 'NONE',  ( -4.625929269271484533E-15, 0.000000000000000000, 1.000000000000000000 ) ) ;
#6306 = EDGE_LOOP ( 'NONE', ( #1087, #1997, #2493, #5489, #887 ) ) ;
#6307 = LINE ( 'NONE', #2756, #1437 ) ;
#6308 = CARTESIAN_POINT ( 'NONE',  ( -15.76738699216323880, -26.99861334628823784, 0.6796980582839010632 ) ) ;
#6309 = CARTESIAN_POINT ( 'NONE',  ( -26.65030653856525689, 4.023857744322824281, -1.106395462042057520 ) ) ;
#6310 = B_SPLINE_CURVE_WITH_KNOTS ( 'NONE', 3,
 ( #1015, #6300, #5173, #425, #4135, #1569 ),
 .UNSPECIFIED., .F., .F.,
 ( 4, 2, 4 ),
 ( 0.000000000000000000, 0.5000000000000000000, 1.000000000000000000 ),
 .UNSPECIFIED. ) ;
#6311 = DIRECTION ( 'NONE',  ( 0.000000000000000000, 0.000000000000000000, 1.000000000000000000 ) ) ;
#6312 = CARTESIAN_POINT ( 'NONE',  ( 0.2999999999999999889, 0.2500000000000000000, -0.1732050807568877582 ) ) ;
#6313 = EDGE_LOOP ( 'NONE', ( #569, #3637, #506, #3148 ) ) ;
#6314 = AXIS2_PLACEMENT_3D ( 'NONE', #6817, #3622, #1547 ) ;
#6315 = ORIENTED_EDGE ( 'NONE', *, *, #940, .F. ) ;
#6316 = CARTESIAN_POINT ( 'NONE',  ( 12.08451087243959954, 0.2000340669452769227, -1.189254978461004031 ) ) ;
#6317 = EDGE_CURVE ( 'NONE', #5211, #4625, #4809, .T. ) ;
#6318 = CLOSED_SHELL ( 'NONE', ( #5151, #494, #5465, #2557, #2944, #3760, #693 ) ) ;
#6319 = EDGE_CURVE ( 'NONE', #459, #5003, #3316, .T. ) ;
#6320 = EDGE_CURVE ( 'NONE', #3247, #4986, #6511, .T. ) ;
#6321 = DIRECTION ( 'NONE',  ( 0.7071067811865466846, 0.000000000000000000, 0.7071067811865484609 ) ) ;
#6322 = ORIENTED_EDGE ( 'NONE', *, *, #2081, .F. ) ;
#6323 = CYLINDRICAL_SURFACE ( 'NONE', #750, 0.9799999999999999822 ) ;
#6324 = DIRECTION ( 'NONE',  ( 0.000000000000000000, 1.000000000000000000, -0.000000000000000000 ) ) ;
#6325 = EDGE_CURVE ( 'NONE', #3747, #1052, #3845, .T. ) ;
#6326 = ORIENTED_EDGE ( 'NONE', *, *, #1279, .T. ) ;
#6327 = CARTESIAN_POINT ( 'NONE',  ( 54.05990198124041513, -23.38741257224858927, -4.133559188635901549 ) ) ;
#6328 = DIRECTION ( 'NONE',  ( 0.9901168373447569726, 0.000000000000000000, -0.1402449585775401297 ) ) ;
#6329 = CARTESIAN_POINT ( 'NONE',  ( 129.6058033746338651, 0.005000000000000229955, 20.15858122326973856 ) ) ;
#6330 = ORIENTED_EDGE ( 'NONE', *, *, #3319, .T. ) ;
#6331 = DIRECTION ( 'NONE',  ( 0.000000000000000000, 0.000000000000000000, 1.000000000000000000 ) ) ;
#6332 = LINE ( 'NONE', #6801, #636 ) ;
#6333 = AXIS2_PLACEMENT_3D ( 'NONE', #576, #6246, #3060 ) ;
#6334 = B_SPLINE_CURVE_WITH_KNOTS ( 'NONE', 3,
 ( #1718, #3839, #4874, #5947, #5429, #1315, #6019, #3912, #3079, #864, #5087, #6088 ),
 .UNSPECIFIED., .F., .F.,
 ( 4, 2, 2, 2, 2, 4 ),
 ( 3.267131347599267979E-11, 0.006101645737426320687, 0.01220329144218132780, 0.01525411429455881922, 0.01830493714693631410, 0.02440658285169131081 ),
 .UNSPECIFIED. ) ;
#6335 = ORIENTED_EDGE ( 'NONE', *, *, #183, .F. ) ;
#6336 = CARTESIAN_POINT ( 'NONE',  ( 47.36256316717059178, -28.99203072184975483, -3.112580304781106921 ) ) ;
#6337 = CARTESIAN_POINT ( 'NONE',  ( 72.36270919818214509, 1.028568487533104481, -9.088216203508499902 ) ) ;
#6338 = AXIS2_PLACEMENT_3D ( 'NONE', #1769, #4035, #3402 ) ;
#6339 = DIRECTION ( 'NONE',  ( 0.000000000000000000, 0.000000000000000000, 1.000000000000000000 ) ) ;
#6340 = ORIENTED_EDGE ( 'NONE', *, *, #783, .T. ) ;
#6341 = CARTESIAN_POINT ( 'NONE',  ( 0.4540890891135059837, -3.598723966335905189, -1.182580283090571394 ) ) ;
#6342 = CIRCLE ( 'NONE', #3375, 0.9799999999999988720 ) ;
#6343 = ORIENTED_EDGE ( 'NONE', *, *, #3329, .F. ) ;
#6344 = CARTESIAN_POINT ( 'NONE',  ( 112.9668282529391092, 0.005000000000000229955, 12.03317174706098136 ) ) ;
#6345 = CARTESIAN_POINT ( 'NONE',  ( 9.182289731064130933, -6.476866462390806767, -0.3089055198758754450 ) ) ;
#6346 = CARTESIAN_POINT ( 'NONE',  ( -13.98890673045852751, 1.148922094363608259, -0.05294645060062121850 ) ) ;
#6347 = CARTESIAN_POINT ( 'NONE',  ( -14.54634796634342031, -25.92365141892897284, -1.274274840082626259 ) ) ;
#6348 = LINE ( 'NONE', #5321, #410 ) ;
#6349 = CARTESIAN_POINT ( 'NONE',  ( -54.24251919480320794, -23.38510682105046357, -2.812828075175455744 ) ) ;
#6350 = PRODUCT_RELATED_PRODUCT_CATEGORY ( 'part', '', ( #2883 ) ) ;
#6351 = EDGE_LOOP ( 'NONE', ( #2092, #4742, #2941, #5187 ) ) ;
#6352 = VERTEX_POINT ( 'NONE', #1321 ) ;
#6353 = CARTESIAN_POINT ( 'NONE',  ( 0.2499999999999999445, -1.494999999999999885, -0.3000000000000001554 ) ) ;
#6354 = DIRECTION ( 'NONE',  ( -0.03185894519818400356, 0.000000000000000000, 0.9994923749638409127 ) ) ;
#6355 = FACE_OUTER_BOUND ( 'NONE', #762, .T. ) ;
#6356 = CARTESIAN_POINT ( 'NONE',  ( 48.25500605289746403, -31.82490027087495932, -4.030068685185029587 ) ) ;
#6357 = CARTESIAN_POINT ( 'NONE',  ( -23.34136073444861736, -30.68450847370872481, -0.5046395578391926762 ) ) ;
#6358 = AXIS2_PLACEMENT_3D ( 'NONE', #4726, #6274, #1608 ) ;
#6359 = EDGE_LOOP ( 'NONE', ( #439, #4053, #3696, #365 ) ) ;
#6360 = CARTESIAN_POINT ( 'NONE',  ( 59.17861909176203028, -4.425573612006118651, -4.756791303654692271 ) ) ;
#6361 = B_SPLINE_CURVE_WITH_KNOTS ( 'NONE', 3,
 ( #5047, #912, #300, #396, #3567, #4132 ),
 .UNSPECIFIED., .F., .F.,
 ( 4, 2, 4 ),
 ( 0.000000000000000000, 0.5000000000000000000, 1.000000000000000000 ),
 .UNSPECIFIED. ) ;
#6362 = CARTESIAN_POINT ( 'NONE',  ( 17.05649301142900143, 2.164613374959744707, -1.364672334786797503 ) ) ;
#6363 = CARTESIAN_POINT ( 'NONE',  ( 45.34617766953835627, -29.68407027322178493, -3.669699279219004850 ) ) ;
#6364 = ORIENTED_EDGE ( 'NONE', *, *, #940, .T. ) ;
#6365 = DIRECTION ( 'NONE',  ( 0.7071067811865483499, 0.000000000000000000, -0.7071067811865465735 ) ) ;
#6366 = ADVANCED_FACE ( 'NONE', ( #2902 ), #730, .T. ) ;
#6367 = EDGE_LOOP ( 'NONE', ( #3089, #786, #6261 ) ) ;
#6368 = COLOUR_RGB ( '',0.2509803921568627416, 0.2509803921568627416, 0.2509803921568627416 ) ;
#6369 = CARTESIAN_POINT ( 'NONE',  ( -56.41406539325115688, -18.93891244154216835, -4.337736028171304881 ) ) ;
#6370 = EDGE_CURVE ( 'NONE', #52, #970, #6569, .T. ) ;
#6371 = CARTESIAN_POINT ( 'NONE',  ( -13.97444591346496523, 1.148922094363601376, -0.4526849711010139110 ) ) ;
#6372 = CARTESIAN_POINT ( 'NONE',  ( 50.44217350912969522, 6.454762395641933104, -4.304423548013789791 ) ) ;
#6373 = CARTESIAN_POINT ( 'NONE',  ( 0.4559735226603604530, -3.598723966335905189, 0.4174920052850327745 ) ) ;
#6374 = ORIENTED_EDGE ( 'NONE', *, *, #5114, .F. ) ;
#6375 = ORIENTED_EDGE ( 'NONE', *, *, #355, .F. ) ;
#6376 = FACE_OUTER_BOUND ( 'NONE', #4977, .T. ) ;
#6377 = CARTESIAN_POINT ( 'NONE',  ( -66.98417885191005894, 1.028568487533104481, -12.23888633471946363 ) ) ;
#6378 = DIRECTION ( 'NONE',  ( -0.04583752443942888666, 0.000000000000000000, 0.9989489082797302633 ) ) ;
#6379 = CARTESIAN_POINT ( 'NONE',  ( 56.34124512001900342, -25.70203231491666784, -3.114861064711621275 ) ) ;
#6380 = VECTOR ( 'NONE', #938, 1000.000000000000114 ) ;
#6381 = CARTESIAN_POINT ( 'NONE',  ( 7.373011761815823739, -18.83657804063573238, 0.9299480665561890014 ) ) ;
#6382 = CARTESIAN_POINT ( 'NONE',  ( -10.79325785271847948, -20.06148255615248033, -0.3504997413629042380 ) ) ;
#6383 = CARTESIAN_POINT ( 'NONE',  ( -10.35400005103250720, -18.56206631971965848, -1.138811692849617252 ) ) ;
#6384 = ORIENTED_EDGE ( 'NONE', *, *, #5499, .T. ) ;
#6385 = ORIENTED_EDGE ( 'NONE', *, *, #2340, .T. ) ;
#6386 = B_SPLINE_CURVE_WITH_KNOTS ( 'NONE', 3,
 ( #2217, #4339, #6431, #2288 ),
 .UNSPECIFIED., .F., .F.,
 ( 4, 4 ),
 ( 0.000000000000000000, 1.000000000000000000 ),
 .UNSPECIFIED. ) ;
#6387 = DIRECTION ( 'NONE',  ( 0.000000000000000000, 0.000000000000000000, 1.000000000000000000 ) ) ;
#6388 = CYLINDRICAL_SURFACE ( 'NONE', #167, 38.50000000000000711 ) ;
#6389 = ADVANCED_FACE ( 'NONE', ( #1794 ), #2801, .F. ) ;
#6390 = DIRECTION ( 'NONE',  ( 1.000000000000000000, 0.000000000000000000, -0.000000000000000000 ) ) ;
#6391 = CARTESIAN_POINT ( 'NONE',  ( 8.368755081455811151, -22.04982989101742774, -1.090591647864323388 ) ) ;
#6392 = CARTESIAN_POINT ( 'NONE',  ( -53.16879893400204082, -24.65251475044789586, -4.681487747977302938 ) ) ;
#6393 = MECHANICAL_DESIGN_GEOMETRIC_PRESENTATION_REPRESENTATION (  '', ( #2204 ), #3426 ) ;
#6394 = VECTOR ( 'NONE', #2322, 1000.000000000000114 ) ;
#6395 = ORIENTED_EDGE ( 'NONE', *, *, #1361, .F. ) ;
#6396 = CARTESIAN_POINT ( 'NONE',  ( 59.65146027555495323, -8.122629294146822332, -4.425564227915212534 ) ) ;
#6397 = EDGE_CURVE ( 'NONE', #1281, #1296, #5638, .T. ) ;
#6398 = CARTESIAN_POINT ( 'NONE',  ( -26.65030653856525689, 4.023857744322824281, -1.106395462042057520 ) ) ;
#6399 = CARTESIAN_POINT ( 'NONE',  ( -3.370771516518571875, -8.550994666067264660, -1.014678568770783551 ) ) ;
#6400 = AXIS2_PLACEMENT_3D ( 'NONE', #6377, #4182, #18 ) ;
#6401 = ADVANCED_FACE ( 'NONE', ( #310 ), #6498, .F. ) ;
#6402 = ORIENTED_EDGE ( 'NONE', *, *, #5312, .T. ) ;
#6403 = LINE ( 'NONE', #3709, #2375 ) ;
#6404 = FACE_OUTER_BOUND ( 'NONE', #1086, .T. ) ;
#6405 = ORIENTED_EDGE ( 'NONE', *, *, #2421, .F. ) ;
#6406 =( NAMED_UNIT ( * ) PLANE_ANGLE_UNIT ( ) SI_UNIT ( $, .RADIAN. ) );
#6407 = DIRECTION ( 'NONE',  ( 0.000000000000000000, 0.000000000000000000, -1.000000000000000000 ) ) ;
#6408 = EDGE_CURVE ( 'NONE', #5981, #2365, #3424, .T. ) ;
#6409 = CARTESIAN_POINT ( 'NONE',  ( -59.76883138623279734, -7.798088857301284982, -3.634198994917872572 ) ) ;
#6410 = ADVANCED_FACE ( 'NONE', ( #3391 ), #273, .T. ) ;
#6411 = CARTESIAN_POINT ( 'NONE',  ( 0.2500000000000000000, 3.061616997868383018E-17, 1.700000000000000178 ) ) ;
#6412 = CARTESIAN_POINT ( 'NONE',  ( -74.33232441199879759, -5.972304432543244168, -15.58618263852919128 ) ) ;
#6413 = VERTEX_POINT ( 'NONE', #5952 ) ;
#6414 = EDGE_LOOP ( 'NONE', ( #4822, #4424, #3273, #4766 ) ) ;
#6415 = CARTESIAN_POINT ( 'NONE',  ( 90.00000000000000000, 0.005000000000000229955, 35.00000000000000000 ) ) ;
#6416 = EDGE_CURVE ( 'NONE', #3205, #5627, #4469, .T. ) ;
#6417 = CARTESIAN_POINT ( 'NONE',  ( 14.02000791343456143, 1.142169376749460952, 0.7463472551112251274 ) ) ;
#6418 = CARTESIAN_POINT ( 'NONE',  ( -10.53785835576138474, -18.93390689287946671, 0.8567925901828910007 ) ) ;
#6419 = ADVANCED_FACE ( 'NONE', ( #1208 ), #1827, .F. ) ;
#6420 = CARTESIAN_POINT ( 'NONE',  ( 0.2999999999999999889, 0.000000000000000000, -0.1732050807568877582 ) ) ;
#6421 = CARTESIAN_POINT ( 'NONE',  ( 47.36256316717130943, -28.99203072184941732, -3.112580304781162432 ) ) ;
#6422 = DIRECTION ( 'NONE',  ( 1.000000000000000000, 0.000000000000000000, 0.000000000000000000 ) ) ;
#6423 = ORIENTED_EDGE ( 'NONE', *, *, #5319, .F. ) ;
#6424 = ORIENTED_EDGE ( 'NONE', *, *, #3989, .F. ) ;
#6425 = DIRECTION ( 'NONE',  ( -1.000000000000000000, 0.000000000000000000, -0.000000000000000000 ) ) ;
#6426 = CARTESIAN_POINT ( 'NONE',  ( 53.57647134226386498, 1.794884401686376307, -3.526624921196770845 ) ) ;
#6427 = LINE ( 'NONE', #1247, #2332 ) ;
#6428 = FACE_OUTER_BOUND ( 'NONE', #2163, .T. ) ;
#6429 = CARTESIAN_POINT ( 'NONE',  ( -23.34136073444861736, -30.68450847370872481, -0.5046395578391926762 ) ) ;
#6430 = ORIENTED_EDGE ( 'NONE', *, *, #2230, .F. ) ;
#6431 = CARTESIAN_POINT ( 'NONE',  ( 56.62169920746863738, -24.90037348534020722, -4.504274888017723022 ) ) ;
#6432 = FACE_OUTER_BOUND ( 'NONE', #4212, .T. ) ;
#6433 = CARTESIAN_POINT ( 'NONE',  ( 22.71525283534335671, -33.62661265082643780, -1.001556815359856190 ) ) ;
#6434 = ORIENTED_EDGE ( 'NONE', *, *, #5870, .T. ) ;
#6435 = B_SPLINE_SURFACE_WITH_KNOTS ( 'NONE', 1, 3, ( 
 ( #6346, #4732, #3123, #6279, #4701, #5390, #573, #3279, #1545, #3162 ),
 ( #4801, #6784, #57, #6309, #2169, #3651, #93, #4770, #4285, #1169 ) ),
 .UNSPECIFIED., .F., .F., .F.,
 ( 2, 2 ),
 ( 4, 2, 2, 2, 4 ),
 ( 0.000000000000000000, 1.000000000000000000 ),
 ( 0.000000000000000000, 0.2500000000000000000, 0.5000000000000000000, 0.7500000000000000000, 1.000000000000000000 ),
 .UNSPECIFIED. ) ;
#6436 = CARTESIAN_POINT ( 'NONE',  ( 112.9668282529391092, 0.9850000000000002087, 12.03317174706097958 ) ) ;
#6437 = DIRECTION ( 'NONE',  ( -0.5000000000000001110, 0.8660254037844384856, 0.000000000000000000 ) ) ;
#6438 = ORIENTED_EDGE ( 'NONE', *, *, #6658, .T. ) ;
#6439 = CARTESIAN_POINT ( 'NONE',  ( -6.761650038262410511, -13.48732563329111578, 0.9410503296479924007 ) ) ;
#6440 = APPLICATION_PROTOCOL_DEFINITION ( 'draft international standard', 'automotive_design', 1998, #3182 ) ;
#6441 = CARTESIAN_POINT ( 'NONE',  ( 54.07861530701774910, -23.38744780005217550, -4.001545601143241981 ) ) ;
#6442 = CARTESIAN_POINT ( 'NONE',  ( -54.51732425090136047, 1.394267955021258221, -2.851608536670421579 ) ) ;
#6443 = CARTESIAN_POINT ( 'NONE',  ( 55.33430034993583035, -21.21479562524318752, -4.178963247104507950 ) ) ;
#6444 = EDGE_CURVE ( 'NONE', #6807, #5138, #6604, .T. ) ;
#6445 = DIRECTION ( 'NONE',  ( 0.7071067811865466846, 0.000000000000000000, 0.7071067811865484609 ) ) ;
#6446 = EDGE_CURVE ( 'NONE', #645, #5336, #1758, .T. ) ;
#6447 = EDGE_LOOP ( 'NONE', ( #2788, #2765, #5012, #4868 ) ) ;
#6448 = ORIENTED_EDGE ( 'NONE', *, *, #4938, .T. ) ;
#6449 = CARTESIAN_POINT ( 'NONE',  ( 49.22319530037951552, 3.005035194821735534, -3.333917781951023507 ) ) ;
#6450 = DIRECTION ( 'NONE',  ( 0.7071067811865483499, -6.195440985631454085E-17, -0.7071067811865465735 ) ) ;
#6451 = CARTESIAN_POINT ( 'NONE',  ( 71.86096730968294821, -2.171158856683157001, -15.23888633471938370 ) ) ;
#6452 = B_SPLINE_CURVE_WITH_KNOTS ( 'NONE', 3,
 ( #973, #4689, #6770, #2043, #6228, #1498, #3606, #5986, #4395, #3511, #757, #5625, #5392, #6455, #5946, #6491, #1949, #2433, #1240, #1916 ),
 .UNSPECIFIED., .F., .F.,
 ( 4, 2, 2, 2, 2, 2, 2, 2, 2, 4 ),
 ( 0.000000000000000000, 0.003361272346393115798, 0.006722544692786231596, 0.01008381703917934219, 0.01344508938557245452, 0.01680636173196556685, 0.01848699790516212735, 0.02016763407835868785, 0.02352890642475180538, 0.02689017877114491945 ),
 .UNSPECIFIED. ) ;
#6453 = CARTESIAN_POINT ( 'NONE',  ( -29.91076790553543674, 4.341710135934352621, -0.9439684159004531061 ) ) ;
#6454 = EDGE_CURVE ( 'NONE', #4986, #3247, #4642, .T. ) ;
#6455 = CARTESIAN_POINT ( 'NONE',  ( -8.387866567732018552, -22.03431324792266466, -1.091132295713464595 ) ) ;
#6456 = CARTESIAN_POINT ( 'NONE',  ( 33.47456470649920135, -31.61997772969102982, -1.245244761514499476 ) ) ;
#6457 = LINE ( 'NONE', #2899, #5492 ) ;
#6458 = VERTEX_POINT ( 'NONE', #4546 ) ;
#6459 = VECTOR ( 'NONE', #6503, 1000.000000000000000 ) ;
#6460 = ORIENTED_EDGE ( 'NONE', *, *, #809, .T. ) ;
#6461 = CARTESIAN_POINT ( 'NONE',  ( 48.78887746560127425, -28.43242406455320292, -2.887585799463665115 ) ) ;
#6462 = CARTESIAN_POINT ( 'NONE',  ( -43.49611967966471582, -30.22243126600640295, -2.649775304562418388 ) ) ;
#6463 = EDGE_CURVE ( 'NONE', #3121, #2613, #6534, .T. ) ;
#6464 = DIRECTION ( 'NONE',  ( -4.173484458121928399E-08, 0.9999999999999991118, 0.000000000000000000 ) ) ;
#6465 = CARTESIAN_POINT ( 'NONE',  ( 0.3464101615137755164, 7.338015321782662425E-17, 0.2000000000000000111 ) ) ;
#6466 = CARTESIAN_POINT ( 'NONE',  ( 59.57663281499777952, -9.352696012490786970, -3.604342683980197748 ) ) ;
#6467 = B_SPLINE_SURFACE_WITH_KNOTS ( 'NONE', 1, 3, ( 
 ( #2483, #6668, #5096, #2028, #4059, #6158 ),
 ( #349, #2451, #1964, #4581, #900, #1937 ) ),
 .UNSPECIFIED., .F., .F., .F.,
 ( 2, 2 ),
 ( 4, 2, 4 ),
 ( 0.000000000000000000, 1.000000000000000000 ),
 ( 0.000000000000000000, 0.5000000000000000000, 1.000000000000000000 ),
 .UNSPECIFIED. ) ;
#6468 = CARTESIAN_POINT ( 'NONE',  ( -59.39826745182362089, -9.353953579702766419, -4.790949453183090512 ) ) ;
#6469 = EDGE_CURVE ( 'NONE', #1985, #680, #888, .T. ) ;
#6470 = FILL_AREA_STYLE_COLOUR ( '', #3896 ) ;
#6471 = CARTESIAN_POINT ( 'NONE',  ( 0.000000000000000000, -0.9849999999999997646, -3.500000000000000888 ) ) ;
#6472 = VERTEX_POINT ( 'NONE', #1474 ) ;
#6473 = CARTESIAN_POINT ( 'NONE',  ( -54.24292891372348890, 1.388029702113688257, -4.832707658032868281 ) ) ;
#6474 = DIRECTION ( 'NONE',  ( 0.5836638835813471315, 0.0003177252488584065768, 0.8119953017434311526 ) ) ;
#6475 = AXIS2_PLACEMENT_3D ( 'NONE', #3974, #2233, #4387 ) ;
#6476 = ORIENTED_EDGE ( 'NONE', *, *, #412, .F. ) ;
#6477 = CARTESIAN_POINT ( 'NONE',  ( 6.810572745528576277, -13.92605049791955629, 0.9401833080964933087 ) ) ;
#6478 = DIRECTION ( 'NONE',  ( -1.026956297778269603E-15, 8.287641406479197866E-16, -1.000000000000000000 ) ) ;
#6479 = CARTESIAN_POINT ( 'NONE',  ( 90.00000000000000000, -0.004999999999999579434, 35.00000000000000000 ) ) ;
#6480 = DIRECTION ( 'NONE',  ( 0.9848076114973283168, -0.0005360932074821968610, -0.1736481527140441850 ) ) ;
#6481 = ADVANCED_FACE ( 'NONE', ( #5121 ), #5212, .F. ) ;
#6482 = AXIS2_PLACEMENT_3D ( 'NONE', #3979, #753, #6082 ) ;
#6483 = PLANE ( 'NONE',  #4966 ) ;
#6484 = CARTESIAN_POINT ( 'NONE',  ( -12.90429104518602088, 0.6813720622769819935, 0.7853065889497509167 ) ) ;
#6485 = EDGE_LOOP ( 'NONE', ( #38, #1654, #3721, #966 ) ) ;
#6486 = ORIENTED_EDGE ( 'NONE', *, *, #6810, .T. ) ;
#6487 = FACE_OUTER_BOUND ( 'NONE', #6485, .T. ) ;
#6488 = CARTESIAN_POINT ( 'NONE',  ( 13.94373341695030710, 1.154498292037051899, -1.252010064568245040 ) ) ;
#6489 = FACE_OUTER_BOUND ( 'NONE', #1385, .T. ) ;
#6490 = CARTESIAN_POINT ( 'NONE',  ( 14.02000791343456143, 1.142169376749460952, 0.7463472551112251274 ) ) ;
#6491 = CARTESIAN_POINT ( 'NONE',  ( -7.583511606592959531, -19.91299325574481927, -1.074352189758348564 ) ) ;
#6492 = CARTESIAN_POINT ( 'NONE',  ( 43.54123288058976016, -30.22242806060027220, -2.252321491195277137 ) ) ;
#6493 = CARTESIAN_POINT ( 'NONE',  ( -59.65146027555493191, -8.122629294146728185, -4.425564227915320004 ) ) ;
#6494 = EDGE_CURVE ( 'NONE', #970, #1453, #2020, .T. ) ;
#6495 = SHAPE_REPRESENTATION ( 'nut', ( #6116 ), #2908 ) ;
#6496 = ORIENTED_EDGE ( 'NONE', *, *, #3789, .F. ) ;
#6497 = ORIENTED_EDGE ( 'NONE', *, *, #991, .F. ) ;
#6498 = CYLINDRICAL_SURFACE ( 'NONE', #3636, 35.19179426837347791 ) ;
#6499 = DIRECTION ( 'NONE',  ( -1.000000000000000000, 0.000000000000000000, 0.000000000000000000 ) ) ;
#6500 = VECTOR ( 'NONE', #6045, 1000.000000000000000 ) ;
#6501 = CARTESIAN_POINT ( 'NONE',  ( 64.81499252157725266, -6.477527333163227041, -6.484169490126333812 ) ) ;
#6502 = CARTESIAN_POINT ( 'NONE',  ( 12.83832755255631142, -28.48705462809594735, -1.212763522593165666 ) ) ;
#6503 = DIRECTION ( 'NONE',  ( -0.000000000000000000, -1.000000000000000000, -0.000000000000000000 ) ) ;
#6504 = UNCERTAINTY_MEASURE_WITH_UNIT (LENGTH_MEASURE( 1.000000000000000082E-05 ), #1512, 'distance_accuracy_value', 'NONE');
#6505 = FACE_OUTER_BOUND ( 'NONE', #5058, .T. ) ;
#6506 = CARTESIAN_POINT ( 'NONE',  ( -13.97444591346496523, 1.148922094363601376, -0.4526849711010139110 ) ) ;
#6507 = CARTESIAN_POINT ( 'NONE',  ( 6.415243174439626550, -12.20310291648170065, -1.053310070045966107 ) ) ;
#6508 = VERTEX_POINT ( 'NONE', #5664 ) ;
#6509 = CARTESIAN_POINT ( 'NONE',  ( -58.62483487184633901, -3.257018866920192490, -5.480791466445043447 ) ) ;
#6510 = CARTESIAN_POINT ( 'NONE',  ( -50.78943205636170433, -27.27607970091704104, -2.340307501084733843 ) ) ;
#6511 = CIRCLE ( 'NONE', #220, 0.2499999999999999445 ) ;
#6512 = EDGE_LOOP ( 'NONE', ( #2627, #6532, #6496 ) ) ;
#6513 = CARTESIAN_POINT ( 'NONE',  ( 5.758896693837038505, -10.80929614990688137, 0.9572513041975772019 ) ) ;
#6514 = APPLICATION_PROTOCOL_DEFINITION ( 'draft international standard', 'automotive_design', 1998, #2346 ) ;
#6515 = LINE ( 'NONE', #3933, #4147 ) ;
#6516 = VECTOR ( 'NONE', #1928, 1000.000000000000000 ) ;
#6517 = DIRECTION ( 'NONE',  ( -1.000000000000000000, 0.000000000000000000, -0.000000000000000000 ) ) ;
#6518 = EDGE_CURVE ( 'NONE', #2613, #6101, #3548, .T. ) ;
#6519 = CARTESIAN_POINT ( 'NONE',  ( -72.36096723560009991, -2.171431038336605113, -14.26371814922621262 ) ) ;
#6520 = CARTESIAN_POINT ( 'NONE',  ( 89.99999999999997158, 0.005000000000000229955, -2.520000000000000906 ) ) ;
#6521 = VERTEX_POINT ( 'NONE', #6151 ) ;
#6522 = ORIENTED_EDGE ( 'NONE', *, *, #5824, .F. ) ;
#6523 = CARTESIAN_POINT ( 'NONE',  ( 59.14013133309119041, -4.695689425748202694, -5.560407745586627648 ) ) ;
#6524 = DIRECTION ( 'NONE',  ( 0.000000000000000000, 0.000000000000000000, 1.000000000000000000 ) ) ;
#6525 = CARTESIAN_POINT ( 'NONE',  ( -49.12454436397641189, -31.50693157952384027, -4.139764647634998518 ) ) ;
#6526 = ADVANCED_FACE ( 'NONE', ( #1897 ), #1288, .T. ) ;
#6527 = CARTESIAN_POINT ( 'NONE',  ( -52.40022094785455664, 2.169978146757524762, -3.364431052626626339 ) ) ;
#6528 = CIRCLE ( 'NONE', #1777, 0.9799999999999999822 ) ;
#6529 = DIRECTION ( 'NONE',  ( -0.8660254037844383745, 0.000000000000000000, 0.5000000000000004441 ) ) ;
#6530 = CARTESIAN_POINT ( 'NONE',  ( 47.26589031668713403, -28.99586973487285846, -3.906666372423405864 ) ) ;
#6531 = CARTESIAN_POINT ( 'NONE',  ( 11.41012976625099107, -21.50637450528479278, -0.3676047850222601832 ) ) ;
#6532 = ORIENTED_EDGE ( 'NONE', *, *, #1214, .F. ) ;
#6533 = VERTEX_POINT ( 'NONE', #343 ) ;
#6534 = LINE ( 'NONE', #240, #5974 ) ;
#6535 = FACE_OUTER_BOUND ( 'NONE', #4928, .T. ) ;
#6536 = CARTESIAN_POINT ( 'NONE',  ( 9.191791590048190130, -6.476866555711677798, 0.09098178459556531539 ) ) ;
#6537 =( LENGTH_UNIT ( ) NAMED_UNIT ( * ) SI_UNIT ( .MILLI., .METRE. ) );
#6538 = CARTESIAN_POINT ( 'NONE',  ( -13.97444591346496523, 1.148922094363601376, -0.4526849711010139110 ) ) ;
#6539 = AXIS2_PLACEMENT_3D ( 'NONE', #1425, #933, #4558 ) ;
#6540 = PRODUCT_DEFINITION_CONTEXT ( 'detailed design', #5016, 'design' ) ;
#6541 = ADVANCED_FACE ( 'NONE', ( #2447 ), #2475, .T. ) ;
#6542 = CARTESIAN_POINT ( 'NONE',  ( -72.36096723560009991, -2.171431038336605113, -14.26371814922621262 ) ) ;
#6543 = FACE_OUTER_BOUND ( 'NONE', #7, .T. ) ;
#6544 = B_SPLINE_CURVE_WITH_KNOTS ( 'NONE', 1,
 ( #6110, #2338 ),
 .UNSPECIFIED., .F., .F.,
 ( 2, 2 ),
 ( 0.000000000000000000, 1.000000000000000000 ),
 .UNSPECIFIED. ) ;
#6545 = FACE_BOUND ( 'NONE', #5268, .T. ) ;
#6546 = ORIENTED_EDGE ( 'NONE', *, *, #2636, .T. ) ;
#6547 = CARTESIAN_POINT ( 'NONE',  ( -57.32928129606121104, -1.141840935083520581, -5.283668121673260387 ) ) ;
#6548 = CARTESIAN_POINT ( 'NONE',  ( 90.00000000000000000, 0.9850000000000002087, 35.00000000000000000 ) ) ;
#6549 = EDGE_CURVE ( 'NONE', #2198, #6781, #3022, .T. ) ;
#6550 = EDGE_LOOP ( 'NONE', ( #3633, #2656, #2901, #707 ) ) ;
#6551 = CARTESIAN_POINT ( 'NONE',  ( -5.389073545406043664, -10.26709503006041757, 0.9626282672045785027 ) ) ;
#6552 = SHAPE_DEFINITION_REPRESENTATION ( #234, #2254 ) ;
#6553 = CARTESIAN_POINT ( 'NONE',  ( 59.48763376947754722, -7.359678565581385001, -5.614523122093435958 ) ) ;
#6554 = CARTESIAN_POINT ( 'NONE',  ( 0.000000000000000000, -0.9849999999999997646, -3.500000000000000888 ) ) ;
#6555 = CARTESIAN_POINT ( 'NONE',  ( -9.522598872476157439, -4.066703691913454044, -1.117531654426466625 ) ) ;
#6556 = LINE ( 'NONE', #1813, #3834 ) ;
#6557 = ORIENTED_EDGE ( 'NONE', *, *, #1004, .T. ) ;
#6558 = ORIENTED_EDGE ( 'NONE', *, *, #4684, .T. ) ;
#6559 = CARTESIAN_POINT ( 'NONE',  ( 58.46054422001488859, -2.945671425205006244, -5.455609131560359870 ) ) ;
#6560 = PRESENTATION_LAYER_ASSIGNMENT (  '', '', ( #2249 ) ) ;
#6561 = CARTESIAN_POINT ( 'NONE',  ( 5.421010862427522170E-17, 0.000000000000000000, -0.3464101615137754608 ) ) ;
#6562 = CARTESIAN_POINT ( 'NONE',  ( -52.35785589792356376, -25.83769692428442610, -3.760624728254587268 ) ) ;
#6563 = DIRECTION ( 'NONE',  ( 1.000000000000000000, 0.000000000000000000, 0.000000000000000000 ) ) ;
#6564 = DIRECTION ( 'NONE',  ( 0.000000000000000000, 0.000000000000000000, 1.000000000000000000 ) ) ;
#6565 = CARTESIAN_POINT ( 'NONE',  ( -66.98417885191005894, 1.027496301198058903, -12.23888633471946363 ) ) ;
#6566 = STYLED_ITEM ( 'NONE', ( #5094 ), #1416 ) ;
#6567 = ORIENTED_EDGE ( 'NONE', *, *, #3404, .T. ) ;
#6568 = ORIENTED_EDGE ( 'NONE', *, *, #715, .T. ) ;
#6569 = LINE ( 'NONE', #6091, #5417 ) ;
#6570 = CARTESIAN_POINT ( 'NONE',  ( -6.738848792294968248, -13.36424320151719414, -1.258902099025945409 ) ) ;
#6571 = B_SPLINE_CURVE_WITH_KNOTS ( 'NONE', 3,
 ( #2150, #5334, #5924, #1595, #1183, #1106, #5295, #3295, #2184, #2657, #5438, #74 ),
 .UNSPECIFIED., .F., .F.,
 ( 4, 2, 2, 2, 2, 4 ),
 ( 1.576498884772101886E-11, 0.006504226659965544124, 0.01300845330416609824, 0.01626056662626637617, 0.01951267994836665409, 0.02601690659256720300 ),
 .UNSPECIFIED. ) ;
#6572 = AXIS2_PLACEMENT_3D ( 'NONE', #5373, #3298, #4378 ) ;
#6573 = AXIS2_PLACEMENT_3D ( 'NONE', #6718, #2058, #954 ) ;
#6574 = ADVANCED_FACE ( 'NONE', ( #1543 ), #1647, .T. ) ;
#6575 = CARTESIAN_POINT ( 'NONE',  ( -58.36123149595011483, -14.24892846472965857, -3.416199338986590561 ) ) ;
#6576 = CARTESIAN_POINT ( 'NONE',  ( 20.48897279151138306, -33.07715042156794283, -1.543107524835775735 ) ) ;
#6577 = CARTESIAN_POINT ( 'NONE',  ( 59.38127257750038268, -9.354685218128878432, -4.923203188231910943 ) ) ;
#6578 = MECHANICAL_DESIGN_GEOMETRIC_PRESENTATION_REPRESENTATION (  '', ( #1163 ), #5044 ) ;
#6579 = CARTESIAN_POINT ( 'NONE',  ( -54.07861530701788411, -23.38744780005218971, -4.001545601143241981 ) ) ;
#6580 = CARTESIAN_POINT ( 'NONE',  ( -1.495525590607100330, -0.6066984796812443514, 1.000026194663564683 ) ) ;
#6581 = CARTESIAN_POINT ( 'NONE',  ( -37.99890703966858752, -34.31342703166591690, -0.8603013418910977483 ) ) ;
#6582 = ORIENTED_EDGE ( 'NONE', *, *, #4842, .F. ) ;
#6583 = ORIENTED_EDGE ( 'NONE', *, *, #1217, .T. ) ;
#6584 = FACE_OUTER_BOUND ( 'NONE', #3343, .T. ) ;
#6585 = DIRECTION ( 'NONE',  ( 0.7071067811865466846, 0.000000000000000000, 0.7071067811865484609 ) ) ;
#6586 = ORIENTED_EDGE ( 'NONE', *, *, #5575, .T. ) ;
#6587 = CARTESIAN_POINT ( 'NONE',  ( 3.383201432229903105, -8.547993473296207512, 0.9852896965946231767 ) ) ;
#6588 =( LENGTH_UNIT ( ) NAMED_UNIT ( * ) SI_UNIT ( .MILLI., .METRE. ) );
#6589 = CARTESIAN_POINT ( 'NONE',  ( -9.564387681299814759, -10.82513488819481040, -0.5184060538117188921 ) ) ;
#6590 = CARTESIAN_POINT ( 'NONE',  ( 49.95607204144278057, -31.12351238678225940, -4.247620832860343754 ) ) ;
#6591 = VECTOR ( 'NONE', #821, 1000.000000000000000 ) ;
#6592 = CARTESIAN_POINT ( 'NONE',  ( 0.000000000000000000, -0.005000000000000013115, -3.500000000000000888 ) ) ;
#6593 = ORIENTED_EDGE ( 'NONE', *, *, #1223, .F. ) ;
#6594 = ORIENTED_EDGE ( 'NONE', *, *, #3828, .T. ) ;
#6595 = DIRECTION ( 'NONE',  ( 0.0004999796423275586600, 0.000000000000000000, -0.9999998750101708467 ) ) ;
#6596 = VECTOR ( 'NONE', #4427, 1000.000000000000000 ) ;
#6597 = LINE ( 'NONE', #4460, #6087 ) ;
#6598 = CARTESIAN_POINT ( 'NONE',  ( 128.9128387290710691, 0.9850000000000002087, 20.85154586883255234 ) ) ;
#6599 = CARTESIAN_POINT ( 'NONE',  ( -56.47209173804431259, -18.93989740837525559, -3.941968101438449334 ) ) ;
#6600 = CYLINDRICAL_SURFACE ( 'NONE', #5942, 45.41237741890780200 ) ;
#6601 = CARTESIAN_POINT ( 'NONE',  ( -59.58979649686547475, -8.122629294146728185, -4.820782621315691685 ) ) ;
#6602 = AXIS2_PLACEMENT_3D ( 'NONE', #486, #2594, #4236 ) ;
#6603 = ORIENTED_EDGE ( 'NONE', *, *, #1780, .T. ) ;
#6604 = LINE ( 'NONE', #2385, #2427 ) ;
#6605 = CARTESIAN_POINT ( 'NONE',  ( 5.947870469350813316, -10.97173934209919466, 0.3546953223626148066 ) ) ;
#6606 =( NAMED_UNIT ( * ) PLANE_ANGLE_UNIT ( ) SI_UNIT ( $, .RADIAN. ) );
#6607 = FILL_AREA_STYLE_COLOUR ( '', #377 ) ;
#6608 = DIRECTION ( 'NONE',  ( 0.000000000000000000, 0.000000000000000000, 1.000000000000000000 ) ) ;
#6609 = EDGE_CURVE ( 'NONE', #5138, #1837, #3533, .T. ) ;
#6610 = CARTESIAN_POINT ( 'NONE',  ( 66.98417885191005894, 1.028568487533104481, -12.23888633471946363 ) ) ;
#6611 = EDGE_LOOP ( 'NONE', ( #2881, #342, #3904, #2812 ) ) ;
#6612 = EDGE_LOOP ( 'NONE', ( #3675, #205 ) ) ;
#6613 = PRESENTATION_LAYER_ASSIGNMENT (  '', '', ( #2746 ) ) ;
#6614 = CARTESIAN_POINT ( 'NONE',  ( -59.46337954442621054, -8.117446590748734536, -5.610736768620942172 ) ) ;
#6615 = DIRECTION ( 'NONE',  ( -0.000000000000000000, -1.000000000000000000, 0.000000000000000000 ) ) ;
#6616 = ORIENTED_EDGE ( 'NONE', *, *, #5180, .F. ) ;
#6617 = CARTESIAN_POINT ( 'NONE',  ( -1.535170185224255857, -7.826952360911824336, 0.9970221850474343395 ) ) ;
#6618 = CARTESIAN_POINT ( 'NONE',  ( -0.2999999999999999334, 0.2500000000000000000, 0.1732050807568877582 ) ) ;
#6619 = EDGE_CURVE ( 'NONE', #5703, #4105, #5249, .T. ) ;
#6620 = CARTESIAN_POINT ( 'NONE',  ( 20.84563072922273363, 5.657392638444433075, -0.1370157959097672018 ) ) ;
#6621 = CARTESIAN_POINT ( 'NONE',  ( -8.474944984451138197, -22.04235110252490415, 0.9074442937480889926 ) ) ;
#6622 = CARTESIAN_POINT ( 'NONE',  ( -71.61129374225021138, -1.571431512466895164, -15.23888633471938370 ) ) ;
#6623 = ORIENTED_EDGE ( 'NONE', *, *, #1995, .T. ) ;
#6624 = EDGE_LOOP ( 'NONE', ( #4046, #6068, #6423, #16 ) ) ;
#6625 = VECTOR ( 'NONE', #4641, 1000.000000000000000 ) ;
#6626 = EDGE_CURVE ( 'NONE', #3613, #4833, #4660, .T. ) ;
#6627 = DIRECTION ( 'NONE',  ( -0.9999998750101708467, 0.000000000000000000, -0.0004999796423276210017 ) ) ;
#6628 = EDGE_CURVE ( 'NONE', #5852, #2833, #5316, .T. ) ;
#6629 = CARTESIAN_POINT ( 'NONE',  ( -67.10022206744555717, -5.972299720487783681, -6.202242209890657776 ) ) ;
#6630 = CARTESIAN_POINT ( 'NONE',  ( -13.37610578967017538, 0.9409769323563279553, -1.231888969105325637 ) ) ;
#6631 = B_SPLINE_CURVE_WITH_KNOTS ( 'NONE', 3,
 ( #684, #2757, #5317, #3871 ),
 .UNSPECIFIED., .F., .F.,
 ( 4, 4 ),
 ( 0.000000000000000000, 1.000000000000000000 ),
 .UNSPECIFIED. ) ;
#6632 = FACE_OUTER_BOUND ( 'NONE', #4168, .T. ) ;
#6633 = CARTESIAN_POINT ( 'NONE',  ( 9.522627960318182261, -4.066707890778600287, -1.117532755479633266 ) ) ;
#6634 = EDGE_CURVE ( 'NONE', #5904, #6508, #1128, .T. ) ;
#6635 = ORIENTED_EDGE ( 'NONE', *, *, #841, .T. ) ;
#6636 = CARTESIAN_POINT ( 'NONE',  ( 36.73043575479793788, 13.81194709027738021, 47.12552417735270183 ) ) ;
#6637 = CARTESIAN_POINT ( 'NONE',  ( 6.737571964794494050, -15.48517697636201973, -1.258846874563249729 ) ) ;
#6638 =( REPRESENTATION_RELATIONSHIP ('NONE','NONE', #356, #2254 ) REPRESENTATION_RELATIONSHIP_WITH_TRANSFORMATION ( #3506 )SHAPE_REPRESENTATION_RELATIONSHIP( ) );
#6639 =( NAMED_UNIT ( * ) PLANE_ANGLE_UNIT ( ) SI_UNIT ( $, .RADIAN. ) );
#6640 = DIRECTION ( 'NONE',  ( 4.615198660203559618E-17, 1.000000000000000000, -3.736488172122332627E-18 ) ) ;
#6641 = DIRECTION ( 'NONE',  ( -0.000000000000000000, -6.195440985631454085E-17, -1.000000000000000000 ) ) ;
#6642 = EDGE_LOOP ( 'NONE', ( #2866, #3113, #5550, #3940, #6660, #2405, #6271, #877 ) ) ;
#6643 = DIRECTION ( 'NONE',  ( 0.9999998518342840814, 0.0005443633068966335052, 0.000000000000000000 ) ) ;
#6644 = CARTESIAN_POINT ( 'NONE',  ( 90.00000000000000000, -0.9849999999999995426, 35.00000000000000000 ) ) ;
#6645 = CARTESIAN_POINT ( 'NONE',  ( 36.41398015012792655, 4.514583776060135278, -1.503375728461414873 ) ) ;
#6646 = CARTESIAN_POINT ( 'NONE',  ( 0.000000000000000000, -0.004999999999999796274, 3.499999999999999112 ) ) ;
#6647 = CARTESIAN_POINT ( 'NONE',  ( -7.588091929206638220, -9.139892380292334195, -1.277839042694984606 ) ) ;
#6648 = LINE ( 'NONE', #4095, #4630 ) ;
#6649 = CARTESIAN_POINT ( 'NONE',  ( -6.808244747231690930, -14.37210115404097088, 0.2734544899741685464 ) ) ;
#6650 = FACE_OUTER_BOUND ( 'NONE', #595, .T. ) ;
#6651 = ORIENTED_EDGE ( 'NONE', *, *, #3242, .T. ) ;
#6652 = ORIENTED_EDGE ( 'NONE', *, *, #3807, .T. ) ;
#6653 = FACE_OUTER_BOUND ( 'NONE', #6624, .T. ) ;
#6654 = FILL_AREA_STYLE ('',( #5689 ) ) ;
#6655 = CARTESIAN_POINT ( 'NONE',  ( -59.01231554003577884, -20.15437238609419879, -5.539443175351225435 ) ) ;
#6656 = CARTESIAN_POINT ( 'NONE',  ( 9.807889602804960916, -2.891723246447218454, -0.3243663888013929575 ) ) ;
#6657 = DIRECTION ( 'NONE',  ( -0.4999999999999997780, -0.8660254037844388186, 0.000000000000000000 ) ) ;
#6658 = EDGE_CURVE ( 'NONE', #89, #645, #4768, .T. ) ;
#6659 = CARTESIAN_POINT ( 'NONE',  ( -47.76886483912048931, 7.028927331064124040, -2.532399903367359872 ) ) ;
#6660 = ORIENTED_EDGE ( 'NONE', *, *, #4313, .F. ) ;
#6661 = CARTESIAN_POINT ( 'NONE',  ( -0.2999999999999999334, 0.2500000000000000000, -0.1732050807568876194 ) ) ;
#6662 = CARTESIAN_POINT ( 'NONE',  ( -2.344054279755379611, -7.978312530076289377, 0.3942953201495341675 ) ) ;
#6663 = PRODUCT_DEFINITION_FORMATION_WITH_SPECIFIED_SOURCE ( 'ANY', '', #5862, .NOT_KNOWN. ) ;
#6664 = CARTESIAN_POINT ( 'NONE',  ( 9.545808712541301588, -4.067225507411745156, -0.3178853749501997505 ) ) ;
#6665 = CARTESIAN_POINT ( 'NONE',  ( 59.55755557537720080, -6.254336259651172902, -4.815729887884896421 ) ) ;
#6666 = CARTESIAN_POINT ( 'NONE',  ( 40.61302543083157701, -30.84885974776826956, -1.131483578845405402 ) ) ;
#6667 = B_SPLINE_CURVE_WITH_KNOTS ( 'NONE', 1,
 ( #2814, #2327 ),
 .UNSPECIFIED., .F., .F.,
 ( 2, 2 ),
 ( 0.000000000000000000, 1.000000000000000000 ),
 .UNSPECIFIED. ) ;
#6668 = CARTESIAN_POINT ( 'NONE',  ( 55.39156058818431916, -21.21479551249522189, -3.783080704669473882 ) ) ;
#6669 = EDGE_CURVE ( 'NONE', #3261, #4905, #702, .T. ) ;
#6670 = CIRCLE ( 'NONE', #6338, 0.9799999999999988720 ) ;
#6671 = CARTESIAN_POINT ( 'NONE',  ( -9.745798736232458737, -16.20800041507248679, -0.3223484450992620820 ) ) ;
#6672 = ORIENTED_EDGE ( 'NONE', *, *, #4593, .F. ) ;
#6673 = CARTESIAN_POINT ( 'NONE',  ( -20.31293199967332086, 2.922115064861484868, 0.4807729046390721295 ) ) ;
#6674 = PLANE ( 'NONE',  #5586 ) ;
#6675 = AXIS2_PLACEMENT_3D ( 'NONE', #1820, #2895, #3485 ) ;
#6676 = ADVANCED_FACE ( 'NONE', ( #3797 ), #3122, .T. ) ;
#6677 = CYLINDRICAL_SURFACE ( 'NONE', #6032, 4.999981800754931704 ) ;
#6678 = CARTESIAN_POINT ( 'NONE',  ( 84.22029219554450208, -10.38746360755481035, -8.477971179297560056 ) ) ;
#6679 = CARTESIAN_POINT ( 'NONE',  ( 116.5306464301193188, -0.9849999999999997646, 8.469353569880784249 ) ) ;
#6680 = DIRECTION ( 'NONE',  ( -0.5000000000000004441, 0.000000000000000000, -0.8660254037844383745 ) ) ;
#6681 = CARTESIAN_POINT ( 'NONE',  ( 117.2236110756821290, -0.9849999999999997646, 7.776388924317967799 ) ) ;
#6682 = VERTEX_POINT ( 'NONE', #1612 ) ;
#6683 = CARTESIAN_POINT ( 'NONE',  ( -57.81864542171607013, -1.643059569525868735, -4.548503323288372258 ) ) ;
#6684 = CARTESIAN_POINT ( 'NONE',  ( -24.81675169792924507, -34.06399320398428188, -1.793134936684267267 ) ) ;
#6685 = LINE ( 'NONE', #1411, #3175 ) ;
#6686 = CARTESIAN_POINT ( 'NONE',  ( -55.44272375505194361, 5.501644552193210025, -2.758168602817939075 ) ) ;
#6687 = VECTOR ( 'NONE', #4903, 1000.000000000000114 ) ;
#6688 = ORIENTED_EDGE ( 'NONE', *, *, #2124, .T. ) ;
#6689 = B_SPLINE_CURVE_WITH_KNOTS ( 'NONE', 3,
 ( #5640, #5607, #925, #1391, #6665, #2063, #3096, #4607, #4113, #5093, #1934, #898, #3027, #5217, #3586, #348 ),
 .UNSPECIFIED., .F., .F.,
 ( 4, 2, 2, 2, 2, 2, 2, 4 ),
 ( 0.000000000000000000, 0.1250000000000000000, 0.2500000000000000000, 0.3750000000000000000, 0.5000000000000000000, 0.6250000000000000000, 0.7500000000000000000, 1.000000000000000000 ),
 .UNSPECIFIED. ) ;
#6690 = CARTESIAN_POINT ( 'NONE',  ( 1.487306110593891617, 1.005000000000000782, 0.2999999999999998224 ) ) ;
#6691 = CARTESIAN_POINT ( 'NONE',  ( 3.211664136125276681, -8.364347729640424944, -0.4121237178952682489 ) ) ;
#6692 = DIRECTION ( 'NONE',  ( -0.000000000000000000, -0.000000000000000000, -1.000000000000000000 ) ) ;
#6693 =( GEOMETRIC_REPRESENTATION_CONTEXT ( 3 ) GLOBAL_UNCERTAINTY_ASSIGNED_CONTEXT ( ( #698 ) ) GLOBAL_UNIT_ASSIGNED_CONTEXT ( ( #6181, #4579, #407 ) ) REPRESENTATION_CONTEXT ( 'NONE', 'WORKASPACE' ) );
#6694 = CARTESIAN_POINT ( 'NONE',  ( 112.9668282529391092, 0.9850000000000002087, 12.03317174706098136 ) ) ;
#6695 = VERTEX_POINT ( 'NONE', #1022 ) ;
#6696 = ORIENTED_EDGE ( 'NONE', *, *, #1726, .T. ) ;
#6697 = B_SPLINE_CURVE_WITH_KNOTS ( 'NONE', 3,
 ( #572, #3836, #1129, #2239 ),
 .UNSPECIFIED., .F., .F.,
 ( 4, 4 ),
 ( 0.000000000000000000, 1.000000000000000000 ),
 .UNSPECIFIED. ) ;
#6698 = CARTESIAN_POINT ( 'NONE',  ( -17.15166512025106726, 2.145991651097894692, 0.6331213116265695939 ) ) ;
#6699 = CARTESIAN_POINT ( 'NONE',  ( 89.99999999999997158, 0.9850000000000002087, -2.520000000000001350 ) ) ;
#6700 = EDGE_CURVE ( 'NONE', #6472, #2465, #6813, .T. ) ;
#6701 = CARTESIAN_POINT ( 'NONE',  ( 52.40022094785510376, 2.169978146757367554, -3.364431052626693841 ) ) ;
#6702 = CARTESIAN_POINT ( 'NONE',  ( -7.635327263519267049, -9.139892380292334195, 1.121676413690612995 ) ) ;
#6703 = DIRECTION ( 'NONE',  ( 0.7071067811865465735, 0.000000000000000000, 0.7071067811865483499 ) ) ;
#6704 = EDGE_LOOP ( 'NONE', ( #6150, #3414, #3481, #3557 ) ) ;
#6705 = CARTESIAN_POINT ( 'NONE',  ( 23.31723196209561166, -30.68450847370865375, -0.9039111475430717801 ) ) ;
#6706 = CARTESIAN_POINT ( 'NONE',  ( 59.45973303555210521, -9.353953579702759313, -4.395700187507733503 ) ) ;
#6707 = ORIENTED_EDGE ( 'NONE', *, *, #6797, .F. ) ;
#6708 = SURFACE_STYLE_USAGE ( .BOTH. , #2498 ) ;
#6709 =( NAMED_UNIT ( * ) SI_UNIT ( $, .STERADIAN. ) SOLID_ANGLE_UNIT ( ) );
#6710 = CARTESIAN_POINT ( 'NONE',  ( -67.33147515126222515, -5.972304965155426970, -4.890740773849204359 ) ) ;
#6711 = CARTESIAN_POINT ( 'NONE',  ( 11.41928809992458582, -0.3705715824428147953, 0.03165992407509016227 ) ) ;
#6712 = EDGE_LOOP ( 'NONE', ( #1470, #6652, #5594, #5831 ) ) ;
#6713 = CARTESIAN_POINT ( 'NONE',  ( 9.677906050937036042, -15.56814249121415017, -1.121410023927769339 ) ) ;
#6714 = VECTOR ( 'NONE', #4086, 1000.000000000000000 ) ;
#6715 = ORIENTED_EDGE ( 'NONE', *, *, #1415, .T. ) ;
#6716 = ADVANCED_FACE ( 'NONE', ( #2201 ), #3724, .F. ) ;
#6717 = DIRECTION ( 'NONE',  ( 1.000000000000000000, -5.385298038120966970E-17, 0.000000000000000000 ) ) ;
#6718 = CARTESIAN_POINT ( 'NONE',  ( 128.9128387290710691, -0.004999999999999735559, 20.85154586883255234 ) ) ;
#6719 = AXIS2_PLACEMENT_3D ( 'NONE', #4391, #4357, #6524 ) ;
#6720 = CARTESIAN_POINT ( 'NONE',  ( -16.26645162035815062, -27.47986115080059832, -1.342598601287951388 ) ) ;
#6721 = DIRECTION ( 'NONE',  ( 0.8660254037844383745, 0.000000000000000000, -0.5000000000000004441 ) ) ;
#6722 = CARTESIAN_POINT ( 'NONE',  ( 54.24277224150512922, -23.38525610815846534, -2.812860548487907675 ) ) ;
#6723 = EDGE_LOOP ( 'NONE', ( #4487, #5159, #4318, #5801 ) ) ;
#6724 = VERTEX_POINT ( 'NONE', #6417 ) ;
#6725 = CARTESIAN_POINT ( 'NONE',  ( 89.99999999999997158, -0.9849999999999997646, -3.500000000000000888 ) ) ;
#6726 = EDGE_CURVE ( 'NONE', #5003, #2349, #1167, .T. ) ;
#6727 = CARTESIAN_POINT ( 'NONE',  ( 58.07544041496858966, -1.773716417801381340, -3.373706942233221540 ) ) ;
#6728 = ORIENTED_EDGE ( 'NONE', *, *, #4180, .F. ) ;
#6729 = CARTESIAN_POINT ( 'NONE',  ( -27.29787040906333573, -31.36418505292131442, -1.961693487087339260 ) ) ;
#6730 = CARTESIAN_POINT ( 'NONE',  ( 62.38588048857384649, -9.961212853436842707, -4.727140346427531448 ) ) ;
#6731 = EDGE_CURVE ( 'NONE', #4904, #5336, #6307, .T. ) ;
#6732 = CYLINDRICAL_SURFACE ( 'NONE', #4597, 35.19179426837347791 ) ;
#6733 = CARTESIAN_POINT ( 'NONE',  ( 20.21422925568566242, 2.937516471889768166, -1.516669001323273758 ) ) ;
#6734 = CARTESIAN_POINT ( 'NONE',  ( 27.28856811476589073, -31.36238663443791808, -1.961131430680496557 ) ) ;
#6735 = EDGE_CURVE ( 'NONE', #4685, #2056, #5280, .T. ) ;
#6736 = ORIENTED_EDGE ( 'NONE', *, *, #2141, .T. ) ;
#6737 = CARTESIAN_POINT ( 'NONE',  ( 59.39826745182346457, -9.353953579702759313, -4.790949453183035445 ) ) ;
#6738 = DIRECTION ( 'NONE',  ( -0.9891519148626992664, 0.000000000000000000, -0.1468961855306511466 ) ) ;
#6739 = AXIS2_PLACEMENT_3D ( 'NONE', #5787, #4713, #1006 ) ;
#6740 = B_SPLINE_CURVE_WITH_KNOTS ( 'NONE', 3,
 ( #835, #3995, #6575, #6180, #1418, #2352 ),
 .UNSPECIFIED., .F., .F.,
 ( 4, 2, 4 ),
 ( 7.714175368522574511E-13, 0.007516197086420937749, 0.01503239417207045438 ),
 .UNSPECIFIED. ) ;
#6741 = EDGE_LOOP ( 'NONE', ( #4403, #4672, #3450, #3077 ) ) ;
#6742 = CARTESIAN_POINT ( 'NONE',  ( 53.26250374275712574, 1.847137291999480846, -4.694523151521985405 ) ) ;
#6743 = CARTESIAN_POINT ( 'NONE',  ( -13.40329605214582642, 0.9646081676219077083, -0.4320230106685172822 ) ) ;
#6744 = CARTESIAN_POINT ( 'NONE',  ( 90.00000000000000000, 0.005000000000000229955, 35.00000000000000000 ) ) ;
#6745 = CARTESIAN_POINT ( 'NONE',  ( 10.36161553534746282, -1.805323648316183638, 0.8615642948357620234 ) ) ;
#6746 = VERTEX_POINT ( 'NONE', #3197 ) ;
#6747 = CARTESIAN_POINT ( 'NONE',  ( -47.86749246825570481, 7.028927331064125816, -1.738444957616599229 ) ) ;
#6748 = EDGE_LOOP ( 'NONE', ( #1739, #6424, #3867, #2080 ) ) ;
#6749 = EDGE_CURVE ( 'NONE', #845, #5517, #6782, .T. ) ;
#6750 =( NAMED_UNIT ( * ) SI_UNIT ( $, .STERADIAN. ) SOLID_ANGLE_UNIT ( ) );
#6751 = DIRECTION ( 'NONE',  ( 0.000000000000000000, 0.000000000000000000, 1.000000000000000000 ) ) ;
#6752 = SURFACE_SIDE_STYLE ('',( #1872 ) ) ;
#6753 = DIRECTION ( 'NONE',  ( 0.000000000000000000, 0.000000000000000000, 1.000000000000000000 ) ) ;
#6754 = ORIENTED_EDGE ( 'NONE', *, *, #1449, .T. ) ;
#6755 = EDGE_LOOP ( 'NONE', ( #2281, #3558, #1843, #4969 ) ) ;
#6756 = PLANE ( 'NONE',  #3187 ) ;
#6757 = EDGE_CURVE ( 'NONE', #3757, #1667, #3192, .T. ) ;
#6758 = CARTESIAN_POINT ( 'NONE',  ( 57.06977044884121142, -0.5235517319975862005, -3.222645323904803405 ) ) ;
#6759 = ORIENTED_EDGE ( 'NONE', *, *, #2060, .T. ) ;
#6760 = CARTESIAN_POINT ( 'NONE',  ( 23.31723196209548377, -30.68450847370865375, -0.9039111475430683385 ) ) ;
#6761 = CYLINDRICAL_SURFACE ( 'NONE', #487, 0.2500000000000000000 ) ;
#6762 = ORIENTED_EDGE ( 'NONE', *, *, #620, .F. ) ;
#6763 = CARTESIAN_POINT ( 'NONE',  ( 49.10405395572233544, 3.017530029575611561, -4.125047867103519117 ) ) ;
#6764 = CARTESIAN_POINT ( 'NONE',  ( -9.878921084921227447, 1.817610761779367978, -1.124797040333806786 ) ) ;
#6765 = VERTEX_POINT ( 'NONE', #3835 ) ;
#6766 = AXIS2_PLACEMENT_3D ( 'NONE', #5341, #1671, #4827 ) ;
#6767 = LINE ( 'NONE', #2040, #3479 ) ;
#6768 = CARTESIAN_POINT ( 'NONE',  ( 23.39007884152525563, -30.68223936111589367, 0.2938519568721940645 ) ) ;
#6769 = EDGE_CURVE ( 'NONE', #414, #3261, #3161, .T. ) ;
#6770 = CARTESIAN_POINT ( 'NONE',  ( -20.48843410977563906, -33.07729236410817464, -1.543076724942323397 ) ) ;
#6771 = ORIENTED_EDGE ( 'NONE', *, *, #41, .T. ) ;
#6772 = CARTESIAN_POINT ( 'NONE',  ( -52.34605302607556609, 2.169978146757524762, -3.760746376895218734 ) ) ;
#6773 = STYLED_ITEM ( 'NONE', ( #4515 ), #5943 ) ;
#6774 = SURFACE_STYLE_FILL_AREA ( #2703 ) ;
#6775 = PLANE ( 'NONE',  #1823 ) ;
#6776 = DIRECTION ( 'NONE',  ( 0.000000000000000000, 1.000000000000000000, -0.000000000000000000 ) ) ;
#6777 = LINE ( 'NONE', #6411, #1420 ) ;
#6778 = ORIENTED_EDGE ( 'NONE', *, *, #6619, .T. ) ;
#6779 =( BOUNDED_CURVE ( )  B_SPLINE_CURVE ( 3, ( #555, #1600, #2116, #2813 ),
 .UNSPECIFIED., .F., .F. ) 
 B_SPLINE_CURVE_WITH_KNOTS ( ( 4, 4 ),
 ( 4.711016160407407227, 4.712388980383217074 ),
 .UNSPECIFIED. ) 
 CURVE ( )  GEOMETRIC_REPRESENTATION_ITEM ( )  RATIONAL_B_SPLINE_CURVE ( ( 1.000000000000000000, 0.9999998429471156358, 0.9999998429471156358, 1.000000000000000000 ) ) 
 REPRESENTATION_ITEM ( '' )  );
#6780 = CARTESIAN_POINT ( 'NONE',  ( -11.00315873424776925, 2.364914076947106647, -0.5440952149887522404 ) ) ;
#6781 = VERTEX_POINT ( 'NONE', #6561 ) ;
#6782 = LINE ( 'NONE', #55, #2875 ) ;
#6783 = LINE ( 'NONE', #4214, #483 ) ;
#6784 = CARTESIAN_POINT ( 'NONE',  ( -17.07612626701287795, 2.149878705145030988, -0.5648903995622239771 ) ) ;
#6785 = FILL_AREA_STYLE_COLOUR ( '', #1019 ) ;
#6786 = VECTOR ( 'NONE', #1755, 1000.000000000000114 ) ;
#6787 = CARTESIAN_POINT ( 'NONE',  ( 5.421010862427522170E-17, 0.2500000000000000000, -0.3464101615137754608 ) ) ;
#6788 = LINE ( 'NONE', #2025, #4249 ) ;
#6789 = ORIENTED_EDGE ( 'NONE', *, *, #5554, .F. ) ;
#6790 = ORIENTED_EDGE ( 'NONE', *, *, #915, .F. ) ;
#6791 = FACE_OUTER_BOUND ( 'NONE', #5033, .T. ) ;
#6792 = CARTESIAN_POINT ( 'NONE',  ( 53.02995715022781553, 2.033001909371215277, -2.643065447807477764 ) ) ;
#6793 = ORIENTED_EDGE ( 'NONE', *, *, #6325, .F. ) ;
#6794 = CARTESIAN_POINT ( 'NONE',  ( -41.32798809008920671, 4.181438631424148511, -1.205350075414059807 ) ) ;
#6795 = DIRECTION ( 'NONE',  ( 0.0005443633068965336502, -0.9999998518342840814, 2.518186154490093769E-18 ) ) ;
#6796 = VERTEX_POINT ( 'NONE', #5014 ) ;
#6797 = EDGE_CURVE ( 'NONE', #5798, #3344, #6597, .T. ) ;
#6798 = CARTESIAN_POINT ( 'NONE',  ( 7.673819401444332833, 0.04612231514301407681, -45.48531776382458247 ) ) ;
#6799 = CARTESIAN_POINT ( 'NONE',  ( -47.95009530596271219, 6.843158862263406306, -3.989789558516403822 ) ) ;
#6800 = DIRECTION ( 'NONE',  ( 1.000000000000000000, 0.000000000000000000, 9.578695379593080197E-09 ) ) ;
#6801 = CARTESIAN_POINT ( 'NONE',  ( 129.6058033746338651, 0.9850000000000002087, 20.15858122326973856 ) ) ;
#6802 = EDGE_LOOP ( 'NONE', ( #939, #2682, #3380, #1793, #6275, #2914, #1320, #6567, #6142 ) ) ;
#6803 = FACE_OUTER_BOUND ( 'NONE', #2720, .T. ) ;
#6804 = CARTESIAN_POINT ( 'NONE',  ( -33.49052217565387224, -34.58515414464570625, -2.455016272946252798 ) ) ;
#6805 = DIRECTION ( 'NONE',  ( 0.7071067811865489050, -6.195440985631455317E-17, -0.7071067811865462405 ) ) ;
#6806 = CARTESIAN_POINT ( 'NONE',  ( 39.23243782350529330, 7.594030619484968270, -2.998202228034270167 ) ) ;
#6807 = VERTEX_POINT ( 'NONE', #3313 ) ;
#6808 = VECTOR ( 'NONE', #86, 1000.000000000000227 ) ;
#6809 = CYLINDRICAL_SURFACE ( 'NONE', #1834, 45.41281555363487143 ) ;
#6810 = EDGE_CURVE ( 'NONE', #3747, #6724, #2844, .T. ) ;
#6811 = ADVANCED_FACE ( 'NONE', ( #3416 ), #1345, .T. ) ;
#6812 = ORIENTED_EDGE ( 'NONE', *, *, #290, .T. ) ;
#6813 = LINE ( 'NONE', #2094, #3998 ) ;
#6814 = EDGE_CURVE ( 'NONE', #974, #655, #1819, .T. ) ;
#6815 = CARTESIAN_POINT ( 'NONE',  ( -14.02022323956612482, 1.141500831036104335, 0.7463235250255078057 ) ) ;
#6816 = ADVANCED_FACE ( 'NONE', ( #5459 ), #754, .F. ) ;
#6817 = CARTESIAN_POINT ( 'NONE',  ( 0.000000000000000000, -1.494999999999999885, 0.2999999999999998224 ) ) ;
#6818 = CARTESIAN_POINT ( 'NONE',  ( 0.000000000000000000, -1.494999999999999885, 0.2999999999999998224 ) ) ;
#6819 = CARTESIAN_POINT ( 'NONE',  ( 0.000000000000000000, -0.005000000000000013115, -3.500000000000000888 ) ) ;
#6820 = ORIENTED_EDGE ( 'NONE', *, *, #3448, .F. ) ;
#6821 = ORIENTED_EDGE ( 'NONE', *, *, #3421, .T. ) ;
#6822 = DIRECTION ( 'NONE',  ( 1.000000000000000000, 0.000000000000000000, 0.000000000000000000 ) ) ;
#6823 = CARTESIAN_POINT ( 'NONE',  ( 53.53816355766767998, 1.851208186883199103, -3.923682476751523041 ) ) ;
#6824 = NEXT_ASSEMBLY_USAGE_OCCURRENCE ( 'NAUO1', ' ', ' ', #1459, #232, $ ) ;
#6825 = NEXT_ASSEMBLY_USAGE_OCCURRENCE ( 'NAUO2', ' ', ' ', #1459, #6156, $ ) ;
#6826 = NEXT_ASSEMBLY_USAGE_OCCURRENCE ( 'NAUO3', ' ', ' ', #1459, #1248, $ ) ;
#6827 = NEXT_ASSEMBLY_USAGE_OCCURRENCE ( 'NAUO4', ' ', ' ', #1459, #3184, $ ) ;
#6828 = NEXT_ASSEMBLY_USAGE_OCCURRENCE ( 'NAUO5', ' ', ' ', #1459, #1248, $ ) ;
#6829 = NEXT_ASSEMBLY_USAGE_OCCURRENCE ( 'NAUO6', ' ', ' ', #1459, #3184, $ ) ;
#6830 = NEXT_ASSEMBLY_USAGE_OCCURRENCE ( 'NAUO7', ' ', ' ', #1459, #2968, $ ) ;
ENDSEC;
END-ISO-10303-21;
