ISO-10303-21;
HEADER;
FILE_DESCRIPTION (( 'STEP AP214' ),
    '1' );
FILE_NAME ('Left_stud.STEP',
    '2026-02-16T18:53:41',
    ( '' ),
    ( '' ),
    'SwSTEP 2.0',
    'SolidWorks 2025',
    '' );
FILE_SCHEMA (( 'AUTOMOTIVE_DESIGN' ));
ENDSEC;

DATA;
#1 = CARTESIAN_POINT ( 'NONE',  ( 67.98366813156107469, 19.85001326768243501, 16.38306383716016157 ) ) ;
#2 = CARTESIAN_POINT ( 'NONE',  ( 63.22341106672983813, -25.31871154814501068, 115.7832249932032909 ) ) ;
#3 = ORIENTED_EDGE ( 'NONE', *, *, #1031, .F. ) ;
#4 = CARTESIAN_POINT ( 'NONE',  ( 63.27430454173278918, -27.57089631167989907, 124.6289689037318169 ) ) ;
#5 = EDGE_CURVE ( 'NONE', #1341, #320, #1302, .T. ) ;
#6 = CIRCLE ( 'NONE', #507, 100.5000000000000000 ) ;
#7 = CARTESIAN_POINT ( 'NONE',  ( 63.81750197508145561, 21.86746387535509939, 4.000000000000000000 ) ) ;
#8 = EDGE_CURVE ( 'NONE', #1505, #689, #791, .T. ) ;
#9 = CARTESIAN_POINT ( 'NONE',  ( 64.22341106672539013, 20.50370294828163509, 1.500000000000000000 ) ) ;
#10 = VERTEX_POINT ( 'NONE', #1269 ) ;
#11 = CARTESIAN_POINT ( 'NONE',  ( 67.97103798797620300, 0.3866860839683322060, 93.56611417575697942 ) ) ;
#12 = CARTESIAN_POINT ( 'NONE',  ( 67.24043197522338744, 15.00370294829050621, 4.000000000000000000 ) ) ;
#13 = CARTESIAN_POINT ( 'NONE',  ( 63.22341106672825362, -8.070687808879446479, 112.3092359886820759 ) ) ;
#14 =( BOUNDED_SURFACE ( )  B_SPLINE_SURFACE ( 3, 2, ( 
 ( #1007, #1707, #118 ),
 ( #683, #981, #841 ),
 ( #1417, #863, #127 ),
 ( #544, #1426, #694 ),
 ( #1139, #704, #1275 ),
 ( #1838, #421, #575 ),
 ( #1578, #1734, #285 ),
 ( #444, #1299, #718 ),
 ( #1437, #13, #1266 ),
 ( #1829, #829, #295 ),
 ( #993, #1129, #851 ),
 ( #138, #150, #1287 ) ),
 .UNSPECIFIED., .F., .F., .F. ) 
 B_SPLINE_SURFACE_WITH_KNOTS ( ( 4, 2, 2, 2, 2, 4 ),
 ( 3, 3 ),
 ( 0.000000000000000000, 0.008484170576809836953, 0.01272625586521475630, 0.01696834115361967391, 0.02545251173042951259, 0.03393668230723934781 ),
 ( 0.000000000000000000, 1.000000000000000000 ),
 .UNSPECIFIED. ) 
 GEOMETRIC_REPRESENTATION_ITEM ( )  RATIONAL_B_SPLINE_SURFACE ( (
 ( 1.000000000000000000, 0.6348725429772882345, 1.000000000000000000),
 ( 1.000000000000000000, 0.6315390097231294853, 1.000000000000000000),
 ( 1.000000000000000000, 0.6286590222640511261, 1.000000000000000000),
 ( 1.000000000000000000, 0.6248759624877189278, 1.000000000000000000),
 ( 1.000000000000000000, 0.6237049151242295419, 1.000000000000000000),
 ( 1.000000000000000000, 0.6215273006249595333, 1.000000000000000000),
 ( 1.000000000000000000, 0.6205198606848580933, 1.000000000000000000),
 ( 1.000000000000000000, 0.6177347797171114374, 1.000000000000000000),
 ( 1.000000000000000000, 0.6162405587786843331, 1.000000000000000000),
 ( 1.000000000000000000, 0.6138531763018724163, 1.000000000000000000),
 ( 1.000000000000000000, 0.6129620643086465259, 1.000000000000000000),
 ( 1.000000000000000000, 0.6123554002591679035, 1.000000000000000000) ) ) 
 REPRESENTATION_ITEM ( '' )  SURFACE ( )  );
#15 = CARTESIAN_POINT ( 'NONE',  ( 63.72341106672703148, 2.169482214665742870, 91.90005108995275407 ) ) ;
#16 = CARTESIAN_POINT ( 'NONE',  ( 64.72341106672539013, 20.50370294828162798, 1.500000000000000000 ) ) ;
#17 = DIRECTION ( 'NONE',  ( -1.000000000000000000, 0.000000000000000000, 0.000000000000000000 ) ) ;
#18 = CARTESIAN_POINT ( 'NONE',  ( 65.39482518667848865, -24.65752965494902682, 125.2335142792752549 ) ) ;
#19 = CARTESIAN_POINT ( 'NONE',  ( 63.22341106673009392, -27.93787183657827100, 120.9866790447321279 ) ) ;
#20 = EDGE_LOOP ( 'NONE', ( #44, #268 ) ) ;
#21 = CARTESIAN_POINT ( 'NONE',  ( 67.58490536214277711, 1.107309448869314261, 92.83059733519792189 ) ) ;
#22 = AXIS2_PLACEMENT_3D ( 'NONE', #821, #1410, #1419 ) ;
#23 = DIRECTION ( 'NONE',  ( 0.000000000000000000, 0.5875133530706413421, 0.8092144709307241834 ) ) ;
#24 = AXIS2_PLACEMENT_3D ( 'NONE', #1099, #679, #238 ) ;
#25 = AXIS2_PLACEMENT_3D ( 'NONE', #1098, #1528, #669 ) ;
#26 = DIRECTION ( 'NONE',  ( 1.040834085586126666E-13, -1.000000000000000000, 0.000000000000000000 ) ) ;
#27 = CARTESIAN_POINT ( 'NONE',  ( 66.96382983584921078, 20.88771939287996204, 14.24311888321168418 ) ) ;
#28 = CARTESIAN_POINT ( 'NONE',  ( 67.97103798798285368, 18.69164165130557365, 20.25390906154699522 ) ) ;
#29 = ORIENTED_EDGE ( 'NONE', *, *, #1753, .F. ) ;
#30 = CARTESIAN_POINT ( 'NONE',  ( 67.99999999999994316, -25.24339686505468094, 124.7252316537960439 ) ) ;
#31 = DIRECTION ( 'NONE',  ( 1.000000000000000000, 0.000000000000000000, 0.000000000000000000 ) ) ;
#32 = EDGE_CURVE ( 'NONE', #722, #260, #1343, .T. ) ;
#33 = VECTOR ( 'NONE', #1738, 1000.000000000000000 ) ;
#34 = CARTESIAN_POINT ( 'NONE',  ( 67.06738781801999494, 14.33865482754481491, 11.14733408228643619 ) ) ;
#35 = EDGE_CURVE ( 'NONE', #373, #1124, #1699, .T. ) ;
#36 = CARTESIAN_POINT ( 'NONE',  ( 67.56620749119851155, 14.80018105524874805, 11.20733514979100320 ) ) ;
#37 = AXIS2_PLACEMENT_3D ( 'NONE', #773, #611, #327 ) ;
#38 = ORIENTED_EDGE ( 'NONE', *, *, #908, .F. ) ;
#39 = CARTESIAN_POINT ( 'NONE',  ( 63.84843193050230070, -16.49786532349505919, 119.8020330108259373 ) ) ;
#40 = DIRECTION ( 'NONE',  ( -0.000000000000000000, 0.2422479448687352710, -0.9702143748712828142 ) ) ;
#41 = CARTESIAN_POINT ( 'NONE',  ( 63.72341106673254529, -51.74864657828069170, 72.20428262707277156 ) ) ;
#42 = CARTESIAN_POINT ( 'NONE',  ( 67.80495964578547330, -5.108381959949202411, 105.4689994913574367 ) ) ;
#43 = DIRECTION ( 'NONE',  ( -0.000000000000000000, 0.000000000000000000, 1.000000000000000000 ) ) ;
#44 = ORIENTED_EDGE ( 'NONE', *, *, #1279, .F. ) ;
#45 = CARTESIAN_POINT ( 'NONE',  ( 63.22341106672994471, -26.41774243280141121, 125.3051384398686849 ) ) ;
#46 = CARTESIAN_POINT ( 'NONE',  ( 63.72341106672670463, 15.00370294828267959, 4.000000000000000000 ) ) ;
#47 = CARTESIAN_POINT ( 'NONE',  ( 64.72341106672533328, 15.50370294828162976, 1.500000000000000000 ) ) ;
#48 = CARTESIAN_POINT ( 'NONE',  ( 67.56620749119851155, 14.80018105524874805, 11.20733514979100320 ) ) ;
#49 = CARTESIAN_POINT ( 'NONE',  ( 63.22341106672979549, -24.71788515907336503, 125.9497054528339532 ) ) ;
#50 = EDGE_CURVE ( 'NONE', #55, #440, #517, .T. ) ;
#51 = EDGE_LOOP ( 'NONE', ( #1133, #1422, #223, #1520, #230 ) ) ;
#52 = CARTESIAN_POINT ( 'NONE',  ( 67.95710524330101521, -0.4435007214816592547, 96.04330642992081835 ) ) ;
#53 = CARTESIAN_POINT ( 'NONE',  ( 67.22164306566328662, -5.822204128283335223, 92.11729295479790380 ) ) ;
#54 = DIRECTION ( 'NONE',  ( 0.000000000000000000, -0.9702143748712818150, -0.2422479448687397396 ) ) ;
#55 = VERTEX_POINT ( 'NONE', #697 ) ;
#56 = CYLINDRICAL_SURFACE ( 'NONE', #339, 0.5000000000000009992 ) ;
#57 = EDGE_CURVE ( 'NONE', #1701, #123, #1198, .T. ) ;
#58 = CARTESIAN_POINT ( 'NONE',  ( 63.72250413315396145, -24.64974772956726312, 114.3657592982268767 ) ) ;
#59 = ADVANCED_FACE ( 'NONE', ( #332 ), #927, .T. ) ;
#60 = ORIENTED_EDGE ( 'NONE', *, *, #1665, .T. ) ;
#61 = CARTESIAN_POINT ( 'NONE',  ( 67.80495964578547330, -5.108381959949202411, 105.4689994913574367 ) ) ;
#62 = B_SPLINE_CURVE_WITH_KNOTS ( 'NONE', 3,
 ( #276, #1121, #557, #129, #2, #707, #696, #1277, #1569, #1401, #423, #112, #577, #1737, #297, #401, #1301, #1722 ),
 .UNSPECIFIED., .F., .F.,
 ( 4, 2, 2, 2, 2, 2, 2, 2, 4 ),
 ( 3.469446951953614189E-18, 0.001443774709709073944, 0.002887549419418144418, 0.004331324129127214241, 0.005775098838836285366, 0.007218873548545355623, 0.007940760903399891185, 0.008662648258254425013, 0.01155019767767252563 ),
 .UNSPECIFIED. ) ;
#63 = EDGE_CURVE ( 'NONE', #913, #1127, #361, .T. ) ;
#64 = CARTESIAN_POINT ( 'NONE',  ( 67.60395764637206639, -26.12337895949573152, 115.9471238977630350 ) ) ;
#65 = CARTESIAN_POINT ( 'NONE',  ( 63.71454511996238779, -27.61918242243945798, 124.4849415877987155 ) ) ;
#66 = ORIENTED_EDGE ( 'NONE', *, *, #1681, .T. ) ;
#67 = CARTESIAN_POINT ( 'NONE',  ( 63.84843193050314625, -24.51746248075172829, 125.6244948987312284 ) ) ;
#68 = CARTESIAN_POINT ( 'NONE',  ( 63.22341106672980970, -25.00832183338182801, 125.3636126902586341 ) ) ;
#69 = PLANE ( 'NONE',  #256 ) ;
#70 = CARTESIAN_POINT ( 'NONE',  ( 65.00961407080090737, -23.87015323291815960, 113.7519984723406594 ) ) ;
#71 = LINE ( 'NONE', #944, #1611 ) ;
#72 = ORIENTED_EDGE ( 'NONE', *, *, #545, .F. ) ;
#73 = DIRECTION ( 'NONE',  ( -0.000000000000000000, 0.2422479448687352710, -0.9702143748712828142 ) ) ;
#74 = ORIENTED_EDGE ( 'NONE', *, *, #1111, .F. ) ;
#75 = CARTESIAN_POINT ( 'NONE',  ( 63.29211273448892427, 21.66834830741437301, 4.000000000000000000 ) ) ;
#76 = CARTESIAN_POINT ( 'NONE',  ( 63.72295810456282794, -24.26359479209721570, 114.0376485416044829 ) ) ;
#77 = DIRECTION ( 'NONE',  ( 0.000000000000000000, -0.8092144709307160788, 0.5875133530706527774 ) ) ;
#78 = CARTESIAN_POINT ( 'NONE',  ( 65.74833994919305269, 18.63529828967270774, 24.34372256592664030 ) ) ;
#79 = ORIENTED_EDGE ( 'NONE', *, *, #732, .T. ) ;
#80 = ORIENTED_EDGE ( 'NONE', *, *, #218, .T. ) ;
#81 = VECTOR ( 'NONE', #409, 1000.000000000000000 ) ;
#82 = DIRECTION ( 'NONE',  ( -8.854596868797947483E-16, -0.2422479448687395731, 0.9702143748712819260 ) ) ;
#83 = EDGE_CURVE ( 'NONE', #519, #1124, #264, .T. ) ;
#84 = CARTESIAN_POINT ( 'NONE',  ( 63.22341106672995181, -26.25895016962014594, 126.0500796725249160 ) ) ;
#85 = CARTESIAN_POINT ( 'NONE',  ( 67.45694413229574593, -8.310675645630889008, 97.11915785104788768 ) ) ;
#86 = CARTESIAN_POINT ( 'NONE',  ( 70.56532718933158321, -3.282688345753265846, 107.8159464117056103 ) ) ;
#87 = CARTESIAN_POINT ( 'NONE',  ( 67.06738781801999494, 14.33865482754481491, 11.14733408228643619 ) ) ;
#88 = VERTEX_POINT ( 'NONE', #1348 ) ;
#89 = AXIS2_PLACEMENT_3D ( 'NONE', #1143, #1558, #723 ) ;
#90 = APPLICATION_PROTOCOL_DEFINITION ( 'draft international standard', 'automotive_design', 1998, #1691 ) ;
#91 = ORIENTED_EDGE ( 'NONE', *, *, #952, .F. ) ;
#92 = CARTESIAN_POINT ( 'NONE',  ( 63.22341106672500644, 21.26743919262239757, 7.303206912638226633 ) ) ;
#93 = VECTOR ( 'NONE', #838, 999.9999999999998863 ) ;
#94 = EDGE_CURVE ( 'NONE', #123, #1541, #340, .T. ) ;
#95 = CARTESIAN_POINT ( 'NONE',  ( 63.22341106672992339, -26.08097748272854588, 125.4524348722044209 ) ) ;
#96 = AXIS2_PLACEMENT_3D ( 'NONE', #866, #1428, #963 ) ;
#97 = CARTESIAN_POINT ( 'NONE',  ( 63.22341106672711675, 0.9892370720297452014, 94.56298721354673376 ) ) ;
#98 = CARTESIAN_POINT ( 'NONE',  ( 66.30672607185461231, 1.765392482938487939, 91.38461113647451839 ) ) ;
#99 = VERTEX_POINT ( 'NONE', #1358 ) ;
#100 = ORIENTED_EDGE ( 'NONE', *, *, #282, .T. ) ;
#101 = CARTESIAN_POINT ( 'NONE',  ( 63.81810655726270909, 21.75755702047052864, 7.336599008643916342 ) ) ;
#102 = AXIS2_PLACEMENT_3D ( 'NONE', #751, #40, #607 ) ;
#103 = CARTESIAN_POINT ( 'NONE',  ( 67.57774676128231306, 21.09655430001741649, 4.000000000000000000 ) ) ;
#104 = AXIS2_PLACEMENT_3D ( 'NONE', #478, #1338, #1619 ) ;
#105 = FACE_OUTER_BOUND ( 'NONE', #407, .T. ) ;
#106 = ADVANCED_FACE ( 'NONE', ( #626 ), #934, .T. ) ;
#107 = CARTESIAN_POINT ( 'NONE',  ( 62.99456622792088467, -2.045258797202849976, 109.5809713548463975 ) ) ;
#108 = FILL_AREA_STYLE ('',( #1529 ) ) ;
#109 = ORIENTED_EDGE ( 'NONE', *, *, #1004, .T. ) ;
#110 = CARTESIAN_POINT ( 'NONE',  ( 63.71539901465961009, -28.00591291808617811, 122.5069202724537547 ) ) ;
#111 = CARTESIAN_POINT ( 'NONE',  ( 67.53181853224226927, 20.43299857529843067, 12.47601616633872013 ) ) ;
#112 = CARTESIAN_POINT ( 'NONE',  ( 63.22341106673005839, -27.35845381895067518, 120.3138906071832821 ) ) ;
#113 = CARTESIAN_POINT ( 'NONE',  ( 63.22341106673004418, -27.07227829366610905, 124.5881785636695156 ) ) ;
#114 = AXIS2_PLACEMENT_3D ( 'NONE', #1754, #590, #1179 ) ;
#115 = CARTESIAN_POINT ( 'NONE',  ( 67.92326398456226855, 19.90634172162000581, 12.48214520888211254 ) ) ;
#116 = CARTESIAN_POINT ( 'NONE',  ( 63.82034792089876163, 18.99501634768394709, 24.47383683762665996 ) ) ;
#117 = ORIENTED_EDGE ( 'NONE', *, *, #1403, .T. ) ;
#118 = CARTESIAN_POINT ( 'NONE',  ( 63.82034792090053799, 2.160278031345706840, 91.89775294373761483 ) ) ;
#119 = CARTESIAN_POINT ( 'NONE',  ( 67.80729613612010098, -4.249927894719328414, 104.9012932629270978 ) ) ;
#120 = CARTESIAN_POINT ( 'NONE',  ( 63.72341106672703148, 1.684375027230101463, 91.77892711751837851 ) ) ;
#121 = CARTESIAN_POINT ( 'NONE',  ( 67.58043912833967681, -22.37297892474804328, 112.6650061736085888 ) ) ;
#122 = CARTESIAN_POINT ( 'NONE',  ( 63.83047206868068457, -26.22130708309626002, 125.9219904287510445 ) ) ;
#123 = VERTEX_POINT ( 'NONE', #1639 ) ;
#124 = CARTESIAN_POINT ( 'NONE',  ( 0.000000000000000000, 0.000000000000000000, 0.000000000000000000 ) ) ;
#125 = CARTESIAN_POINT ( 'NONE',  ( 67.59678437209745994, 14.30219735624820920, 15.06219079653532056 ) ) ;
#126 = FACE_OUTER_BOUND ( 'NONE', #387, .T. ) ;
#127 = CARTESIAN_POINT ( 'NONE',  ( 63.82820526113458470, 0.5262485199906937750, 97.41923521913595607 ) ) ;
#128 = CARTESIAN_POINT ( 'NONE',  ( 67.58778055275706720, 15.10869020873323088, 8.831255197086591124 ) ) ;
#129 = CARTESIAN_POINT ( 'NONE',  ( 63.22341106672980970, -25.00123930144212636, 115.4169341877804555 ) ) ;
#130 = CARTESIAN_POINT ( 'NONE',  ( 63.22341106672543987, -3.237927834716554543, 84.31667987050954594 ) ) ;
#131 = LINE ( 'NONE', #1571, #1712 ) ;
#132 = EDGE_LOOP ( 'NONE', ( #1349, #960, #79, #987 ) ) ;
#133 = CARTESIAN_POINT ( 'NONE',  ( 67.11321174644743337, 13.12921257372200934, 18.76551530536242041 ) ) ;
#134 = EDGE_LOOP ( 'NONE', ( #301, #1552 ) ) ;
#135 = CARTESIAN_POINT ( 'NONE',  ( 67.90096182060015906, -2.519440626426542096, 100.9414684292305395 ) ) ;
#136 = ADVANCED_FACE ( 'NONE', ( #1621, #906 ), #618, .T. ) ;
#137 = DIRECTION ( 'NONE',  ( 2.521399181825684912E-14, -0.2422479448687352710, 0.9702143748712829252 ) ) ;
#138 = CARTESIAN_POINT ( 'NONE',  ( 63.22341106672897837, -16.92843716904982898, 119.5163846068771960 ) ) ;
#139 = ADVANCED_FACE ( 'NONE', ( #480 ), #760, .F. ) ;
#140 = CARTESIAN_POINT ( 'NONE',  ( 67.10481654354356351, 14.87124757593233149, 6.356229254742639334 ) ) ;
#141 = CARTESIAN_POINT ( 'NONE',  ( 65.24095600881551604, -24.64362085015546810, 125.2716929299904365 ) ) ;
#142 = EDGE_CURVE ( 'NONE', #192, #476, #71, .T. ) ;
#143 = ORIENTED_EDGE ( 'NONE', *, *, #1220, .F. ) ;
#144 = CARTESIAN_POINT ( 'NONE',  ( 66.35293382264333673, -27.90752613421352990, 123.5752469484235121 ) ) ;
#145 = CIRCLE ( 'NONE', #381, 0.5000000000000004441 ) ;
#146 = CARTESIAN_POINT ( 'NONE',  ( 67.58043912834955336, 12.18687783826241855, 22.53961009398832260 ) ) ;
#147 = ORIENTED_EDGE ( 'NONE', *, *, #1279, .T. ) ;
#148 = DIRECTION ( 'NONE',  ( -1.040834085586155570E-14, -1.000000000000000000, 0.000000000000000000 ) ) ;
#149 = DIRECTION ( 'NONE',  ( 0.000000000000000000, 1.000000000000000000, 0.000000000000000000 ) ) ;
#150 = CARTESIAN_POINT ( 'NONE',  ( 63.22341106672893574, -16.54918205014006105, 120.0387535518422482 ) ) ;
#151 = CARTESIAN_POINT ( 'NONE',  ( 67.08899852763558158, 14.64616482326080593, 8.778934601976358110 ) ) ;
#152 = DIRECTION ( 'NONE',  ( 0.000000000000000000, 1.000000000000000000, 0.000000000000000000 ) ) ;
#153 = EDGE_CURVE ( 'NONE', #1541, #689, #1768, .T. ) ;
#154 = ORIENTED_EDGE ( 'NONE', *, *, #886, .F. ) ;
#155 = CARTESIAN_POINT ( 'NONE',  ( -3.330299005350503212E-11, 15.00370294814123540, 4.000000000000000000 ) ) ;
#156 = CARTESIAN_POINT ( 'NONE',  ( 63.22341106673000866, -27.04145066136277009, 117.5882189010014116 ) ) ;
#157 = EDGE_LOOP ( 'NONE', ( #1110, #1237, #172, #211 ) ) ;
#158 = VERTEX_POINT ( 'NONE', #1676 ) ;
#159 = CARTESIAN_POINT ( 'NONE',  ( 67.57122165124125956, -0.02864173541237175977, 96.22319345088581599 ) ) ;
#160 = DIRECTION ( 'NONE',  ( 1.000000000000000000, -1.040834085586155570E-14, 0.000000000000000000 ) ) ;
#161 = DIRECTION ( 'NONE',  ( -2.521399181825684596E-14, 0.2422479448687352710, -0.9702143748712829252 ) ) ;
#162 = CARTESIAN_POINT ( 'NONE',  ( 67.30101527079277446, -7.118165352697879200, 94.94549200669213462 ) ) ;
#163 = CARTESIAN_POINT ( 'NONE',  ( 63.71666421562105143, -27.88930337658510794, 120.4831846066124399 ) ) ;
#164 = AXIS2_PLACEMENT_3D ( 'NONE', #1695, #1706, #873 ) ;
#165 = ORIENTED_EDGE ( 'NONE', *, *, #94, .T. ) ;
#166 = CARTESIAN_POINT ( 'NONE',  ( 67.99999999999994316, -17.17596910845068692, 118.8680433530402496 ) ) ;
#167 = CARTESIAN_POINT ( 'NONE',  ( 66.42202274146613661, -27.80595643777231984, 124.0265630390463087 ) ) ;
#168 = VECTOR ( 'NONE', #395, 1000.000000000000000 ) ;
#169 = LINE ( 'NONE', #1446, #502 ) ;
#170 = LINE ( 'NONE', #1319, #1256 ) ;
#171 = VECTOR ( 'NONE', #1196, 1000.000000000000000 ) ;
#172 = ORIENTED_EDGE ( 'NONE', *, *, #1315, .F. ) ;
#173 = CARTESIAN_POINT ( 'NONE',  ( 67.88630653821725502, -3.377124551493443594, 103.4848247693173278 ) ) ;
#174 = CARTESIAN_POINT ( 'NONE',  ( 63.57222155816449316, -29.52742237519252555, 117.8593411885157991 ) ) ;
#175 = TOROIDAL_SURFACE ( 'NONE', #925, 50.50000000000000000, 0.5000000000000000000 ) ;
#176 = CARTESIAN_POINT ( 'NONE',  ( 67.57125909803062314, 20.99510263411895039, 6.857121920363522527 ) ) ;
#177 = CARTESIAN_POINT ( 'NONE',  ( 63.81021284115166736, -26.65984178759412870, 125.7358802076932989 ) ) ;
#178 = DIRECTION ( 'NONE',  ( -1.040834085586155570E-14, -1.000000000000000000, 0.000000000000000000 ) ) ;
#179 = ORIENTED_EDGE ( 'NONE', *, *, #335, .F. ) ;
#180 = CARTESIAN_POINT ( 'NONE',  ( 63.72341106672976707, -24.50813131801304223, 125.6373472226474348 ) ) ;
#181 = FACE_OUTER_BOUND ( 'NONE', #1688, .T. ) ;
#182 =( GEOMETRIC_REPRESENTATION_CONTEXT ( 3 ) GLOBAL_UNCERTAINTY_ASSIGNED_CONTEXT ( ( #1125 ) ) GLOBAL_UNIT_ASSIGNED_CONTEXT ( ( #950, #813, #826 ) ) REPRESENTATION_CONTEXT ( 'NONE', 'WORKASPACE' ) );
#183 =( BOUNDED_SURFACE ( )  B_SPLINE_SURFACE ( 3, 2, ( 
 ( #1750, #174, #1043 ),
 ( #1610, #472, #323 ),
 ( #1322, #895, #167 ),
 ( #1602, #595, #1458 ) ),
 .UNSPECIFIED., .F., .F., .F. ) 
 B_SPLINE_SURFACE_WITH_KNOTS ( ( 4, 4 ),
 ( 3, 3 ),
 ( 0.01828514743270015508, 0.02294553971460150735 ),
 ( 0.000000000000000000, 0.8054479210920879595 ),
 .UNSPECIFIED. ) 
 GEOMETRIC_REPRESENTATION_ITEM ( )  RATIONAL_B_SPLINE_SURFACE ( (
 ( 1.000000000000000000, 0.7833731265521092224, 0.9157095828467833876),
 ( 1.000000000000000000, 0.7935636822813558755, 0.9196747704514870447),
 ( 1.000000000000000000, 0.8041680416219086913, 0.9238009707618692889),
 ( 1.000000000000000000, 0.8150034603856005644, 0.9280170772544973357) ) ) 
 REPRESENTATION_ITEM ( '' )  SURFACE ( )  );
#184 = VERTEX_POINT ( 'NONE', #1112 ) ;
#185 = DIRECTION ( 'NONE',  ( 1.000000000000000000, -1.040834085586083310E-14, 0.000000000000000000 ) ) ;
#186 = CARTESIAN_POINT ( 'NONE',  ( 67.47218473283371054, 1.068205619558562525, 90.97630541137590399 ) ) ;
#187 = ORIENTED_EDGE ( 'NONE', *, *, #348, .T. ) ;
#188 = CARTESIAN_POINT ( 'NONE',  ( 67.92324109080757921, 19.90600435985244232, 12.48210337662197311 ) ) ;
#189 = CARTESIAN_POINT ( 'NONE',  ( 65.78168799895507846, 21.48920732237260367, 3.999999999996679989 ) ) ;
#190 = CIRCLE ( 'NONE', #437, 0.5000000000000004441 ) ;
#191 = CARTESIAN_POINT ( 'NONE',  ( 0.000000000000000000, 19.00370294828156048, 4.000000000000000000 ) ) ;
#192 = VERTEX_POINT ( 'NONE', #1790 ) ;
#193 = FACE_OUTER_BOUND ( 'NONE', #1713, .T. ) ;
#194 = CIRCLE ( 'NONE', #104, 0.5000000000000004441 ) ;
#195 = VECTOR ( 'NONE', #1850, 1000.000000000000000 ) ;
#196 = EDGE_CURVE ( 'NONE', #1655, #1748, #503, .T. ) ;
#197 = EDGE_CURVE ( 'NONE', #1018, #913, #1224, .T. ) ;
#198 = CARTESIAN_POINT ( 'NONE',  ( 63.22341106672985234, -25.31871154800261081, 115.7832249932961872 ) ) ;
#199 = ORIENTED_EDGE ( 'NONE', *, *, #1378, .F. ) ;
#200 = CARTESIAN_POINT ( 'NONE',  ( 63.22341106672995892, -26.31047352743868473, 125.3629235148931116 ) ) ;
#201 = CARTESIAN_POINT ( 'NONE',  ( 67.62879003708516734, -26.83946082344960260, 117.0574789106377125 ) ) ;
#202 = CARTESIAN_POINT ( 'NONE',  ( 63.72341106672813282, -8.735984351146644400, 108.4006549451240602 ) ) ;
#203 = ORIENTED_EDGE ( 'NONE', *, *, #958, .T. ) ;
#204 = CARTESIAN_POINT ( 'NONE',  ( 63.72503002798221416, -27.57617899170347897, 124.6419372611170360 ) ) ;
#205 = VECTOR ( 'NONE', #1469, 999.9999999999998863 ) ;
#206 = CARTESIAN_POINT ( 'NONE',  ( 63.72341106673604116, -84.83455964887438938, -1.685184392885504590 ) ) ;
#207 = ORIENTED_EDGE ( 'NONE', *, *, #810, .T. ) ;
#208 = CARTESIAN_POINT ( 'NONE',  ( 63.22341106672543987, -31.92291402485698981, 119.5985381281459041 ) ) ;
#209 = CARTESIAN_POINT ( 'NONE',  ( 67.36318905095269827, -8.277000574105329633, 97.26519353295834946 ) ) ;
#210 = CARTESIAN_POINT ( 'NONE',  ( 67.84051646603121810, -28.04344889568572441, 122.9659898814389294 ) ) ;
#211 = ORIENTED_EDGE ( 'NONE', *, *, #1241, .F. ) ;
#212 = CARTESIAN_POINT ( 'NONE',  ( 67.72970772574387865, -2.601081439038252618, 101.8593038664875507 ) ) ;
#213 = B_SPLINE_CURVE_WITH_KNOTS ( 'NONE', 3,
 ( #46, #1195, #458, #600, #1330, #1757 ),
 .UNSPECIFIED., .F., .F.,
 ( 4, 2, 4 ),
 ( 0.000000000000000000, 0.0003908541976049600053, 0.0007817083952099200105 ),
 .UNSPECIFIED. ) ;
#214 = ORIENTED_EDGE ( 'NONE', *, *, #1687, .T. ) ;
#215 = B_SPLINE_CURVE_WITH_KNOTS ( 'NONE', 3,
 ( #641, #875, #1227, #759, #1203, #447, #1022, #1591, #1447, #1486, #201, #769, #64, #624, #508, #1090 ),
 .UNSPECIFIED., .F., .F.,
 ( 4, 2, 2, 2, 2, 2, 2, 4 ),
 ( 0.003284758884725276148, 0.004591712688118767226, 0.005898666491512258303, 0.007205620294905749380, 0.008512574098299238723, 0.009819527901692728933, 0.01112648170508622261, 0.01374038931187320997 ),
 .UNSPECIFIED. ) ;
#216 = CARTESIAN_POINT ( 'NONE',  ( 63.84508077767189604, -25.74266062460726801, 125.9995933511149389 ) ) ;
#217 = CARTESIAN_POINT ( 'NONE',  ( 63.22341106672988076, -25.59684153038244148, 125.5137215761724150 ) ) ;
#218 = EDGE_CURVE ( 'NONE', #860, #622, #1011, .T. ) ;
#219 = CARTESIAN_POINT ( 'NONE',  ( 63.13929859141379097, 21.65237144142727743, 14.38590431524978897 ) ) ;
#220 = EDGE_CURVE ( 'NONE', #373, #1341, #1844, .T. ) ;
#221 = ORIENTED_EDGE ( 'NONE', *, *, #1521, .F. ) ;
#222 = SHAPE_DEFINITION_REPRESENTATION ( #1817, #1334 ) ;
#223 = ORIENTED_EDGE ( 'NONE', *, *, #781, .F. ) ;
#224 = CARTESIAN_POINT ( 'NONE',  ( 63.72250160673531383, -24.65188208693441752, 114.3676006033302599 ) ) ;
#225 = AXIS2_PLACEMENT_3D ( 'NONE', #1556, #152, #1268 ) ;
#226 = CARTESIAN_POINT ( 'NONE',  ( 67.58199669777812346, 18.24366577483671747, 24.20138997538017023 ) ) ;
#227 = CARTESIAN_POINT ( 'NONE',  ( 67.48752612041671739, -7.903985250002858898, 97.35112011194172510 ) ) ;
#228 = ADVANCED_FACE ( 'NONE', ( #1230 ), #1538, .T. ) ;
#229 = CARTESIAN_POINT ( 'NONE',  ( 67.61301996844015605, 15.46963066893169625, 4.000000000000000000 ) ) ;
#230 = ORIENTED_EDGE ( 'NONE', *, *, #1352, .F. ) ;
#231 = ORIENTED_EDGE ( 'NONE', *, *, #1416, .T. ) ;
#232 = AXIS2_PLACEMENT_3D ( 'NONE', #971, #1533, #1677 ) ;
#233 = CARTESIAN_POINT ( 'NONE',  ( 63.22341106674893041, 21.57662640155207967, 10.79752288863118714 ) ) ;
#234 = DIRECTION ( 'NONE',  ( -8.422580038942330322E-14, 0.8092144709307159678, -0.5875133530706526663 ) ) ;
#235 = B_SPLINE_CURVE_WITH_KNOTS ( 'NONE', 3,
 ( #1461, #474, #334, #345, #602, #1760 ),
 .UNSPECIFIED., .F., .F.,
 ( 4, 2, 4 ),
 ( -3.444530122059286136E-05, 0.0003189812946125265142, 0.0006724078904456459033 ),
 .UNSPECIFIED. ) ;
#236 = CARTESIAN_POINT ( 'NONE',  ( 67.58043912835901779, -3.906521610263509192, 86.99442928283008314 ) ) ;
#237 = CARTESIAN_POINT ( 'NONE',  ( 62.27412791431802930, 2.396404906514916444, 92.20488585436565643 ) ) ;
#238 = DIRECTION ( 'NONE',  ( -0.000000000000000000, 0.000000000000000000, -1.000000000000000000 ) ) ;
#239 = EDGE_CURVE ( 'NONE', #260, #722, #1459, .T. ) ;
#240 = VERTEX_POINT ( 'NONE', #529 ) ;
#241 = PRODUCT_CONTEXT ( 'NONE', #1691, 'mechanical' ) ;
#242 = ORIENTED_EDGE ( 'NONE', *, *, #142, .F. ) ;
#243 = CARTESIAN_POINT ( 'NONE',  ( 63.22341106672513433, 20.02216198403543856, 17.56508081118376197 ) ) ;
#244 = CARTESIAN_POINT ( 'NONE',  ( 67.97004229327991709, 20.57528778266139469, 3.931378262855884653 ) ) ;
#245 = CARTESIAN_POINT ( 'NONE',  ( 63.22341106672759992, -3.639065346353945962, 104.8853355459578438 ) ) ;
#246 = CARTESIAN_POINT ( 'NONE',  ( 67.11321174646369059, -3.237927834716554543, 84.31667987050954594 ) ) ;
#247 = SURFACE_STYLE_FILL_AREA ( #108 ) ;
#248 = EDGE_LOOP ( 'NONE', ( #1407, #1704, #839, #337, #1647 ) ) ;
#249 = APPLICATION_PROTOCOL_DEFINITION ( 'draft international standard', 'automotive_design', 1998, #915 ) ;
#250 = ORIENTED_EDGE ( 'NONE', *, *, #1183, .F. ) ;
#251 = LINE ( 'NONE', #818, #947 ) ;
#252 = CIRCLE ( 'NONE', #25, 0.5000000000000009992 ) ;
#253 = CARTESIAN_POINT ( 'NONE',  ( 67.95469292918534165, 19.42677760033539158, 16.31513184837765351 ) ) ;
#254 = CARTESIAN_POINT ( 'NONE',  ( 67.99999999999994316, -24.88838380223792512, 124.4674817958634918 ) ) ;
#255 = CARTESIAN_POINT ( 'NONE',  ( 63.84843193050230070, -16.64401165525265469, 119.9081395184259975 ) ) ;
#256 = AXIS2_PLACEMENT_3D ( 'NONE', #208, #1364, #77 ) ;
#257 = EDGE_CURVE ( 'NONE', #1701, #1093, #251, .T. ) ;
#258 =( GEOMETRIC_REPRESENTATION_CONTEXT ( 3 ) GLOBAL_UNCERTAINTY_ASSIGNED_CONTEXT ( ( #790 ) ) GLOBAL_UNIT_ASSIGNED_CONTEXT ( ( #1249, #1506, #805 ) ) REPRESENTATION_CONTEXT ( 'NONE', 'WORKASPACE' ) );
#259 = CARTESIAN_POINT ( 'NONE',  ( 67.47218473283372475, 1.068205619558560304, 90.97630541137590399 ) ) ;
#260 = VERTEX_POINT ( 'NONE', #554 ) ;
#261 = B_SPLINE_CURVE_WITH_KNOTS ( 'NONE', 3,
 ( #226, #1240, #1379, #1114 ),
 .UNSPECIFIED., .F., .F.,
 ( 4, 4 ),
 ( 0.000000000000000000, 0.01186767638340460382 ),
 .UNSPECIFIED. ) ;
#262 = CARTESIAN_POINT ( 'NONE',  ( 63.72158996675265996, -25.37420243877221893, 115.0828530155456946 ) ) ;
#263 = CARTESIAN_POINT ( 'NONE',  ( 67.97103798798626428, 18.70397299590829121, 20.20452144857256016 ) ) ;
#264 = CIRCLE ( 'NONE', #613, 0.5000000000000001110 ) ;
#265 = FACE_OUTER_BOUND ( 'NONE', #266, .T. ) ;
#266 = EDGE_LOOP ( 'NONE', ( #1484, #509 ) ) ;
#267 = CARTESIAN_POINT ( 'NONE',  ( 67.96303563026498296, 20.47508783331143078, 6.798547475355822378 ) ) ;
#268 = ORIENTED_EDGE ( 'NONE', *, *, #732, .F. ) ;
#269 = AXIS2_PLACEMENT_3D ( 'NONE', #1501, #43, #1762 ) ;
#270 = LINE ( 'NONE', #1672, #1542 ) ;
#271 = CARTESIAN_POINT ( 'NONE',  ( 67.61206500161281951, 12.63914889687761267, 22.65253537865813982 ) ) ;
#272 = ORIENTED_EDGE ( 'NONE', *, *, #239, .T. ) ;
#273 = CARTESIAN_POINT ( 'NONE',  ( 63.22341106672543987, 17.00370294828164219, 1.000000000000000000 ) ) ;
#274 = FACE_OUTER_BOUND ( 'NONE', #572, .T. ) ;
#275 = CARTESIAN_POINT ( 'NONE',  ( 67.53350788463127685, 14.33255489500472457, 11.19438899617640182 ) ) ;
#276 = CARTESIAN_POINT ( 'NONE',  ( 63.22341106672966760, -23.55786995422067065, 114.1431548532448090 ) ) ;
#277 = CARTESIAN_POINT ( 'NONE',  ( 67.41572903704962982, -7.731142293288562506, 98.11816770764441742 ) ) ;
#278 = CARTESIAN_POINT ( 'NONE',  ( 63.81866840251096562, 21.44860706834712616, 10.90552478299849426 ) ) ;
#279 = PRESENTATION_LAYER_ASSIGNMENT (  '', '', ( #1326 ) ) ;
#280 = DIRECTION ( 'NONE',  ( 1.000000000000000000, -1.040834085586083310E-14, 0.000000000000000000 ) ) ;
#281 = EDGE_LOOP ( 'NONE', ( #1666, #643, #298, #1560 ) ) ;
#282 = EDGE_CURVE ( 'NONE', #860, #531, #566, .T. ) ;
#283 = SURFACE_STYLE_USAGE ( .BOTH. , #396 ) ;
#284 = CARTESIAN_POINT ( 'NONE',  ( 67.58043912833967681, -31.92291402485698981, 119.5985381281459041 ) ) ;
#285 = CARTESIAN_POINT ( 'NONE',  ( 63.83836703108729438, -3.967267026169155386, 106.3644946577470591 ) ) ;
#286 = LINE ( 'NONE', #1427, #1515 ) ;
#287 = DIRECTION ( 'NONE',  ( -8.422580038942108179E-14, 0.8092144709307284023, -0.5875133530706356799 ) ) ;
#288 = ORIENTED_EDGE ( 'NONE', *, *, #1493, .F. ) ;
#289 = CARTESIAN_POINT ( 'NONE',  ( 64.00518007076340155, -26.81866502719708834, 127.2453066680792233 ) ) ;
#290 = EDGE_LOOP ( 'NONE', ( #1607, #1236, #250, #930 ) ) ;
#291 = CARTESIAN_POINT ( 'NONE',  ( 63.22341106673010813, -27.88270150669725567, 120.4840452386568757 ) ) ;
#292 = PLANE ( 'NONE',  #1806 ) ;
#293 = EDGE_LOOP ( 'NONE', ( #727, #143, #1396, #943 ) ) ;
#294 = DIRECTION ( 'NONE',  ( 1.000000000000000000, -0.000000000000000000, -0.000000000000000000 ) ) ;
#295 = CARTESIAN_POINT ( 'NONE',  ( 63.84659676959274321, -12.13986846564552380, 116.3195341045139344 ) ) ;
#296 = CARTESIAN_POINT ( 'NONE',  ( 64.22341106672720912, 6.684591533085894018E-12, 1.000000000000000000 ) ) ;
#297 = CARTESIAN_POINT ( 'NONE',  ( 63.22341106673005839, -27.46395368174725249, 121.2703866322408714 ) ) ;
#298 = ORIENTED_EDGE ( 'NONE', *, *, #94, .F. ) ;
#299 = FACE_OUTER_BOUND ( 'NONE', #281, .T. ) ;
#300 = CARTESIAN_POINT ( 'NONE',  ( 63.22341106673007260, -27.39373208153461547, 123.4198639888560933 ) ) ;
#301 = ORIENTED_EDGE ( 'NONE', *, *, #197, .F. ) ;
#302 = CARTESIAN_POINT ( 'NONE',  ( 67.06738781801999494, 14.33865482754481491, 11.14733408228643619 ) ) ;
#303 = LINE ( 'NONE', #576, #1642 ) ;
#304 = CARTESIAN_POINT ( 'NONE',  ( 63.22341106672543987, 21.37610838718678252, 4.000000000000000000 ) ) ;
#305 = CARTESIAN_POINT ( 'NONE',  ( 66.33143896034783893, 18.61793439844594289, 23.86456636587640645 ) ) ;
#306 = ORIENTED_EDGE ( 'NONE', *, *, #1357, .F. ) ;
#307 = CARTESIAN_POINT ( 'NONE',  ( 63.72341106672703148, 1.684375027230097910, 91.77892711751837851 ) ) ;
#308 = CARTESIAN_POINT ( 'NONE',  ( 67.55747537415280135, 14.67530596366347062, 11.19117200251154287 ) ) ;
#309 = CARTESIAN_POINT ( 'NONE',  ( 64.22341106672543276, 17.00370294828163154, 0.000000000000000000 ) ) ;
#310 = CARTESIAN_POINT ( 'NONE',  ( 67.42327535205927802, -9.356554952532279756, 99.47769927220363684 ) ) ;
#311 = EDGE_CURVE ( 'NONE', #651, #1053, #432, .T. ) ;
#312 = CARTESIAN_POINT ( 'NONE',  ( 63.22341106672337219, -27.88104862840977916, 123.5017015318032918 ) ) ;
#313 = AXIS2_PLACEMENT_3D ( 'NONE', #685, #1132, #412 ) ;
#314 = CARTESIAN_POINT ( 'NONE',  ( 67.97103798798285368, 1.035369490879347154, 90.96810672364667028 ) ) ;
#315 = CARTESIAN_POINT ( 'NONE',  ( 66.20753910173556278, -4.629682136008811177, 13.00000000000000000 ) ) ;
#316 = CARTESIAN_POINT ( 'NONE',  ( 63.22341106672522670, 19.00370294828156048, 4.000000000000000000 ) ) ;
#317 = DIRECTION ( 'NONE',  ( 0.000000000000000000, 0.9702143748712818150, 0.2422479448687395176 ) ) ;
#318 = CARTESIAN_POINT ( 'NONE',  ( 63.22341106673008682, -27.61078439857392652, 124.4826309288922488 ) ) ;
#319 = VECTOR ( 'NONE', #1113, 1000.000000000000000 ) ;
#320 = VERTEX_POINT ( 'NONE', #1164 ) ;
#321 = CARTESIAN_POINT ( 'NONE',  ( 67.42829810875814189, -9.366361947466140592, 99.60424934598033531 ) ) ;
#322 = ADVANCED_FACE ( 'NONE', ( #274 ), #14, .T. ) ;
#323 = CARTESIAN_POINT ( 'NONE',  ( 64.98135690141042176, -27.68942026038686421, 124.3193032749828149 ) ) ;
#324 = DIRECTION ( 'NONE',  ( 8.422580038941901182E-14, -0.8092144709307085293, 0.5875133530706633245 ) ) ;
#325 = DIRECTION ( 'NONE',  ( -1.040834085586155570E-14, -1.000000000000000000, 0.000000000000000000 ) ) ;
#326 = CARTESIAN_POINT ( 'NONE',  ( 67.80214729770466420, -4.708293608892421211, 105.1116523161470582 ) ) ;
#327 = DIRECTION ( 'NONE',  ( 1.000000000000000000, -1.387778780781444413E-14, 0.000000000000000000 ) ) ;
#328 = ADVANCED_FACE ( 'NONE', ( #1851 ), #709, .T. ) ;
#329 = ORIENTED_EDGE ( 'NONE', *, *, #1315, .T. ) ;
#330 = DIRECTION ( 'NONE',  ( 0.000000000000000000, -0.2422479448687352988, 0.9702143748712829252 ) ) ;
#331 = EDGE_CURVE ( 'NONE', #1101, #1093, #656, .T. ) ;
#332 = FACE_OUTER_BOUND ( 'NONE', #871, .T. ) ;
#333 = ORIENTED_EDGE ( 'NONE', *, *, #941, .F. ) ;
#334 = CARTESIAN_POINT ( 'NONE',  ( 67.75313398026716527, 20.33172797249055108, 12.53485334131561402 ) ) ;
#335 = EDGE_CURVE ( 'NONE', #1296, #650, #1267, .T. ) ;
#336 = CARTESIAN_POINT ( 'NONE',  ( 63.84843193050316046, -24.51746248075172829, 125.6244948987312284 ) ) ;
#337 = ORIENTED_EDGE ( 'NONE', *, *, #1031, .T. ) ;
#338 = CARTESIAN_POINT ( 'NONE',  ( 64.22341106672523381, 19.00370294828156048, 1.000000000000000000 ) ) ;
#339 = AXIS2_PLACEMENT_3D ( 'NONE', #467, #1782, #1752 ) ;
#340 = B_SPLINE_CURVE_WITH_KNOTS ( 'NONE', 3,
 ( #210, #1052, #776, #65 ),
 .UNSPECIFIED., .F., .F.,
 ( 4, 4 ),
 ( 5.188010095575656700E-15, 0.004417379796751113794 ),
 .UNSPECIFIED. ) ;
#341 = CARTESIAN_POINT ( 'NONE',  ( 63.72341106672670463, 15.00370294828267959, 4.000000000000000000 ) ) ;
#342 = EDGE_CURVE ( 'NONE', #651, #1675, #1555, .T. ) ;
#343 = CARTESIAN_POINT ( 'NONE',  ( 63.72341106672750755, -2.752820647280906474, 84.43780384294392150 ) ) ;
#344 = EDGE_LOOP ( 'NONE', ( #868, #456, #38, #1717 ) ) ;
#345 = CARTESIAN_POINT ( 'NONE',  ( 67.89575290823009368, 20.14294552773724689, 12.51147512162010500 ) ) ;
#346 = AXIS2_PLACEMENT_3D ( 'NONE', #670, #1255, #1137 ) ;
#347 = CIRCLE ( 'NONE', #1735, 0.4999999999999983902 ) ;
#348 = EDGE_CURVE ( 'NONE', #424, #240, #1276, .T. ) ;
#349 = CARTESIAN_POINT ( 'NONE',  ( 63.22341106672979549, -24.80188799454840876, 125.2327399871820717 ) ) ;
#350 = ORIENTED_EDGE ( 'NONE', *, *, #494, .T. ) ;
#351 = CARTESIAN_POINT ( 'NONE',  ( 63.84769327951630657, -14.30554857332751872, 118.2105827114005479 ) ) ;
#352 = CARTESIAN_POINT ( 'NONE',  ( 67.96280603044617408, 20.47180440293010406, 6.835608010971029103 ) ) ;
#353 = DIRECTION ( 'NONE',  ( -0.9977065102982550782, 0.06567225735842992240, 0.01639737545847117645 ) ) ;
#354 = ORIENTED_EDGE ( 'NONE', *, *, #587, .T. ) ;
#355 = CARTESIAN_POINT ( 'NONE',  ( 63.75586487665204061, -27.36006707888239120, 125.0754682258210266 ) ) ;
#356 = VECTOR ( 'NONE', #1029, 1000.000000000000114 ) ;
#357 = CARTESIAN_POINT ( 'NONE',  ( 63.22341106672906363, -25.74921201651720182, 126.1559590465781895 ) ) ;
#358 = ADVANCED_FACE ( 'NONE', ( #555 ), #400, .T. ) ;
#359 = CARTESIAN_POINT ( 'NONE',  ( 65.22341106672534750, 17.00370294828162088, 1.500000000000000000 ) ) ;
#360 = LINE ( 'NONE', #1628, #356 ) ;
#361 = LINE ( 'NONE', #1766, #171 ) ;
#362 = ORIENTED_EDGE ( 'NONE', *, *, #483, .T. ) ;
#363 = COLOUR_RGB ( '',0.7921568627450980005, 0.8196078431372548767, 0.9333333333333333481 ) ;
#364 = EDGE_LOOP ( 'NONE', ( #902, #779, #1062, #1186, #1100 ) ) ;
#365 = DIRECTION ( 'NONE',  ( 1.000000000000000000, -1.387778780781444413E-14, 0.000000000000000000 ) ) ;
#366 = CARTESIAN_POINT ( 'NONE',  ( 63.22341106672974576, -24.42263287563863372, 125.7551089321470528 ) ) ;
#367 = EDGE_CURVE ( 'NONE', #88, #192, #994, .T. ) ;
#368 = CARTESIAN_POINT ( 'NONE',  ( 67.56489124712057048, -4.797634534341405299, 89.61735970645685256 ) ) ;
#369 = CARTESIAN_POINT ( 'NONE',  ( 67.10942005544872302, -3.949529177971539795, 86.93825350241274919 ) ) ;
#370 = ORIENTED_EDGE ( 'NONE', *, *, #153, .T. ) ;
#371 = B_SPLINE_CURVE_WITH_KNOTS ( 'NONE', 3,
 ( #721, #675, #1260, #1824, #537, #304 ),
 .UNSPECIFIED., .F., .F.,
 ( 4, 2, 4 ),
 ( 3.878959614448864246E-17, 0.01027726731619109206, 0.02055453463238214595 ),
 .UNSPECIFIED. ) ;
#372 = DIRECTION ( 'NONE',  ( 0.000000000000000000, 0.000000000000000000, 1.000000000000000000 ) ) ;
#373 = VERTEX_POINT ( 'NONE', #1438 ) ;
#374 = CARTESIAN_POINT ( 'NONE',  ( 63.81959912571311122, 20.50575055809050795, 17.64986949906649372 ) ) ;
#375 = CARTESIAN_POINT ( 'NONE',  ( 63.72341106673050604, -31.62915734832162684, 120.0031453636112246 ) ) ;
#376 = CARTESIAN_POINT ( 'NONE',  ( 67.61206500161281951, -2.785656775960092535, 84.42960515521460252 ) ) ;
#377 = DIRECTION ( 'NONE',  ( -2.219651386635247022E-12, 1.000000000000000000, 0.000000000000000000 ) ) ;
#378 = PRESENTATION_STYLE_ASSIGNMENT (( #283 ) ) ;
#379 = ORIENTED_EDGE ( 'NONE', *, *, #196, .T. ) ;
#380 = ORIENTED_EDGE ( 'NONE', *, *, #657, .F. ) ;
#381 = AXIS2_PLACEMENT_3D ( 'NONE', #1259, #1009, #1409 ) ;
#382 = CARTESIAN_POINT ( 'NONE',  ( 63.72295827917128008, -24.26343598679850544, 114.0375332443169469 ) ) ;
#383 = CARTESIAN_POINT ( 'NONE',  ( 67.99310522914832688, 20.90510313150306843, 6.824645265255520066 ) ) ;
#384 = CARTESIAN_POINT ( 'NONE',  ( 67.42610651809806654, -9.420549756046051826, 99.68792562971019322 ) ) ;
#385 = FACE_OUTER_BOUND ( 'NONE', #749, .T. ) ;
#386 = CARTESIAN_POINT ( 'NONE',  ( 67.58043912833967681, -31.92291402485698981, 119.5985381281459041 ) ) ;
#387 = EDGE_LOOP ( 'NONE', ( #1429, #418, #1494, #74 ) ) ;
#388 = EDGE_CURVE ( 'NONE', #722, #1512, #286, .T. ) ;
#389 = EDGE_LOOP ( 'NONE', ( #1118, #979, #1572, #598 ) ) ;
#390 = DIRECTION ( 'NONE',  ( -1.040834085586155570E-14, -1.000000000000000000, 0.000000000000000000 ) ) ;
#391 = ADVANCED_FACE ( 'NONE', ( #1300 ), #904, .T. ) ;
#392 = DIRECTION ( 'NONE',  ( -1.040834085586155570E-14, -1.000000000000000000, 0.000000000000000000 ) ) ;
#393 = CARTESIAN_POINT ( 'NONE',  ( 67.79979366708921873, 21.00319723144422213, 4.000000000000000000 ) ) ;
#394 = ORIENTED_EDGE ( 'NONE', *, *, #63, .F. ) ;
#395 = DIRECTION ( 'NONE',  ( -0.000000000000000000, 1.000000000000000000, -0.000000000000000000 ) ) ;
#396 = SURFACE_SIDE_STYLE ('',( #247 ) ) ;
#397 = ORIENTED_EDGE ( 'NONE', *, *, #1476, .F. ) ;
#398 = CARTESIAN_POINT ( 'NONE',  ( 63.71854018203294601, -27.25182720869020514, 118.0583583305602957 ) ) ;
#399 = EDGE_CURVE ( 'NONE', #1127, #99, #145, .T. ) ;
#400 = CYLINDRICAL_SURFACE ( 'NONE', #232, 0.5000000000000106581 ) ;
#401 = CARTESIAN_POINT ( 'NONE',  ( 63.22341106673007260, -27.50464902233177966, 122.4724061294744644 ) ) ;
#402 = ORIENTED_EDGE ( 'NONE', *, *, #587, .F. ) ;
#403 = B_SPLINE_CURVE_WITH_KNOTS ( 'NONE', 3,
 ( #1819, #406, #516, #116 ),
 .UNSPECIFIED., .F., .F.,
 ( 4, 4 ),
 ( 0.0004286701743081300776, 0.004274284667742335106 ),
 .UNSPECIFIED. ) ;
#404 = ORIENTED_EDGE ( 'NONE', *, *, #941, .T. ) ;
#405 = LINE ( 'NONE', #1811, #1482 ) ;
#406 = CARTESIAN_POINT ( 'NONE',  ( 66.33163078150380443, 18.50964909331773711, 24.29807583006415328 ) ) ;
#407 = EDGE_LOOP ( 'NONE', ( #1814, #397, #528, #1067 ) ) ;
#408 = CARTESIAN_POINT ( 'NONE',  ( 67.56627446707459228, 14.80113885489982373, 11.20751627644225934 ) ) ;
#409 = DIRECTION ( 'NONE',  ( 0.000000000000000000, -1.000000000000000000, 0.000000000000000000 ) ) ;
#410 = CARTESIAN_POINT ( 'NONE',  ( 67.61319124521607193, 15.47208004094153644, 3.956604345597271255 ) ) ;
#411 = AXIS2_PLACEMENT_3D ( 'NONE', #787, #390, #365 ) ;
#412 = DIRECTION ( 'NONE',  ( 0.000000000000000000, -0.9641700920977612776, 0.2652848158191392636 ) ) ;
#413 = DIRECTION ( 'NONE',  ( 0.000000000000000000, -0.5875133530706592166, -0.8092144709307113049 ) ) ;
#414 = CARTESIAN_POINT ( 'NONE',  ( 67.94714755585788168, 20.24787778375385017, 9.689224609802831623 ) ) ;
#415 = ORIENTED_EDGE ( 'NONE', *, *, #257, .T. ) ;
#416 = ADVANCED_FACE ( 'NONE', ( #1579 ), #1697, .T. ) ;
#417 = DIRECTION ( 'NONE',  ( -1.040834085586155570E-14, -1.000000000000000000, 0.000000000000000000 ) ) ;
#418 = ORIENTED_EDGE ( 'NONE', *, *, #1452, .T. ) ;
#419 = LINE ( 'NONE', #1705, #1732 ) ;
#420 = LINE ( 'NONE', #543, #195 ) ;
#421 = CARTESIAN_POINT ( 'NONE',  ( 63.22341106673732725, -3.096638626948398088, 105.2068565035895773 ) ) ;
#422 = DIRECTION ( 'NONE',  ( 0.000000000000000000, -1.000000000000000000, 0.000000000000000000 ) ) ;
#423 = CARTESIAN_POINT ( 'NONE',  ( 63.22341106673002997, -27.22631356779175604, 119.6100272386524779 ) ) ;
#424 = VERTEX_POINT ( 'NONE', #1021 ) ;
#425 = CARTESIAN_POINT ( 'NONE',  ( 67.99999999999994316, -17.22379970779814329, 118.9027697658905964 ) ) ;
#426 = CARTESIAN_POINT ( 'NONE',  ( 63.22341106673002997, -27.10339458688060077, 119.1492170929227967 ) ) ;
#427 = CIRCLE ( 'NONE', #1720, 0.5000000000000045519 ) ;
#428 = CARTESIAN_POINT ( 'NONE',  ( 64.72341106672533328, 15.50370294828162976, 1.500000000000000000 ) ) ;
#429 = ORIENTED_EDGE ( 'NONE', *, *, #477, .F. ) ;
#430 = EDGE_CURVE ( 'NONE', #1675, #476, #1406, .T. ) ;
#431 = DIRECTION ( 'NONE',  ( -0.000000000000000000, 0.8092144709307159678, -0.5875133530706526663 ) ) ;
#432 = LINE ( 'NONE', #1567, #81 ) ;
#433 = CARTESIAN_POINT ( 'NONE',  ( 67.56460610787804910, 19.94155956530210005, 16.40262569718086993 ) ) ;
#434 = CARTESIAN_POINT ( 'NONE',  ( 63.22341106672703148, 1.684375027230045729, 91.77892711751837851 ) ) ;
#435 = ORIENTED_EDGE ( 'NONE', *, *, #257, .F. ) ;
#436 = CARTESIAN_POINT ( 'NONE',  ( 68.54516486861913904, -24.93438555136176760, 124.2984160502319781 ) ) ;
#437 = AXIS2_PLACEMENT_3D ( 'NONE', #428, #1574, #280 ) ;
#438 = CARTESIAN_POINT ( 'NONE',  ( 63.71616811762108057, -27.96318665248487889, 121.2408191302019418 ) ) ;
#439 = CARTESIAN_POINT ( 'NONE',  ( 67.06683690727740554, 14.34756240176928088, 11.07830515867141763 ) ) ;
#440 = VERTEX_POINT ( 'NONE', #1028 ) ;
#441 = VECTOR ( 'NONE', #1325, 999.9999999999998863 ) ;
#442 = CARTESIAN_POINT ( 'NONE',  ( 67.58132651602372221, 0.5838732181114713038, 94.54170697585756500 ) ) ;
#443 = CARTESIAN_POINT ( 'NONE',  ( 63.22341106672551803, 16.31421923977346466, 8.073415304216480237 ) ) ;
#444 = CARTESIAN_POINT ( 'NONE',  ( 63.22341106672791966, -6.773310389971887169, 109.6820958771418475 ) ) ;
#445 = CARTESIAN_POINT ( 'NONE',  ( 67.55613329774563169, 20.77084935462427140, 9.708537287755426348 ) ) ;
#446 = B_SPLINE_CURVE_WITH_KNOTS ( 'NONE', 3,
 ( #1441, #1747, #28, #1432 ),
 .UNSPECIFIED., .F., .F.,
 ( 4, 4 ),
 ( -6.192272597191376723E-08, 0.01179403494054880909 ),
 .UNSPECIFIED. ) ;
#447 = CARTESIAN_POINT ( 'NONE',  ( 67.71684829120425775, -27.89979105269123494, 119.9211377721531591 ) ) ;
#448 = CARTESIAN_POINT ( 'NONE',  ( 63.71854236922087722, -27.25081724763675695, 118.0558479753772190 ) ) ;
#449 = VECTOR ( 'NONE', #1208, 1000.000000000000000 ) ;
#450 = ORIENTED_EDGE ( 'NONE', *, *, #477, .T. ) ;
#451 = CARTESIAN_POINT ( 'NONE',  ( 63.84843193050230070, -24.56529308009905321, 125.6592213115817174 ) ) ;
#452 = DIRECTION ( 'NONE',  ( -1.041521104784490885E-13, 1.000000000000000000, 0.000000000000000000 ) ) ;
#453 = DIRECTION ( 'NONE',  ( -0.06768839862545077135, -0.9679891981940306200, -0.2416923517019099743 ) ) ;
#454 = FACE_OUTER_BOUND ( 'NONE', #935, .T. ) ;
#455 = CARTESIAN_POINT ( 'NONE',  ( 63.22341106673004418, -27.13717317094986825, 124.3523200342476116 ) ) ;
#456 = ORIENTED_EDGE ( 'NONE', *, *, #1511, .F. ) ;
#457 = FACE_OUTER_BOUND ( 'NONE', #1630, .T. ) ;
#458 = CARTESIAN_POINT ( 'NONE',  ( 63.46203981398262783, 15.05804717416782346, 4.000000000000000000 ) ) ;
#459 = DIRECTION ( 'NONE',  ( -2.521399181825588986E-14, 0.2422479448687361314, -0.9702143748712827032 ) ) ;
#460 = CARTESIAN_POINT ( 'NONE',  ( 67.80595932610658849, -4.928259001315684174, 105.3619951196238844 ) ) ;
#461 = CARTESIAN_POINT ( 'NONE',  ( 63.71490624479709908, -27.88924996798870026, 123.5034129427262286 ) ) ;
#462 = ORIENTED_EDGE ( 'NONE', *, *, #399, .F. ) ;
#463 = DIRECTION ( 'NONE',  ( -1.041179304188268747E-13, 1.000000000000000000, 0.000000000000000000 ) ) ;
#464 = FACE_OUTER_BOUND ( 'NONE', #1826, .T. ) ;
#465 = CARTESIAN_POINT ( 'NONE',  ( 67.61206500161281951, -8.768820479825860659, 108.3924562573948407 ) ) ;
#466 = DIRECTION ( 'NONE',  ( 1.000000000000000000, 1.040834085586126666E-13, -0.000000000000000000 ) ) ;
#467 = CARTESIAN_POINT ( 'NONE',  ( 67.11321174646369059, -8.735984351146647953, 108.4006549451240744 ) ) ;
#468 = CARTESIAN_POINT ( 'NONE',  ( 63.72341106672968181, -23.85162663075595546, 113.7385476177794459 ) ) ;
#469 = VECTOR ( 'NONE', #422, 1000.000000000000000 ) ;
#470 = VERTEX_POINT ( 'NONE', #596 ) ;
#471 = LINE ( 'NONE', #1465, #734 ) ;
#472 = CARTESIAN_POINT ( 'NONE',  ( 65.03777655119687040, -29.36404820861318044, 117.7407267694137118 ) ) ;
#473 = CARTESIAN_POINT ( 'NONE',  ( 67.98070509123515137, -26.04298120744704192, 124.8469635209919915 ) ) ;
#474 = CARTESIAN_POINT ( 'NONE',  ( 67.64749819030659239, 20.39890277192499468, 12.54316129446837635 ) ) ;
#475 = CARTESIAN_POINT ( 'NONE',  ( 63.22341106672978839, -25.04651443089252183, 126.0806294736675142 ) ) ;
#476 = VERTEX_POINT ( 'NONE', #309 ) ;
#477 = EDGE_CURVE ( 'NONE', #1003, #1505, #1165, .T. ) ;
#478 = CARTESIAN_POINT ( 'NONE',  ( 64.72341106672534750, 17.00370294828162798, 1.500000000000000000 ) ) ;
#479 = CARTESIAN_POINT ( 'NONE',  ( 67.42673672180130495, -9.374468597412214166, 99.57300872468549358 ) ) ;
#480 = FACE_OUTER_BOUND ( 'NONE', #1795, .T. ) ;
#481 = ORIENTED_EDGE ( 'NONE', *, *, #1416, .F. ) ;
#482 = CARTESIAN_POINT ( 'NONE',  ( 63.83083442186389078, -26.21173831680939159, 125.9247216508631624 ) ) ;
#483 = EDGE_CURVE ( 'NONE', #1124, #1473, #169, .T. ) ;
#484 = CYLINDRICAL_SURFACE ( 'NONE', #37, 0.5000000000000004441 ) ;
#485 = ORIENTED_EDGE ( 'NONE', *, *, #50, .F. ) ;
#486 = CARTESIAN_POINT ( 'NONE',  ( 63.84438517649644496, -9.161457557689823616, 113.2215549991071697 ) ) ;
#487 = ADVANCED_FACE ( 'NONE', ( #601 ), #175, .T. ) ;
#488 = CARTESIAN_POINT ( 'NONE',  ( 67.10184296694764328, -4.384815536913905909, 88.22512870600571944 ) ) ;
#489 = DIRECTION ( 'NONE',  ( 0.000000000000000000, 1.000000000000000000, 0.000000000000000000 ) ) ;
#490 = ORIENTED_EDGE ( 'NONE', *, *, #1606, .F. ) ;
#491 = CARTESIAN_POINT ( 'NONE',  ( 63.71454511996238779, -27.61918242243945798, 124.4849415877987155 ) ) ;
#492 = CIRCLE ( 'NONE', #1808, 0.5000000000000003331 ) ;
#493 = AXIS2_PLACEMENT_3D ( 'NONE', #1765, #1182, #31 ) ;
#494 = EDGE_CURVE ( 'NONE', #1563, #1622, #1651, .T. ) ;
#495 = CARTESIAN_POINT ( 'NONE',  ( 63.22341106672646305, -25.36945062329766287, 115.0804255578357811 ) ) ;
#496 = DIRECTION ( 'NONE',  ( 2.521399181825554592E-14, -0.2422479448687328285, 0.9702143748712835913 ) ) ;
#497 = AXIS2_PLACEMENT_3D ( 'NONE', #191, #489, #1773 ) ;
#498 = CARTESIAN_POINT ( 'NONE',  ( 67.42547988858272845, -9.371319624033866091, 99.54083779797292664 ) ) ;
#499 = CARTESIAN_POINT ( 'NONE',  ( 67.88376171868077336, -27.78343742297153796, 123.8054892404923919 ) ) ;
#500 = ORIENTED_EDGE ( 'NONE', *, *, #864, .T. ) ;
#501 = ORIENTED_EDGE ( 'NONE', *, *, #196, .F. ) ;
#502 = VECTOR ( 'NONE', #161, 1000.000000000000000 ) ;
#503 = LINE ( 'NONE', #937, #1789 ) ;
#504 = CARTESIAN_POINT ( 'NONE',  ( 63.22341106672988076, -25.59684153033530407, 125.5137215765629577 ) ) ;
#505 =( BOUNDED_SURFACE ( )  B_SPLINE_SURFACE ( 3, 2, ( 
 ( #1801, #107, #1679 ),
 ( #825, #648, #967 ),
 ( #802, #1539, #237 ),
 ( #793, #1404, #1372 ),
 ( #1381, #86, #98 ),
 ( #659, #540, #1693 ) ),
 .UNSPECIFIED., .F., .F., .F. ) 
 B_SPLINE_SURFACE_WITH_KNOTS ( ( 4, 2, 4 ),
 ( 3, 3 ),
 ( 0.1088978558526372820, 0.1116475335933179713, 0.1143972113339986468 ),
 ( 0.000000000000000000, 1.000000000000000000 ),
 .UNSPECIFIED. ) 
 GEOMETRIC_REPRESENTATION_ITEM ( )  RATIONAL_B_SPLINE_SURFACE ( (
 ( 1.000000000000000000, 0.9414778888527325362, 1.000000000000000000),
 ( 1.000000000000000000, 0.9416822647880636055, 1.000000000000000000),
 ( 1.000000000000000000, 0.9419043509107153378, 1.000000000000000000),
 ( 1.000000000000000000, 0.9423774487256687538, 1.000000000000000000),
 ( 1.000000000000000000, 0.9426288821983854760, 1.000000000000000000),
 ( 1.000000000000000000, 0.9428942669243101093, 1.000000000000000000) ) ) 
 REPRESENTATION_ITEM ( '' )  SURFACE ( )  );
#506 = LINE ( 'NONE', #903, #1540 ) ;
#507 = AXIS2_PLACEMENT_3D ( 'NONE', #1306, #1285, #463 ) ;
#508 = CARTESIAN_POINT ( 'NONE',  ( 67.58043912833969102, -24.66817069666523921, 114.3313824709927928 ) ) ;
#509 = ORIENTED_EDGE ( 'NONE', *, *, #239, .F. ) ;
#510 = EDGE_LOOP ( 'NONE', ( #1820, #1440, #29, #966 ) ) ;
#511 = CARTESIAN_POINT ( 'NONE',  ( 63.22341106672521960, 19.10947121806421478, 24.50241449824315509 ) ) ;
#512 = B_SPLINE_CURVE_WITH_KNOTS ( 'NONE', 3,
 ( #775, #750, #52, #757, #1329, #61 ),
 .UNSPECIFIED., .F., .F.,
 ( 4, 2, 4 ),
 ( 1.084202172485504434E-18, 0.007874788171213748661, 0.01574957634242749385 ),
 .UNSPECIFIED. ) ;
#513 = CARTESIAN_POINT ( 'NONE',  ( 63.79328778300552472, -26.93326303657439169, 125.5486444229643723 ) ) ;
#514 = CARTESIAN_POINT ( 'NONE',  ( 63.22341106672851652, -12.46954141584521025, 115.9632337959184269 ) ) ;
#515 = DIRECTION ( 'NONE',  ( -0.000000000000000000, 0.000000000000000000, 1.000000000000000000 ) ) ;
#516 = CARTESIAN_POINT ( 'NONE',  ( 65.07774852255379017, 18.76011201184088506, 24.38886558201617305 ) ) ;
#517 =( BOUNDED_CURVE ( )  B_SPLINE_CURVE ( 3, ( #121, #1557, #277, #844 ),
 .UNSPECIFIED., .F., .T. ) 
 B_SPLINE_CURVE_WITH_KNOTS ( ( 4, 4 ),
 ( 2.775557561562890858E-16, 0.6166442598924624097 ),
 .UNSPECIFIED. ) 
 CURVE ( )  GEOMETRIC_REPRESENTATION_ITEM ( )  RATIONAL_B_SPLINE_CURVE ( ( 1.000000000000000000, 0.9685627185793644900, 0.9685627185793644900, 1.000000000000000000 ) ) 
 REPRESENTATION_ITEM ( '' )  );
#518 = ORIENTED_EDGE ( 'NONE', *, *, #883, .T. ) ;
#519 = VERTEX_POINT ( 'NONE', #1175 ) ;
#520 = CARTESIAN_POINT ( 'NONE',  ( 63.72341106672968181, -23.85162663075595546, 113.7385476177794459 ) ) ;
#521 = CARTESIAN_POINT ( 'NONE',  ( 67.97712039794166117, 20.67650939532592957, 9.728148208135042552 ) ) ;
#522 = CARTESIAN_POINT ( 'NONE',  ( 67.11321174652168509, -3.906098054604083991, 86.99273292246454048 ) ) ;
#523 = EDGE_CURVE ( 'NONE', #10, #1124, #1551, .T. ) ;
#524 = PLANE ( 'NONE',  #1397 ) ;
#525 = CYLINDRICAL_SURFACE ( 'NONE', #901, 0.5000000000000004441 ) ;
#526 = EDGE_CURVE ( 'NONE', #1200, #1667, #303, .T. ) ;
#527 = ORIENTED_EDGE ( 'NONE', *, *, #142, .T. ) ;
#528 = ORIENTED_EDGE ( 'NONE', *, *, #220, .T. ) ;
#529 = CARTESIAN_POINT ( 'NONE',  ( 63.72341106672703148, 19.00422053100355058, 24.47613498384214026 ) ) ;
#530 = CARTESIAN_POINT ( 'NONE',  ( 63.83604345290500248, -26.06460745544775293, 125.9606654856284536 ) ) ;
#531 = VERTEX_POINT ( 'NONE', #1613 ) ;
#532 = CARTESIAN_POINT ( 'NONE',  ( 65.22341106672537592, 19.00370294828156048, 1.500000000000000000 ) ) ;
#533 = LINE ( 'NONE', #386, #93 ) ;
#534 = VERTEX_POINT ( 'NONE', #1745 ) ;
#535 = CARTESIAN_POINT ( 'NONE',  ( 63.71616726664354502, -27.96326444804033073, 121.2421807969920025 ) ) ;
#536 = CARTESIAN_POINT ( 'NONE',  ( 67.70239638858448927, -1.884297952457692382, 100.6894956586925076 ) ) ;
#537 = CARTESIAN_POINT ( 'NONE',  ( 63.22341106672502065, 21.25780905887370409, 7.442731375828794960 ) ) ;
#538 = ORIENTED_EDGE ( 'NONE', *, *, #388, .T. ) ;
#539 = CARTESIAN_POINT ( 'NONE',  ( 63.22341106673009392, -27.61078439857400113, 124.4826309288932293 ) ) ;
#540 = CARTESIAN_POINT ( 'NONE',  ( 72.03073017915396292, -3.566584555468419016, 107.4119362348821483 ) ) ;
#541 = CARTESIAN_POINT ( 'NONE',  ( 63.72341106672750755, -3.237927834716554543, 84.31667987050954594 ) ) ;
#542 = ORIENTED_EDGE ( 'NONE', *, *, #1471, .F. ) ;
#543 = CARTESIAN_POINT ( 'NONE',  ( 1.769803360975402748E-13, 17.00370294828230300, 4.000000000000000000 ) ) ;
#544 = CARTESIAN_POINT ( 'NONE',  ( 63.22341106672737965, -1.645872662404475495, 101.1279127259125090 ) ) ;
#545 = EDGE_CURVE ( 'NONE', #689, #10, #888, .T. ) ;
#546 = CARTESIAN_POINT ( 'NONE',  ( 67.78258086929854187, -3.628735831142792190, 103.8626159619444280 ) ) ;
#547 = DIRECTION ( 'NONE',  ( -1.040834085586155570E-14, -1.000000000000000000, 0.000000000000000000 ) ) ;
#548 = EDGE_CURVE ( 'NONE', #424, #1575, #1491, .T. ) ;
#549 = VERTEX_POINT ( 'NONE', #34 ) ;
#550 = CARTESIAN_POINT ( 'NONE',  ( 63.81750197508145561, 21.86746387535509939, 4.000000000000000000 ) ) ;
#551 = ORIENTED_EDGE ( 'NONE', *, *, #724, .F. ) ;
#552 = DIRECTION ( 'NONE',  ( 0.000000000000000000, -0.2422479448687352988, 0.9702143748712829252 ) ) ;
#553 = DIRECTION ( 'NONE',  ( 1.000000000000000000, 1.040834085586126666E-13, -0.000000000000000000 ) ) ;
#554 = CARTESIAN_POINT ( 'NONE',  ( 64.22341106672539013, 20.50370294828163509, 1.500000000000000000 ) ) ;
#555 = FACE_OUTER_BOUND ( 'NONE', #510, .T. ) ;
#556 = VECTOR ( 'NONE', #1840, 1000.000000000000114 ) ;
#557 = CARTESIAN_POINT ( 'NONE',  ( 63.22341106672973865, -24.31609743881710983, 114.7390149820012653 ) ) ;
#558 = ORIENTED_EDGE ( 'NONE', *, *, #1821, .F. ) ;
#559 = CARTESIAN_POINT ( 'NONE',  ( 63.82000927989660255, 19.83272229360145644, 21.11906151547794153 ) ) ;
#560 = ORIENTED_EDGE ( 'NONE', *, *, #1158, .T. ) ;
#561 = CARTESIAN_POINT ( 'NONE',  ( 63.22341106673178501, -27.95605688587824034, 121.2412067901981629 ) ) ;
#562 = DIRECTION ( 'NONE',  ( -0.000000000000000000, 0.9702143748712829252, 0.2422479448687352988 ) ) ;
#563 = ORIENTED_EDGE ( 'NONE', *, *, #1158, .F. ) ;
#564 = CARTESIAN_POINT ( 'NONE',  ( 67.11321174646369059, 12.18687783812118575, 22.53961009395300863 ) ) ;
#565 = CARTESIAN_POINT ( 'NONE',  ( 67.36406316861797450, 15.05305891395195061, 4.000000000000000000 ) ) ;
#566 = LINE ( 'NONE', #1408, #890 ) ;
#567 = CARTESIAN_POINT ( 'NONE',  ( 67.58199669777812346, 1.541468725361548442, 91.09447209467013806 ) ) ;
#568 = EDGE_LOOP ( 'NONE', ( #817, #671, #242, #766, #833, #60 ) ) ;
#569 = DIRECTION ( 'NONE',  ( -0.000000000000000000, 0.2422479448687352988, -0.9702143748712829252 ) ) ;
#570 = CARTESIAN_POINT ( 'NONE',  ( 67.56623002321995841, 14.80050327816748457, 11.20737685655962679 ) ) ;
#571 = CARTESIAN_POINT ( 'NONE',  ( 67.56501320625429230, 13.85152501414227011, 14.93402217661574305 ) ) ;
#572 = EDGE_LOOP ( 'NONE', ( #928, #771, #3, #936, #154, #828 ) ) ;
#573 = CARTESIAN_POINT ( 'NONE',  ( 67.61206500161281951, -2.785656775960121401, 84.42960515521467357 ) ) ;
#574 = CARTESIAN_POINT ( 'NONE',  ( 67.60420963919597170, 15.34363709079899074, 4.000000000000000000 ) ) ;
#575 = CARTESIAN_POINT ( 'NONE',  ( 63.83711606680878248, -3.219076912475999475, 105.1320783541056585 ) ) ;
#576 = CARTESIAN_POINT ( 'NONE',  ( 66.31623450846618084, -3.075265400716300057, 6.744046856974788007 ) ) ;
#577 = CARTESIAN_POINT ( 'NONE',  ( 63.22341106673005839, -27.39375743674047925, 120.5506286561309821 ) ) ;
#578 = CIRCLE ( 'NONE', #493, 150.0000000000626983 ) ;
#579 = DIRECTION ( 'NONE',  ( -1.590716485604083093E-18, 0.2422479448687352710, -0.9702143748712829252 ) ) ;
#580 =( BOUNDED_SURFACE ( )  B_SPLINE_SURFACE ( 3, 2, ( 
 ( #455, #318, #1039 ),
 ( #300, #312, #461 ),
 ( #891, #876, #882 ),
 ( #1455, #561, #438 ),
 ( #713, #19, #1449 ),
 ( #1846, #291, #163 ),
 ( #1145, #581, #1313 ),
 ( #1714, #1293, #1016 ),
 ( #426, #1000, #1573 ),
 ( #858, #1583, #448 ),
 ( #1024, #156, #1170 ),
 ( #1594, #938, #621 ),
 ( #1509, #1492, #1335 ),
 ( #198, #1225, #1635 ),
 ( #1643, #495, #1776 ),
 ( #1353, #604, #58 ),
 ( #1652, #748, #76 ),
 ( #1087, #931, #1327 ) ),
 .UNSPECIFIED., .F., .F., .F. ) 
 B_SPLINE_SURFACE_WITH_KNOTS ( ( 4, 2, 2, 2, 2, 2, 2, 2, 4 ),
 ( 3, 3 ),
 ( 0.000000000000000000, 0.002860760008055280787, 0.003575950010069100984, 0.004291140012082921180, 0.005721520016110561574, 0.007151900020138201967, 0.008582280024165842361, 0.01001266002819348189, 0.01144304003222112315 ),
 ( 0.000000000000000000, 1.000000000000000000 ),
 .UNSPECIFIED. ) 
 GEOMETRIC_REPRESENTATION_ITEM ( )  RATIONAL_B_SPLINE_SURFACE ( (
 ( 1.000000000000000000, 0.7133484048954298329, 1.000000000000000000),
 ( 1.000000000000000000, 0.7130945034540291383, 1.000000000000000000),
 ( 1.000000000000000000, 0.7127494874124322699, 1.000000000000000000),
 ( 1.000000000000000000, 0.7122099134046877555, 1.000000000000000000),
 ( 1.000000000000000000, 0.7120961647758217161, 1.000000000000000000),
 ( 1.000000000000000000, 0.7118615489493003157, 1.000000000000000000),
 ( 1.000000000000000000, 0.7117403045898065272, 1.000000000000000000),
 ( 1.000000000000000000, 0.7113652672972065050, 1.000000000000000000),
 ( 1.000000000000000000, 0.7111002356906874766, 1.000000000000000000),
 ( 1.000000000000000000, 0.7105411850418685837, 1.000000000000000000),
 ( 1.000000000000000000, 0.7102453682056156792, 1.000000000000000000),
 ( 1.000000000000000000, 0.7096446463883941957, 1.000000000000000000),
 ( 1.000000000000000000, 0.7093377446588219337, 1.000000000000000000),
 ( 1.000000000000000000, 0.7087117220588824429, 1.000000000000000000),
 ( 1.000000000000000000, 0.7083903691323850671, 1.000000000000000000),
 ( 1.000000000000000000, 0.7077478624361354109, 1.000000000000000000),
 ( 1.000000000000000000, 0.7074270737558283617, 1.000000000000000000),
 ( 1.000000000000000000, 0.7071067811865771047, 1.000000000000000000) ) ) 
 REPRESENTATION_ITEM ( '' )  SURFACE ( )  );
#581 = CARTESIAN_POINT ( 'NONE',  ( 63.22341106673176370, -27.84572987326663451, 120.2349864461757250 ) ) ;
#582 = VECTOR ( 'NONE', #649, 1000.000000000000000 ) ;
#583 = ORIENTED_EDGE ( 'NONE', *, *, #494, .F. ) ;
#584 = AXIS2_PLACEMENT_3D ( 'NONE', #315, #1467, #1317 ) ;
#585 = FACE_OUTER_BOUND ( 'NONE', #1694, .T. ) ;
#586 = DIRECTION ( 'NONE',  ( 0.000000000000000000, 0.5875133530706141416, 0.8092144709307439454 ) ) ;
#587 = EDGE_CURVE ( 'NONE', #1296, #1213, #730, .T. ) ;
#588 = CARTESIAN_POINT ( 'NONE',  ( 63.22341106672260480, 44.23321741038240162, 64.92484440944460289 ) ) ;
#589 = CARTESIAN_POINT ( 'NONE',  ( 67.42744477010646165, -9.376008536098382251, 99.59096256862362395 ) ) ;
#590 = DIRECTION ( 'NONE',  ( 8.422580038941995845E-14, -0.8092144709307176331, 0.5875133530706505569 ) ) ;
#591 = AXIS2_PLACEMENT_3D ( 'NONE', #296, #26, #1759 ) ;
#592 = VERTEX_POINT ( 'NONE', #1184 ) ;
#593 = LINE ( 'NONE', #1181, #1311 ) ;
#594 = B_SPLINE_CURVE_WITH_KNOTS ( 'NONE', 3,
 ( #425, #845, #997, #1421 ),
 .UNSPECIFIED., .F., .F.,
 ( 4, 4 ),
 ( 0.000000000000000000, 0.004310982573394175552 ),
 .UNSPECIFIED. ) ;
#595 = CARTESIAN_POINT ( 'NONE',  ( 67.99853061631219475, -29.07722775904133528, 117.5324867414305885 ) ) ;
#596 = CARTESIAN_POINT ( 'NONE',  ( 67.58199669777812346, 1.541468725361548442, 91.09447209467013806 ) ) ;
#597 = CARTESIAN_POINT ( 'NONE',  ( 63.22341106672543987, 17.00370294828162798, 4.000000000000000000 ) ) ;
#598 = ORIENTED_EDGE ( 'NONE', *, *, #1088, .F. ) ;
#599 = CARTESIAN_POINT ( 'NONE',  ( 67.58199669777812346, 1.541468725361548442, 91.09447209467013806 ) ) ;
#600 = CARTESIAN_POINT ( 'NONE',  ( 63.27764397688173403, 15.24275734477200572, 4.000000000000000000 ) ) ;
#601 = FACE_OUTER_BOUND ( 'NONE', #1434, .T. ) ;
#602 = CARTESIAN_POINT ( 'NONE',  ( 67.93129522803469911, 20.02468991440984070, 12.49682017464521877 ) ) ;
#603 = EDGE_CURVE ( 'NONE', #240, #534, #831, .T. ) ;
#604 = CARTESIAN_POINT ( 'NONE',  ( 63.22341106673314926, -24.64899615359162510, 114.3662894786179152 ) ) ;
#605 = ORIENTED_EDGE ( 'NONE', *, *, #999, .T. ) ;
#606 = CARTESIAN_POINT ( 'NONE',  ( 63.22341106672990918, -26.08097748196691157, 125.4524348686572921 ) ) ;
#607 = DIRECTION ( 'NONE',  ( 0.000000000000000000, 0.9702143748712818150, 0.2422479448687395176 ) ) ;
#608 = DIRECTION ( 'NONE',  ( -1.040834085586155570E-14, -1.000000000000000000, 0.000000000000000000 ) ) ;
#609 = LINE ( 'NONE', #762, #441 ) ;
#610 = B_SPLINE_CURVE_WITH_KNOTS ( 'NONE', 3,
 ( #917, #1217, #70, #1638 ),
 .UNSPECIFIED., .F., .F.,
 ( 4, 4 ),
 ( 0.000000000000000000, 0.003859155576579690206 ),
 .UNSPECIFIED. ) ;
#611 = DIRECTION ( 'NONE',  ( -1.040834085586155570E-14, -1.000000000000000000, 0.000000000000000000 ) ) ;
#612 = EDGE_CURVE ( 'NONE', #531, #1247, #1036, .T. ) ;
#613 = AXIS2_PLACEMENT_3D ( 'NONE', #343, #1218, #54 ) ;
#614 = ORIENTED_EDGE ( 'NONE', *, *, #682, .T. ) ;
#615 = CARTESIAN_POINT ( 'NONE',  ( 63.22341106672985234, -25.35560684342635085, 125.4838364134794091 ) ) ;
#616 = EDGE_CURVE ( 'NONE', #1018, #99, #170, .T. ) ;
#617 = CARTESIAN_POINT ( 'NONE',  ( 67.42228512029188892, -9.346480942709495920, 99.44683975228282691 ) ) ;
#618 = PLANE ( 'NONE',  #497 ) ;
#619 = ORIENTED_EDGE ( 'NONE', *, *, #853, .F. ) ;
#620 = CARTESIAN_POINT ( 'NONE',  ( 63.85293870087030399, -24.79136486736060263, 125.7968748671830213 ) ) ;
#621 = CARTESIAN_POINT ( 'NONE',  ( 63.71981563279939564, -26.57299731078027349, 116.6966515218115745 ) ) ;
#622 = VERTEX_POINT ( 'NONE', #7 ) ;
#623 = CARTESIAN_POINT ( 'NONE',  ( 67.92326398456226855, 19.90634172162000581, 12.48214520888211254 ) ) ;
#624 = CARTESIAN_POINT ( 'NONE',  ( 67.58641055957535571, -25.29889505986323073, 114.9312940553159166 ) ) ;
#625 = EDGE_CURVE ( 'NONE', #1431, #1796, #446, .T. ) ;
#626 = FACE_OUTER_BOUND ( 'NONE', #1209, .T. ) ;
#627 = ORIENTED_EDGE ( 'NONE', *, *, #792, .T. ) ;
#628 = CARTESIAN_POINT ( 'NONE',  ( 67.78280568068551304, -3.986380836627159141, 104.1276221986181838 ) ) ;
#629 = B_SPLINE_CURVE_WITH_KNOTS ( 'NONE', 3,
 ( #42, #1604, #1615, #635, #1767, #1073, #1470, #460, #1641, #1037, #326, #1623, #1054, #628, #1360, #753, #212, #772, #778, #1190 ),
 .UNSPECIFIED., .F., .F.,
 ( 4, 2, 2, 2, 2, 2, 2, 2, 2, 4 ),
 ( 1.734723475976806902E-18, 4.231065458092504684E-05, 8.462130916184835896E-05, 0.0001692426183236709681, 0.0003384852366473142349, 0.0006769704732946317223, 0.001353940946589298139, 0.002707881893178595845, 0.005415763786357155260, 0.01083152757271427236 ),
 .UNSPECIFIED. ) ;
#630 = CARTESIAN_POINT ( 'NONE',  ( 63.85370865088262349, -25.09565608596111375, 125.9171188260721266 ) ) ;
#631 = CARTESIAN_POINT ( 'NONE',  ( 63.22341106673001576, -27.07182383914575752, 124.5898303156735381 ) ) ;
#632 = CARTESIAN_POINT ( 'NONE',  ( 67.41250249706304487, -9.212170574667339906, 99.11671762210561099 ) ) ;
#633 = CARTESIAN_POINT ( 'NONE',  ( 67.85706200651216591, -27.98505387399214328, 123.3170092981459192 ) ) ;
#634 = ORIENTED_EDGE ( 'NONE', *, *, #798, .T. ) ;
#635 = CARTESIAN_POINT ( 'NONE',  ( 67.80652058544505678, -5.056466265889227429, 105.4684228306932283 ) ) ;
#636 = ORIENTED_EDGE ( 'NONE', *, *, #1357, .T. ) ;
#637 = CARTESIAN_POINT ( 'NONE',  ( 63.22341106672543987, 21.37610838718678252, 4.000000000000000000 ) ) ;
#638 = CARTESIAN_POINT ( 'NONE',  ( 63.22341106672983813, -25.23517890102806049, 125.4532132993377900 ) ) ;
#639 = CARTESIAN_POINT ( 'NONE',  ( 67.82927814090815843, -4.813918428063199251, 105.7693302405281344 ) ) ;
#640 = AXIS2_PLACEMENT_3D ( 'NONE', #672, #82, #644 ) ;
#641 = CARTESIAN_POINT ( 'NONE',  ( 67.84051646603121810, -28.04344889568572441, 122.9659898814389294 ) ) ;
#642 = ORIENTED_EDGE ( 'NONE', *, *, #795, .T. ) ;
#643 = ORIENTED_EDGE ( 'NONE', *, *, #1839, .T. ) ;
#644 = DIRECTION ( 'NONE',  ( 0.000000000000000000, -0.9702143748712818150, -0.2422479448687397396 ) ) ;
#645 = CARTESIAN_POINT ( 'NONE',  ( 63.22341106672994471, -26.31047352667816241, 125.3629235113449312 ) ) ;
#646 = CARTESIAN_POINT ( 'NONE',  ( 66.98867286537917209, -8.305579786210678606, 97.11025903093731415 ) ) ;
#647 = AXIS2_PLACEMENT_3D ( 'NONE', #375, #234, #1252 ) ;
#648 = CARTESIAN_POINT ( 'NONE',  ( 64.53349897412222447, -2.265912532490246267, 109.2657636411662025 ) ) ;
#649 = DIRECTION ( 'NONE',  ( 1.040834085586126666E-13, -1.000000000000000000, 0.000000000000000000 ) ) ;
#650 = VERTEX_POINT ( 'NONE', #1032 ) ;
#651 = VERTEX_POINT ( 'NONE', #597 ) ;
#652 = EDGE_CURVE ( 'NONE', #1667, #1763, #1207, .T. ) ;
#653 = CARTESIAN_POINT ( 'NONE',  ( 63.81747949696640632, 21.87163808790394270, 3.875746429207313604 ) ) ;
#654 = ADVANCED_FACE ( 'NONE', ( #1605 ), #1351, .F. ) ;
#655 = CARTESIAN_POINT ( 'NONE',  ( 63.81719353462959532, -26.52611269716133080, 125.8060278776596306 ) ) ;
#656 = B_SPLINE_CURVE_WITH_KNOTS ( 'NONE', 3,
 ( #865, #1568, #536, #546, #119, #684, #673, #1153, #1120, #1418, #695, #1140 ),
 .UNSPECIFIED., .F., .F.,
 ( 4, 2, 2, 2, 2, 4 ),
 ( -0.01062760295144007938, -0.003469521139817403899, 0.0001095197659939338430, 0.003688560671805271585, 0.01084664248342791584, 0.01800472429505056010 ),
 .UNSPECIFIED. ) ;
#657 = EDGE_CURVE ( 'NONE', #1003, #10, #1744, .T. ) ;
#658 = CARTESIAN_POINT ( 'NONE',  ( 67.11321174646369059, -3.237927834716519460, 84.31667987050946067 ) ) ;
#659 = CARTESIAN_POINT ( 'NONE',  ( 73.01537338993091453, -18.03570009583041411, 117.4949303130021718 ) ) ;
#660 = PLANE ( 'NONE',  #346 ) ;
#661 = AXIS2_PLACEMENT_3D ( 'NONE', #812, #1126, #377 ) ;
#662 = ORIENTED_EDGE ( 'NONE', *, *, #1549, .T. ) ;
#663 = ORIENTED_EDGE ( 'NONE', *, *, #50, .T. ) ;
#664 = CARTESIAN_POINT ( 'NONE',  ( 63.72024808471861235, -26.30677331516653794, 116.2752818384781506 ) ) ;
#665 = AXIS2_PLACEMENT_3D ( 'NONE', #1627, #496, #1764 ) ;
#666 = CARTESIAN_POINT ( 'NONE',  ( 67.97823878962212518, 20.69250314132574076, 4.000000000000000000 ) ) ;
#667 = ADVANCED_FACE ( 'NONE', ( #1600 ), #580, .T. ) ;
#668 = CARTESIAN_POINT ( 'NONE',  ( 67.39609391893779389, -9.812756056139177119, 99.43259864116505753 ) ) ;
#669 = DIRECTION ( 'NONE',  ( 0.000000000000000000, 0.9702143748712889204, 0.2422479448687115677 ) ) ;
#670 = CARTESIAN_POINT ( 'NONE',  ( 63.22341106672721622, 6.580508124527281553E-12, 4.000000000000000000 ) ) ;
#671 = ORIENTED_EDGE ( 'NONE', *, *, #430, .T. ) ;
#672 = CARTESIAN_POINT ( 'NONE',  ( 67.11321174646369059, -2.752820647280905142, 84.43780384294392150 ) ) ;
#673 = CARTESIAN_POINT ( 'NONE',  ( 67.87282766634282893, -6.264255933425794787, 107.9219473529311131 ) ) ;
#674 = AXIS2_PLACEMENT_3D ( 'NONE', #1309, #880, #1189 ) ;
#675 = CARTESIAN_POINT ( 'NONE',  ( 63.22341106672516275, 19.35361214664331797, 21.01280418692878627 ) ) ;
#676 = DIRECTION ( 'NONE',  ( 0.000000000000000000, 0.000000000000000000, 1.000000000000000000 ) ) ;
#677 = DIRECTION ( 'NONE',  ( -0.000000000000000000, 0.8092144709307160788, -0.5875133530706527774 ) ) ;
#678 = ADVANCED_FACE ( 'NONE', ( #1192 ), #922, .F. ) ;
#679 = DIRECTION ( 'NONE',  ( 1.000000000000000000, 0.000000000000000000, -0.000000000000000000 ) ) ;
#680 = VERTEX_POINT ( 'NONE', #1616 ) ;
#681 = CARTESIAN_POINT ( 'NONE',  ( 63.72341106672979549, -24.80188799454835546, 125.2327399871820717 ) ) ;
#682 = EDGE_CURVE ( 'NONE', #1473, #592, #1075, .T. ) ;
#683 = CARTESIAN_POINT ( 'NONE',  ( 63.22341106672710254, 0.9892631380358808402, 94.56288281706254395 ) ) ;
#684 = CARTESIAN_POINT ( 'NONE',  ( 67.85252617838102651, -5.570869877188101782, 106.9358048828913894 ) ) ;
#685 = CARTESIAN_POINT ( 'NONE',  ( 63.72341106673004418, -27.13717317094982207, 124.3523200342475974 ) ) ;
#686 = B_SPLINE_CURVE_WITH_KNOTS ( 'NONE', 3,
 ( #782, #1794, #188, #623 ),
 .UNSPECIFIED., .F., .F.,
 ( 4, 4 ),
 ( 0.000000000000000000, 1.022146377890003264E-06 ),
 .UNSPECIFIED. ) ;
#687 = ORIENTED_EDGE ( 'NONE', *, *, #1088, .T. ) ;
#688 = CARTESIAN_POINT ( 'NONE',  ( 63.22341106673001576, -26.95216483324943013, 124.8097858909308826 ) ) ;
#689 = VERTEX_POINT ( 'NONE', #468 ) ;
#690 = DIRECTION ( 'NONE',  ( 1.000000000000000000, 0.000000000000000000, 0.000000000000000000 ) ) ;
#691 = CARTESIAN_POINT ( 'NONE',  ( 64.72341106672539013, 20.50370294828162798, 1.500000000000000000 ) ) ;
#692 = ADVANCED_FACE ( 'NONE', ( #1049 ), #484, .T. ) ;
#693 = CARTESIAN_POINT ( 'NONE',  ( 64.22341106672720912, 6.684591533085894826E-12, 0.000000000000000000 ) ) ;
#694 = CARTESIAN_POINT ( 'NONE',  ( 63.83294268840543140, -1.205237715444439583, 101.3377741934336029 ) ) ;
#695 = CARTESIAN_POINT ( 'NONE',  ( 67.99999999999998579, -15.25936153461707079, 117.4765302465970507 ) ) ;
#696 = CARTESIAN_POINT ( 'NONE',  ( 63.22341106672992339, -26.14322192917918741, 116.9533897393502997 ) ) ;
#697 = CARTESIAN_POINT ( 'NONE',  ( 67.58043912833967681, -22.37297892474804328, 112.6650061736085888 ) ) ;
#698 = CARTESIAN_POINT ( 'NONE',  ( 63.81812616381664327, 21.74918991941978419, 7.455740062756861519 ) ) ;
#699 = ORIENTED_EDGE ( 'NONE', *, *, #1386, .T. ) ;
#700 = ORIENTED_EDGE ( 'NONE', *, *, #1827, .F. ) ;
#701 = B_SPLINE_CURVE_WITH_KNOTS ( 'NONE', 3,
 ( #1289, #1698, #972, #567 ),
 .UNSPECIFIED., .F., .F.,
 ( 4, 4 ),
 ( 0.0006151380185073285819, 0.004511056119318982045 ),
 .UNSPECIFIED. ) ;
#702 = CARTESIAN_POINT ( 'NONE',  ( 67.85918370314121262, -3.740496621113173159, 103.2898444759245962 ) ) ;
#703 = CARTESIAN_POINT ( 'NONE',  ( 63.82034792090053799, 2.160278031345710392, 91.89775294373761483 ) ) ;
#704 = CARTESIAN_POINT ( 'NONE',  ( 63.22341106671763811, -1.715756043573275713, 102.6848682402956285 ) ) ;
#705 = CARTESIAN_POINT ( 'NONE',  ( 67.58199669777813767, 18.24366577483671747, 24.20138997538016667 ) ) ;
#706 = AXIS2_PLACEMENT_3D ( 'NONE', #47, #608, #1204 ) ;
#707 = CARTESIAN_POINT ( 'NONE',  ( 63.22341106672990918, -25.88847178399832316, 116.5503213534843638 ) ) ;
#708 = ORIENTED_EDGE ( 'NONE', *, *, #1389, .T. ) ;
#709 =( BOUNDED_SURFACE ( )  B_SPLINE_SURFACE ( 3, 2, ( 
 ( #1142, #275, #982 ),
 ( #151, #1823, #128 ),
 ( #140, #852, #842 ),
 ( #1708, #962, #410 ) ),
 .UNSPECIFIED., .F., .F., .T. ) 
 B_SPLINE_SURFACE_WITH_KNOTS ( ( 4, 4 ),
 ( 3, 3 ),
 ( 6.154072805833409987, 6.227018578917085989 ),
 ( 0.000000000000000000, 1.000000000000000000 ),
 .UNSPECIFIED. ) 
 GEOMETRIC_REPRESENTATION_ITEM ( )  RATIONAL_B_SPLINE_SURFACE ( (
 ( 1.000000000000000000, 0.7311552022165732634, 1.000000000000000000),
 ( 1.000000000000000000, 0.7312298755184568622, 1.000000000000000000),
 ( 1.000000000000000000, 0.7312835505930899149, 1.000000000000000000),
 ( 1.000000000000000000, 0.7313160986358622218, 1.000000000000000000) ) ) 
 REPRESENTATION_ITEM ( '' )  SURFACE ( )  );
#710 = CARTESIAN_POINT ( 'NONE',  ( 67.35563452518566407, -27.42528748862156718, 126.5591037769144975 ) ) ;
#711 = ORIENTED_EDGE ( 'NONE', *, *, #999, .F. ) ;
#712 = ADVANCED_FACE ( 'NONE', ( #1065 ), #1377, .T. ) ;
#713 = CARTESIAN_POINT ( 'NONE',  ( 63.22341106673007260, -27.44651684931091040, 121.0284261482185570 ) ) ;
#714 = CARTESIAN_POINT ( 'NONE',  ( 67.61206500162261079, 12.63914889701786493, 22.65253537869321221 ) ) ;
#715 = ORIENTED_EDGE ( 'NONE', *, *, #1618, .T. ) ;
#716 = CARTESIAN_POINT ( 'NONE',  ( 67.97103798798285368, 1.035369490879346266, 90.96810672364667028 ) ) ;
#717 = DIRECTION ( 'NONE',  ( -8.422580038942283622E-14, 0.8092144709307451667, -0.5875133530706126983 ) ) ;
#718 = CARTESIAN_POINT ( 'NONE',  ( 63.84181825604501626, -6.385545384624888854, 109.9761106747446462 ) ) ;
#719 = DIRECTION ( 'NONE',  ( -0.000000000000000000, -0.000000000000000000, -1.000000000000000000 ) ) ;
#720 = ADVANCED_FACE ( 'NONE', ( #1472 ), #768, .T. ) ;
#721 = CARTESIAN_POINT ( 'NONE',  ( 63.22341106672528355, 18.51911334356785588, 24.35501101140778246 ) ) ;
#722 = VERTEX_POINT ( 'NONE', #1525 ) ;
#723 = DIRECTION ( 'NONE',  ( 0.000000000000000000, 0.5875133530706277973, 0.8092144709307340644 ) ) ;
#724 = EDGE_CURVE ( 'NONE', #680, #1563, #261, .T. ) ;
#725 = CARTESIAN_POINT ( 'NONE',  ( 67.56627446707459228, 14.80113885489982373, 11.20751627644225934 ) ) ;
#726 = ADVANCED_FACE ( 'NONE', ( #1516 ), #823, .T. ) ;
#727 = ORIENTED_EDGE ( 'NONE', *, *, #1687, .F. ) ;
#728 = DIRECTION ( 'NONE',  ( 0.000000000000000000, 0.9702143748712819260, 0.2422479448687393233 ) ) ;
#729 = CARTESIAN_POINT ( 'NONE',  ( 63.22341106673260214, -51.74864657828074854, 72.20428262707277156 ) ) ;
#730 = LINE ( 'NONE', #1598, #1023 ) ;
#731 = CARTESIAN_POINT ( 'NONE',  ( 67.32632121834960515, -7.573388276582342371, 95.87771592765663797 ) ) ;
#732 = EDGE_CURVE ( 'NONE', #1581, #1512, #1150, .T. ) ;
#733 = CARTESIAN_POINT ( 'NONE',  ( 67.56625242155901390, 14.80082358933898057, 11.20743755937087727 ) ) ;
#734 = VECTOR ( 'NONE', #1216, 1000.000000000000114 ) ;
#735 = ORIENTED_EDGE ( 'NONE', *, *, #886, .T. ) ;
#736 = CIRCLE ( 'NONE', #1308, 0.5000000000000009992 ) ;
#737 = DIRECTION ( 'NONE',  ( 1.000000000000000000, -1.040834085586083310E-14, 0.000000000000000000 ) ) ;
#738 = PLANE ( 'NONE',  #584 ) ;
#739 = CARTESIAN_POINT ( 'NONE',  ( 67.57774676128231306, 21.09655430001741649, 4.000000000000000000 ) ) ;
#740 = VECTOR ( 'NONE', #897, 999.9999999999998863 ) ;
#741 = ORIENTED_EDGE ( 'NONE', *, *, #342, .F. ) ;
#742 = CARTESIAN_POINT ( 'NONE',  ( 67.61206500161281951, -4.133389921430054237, 89.82733957947969827 ) ) ;
#743 = CYLINDRICAL_SURFACE ( 'NONE', #102, 0.5000000000000005551 ) ;
#744 = DIRECTION ( 'NONE',  ( -0.000000000000000000, -0.000000000000000000, -1.000000000000000000 ) ) ;
#745 = CARTESIAN_POINT ( 'NONE',  ( 63.78471112693325296, -27.04994478589106777, 125.4463758766481760 ) ) ;
#746 = EDGE_CURVE ( 'NONE', #592, #320, #1055, .T. ) ;
#747 = AXIS2_PLACEMENT_3D ( 'NONE', #1123, #1700, #1689 ) ;
#748 = CARTESIAN_POINT ( 'NONE',  ( 63.22341106671628808, -24.26314233033500045, 114.0378795439047792 ) ) ;
#749 = EDGE_LOOP ( 'NONE', ( #953, #1657, #485, #1777, #884 ) ) ;
#750 = CARTESIAN_POINT ( 'NONE',  ( 67.97103798798285368, 0.3916261146448363761, 93.54632912173273951 ) ) ;
#751 = CARTESIAN_POINT ( 'NONE',  ( 63.72341106672703148, 1.684375027230101463, 91.77892711751837851 ) ) ;
#752 = ORIENTED_EDGE ( 'NONE', *, *, #348, .F. ) ;
#753 = CARTESIAN_POINT ( 'NONE',  ( 67.74878577982948968, -3.038590951059946033, 102.6305819696693078 ) ) ;
#754 = ADVANCED_FACE ( 'NONE', ( #1660 ), #1743, .T. ) ;
#755 = CARTESIAN_POINT ( 'NONE',  ( 63.22341106672980970, -24.90163387244664506, 125.3051583985428152 ) ) ;
#756 = ORIENTED_EDGE ( 'NONE', *, *, #5, .T. ) ;
#757 = CARTESIAN_POINT ( 'NONE',  ( 67.90189461831845108, -2.489373612020056026, 100.8778051707772079 ) ) ;
#758 = VECTOR ( 'NONE', #1151, 1000.000000000000000 ) ;
#759 = CARTESIAN_POINT ( 'NONE',  ( 67.76589562207077222, -28.07886217477232904, 121.2173843558192488 ) ) ;
#760 = PLANE ( 'NONE',  #1548 ) ;
#761 = ORIENTED_EDGE ( 'NONE', *, *, #1191, .F. ) ;
#762 = CARTESIAN_POINT ( 'NONE',  ( 63.84843193050314625, -16.64401165525326221, 119.9081395184261680 ) ) ;
#763 = CARTESIAN_POINT ( 'NONE',  ( 63.85133819882744888, -24.65071793457280336, 125.7203147739551810 ) ) ;
#764 = VECTOR ( 'NONE', #17, 1000.000000000000000 ) ;
#765 = EDGE_CURVE ( 'NONE', #1622, #1748, #1692, .T. ) ;
#766 = ORIENTED_EDGE ( 'NONE', *, *, #908, .T. ) ;
#767 = CARTESIAN_POINT ( 'NONE',  ( 63.22341106673000155, -26.71004606174887286, 125.0825309637533849 ) ) ;
#768 =( BOUNDED_SURFACE ( )  B_SPLINE_SURFACE ( 3, 2, ( 
 ( #349, #366, #336 ),
 ( #755, #780, #763 ),
 ( #68, #49, #1769 ),
 ( #638, #475, #630 ),
 ( #1793, #1056, #1344 ),
 ( #504, #1215, #1625 ),
 ( #911, #357, #216 ),
 ( #1363, #1816, #530 ),
 ( #95, #84, #122 ),
 ( #645, #1134, #655 ),
 ( #788, #1402, #1232 ),
 ( #1799, #986, #513 ),
 ( #1104, #1261, #974 ),
 ( #688, #1678, #1825 ),
 ( #113, #1370, #799 ),
 ( #1535, #539, #955 ) ),
 .UNSPECIFIED., .F., .F., .F. ) 
 B_SPLINE_SURFACE_WITH_KNOTS ( ( 4, 2, 2, 2, 2, 2, 2, 4 ),
 ( 3, 3 ),
 ( -2.385244779468109755E-18, 0.0003645956437238009906, 0.0007291912874476043664, 0.001093786931171407796, 0.001458382574895211118, 0.001822978218619014440, 0.002187573862342817761, 0.002916765149790424838 ),
 ( 0.000000000000000000, 1.000000000000000000 ),
 .UNSPECIFIED. ) 
 GEOMETRIC_REPRESENTATION_ITEM ( )  RATIONAL_B_SPLINE_SURFACE ( (
 ( 1.000000000000000000, 0.6123554002592045409, 1.000000000000000000),
 ( 1.000000000000000000, 0.6099871179962177425, 1.000000000000000000),
 ( 1.000000000000000000, 0.6086474022558060470, 1.000000000000000000),
 ( 1.000000000000000000, 0.6080316697995599151, 1.000000000000000000),
 ( 1.000000000000000000, 0.6087901276287329688, 1.000000000000000000),
 ( 1.000000000000000000, 0.6122992963494152674, 1.000000000000000000),
 ( 1.000000000000000000, 0.6150964341241487165, 1.000000000000000000),
 ( 1.000000000000000000, 0.6223993459760717162, 1.000000000000000000),
 ( 1.000000000000000000, 0.6268704621398341059, 1.000000000000000000),
 ( 1.000000000000000000, 0.6373736046048913417, 1.000000000000000000),
 ( 1.000000000000000000, 0.6432084193142665329, 1.000000000000000000),
 ( 1.000000000000000000, 0.6558683957369245698, 1.000000000000000000),
 ( 1.000000000000000000, 0.6627376887977495246, 1.000000000000000000),
 ( 1.000000000000000000, 0.6837647625558602726, 1.000000000000000000),
 ( 1.000000000000000000, 0.6988910510372581264, 1.000000000000000000),
 ( 1.000000000000000000, 0.7133484048951918011, 1.000000000000000000) ) ) 
 REPRESENTATION_ITEM ( '' )  SURFACE ( )  );
#769 = CARTESIAN_POINT ( 'NONE',  ( 67.61132253440817408, -26.37926414635203898, 116.3080245692779613 ) ) ;
#770 = CARTESIAN_POINT ( 'NONE',  ( 67.87459527007301574, -27.86477919551318649, 123.6465881191873422 ) ) ;
#771 = ORIENTED_EDGE ( 'NONE', *, *, #784, .T. ) ;
#772 = CARTESIAN_POINT ( 'NONE',  ( 67.66835797403464881, -1.365438452189445817, 99.50343120964932098 ) ) ;
#773 = CARTESIAN_POINT ( 'NONE',  ( 64.72341106672539013, 20.50370294828162798, 1.500000000000000000 ) ) ;
#774 = VERTEX_POINT ( 'NONE', #255 ) ;
#775 = CARTESIAN_POINT ( 'NONE',  ( 67.97103798798285368, 1.035369490879347154, 90.96810672364667028 ) ) ;
#776 = CARTESIAN_POINT ( 'NONE',  ( 65.10533936095689000, -27.77135221299384327, 124.0248614763484767 ) ) ;
#777 = ORIENTED_EDGE ( 'NONE', *, *, #483, .F. ) ;
#778 = CARTESIAN_POINT ( 'NONE',  ( 67.62213389054376478, -0.6495480576798163819, 97.88456864869854712 ) ) ;
#779 = ORIENTED_EDGE ( 'NONE', *, *, #1070, .F. ) ;
#780 = CARTESIAN_POINT ( 'NONE',  ( 63.22341106672975997, -24.56466844599144750, 125.8631960252668023 ) ) ;
#781 = EDGE_CURVE ( 'NONE', #622, #534, #1356, .T. ) ;
#782 = CARTESIAN_POINT ( 'NONE',  ( 67.92319492282442184, 19.90533917277253906, 12.48195836803366987 ) ) ;
#783 = CARTESIAN_POINT ( 'NONE',  ( 67.39360172912749647, -8.869390453185475920, 98.41843129239795473 ) ) ;
#784 = EDGE_CURVE ( 'NONE', #1522, #774, #801, .T. ) ;
#785 = ORIENTED_EDGE ( 'NONE', *, *, #35, .T. ) ;
#786 = ORIENTED_EDGE ( 'NONE', *, *, #1220, .T. ) ;
#787 = CARTESIAN_POINT ( 'NONE',  ( 64.72341106672534750, 17.00370294828162798, 1.500000000000000000 ) ) ;
#788 = CARTESIAN_POINT ( 'NONE',  ( 63.22341106672995892, -26.41774243329405891, 125.3051384406907403 ) ) ;
#789 = CARTESIAN_POINT ( 'NONE',  ( 67.03526735481889887, -6.995947943258500779, 94.67211717127190695 ) ) ;
#790 = UNCERTAINTY_MEASURE_WITH_UNIT (LENGTH_MEASURE( 1.000000000000000082E-05 ), #1249, 'distance_accuracy_value', 'NONE');
#791 = CIRCLE ( 'NONE', #978, 0.5000000000000014433 ) ;
#792 = EDGE_CURVE ( 'NONE', #1093, #774, #594, .T. ) ;
#793 = CARTESIAN_POINT ( 'NONE',  ( 70.00996688784826461, -17.52863313248694865, 118.3741767568524779 ) ) ;
#794 = ORIENTED_EDGE ( 'NONE', *, *, #83, .T. ) ;
#795 = EDGE_CURVE ( 'NONE', #470, #680, #131, .T. ) ;
#796 = ORIENTED_EDGE ( 'NONE', *, *, #57, .T. ) ;
#797 = CARTESIAN_POINT ( 'NONE',  ( 63.22341106672502065, 20.97341108459408687, 10.73306945864079864 ) ) ;
#798 = EDGE_CURVE ( 'NONE', #1361, #1331, #869, .T. ) ;
#799 = CARTESIAN_POINT ( 'NONE',  ( 63.73519054076505341, -27.53450605372633930, 124.7940756101713191 ) ) ;
#800 = CARTESIAN_POINT ( 'NONE',  ( 63.22341106672739386, -1.645872662379064266, 101.1279127259304573 ) ) ;
#801 = CIRCLE ( 'NONE', #89, 0.5000000000000045519 ) ;
#802 = CARTESIAN_POINT ( 'NONE',  ( 66.93335794740482925, -17.06120629743671557, 119.1847129485630177 ) ) ;
#803 = CARTESIAN_POINT ( 'NONE',  ( 64.22341106672533328, 15.50370294828163509, 1.500000000000000000 ) ) ;
#804 = ORIENTED_EDGE ( 'NONE', *, *, #1064, .F. ) ;
#805 =( NAMED_UNIT ( * ) SI_UNIT ( $, .STERADIAN. ) SOLID_ANGLE_UNIT ( ) );
#806 = ORIENTED_EDGE ( 'NONE', *, *, #1741, .F. ) ;
#807 = CARTESIAN_POINT ( 'NONE',  ( 63.71774586979431376, -27.58430466312696794, 119.0102094318336583 ) ) ;
#808 = ADVANCED_FACE ( 'NONE', ( #299 ), #1103, .T. ) ;
#809 = CARTESIAN_POINT ( 'NONE',  ( 68.00017631020966746, 21.00622430174803057, 3.946511989887935723 ) ) ;
#810 = EDGE_CURVE ( 'NONE', #680, #1796, #1086, .T. ) ;
#811 = CARTESIAN_POINT ( 'NONE',  ( 63.22341106672703148, 1.684375027230045729, 91.77892711751837851 ) ) ;
#812 = CARTESIAN_POINT ( 'NONE',  ( -2.326414493673939237E-11, -84.83455964901583002, -1.685184392885504590 ) ) ;
#813 =( NAMED_UNIT ( * ) PLANE_ANGLE_UNIT ( ) SI_UNIT ( $, .RADIAN. ) );
#814 = VECTOR ( 'NONE', #137, 1000.000000000000000 ) ;
#815 = ORIENTED_EDGE ( 'NONE', *, *, #1004, .F. ) ;
#816 = VECTOR ( 'NONE', #417, 1000.000000000000000 ) ;
#817 = ORIENTED_EDGE ( 'NONE', *, *, #342, .T. ) ;
#818 = CARTESIAN_POINT ( 'NONE',  ( 67.99999999999994316, -27.17997741079801344, 126.1312457215035323 ) ) ;
#819 = CIRCLE ( 'NONE', #665, 0.5000000000000001110 ) ;
#820 = CARTESIAN_POINT ( 'NONE',  ( 67.92265857009725494, 19.91563756596787726, 12.40807817061573104 ) ) ;
#821 = CARTESIAN_POINT ( 'NONE',  ( 63.72341106673709277, -84.83455964887438938, -1.685184392885504590 ) ) ;
#822 = VECTOR ( 'NONE', #1499, 1000.000000000000000 ) ;
#823 = CYLINDRICAL_SURFACE ( 'NONE', #647, 0.4999999999999993894 ) ;
#824 = ADVANCED_FACE ( 'NONE', ( #1586 ), #1435, .T. ) ;
#825 = CARTESIAN_POINT ( 'NONE',  ( 65.36774376725783497, -16.84069371492530820, 119.5670923595702533 ) ) ;
#826 =( NAMED_UNIT ( * ) SI_UNIT ( $, .STERADIAN. ) SOLID_ANGLE_UNIT ( ) );
#827 = VECTOR ( 'NONE', #579, 1000.000000000000000 ) ;
#828 = ORIENTED_EDGE ( 'NONE', *, *, #1059, .F. ) ;
#829 = CARTESIAN_POINT ( 'NONE',  ( 63.22341106672826072, -12.03585344812262115, 116.4399188678988537 ) ) ;
#830 = CARTESIAN_POINT ( 'NONE',  ( 67.58154770589182192, 19.21501851867643396, 20.31149394983242829 ) ) ;
#831 = CIRCLE ( 'NONE', #674, 0.5000000000000009992 ) ;
#832 = DIRECTION ( 'NONE',  ( 1.000000000000000000, -1.387778780781444413E-14, 0.000000000000000000 ) ) ;
#833 = ORIENTED_EDGE ( 'NONE', *, *, #883, .F. ) ;
#834 = CARTESIAN_POINT ( 'NONE',  ( 67.57142374391467854, 20.99753036707115328, 6.830195125636246090 ) ) ;
#835 = ORIENTED_EDGE ( 'NONE', *, *, #836, .T. ) ;
#836 = EDGE_CURVE ( 'NONE', #1053, #855, #6, .T. ) ;
#837 = FACE_OUTER_BOUND ( 'NONE', #1531, .T. ) ;
#838 = DIRECTION ( 'NONE',  ( -0.000000000000000000, 0.8092144709307160788, -0.5875133530706527774 ) ) ;
#839 = ORIENTED_EDGE ( 'NONE', *, *, #1253, .F. ) ;
#840 = CARTESIAN_POINT ( 'NONE',  ( 67.58043912833967681, -23.95291235086974879, 113.8120840103921552 ) ) ;
#841 = CARTESIAN_POINT ( 'NONE',  ( 63.82458290365237730, 1.457577073775105259, 94.70864836457872116 ) ) ;
#842 = CARTESIAN_POINT ( 'NONE',  ( 67.60359856867059136, 15.33489837515611853, 6.396436322916889239 ) ) ;
#843 = CARTESIAN_POINT ( 'NONE',  ( 63.84843193050314625, -24.51746248075172829, 125.6244948987312284 ) ) ;
#844 = CARTESIAN_POINT ( 'NONE',  ( 67.10184296694764328, -4.384815536913905909, 88.22512870600571944 ) ) ;
#845 = CARTESIAN_POINT ( 'NONE',  ( 66.62337997643409437, -17.01779780608115900, 119.2599853986820193 ) ) ;
#846 = ORIENTED_EDGE ( 'NONE', *, *, #1821, .T. ) ;
#847 = CARTESIAN_POINT ( 'NONE',  ( 67.11321174647456189, 12.18687783826143800, 22.53961009398808102 ) ) ;
#848 = ORIENTED_EDGE ( 'NONE', *, *, #603, .F. ) ;
#849 = CARTESIAN_POINT ( 'NONE',  ( 67.80495964578547330, -5.108381959949202411, 105.4689994913574367 ) ) ;
#850 = LINE ( 'NONE', #1425, #1248 ) ;
#851 = CARTESIAN_POINT ( 'NONE',  ( 63.84769070412399117, -14.29739603334621378, 118.2046645510214944 ) ) ;
#852 = CARTESIAN_POINT ( 'NONE',  ( 67.57116312025785021, 14.87104985220164188, 6.358952961503508305 ) ) ;
#853 = EDGE_CURVE ( 'NONE', #1101, #470, #1614, .T. ) ;
#854 = PLANE ( 'NONE',  #96 ) ;
#855 = VERTEX_POINT ( 'NONE', #1749 ) ;
#856 = CARTESIAN_POINT ( 'NONE',  ( 63.80336104982646361, -24.51337964303585792, 125.6359022373032275 ) ) ;
#857 = ORIENTED_EDGE ( 'NONE', *, *, #616, .T. ) ;
#858 = CARTESIAN_POINT ( 'NONE',  ( 63.22341106673000155, -26.78716882641398200, 118.2446394079556171 ) ) ;
#859 = FACE_OUTER_BOUND ( 'NONE', #1305, .T. ) ;
#860 = VERTEX_POINT ( 'NONE', #1041 ) ;
#861 = CARTESIAN_POINT ( 'NONE',  ( 67.48751916703582765, -3.285341154619541459, 103.5350600137754640 ) ) ;
#862 = FACE_BOUND ( 'NONE', #134, .T. ) ;
#863 = CARTESIAN_POINT ( 'NONE',  ( 63.22341106674679878, 0.6432958624946105708, 97.47506107913545748 ) ) ;
#864 = EDGE_CURVE ( 'NONE', #184, #1341, #1294, .T. ) ;
#865 = CARTESIAN_POINT ( 'NONE',  ( 67.57122165124125956, -0.02864173541237175977, 96.22319345088581599 ) ) ;
#866 = CARTESIAN_POINT ( 'NONE',  ( 64.72341106672539013, 20.50370294828162798, 1.500000000000000000 ) ) ;
#867 = ADVANCED_FACE ( 'NONE', ( #585 ), #1659, .F. ) ;
#868 = ORIENTED_EDGE ( 'NONE', *, *, #1592, .F. ) ;
#869 = LINE ( 'NONE', #155, #1620 ) ;
#870 = CARTESIAN_POINT ( 'NONE',  ( 65.07748755273343022, 1.818109794246524746, 92.24259153721085625 ) ) ;
#871 = EDGE_LOOP ( 'NONE', ( #1770, #777, #973, #490 ) ) ;
#872 = DIRECTION ( 'NONE',  ( -0.000000000000000000, -0.000000000000000000, -1.000000000000000000 ) ) ;
#873 = DIRECTION ( 'NONE',  ( 0.000000000000000000, 0.000000000000000000, -1.000000000000000000 ) ) ;
#874 = DIRECTION ( 'NONE',  ( 0.000000000000000000, 0.9702143748712818150, 0.2422479448687396286 ) ) ;
#875 = CARTESIAN_POINT ( 'NONE',  ( 67.82070315155024787, -28.08833829385406133, 122.5274646378703522 ) ) ;
#876 = CARTESIAN_POINT ( 'NONE',  ( 63.22341106672344324, -27.99808633066777475, 122.5050108560006805 ) ) ;
#877 = ORIENTED_EDGE ( 'NONE', *, *, #1624, .T. ) ;
#878 = CARTESIAN_POINT ( 'NONE',  ( 64.22341106672523381, 19.00370294828156048, 0.000000000000000000 ) ) ;
#879 = CARTESIAN_POINT ( 'NONE',  ( 67.11412503636711335, 15.00370294829020423, 4.000000000000000000 ) ) ;
#880 = DIRECTION ( 'NONE',  ( -2.521399181825349804E-14, 0.2422479448687131220, -0.9702143748712883653 ) ) ;
#881 = PRODUCT_RELATED_PRODUCT_CATEGORY ( 'part', '', ( #1388 ) ) ;
#882 = CARTESIAN_POINT ( 'NONE',  ( 63.71539942126404554, -28.00601218697223160, 122.5060943416796135 ) ) ;
#883 = EDGE_CURVE ( 'NONE', #650, #158, #593, .T. ) ;
#884 = ORIENTED_EDGE ( 'NONE', *, *, #523, .T. ) ;
#885 = CARTESIAN_POINT ( 'NONE',  ( 67.99977965351024523, 0.7947927195342961992, 93.68042898550345399 ) ) ;
#886 = EDGE_CURVE ( 'NONE', #1264, #424, #492, .T. ) ;
#887 = B_SPLINE_CURVE_WITH_KNOTS ( 'NONE', 3,
 ( #1453, #574, #1589, #565, #12, #879 ),
 .UNSPECIFIED., .F., .F.,
 ( 4, 2, 4 ),
 ( 0.000000000000000000, 0.0003735291459178836189, 0.0007470582918357672377 ),
 .UNSPECIFIED. ) ;
#888 = LINE ( 'NONE', #1590, #740 ) ;
#889 = CARTESIAN_POINT ( 'NONE',  ( 63.83634874735216869, -26.05524164151253075, 125.9625107921378344 ) ) ;
#890 = VECTOR ( 'NONE', #1696, 1000.000000000000000 ) ;
#891 = CARTESIAN_POINT ( 'NONE',  ( 63.22341106673007260, -27.50464902304798542, 122.4724061295515583 ) ) ;
#892 = VERTEX_POINT ( 'NONE', #314 ) ;
#893 = EDGE_CURVE ( 'NONE', #549, #592, #1091, .T. ) ;
#894 = CARTESIAN_POINT ( 'NONE',  ( 63.22341106672983813, -25.23517889991635599, 125.4532133015845119 ) ) ;
#895 = CARTESIAN_POINT ( 'NONE',  ( 66.51435012884917342, -29.21028656351153074, 117.6290913217376612 ) ) ;
#896 = ORIENTED_EDGE ( 'NONE', *, *, #1059, .T. ) ;
#897 = DIRECTION ( 'NONE',  ( -8.422580038942331585E-14, 0.8092144709307160788, -0.5875133530706527774 ) ) ;
#898 = CARTESIAN_POINT ( 'NONE',  ( 67.96987293631187299, 20.57286586518310401, 4.000000000000000000 ) ) ;
#899 = AXIS2_PLACEMENT_3D ( 'NONE', #1014, #1582, #728 ) ;
#900 = CARTESIAN_POINT ( 'NONE',  ( 63.22341106667791877, 12.18687783812067948, 22.53961009395504078 ) ) ;
#901 = AXIS2_PLACEMENT_3D ( 'NONE', #691, #1836, #991 ) ;
#902 = ORIENTED_EDGE ( 'NONE', *, *, #652, .F. ) ;
#903 = CARTESIAN_POINT ( 'NONE',  ( 63.82034792090053799, 18.99501634768350655, 24.47383683762702233 ) ) ;
#904 =( BOUNDED_SURFACE ( )  B_SPLINE_SURFACE ( 3, 2, ( 
 ( #1544, #1830, #705 ),
 ( #263, #1721, #830 ),
 ( #253, #1, #433 ),
 ( #820, #1400, #111 ) ),
 .UNSPECIFIED., .F., .F., .F. ) 
 B_SPLINE_SURFACE_WITH_KNOTS ( ( 4, 4 ),
 ( 3, 3 ),
 ( 0.000000000000000000, 0.01179979178899287495 ),
 ( 0.000000000000000000, 1.000000000000000000 ),
 .UNSPECIFIED. ) 
 GEOMETRIC_REPRESENTATION_ITEM ( )  RATIONAL_B_SPLINE_SURFACE ( (
 ( 1.000000000000000000, 0.7593037813539941228, 1.000000000000000000),
 ( 1.000000000000000000, 0.7590041917464931398, 1.000000000000000000),
 ( 1.000000000000000000, 0.7586608534105113710, 1.000000000000000000),
 ( 1.000000000000000000, 0.7582651776068376481, 1.000000000000000000) ) ) 
 REPRESENTATION_ITEM ( '' )  SURFACE ( )  );
#905 = CARTESIAN_POINT ( 'NONE',  ( 63.78543621203168357, 19.00153429571621544, 24.47619450657867546 ) ) ;
#906 = FACE_OUTER_BOUND ( 'NONE', #975, .T. ) ;
#907 = VERTEX_POINT ( 'NONE', #878 ) ;
#908 = EDGE_CURVE ( 'NONE', #192, #158, #1012, .T. ) ;
#909 = LINE ( 'NONE', #1775, #822 ) ;
#910 = AXIS2_PLACEMENT_3D ( 'NONE', #1742, #1837, #160 ) ;
#911 = CARTESIAN_POINT ( 'NONE',  ( 63.22341106672989497, -25.72101161441726447, 125.5134252211481396 ) ) ;
#912 = CIRCLE ( 'NONE', #22, 100.0000000000000000 ) ;
#913 = VERTEX_POINT ( 'NONE', #1316 ) ;
#914 = CARTESIAN_POINT ( 'NONE',  ( 63.82457002985859873, 1.459713189994844562, 94.70010362129052339 ) ) ;
#915 = APPLICATION_CONTEXT ( 'automotive_design' ) ;
#916 = PRODUCT_DEFINITION_FORMATION_WITH_SPECIFIED_SOURCE ( 'ANY', '', #1388, .NOT_KNOWN. ) ;
#917 = CARTESIAN_POINT ( 'NONE',  ( 67.58043912833967681, -23.95291235086974879, 113.8120840103921552 ) ) ;
#918 = CARTESIAN_POINT ( 'NONE',  ( 67.93773430340229424, -27.05388093758517698, 124.5591571384159266 ) ) ;
#919 = ORIENTED_EDGE ( 'NONE', *, *, #952, .T. ) ;
#920 = CARTESIAN_POINT ( 'NONE',  ( 63.76585285054066077, -27.26559507490559042, 125.2081192219549024 ) ) ;
#921 = ADVANCED_FACE ( 'NONE', ( #457 ), #1399, .T. ) ;
#922 = PLANE ( 'NONE',  #269 ) ;
#923 = ORIENTED_EDGE ( 'NONE', *, *, #1146, .T. ) ;
#924 = CARTESIAN_POINT ( 'NONE',  ( 63.84843193050230070, -16.64401165525265469, 119.9081395184259975 ) ) ;
#925 = AXIS2_PLACEMENT_3D ( 'NONE', #1045, #466, #1318 ) ;
#926 = CARTESIAN_POINT ( 'NONE',  ( 67.69607965038844100, 18.23238077097403220, 24.19752325505677604 ) ) ;
#927 = CYLINDRICAL_SURFACE ( 'NONE', #1074, 0.5000000000000009992 ) ;
#928 = ORIENTED_EDGE ( 'NONE', *, *, #1324, .T. ) ;
#929 = CARTESIAN_POINT ( 'NONE',  ( 63.84527140700854630, -25.73427366564121499, 125.9998540436933467 ) ) ;
#930 = ORIENTED_EDGE ( 'NONE', *, *, #616, .F. ) ;
#931 = CARTESIAN_POINT ( 'NONE',  ( 63.22341106672971023, -23.85162663075596967, 113.7385476177794459 ) ) ;
#932 = CARTESIAN_POINT ( 'NONE',  ( 63.22341106672979549, -24.80188799454840876, 125.2327399871820717 ) ) ;
#933 = CARTESIAN_POINT ( 'NONE',  ( 63.94110730564404577, 21.85573789339942863, 4.000000000003353762 ) ) ;
#934 = PLANE ( 'NONE',  #706 ) ;
#935 = EDGE_LOOP ( 'NONE', ( #1507, #1463, #804, #1320, #350 ) ) ;
#936 = ORIENTED_EDGE ( 'NONE', *, *, #548, .F. ) ;
#937 = CARTESIAN_POINT ( 'NONE',  ( 66.20753910173556278, -4.629682136008811177, 4.000000000000000000 ) ) ;
#938 = CARTESIAN_POINT ( 'NONE',  ( 63.22341106673000866, -26.56983871704013822, 116.6983150359256172 ) ) ;
#939 = CARTESIAN_POINT ( 'NONE',  ( 63.22341106672793387, -6.773310390046172635, 109.6820958770771313 ) ) ;
#940 = DIRECTION ( 'NONE',  ( -4.355991509583470134E-15, 0.2422479448687323567, -0.9702143748712835913 ) ) ;
#941 = EDGE_CURVE ( 'NONE', #1200, #1431, #686, .T. ) ;
#942 = ORIENTED_EDGE ( 'NONE', *, *, #765, .T. ) ;
#943 = ORIENTED_EDGE ( 'NONE', *, *, #836, .F. ) ;
#944 = CARTESIAN_POINT ( 'NONE',  ( 1.769803360975402748E-13, 17.00370294828230300, 0.000000000000000000 ) ) ;
#945 = CARTESIAN_POINT ( 'NONE',  ( 67.92272497383667940, 19.89861858914134984, 12.53688108227480669 ) ) ;
#946 = CARTESIAN_POINT ( 'NONE',  ( 63.22341106672769939, -4.379623856473092935, 106.1057406499528781 ) ) ;
#947 = VECTOR ( 'NONE', #1554, 999.9999999999998863 ) ;
#948 = FACE_OUTER_BOUND ( 'NONE', #248, .T. ) ;
#949 =( BOUNDED_CURVE ( )  B_SPLINE_CURVE ( 3, ( #1510, #1234, #1394, #229 ),
 .UNSPECIFIED., .F., .T. ) 
 B_SPLINE_CURVE_WITH_KNOTS ( ( 4, 4 ),
 ( 6.154547043960192809, 6.226586094096432156 ),
 .UNSPECIFIED. ) 
 CURVE ( )  GEOMETRIC_REPRESENTATION_ITEM ( )  RATIONAL_B_SPLINE_CURVE ( ( 1.000000000000000000, 0.9995675780265671495, 0.9995675780265671495, 1.000000000000000000 ) ) 
 REPRESENTATION_ITEM ( '' )  );
#950 =( LENGTH_UNIT ( ) NAMED_UNIT ( * ) SI_UNIT ( .MILLI., .METRE. ) );
#951 = ORIENTED_EDGE ( 'NONE', *, *, #1606, .T. ) ;
#952 = EDGE_CURVE ( 'NONE', #534, #1575, #506, .T. ) ;
#953 = ORIENTED_EDGE ( 'NONE', *, *, #35, .F. ) ;
#954 = CARTESIAN_POINT ( 'NONE',  ( 64.72341106672539013, 20.50370294828162798, 1.500000000000000000 ) ) ;
#955 = CARTESIAN_POINT ( 'NONE',  ( 63.71454511996358150, -27.61918242243822874, 124.4849415878032772 ) ) ;
#956 = CARTESIAN_POINT ( 'NONE',  ( 66.92725326294893762, -9.807128805098658475, 99.42392786505956792 ) ) ;
#957 = CARTESIAN_POINT ( 'NONE',  ( 67.11321174646369059, -3.567021645878762026, 85.63471601089358387 ) ) ;
#958 = EDGE_CURVE ( 'NONE', #892, #1115, #512, .T. ) ;
#959 = EDGE_LOOP ( 'NONE', ( #1617, #583, #846, #333, #306 ) ) ;
#960 = ORIENTED_EDGE ( 'NONE', *, *, #1191, .T. ) ;
#961 = CARTESIAN_POINT ( 'NONE',  ( 63.22341106672520539, 19.36498004795148375, 20.96727520877053053 ) ) ;
#962 = CARTESIAN_POINT ( 'NONE',  ( 67.58071471266895003, 15.00764398780976272, 3.930363338482107061 ) ) ;
#963 = DIRECTION ( 'NONE',  ( 1.000000000000000000, -1.040834085586155570E-14, 0.000000000000000000 ) ) ;
#964 = EDGE_CURVE ( 'NONE', #913, #1018, #194, .T. ) ;
#965 = CARTESIAN_POINT ( 'NONE',  ( 67.96987293631187299, 20.57286586518310401, 4.000000000000000000 ) ) ;
#966 = ORIENTED_EDGE ( 'NONE', *, *, #784, .F. ) ;
#967 = CARTESIAN_POINT ( 'NONE',  ( 60.90903210847878313, 2.589181421302396036, 92.45613785764430759 ) ) ;
#968 = AXIS2_PLACEMENT_3D ( 'NONE', #729, #553, #452 ) ;
#969 = ORIENTED_EDGE ( 'NONE', *, *, #810, .F. ) ;
#970 = CARTESIAN_POINT ( 'NONE',  ( 63.71666309062049294, -27.88952523996576360, 120.4848343644116540 ) ) ;
#971 = CARTESIAN_POINT ( 'NONE',  ( 63.72341106672976707, -24.80188799454835902, 125.2327399871820717 ) ) ;
#972 = CARTESIAN_POINT ( 'NONE',  ( 66.33355243097361154, 1.760336195040310692, 91.37807334899754608 ) ) ;
#973 = ORIENTED_EDGE ( 'NONE', *, *, #83, .F. ) ;
#974 = CARTESIAN_POINT ( 'NONE',  ( 63.78423894922948278, -27.05592431792706520, 125.4406002878589419 ) ) ;
#975 = EDGE_LOOP ( 'NONE', ( #700, #1033, #1781, #662, #354, #1546 ) ) ;
#976 = FACE_OUTER_BOUND ( 'NONE', #1468, .T. ) ;
#977 = PLANE ( 'NONE',  #24 ) ;
#978 = AXIS2_PLACEMENT_3D ( 'NONE', #1420, #324, #413 ) ;
#979 = ORIENTED_EDGE ( 'NONE', *, *, #1662, .F. ) ;
#980 = PLANE ( 'NONE',  #1479 ) ;
#981 = CARTESIAN_POINT ( 'NONE',  ( 63.22341106664691779, 1.572723390076899541, 94.76013417409136252 ) ) ;
#982 = CARTESIAN_POINT ( 'NONE',  ( 67.56577916625781199, 14.79405572322232487, 11.25460083162757563 ) ) ;
#983 = AXIS2_PLACEMENT_3D ( 'NONE', #1736, #325, #185 ) ;
#984 = DIRECTION ( 'NONE',  ( -0.000000000000000000, 0.2422479448687352710, -0.9702143748712828142 ) ) ;
#985 = DIRECTION ( 'NONE',  ( 1.000000000000000000, -1.387778780781444413E-14, 0.000000000000000000 ) ) ;
#986 = CARTESIAN_POINT ( 'NONE',  ( 63.22341106673084710, -26.98391000367445969, 125.6112695894801021 ) ) ;
#987 = ORIENTED_EDGE ( 'NONE', *, *, #388, .F. ) ;
#988 = EDGE_CURVE ( 'NONE', #907, #1247, #1167, .T. ) ;
#989 = CYLINDRICAL_SURFACE ( 'NONE', #1008, 1.000000000000000000 ) ;
#990 = ORIENTED_EDGE ( 'NONE', *, *, #1624, .F. ) ;
#991 = DIRECTION ( 'NONE',  ( 1.000000000000000000, -1.387778780781444413E-14, 0.000000000000000000 ) ) ;
#992 = CARTESIAN_POINT ( 'NONE',  ( 67.49997788674509991, 14.55663599322352120, 11.17578421111961617 ) ) ;
#993 = CARTESIAN_POINT ( 'NONE',  ( 63.22341106672874389, -14.60537060110073249, 117.8297703931674647 ) ) ;
#994 = LINE ( 'NONE', #1131, #469 ) ;
#995 = CARTESIAN_POINT ( 'NONE',  ( 63.72341106672897837, -16.92843716904989293, 119.5163846068770255 ) ) ;
#996 = CARTESIAN_POINT ( 'NONE',  ( 67.99999999999995737, -25.03253504709357813, 124.5721398120715122 ) ) ;
#997 = CARTESIAN_POINT ( 'NONE',  ( 65.23928356062128842, -16.82444133228964489, 119.5952738338632173 ) ) ;
#998 = ORIENTED_EDGE ( 'NONE', *, *, #1403, .F. ) ;
#999 = EDGE_CURVE ( 'NONE', #1595, #1280, #1414, .T. ) ;
#1000 = CARTESIAN_POINT ( 'NONE',  ( 63.22341106673006550, -27.57823634995015283, 119.0094392418275362 ) ) ;
#1001 = B_SPLINE_CURVE_WITH_KNOTS ( 'NONE', 3,
 ( #67, #1350, #620, #1480, #1342, #1206, #929, #889, #482, #1063, #177, #1632, #745, #920, #355, #1489, #204, #491 ),
 .UNSPECIFIED., .F., .F.,
 ( 4, 2, 2, 2, 2, 2, 2, 2, 4 ),
 ( 3.469446951953614189E-18, 0.0004828512700828178341, 0.0009657025401656321988, 0.001448553810248446455, 0.001931405080331260928, 0.002414256350414075401, 0.002897107620496889441, 0.003379958890579703914, 0.003862810160662554382 ),
 .UNSPECIFIED. ) ;
#1002 = CARTESIAN_POINT ( 'NONE',  ( 63.22341106672528355, 18.51911334356785588, 24.35501101140778246 ) ) ;
#1003 = VERTEX_POINT ( 'NONE', #1051 ) ;
#1004 = EDGE_CURVE ( 'NONE', #1264, #1180, #471, .T. ) ;
#1005 = CARTESIAN_POINT ( 'NONE',  ( 67.58199669777813767, 1.541468725361539338, 91.09447209467016648 ) ) ;
#1006 = DIRECTION ( 'NONE',  ( 0.000000000000000000, 0.000000000000000000, 1.000000000000000000 ) ) ;
#1007 = CARTESIAN_POINT ( 'NONE',  ( 63.22341106672703148, 1.684375027230046395, 91.77892711751837851 ) ) ;
#1008 = AXIS2_PLACEMENT_3D ( 'NONE', #1147, #1160, #1716 ) ;
#1009 = DIRECTION ( 'NONE',  ( -1.040834085586155570E-14, -1.000000000000000000, 0.000000000000000000 ) ) ;
#1010 = CARTESIAN_POINT ( 'NONE',  ( 63.22341106672522670, 19.00370294828156048, 1.000000000000000000 ) ) ;
#1011 = B_SPLINE_CURVE_WITH_KNOTS ( 'NONE', 3,
 ( #637, #1362, #75, #1508, #1368, #1815 ),
 .UNSPECIFIED., .F., .F.,
 ( 4, 2, 4 ),
 ( 7.416830457584992987E-17, 0.0004378937868060172743, 0.0008757875736119603892 ),
 .UNSPECIFIED. ) ;
#1012 = CIRCLE ( 'NONE', #1245, 1.000000000000000888 ) ;
#1013 = VERTEX_POINT ( 'NONE', #180 ) ;
#1014 = CARTESIAN_POINT ( 'NONE',  ( 67.47218473283371054, 17.77040266903373933, 24.08322329208589352 ) ) ;
#1015 = AXIS2_PLACEMENT_3D ( 'NONE', #1274, #431, #23 ) ;
#1016 = CARTESIAN_POINT ( 'NONE',  ( 63.71737058572758627, -27.71305732344178807, 119.4930855843337270 ) ) ;
#1017 = CARTESIAN_POINT ( 'NONE',  ( 67.53426584259959498, 14.34803367654013329, 11.07464299155396681 ) ) ;
#1018 = VERTEX_POINT ( 'NONE', #359 ) ;
#1019 = DIRECTION ( 'NONE',  ( 0.000000000000000000, 0.9702143748712818150, 0.2422479448687396286 ) ) ;
#1020 = CARTESIAN_POINT ( 'NONE',  ( 67.53240349991722269, 20.42418011643556852, 12.54627273969792256 ) ) ;
#1021 = CARTESIAN_POINT ( 'NONE',  ( 63.72341106672703148, 2.169482214665742870, 91.90005108995275407 ) ) ;
#1022 = CARTESIAN_POINT ( 'NONE',  ( 67.70167451239177581, -27.80117655113891928, 119.4887422746220267 ) ) ;
#1023 = VECTOR ( 'NONE', #744, 1000.000000000000000 ) ;
#1024 = CARTESIAN_POINT ( 'NONE',  ( 63.22341106672998734, -26.59214848861133618, 117.7987702136654349 ) ) ;
#1025 = ORIENTED_EDGE ( 'NONE', *, *, #1511, .T. ) ;
#1026 = DIRECTION ( 'NONE',  ( -2.521399181825588986E-14, 0.2422479448687361314, -0.9702143748712827032 ) ) ;
#1027 = CYLINDRICAL_SURFACE ( 'NONE', #1015, 0.5000000000000106581 ) ;
#1028 = CARTESIAN_POINT ( 'NONE',  ( 67.10184296694764328, -4.384815536913905909, 88.22512870600571944 ) ) ;
#1029 = DIRECTION ( 'NONE',  ( -0.05190147109927659846, -0.5867215086720288797, -0.8081238200667948401 ) ) ;
#1030 = EDGE_CURVE ( 'NONE', #855, #1473, #819, .T. ) ;
#1031 = EDGE_CURVE ( 'NONE', #1575, #774, #1079, .T. ) ;
#1032 = CARTESIAN_POINT ( 'NONE',  ( 66.22341106672523381, 17.00370294828161022, 4.000000000000000000 ) ) ;
#1033 = ORIENTED_EDGE ( 'NONE', *, *, #988, .T. ) ;
#1034 = CARTESIAN_POINT ( 'NONE',  ( 67.58639097407953500, 0.8855608594391111144, 93.71733025562954822 ) ) ;
#1035 = CARTESIAN_POINT ( 'NONE',  ( 67.99999999999994316, -24.88838380223792512, 124.4674817958634918 ) ) ;
#1036 = LINE ( 'NONE', #316, #33 ) ;
#1037 = CARTESIAN_POINT ( 'NONE',  ( 67.80361377689922620, -4.778556076349429027, 105.1975345127106891 ) ) ;
#1038 = CIRCLE ( 'NONE', #225, 0.4999999999999991673 ) ;
#1039 = CARTESIAN_POINT ( 'NONE',  ( 63.71454511996324754, -27.61918242243847033, 124.4849415878023677 ) ) ;
#1040 = ORIENTED_EDGE ( 'NONE', *, *, #625, .F. ) ;
#1041 = CARTESIAN_POINT ( 'NONE',  ( 63.22341106672543987, 21.37610838718678252, 4.000000000000000000 ) ) ;
#1042 = ADVANCED_FACE ( 'NONE', ( #1354 ), #69, .F. ) ;
#1043 = CARTESIAN_POINT ( 'NONE',  ( 63.53017412237726802, -27.58347425107114503, 124.6000403322808694 ) ) ;
#1044 = VERTEX_POINT ( 'NONE', #1670 ) ;
#1045 = CARTESIAN_POINT ( 'NONE',  ( 63.72341106673260214, -51.74864657828069170, 72.20428262707277156 ) ) ;
#1046 = FACE_OUTER_BOUND ( 'NONE', #1081, .T. ) ;
#1047 = ADVANCED_FACE ( 'NONE', ( #105 ), #1278, .T. ) ;
#1048 = B_SPLINE_CURVE_WITH_KNOTS ( 'NONE', 3,
 ( #488, #1475, #53, #162, #731, #209, #1599, #783, #1069, #1310, #632, #1347, #1365, #617, #310, #1746, #498, #479, #589, #1211 ),
 .UNSPECIFIED., .F., .F.,
 ( 4, 2, 2, 2, 2, 2, 2, 2, 2, 4 ),
 ( 8.673617379884035472E-19, 0.006225364313109959559, 0.009338046469664938037, 0.01089438754794245026, 0.01167255808708120637, 0.01206164335665056361, 0.01225618599143524223, 0.01235345730882756246, 0.01240209296752372084, 0.01245072862621987922 ),
 .UNSPECIFIED. ) ;
#1049 = FACE_OUTER_BOUND ( 'NONE', #290, .T. ) ;
#1050 = ORIENTED_EDGE ( 'NONE', *, *, #1753, .T. ) ;
#1051 = CARTESIAN_POINT ( 'NONE',  ( 63.22341106672951838, -22.07922224821276913, 113.0696134090739378 ) ) ;
#1052 = CARTESIAN_POINT ( 'NONE',  ( 66.48201809734936774, -27.91901489787860768, 123.5215715032340285 ) ) ;
#1053 = VERTEX_POINT ( 'NONE', #1242 ) ;
#1054 = CARTESIAN_POINT ( 'NONE',  ( 67.79393934005481981, -4.370785407625616514, 104.6714446430817276 ) ) ;
#1055 = CIRCLE ( 'NONE', #747, 0.5000000000000001110 ) ;
#1056 = CARTESIAN_POINT ( 'NONE',  ( 63.22341106673070499, -25.22123301591865641, 126.1237368944840256 ) ) ;
#1057 = ORIENTED_EDGE ( 'NONE', *, *, #1650, .F. ) ;
#1058 = DIRECTION ( 'NONE',  ( 0.000000000000000000, 0.000000000000000000, 1.000000000000000000 ) ) ;
#1059 = EDGE_CURVE ( 'NONE', #1813, #1264, #1178, .T. ) ;
#1060 = CARTESIAN_POINT ( 'NONE',  ( 62.08857647999197837, 22.18843313763219172, 4.000000000000003553 ) ) ;
#1061 = DIRECTION ( 'NONE',  ( -0.06568108791789904755, -0.9978406659832627090, 0.000000000000000000 ) ) ;
#1062 = ORIENTED_EDGE ( 'NONE', *, *, #746, .F. ) ;
#1063 = CARTESIAN_POINT ( 'NONE',  ( 63.81765626234631128, -26.51666620251425854, 125.8104759338369547 ) ) ;
#1064 = EDGE_CURVE ( 'NONE', #680, #534, #403, .T. ) ;
#1065 = FACE_OUTER_BOUND ( 'NONE', #293, .T. ) ;
#1066 = VECTOR ( 'NONE', #1503, 1000.000000000000000 ) ;
#1067 = ORIENTED_EDGE ( 'NONE', *, *, #864, .F. ) ;
#1068 = CARTESIAN_POINT ( 'NONE',  ( 63.82034792090053799, 2.160278031345710392, 91.89775294373761483 ) ) ;
#1069 = CARTESIAN_POINT ( 'NONE',  ( 67.39972713344577926, -8.987065096584139212, 98.64951492278618161 ) ) ;
#1070 = EDGE_CURVE ( 'NONE', #320, #1667, #1593, .T. ) ;
#1071 = CARTESIAN_POINT ( 'NONE',  ( 67.58043912833967681, -9.221091538582291136, 108.2795309726896988 ) ) ;
#1072 = ORIENTED_EDGE ( 'NONE', *, *, #399, .T. ) ;
#1073 = CARTESIAN_POINT ( 'NONE',  ( 67.80660882302922232, -5.010273383028013505, 105.4369835400660662 ) ) ;
#1074 = AXIS2_PLACEMENT_3D ( 'NONE', #202, #1780, #1340 ) ;
#1075 = LINE ( 'NONE', #900, #449 ) ;
#1076 = CARTESIAN_POINT ( 'NONE',  ( 63.22341106672982392, -25.00832183449297474, 125.3636126880117132 ) ) ;
#1077 = AXIS2_PLACEMENT_3D ( 'NONE', #41, #1751, #1454 ) ;
#1078 = CARTESIAN_POINT ( 'NONE',  ( 67.61027223393004704, 21.08944745599308845, 4.000000000000002665 ) ) ;
#1079 = B_SPLINE_CURVE_WITH_KNOTS ( 'NONE', 3,
 ( #1068, #914, #1502, #1194, #1644, #1485, #1346, #1778, #486, #1637, #351, #924 ),
 .UNSPECIFIED., .F., .F.,
 ( 4, 2, 2, 2, 2, 4 ),
 ( 2.602085213965210642E-18, 0.008540591839685317960, 0.01708118367937063245, 0.02135147959921330357, 0.02562177551905597470, 0.03416236735874135511 ),
 .UNSPECIFIED. ) ;
#1080 = CARTESIAN_POINT ( 'NONE',  ( 67.92914636931740802, -27.20058472998565691, 124.4614665336824544 ) ) ;
#1081 = EDGE_LOOP ( 'NONE', ( #1804, #1219, #969, #1135 ) ) ;
#1082 = ORIENTED_EDGE ( 'NONE', *, *, #1130, .T. ) ;
#1083 = PRODUCT_DEFINITION ( 'UNKNOWN', '', #916, #1527 ) ;
#1084 = CARTESIAN_POINT ( 'NONE',  ( 63.71632919040108334, -27.94495607668504888, 120.9875882210866678 ) ) ;
#1085 = ADVANCED_FACE ( 'NONE', ( #1519 ), #660, .F. ) ;
#1086 = CIRCLE ( 'NONE', #899, 0.5000000000000009992 ) ;
#1087 = CARTESIAN_POINT ( 'NONE',  ( 63.22341106672966760, -23.55786995422066354, 114.1431548532448090 ) ) ;
#1088 = EDGE_CURVE ( 'NONE', #1247, #1675, #1272, .T. ) ;
#1089 = CARTESIAN_POINT ( 'NONE',  ( 63.22341106672992339, -25.96307860988227745, 125.4825049635261962 ) ) ;
#1090 = CARTESIAN_POINT ( 'NONE',  ( 67.58043912833967681, -23.95291235086974879, 113.8120840103921552 ) ) ;
#1091 =( BOUNDED_CURVE ( )  B_SPLINE_CURVE ( 3, ( #1596, #1849, #1718, #564 ),
 .UNSPECIFIED., .F., .T. ) 
 B_SPLINE_CURVE_WITH_KNOTS ( ( 4, 4 ),
 ( 6.167183183529124868, 6.283185307179586232 ),
 .UNSPECIFIED. ) 
 CURVE ( )  GEOMETRIC_REPRESENTATION_ITEM ( )  RATIONAL_B_SPLINE_CURVE ( ( 1.000000000000000000, 0.9988789399439292893, 0.9988789399439292893, 1.000000000000000000 ) ) 
 REPRESENTATION_ITEM ( '' )  );
#1092 = ORIENTED_EDGE ( 'NONE', *, *, #625, .T. ) ;
#1093 = VERTEX_POINT ( 'NONE', #1673 ) ;
#1094 = CARTESIAN_POINT ( 'NONE',  ( 63.22341106672528355, 18.51911334356817562, 24.35501101140787128 ) ) ;
#1095 = CARTESIAN_POINT ( 'NONE',  ( 64.72341106672537592, 19.00370294828156048, 1.500000000000000000 ) ) ;
#1096 = CARTESIAN_POINT ( 'NONE',  ( 67.50316052915336229, -6.999303527083791998, 94.67911082288446778 ) ) ;
#1097 = ADVANCED_FACE ( 'NONE', ( #1244 ), #977, .T. ) ;
#1098 = CARTESIAN_POINT ( 'NONE',  ( 63.72341106672528355, 18.51911334356790562, 24.35501101140778246 ) ) ;
#1099 = CARTESIAN_POINT ( 'NONE',  ( 66.22341106672523381, 0.000000000000000000, 4.000000000000000000 ) ) ;
#1100 = ORIENTED_EDGE ( 'NONE', *, *, #1633, .T. ) ;
#1101 = VERTEX_POINT ( 'NONE', #1263 ) ;
#1102 = CARTESIAN_POINT ( 'NONE',  ( 63.71490617349859065, -27.88919663298172935, 123.5036067825202366 ) ) ;
#1103 =( BOUNDED_SURFACE ( )  B_SPLINE_SURFACE ( 3, 2, ( 
 ( #4, #289, #856 ),
 ( #1430, #1281, #18 ),
 ( #144, #710, #1843 ),
 ( #1157, #1724, #436 ) ),
 .UNSPECIFIED., .F., .F., .F. ) 
 B_SPLINE_SURFACE_WITH_KNOTS ( ( 4, 4 ),
 ( 3, 3 ),
 ( 0.01425410162347379682, 0.01910421533654091050 ),
 ( 0.000000000000000000, 1.000000000000000000 ),
 .UNSPECIFIED. ) 
 GEOMETRIC_REPRESENTATION_ITEM ( )  RATIONAL_B_SPLINE_SURFACE ( (
 ( 1.000000000000000000, 0.5786717708441433405, 1.000000000000000000),
 ( 1.000000000000000000, 0.5569367815290704460, 1.000000000000000000),
 ( 1.000000000000000000, 0.5321849332279300349, 1.000000000000000000),
 ( 1.000000000000000000, 0.5033784956047305803, 1.000000000000000000) ) ) 
 REPRESENTATION_ITEM ( '' )  SURFACE ( )  );
#1104 = CARTESIAN_POINT ( 'NONE',  ( 63.22341106672998734, -26.71004606088194322, 125.0825309630144773 ) ) ;
#1105 = CARTESIAN_POINT ( 'NONE',  ( 67.58043912833969102, -3.237927834716522124, 84.31667987050946067 ) ) ;
#1106 = CLOSED_SHELL ( 'NONE', ( #1239, #1609, #692, #1223, #1588, #1097, #136, #1085, #1448, #1333, #1119, #824, #106, #1729, #678, #416, #1171, #1176, #139, #654, #1490, #1391, #1042, #1671, #867, #1561, #1524, #1715, #808, #921, #1791, #391, #754, #328, #1199, #1798, #1047, #712, #59, #487, #726, #667, #720, #358, #322, #1733, #228 ) ) ;
#1107 = DIRECTION ( 'NONE',  ( 1.000000000000000000, 0.000000000000000000, 0.000000000000000000 ) ) ;
#1108 = CARTESIAN_POINT ( 'NONE',  ( 67.61206500162261079, 13.58072581393994405, 18.88147568883789873 ) ) ;
#1109 = ORIENTED_EDGE ( 'NONE', *, *, #1618, .F. ) ;
#1110 = ORIENTED_EDGE ( 'NONE', *, *, #8, .T. ) ;
#1111 = EDGE_CURVE ( 'NONE', #1280, #1813, #419, .T. ) ;
#1112 = CARTESIAN_POINT ( 'NONE',  ( 67.42829810875814189, -9.366361947466140592, 99.60424934598033531 ) ) ;
#1113 = DIRECTION ( 'NONE',  ( 0.000000000000000000, -1.000000000000000000, 0.000000000000000000 ) ) ;
#1114 = CARTESIAN_POINT ( 'NONE',  ( 67.53240349991722269, 20.42418011643556852, 12.54627273969792256 ) ) ;
#1115 = VERTEX_POINT ( 'NONE', #849 ) ;
#1116 = CARTESIAN_POINT ( 'NONE',  ( 63.72341106672976707, -16.63468049251456904, 119.9209918423423886 ) ) ;
#1117 = CARTESIAN_POINT ( 'NONE',  ( 67.11412503636711335, 15.00370294829020423, 4.000000000000000000 ) ) ;
#1118 = ORIENTED_EDGE ( 'NONE', *, *, #988, .F. ) ;
#1119 = ADVANCED_FACE ( 'NONE', ( #1235 ), #525, .T. ) ;
#1120 = CARTESIAN_POINT ( 'NONE',  ( 67.95412072264902292, -10.01877999369181893, 112.5808084091140699 ) ) ;
#1121 = CARTESIAN_POINT ( 'NONE',  ( 63.22341106672971023, -23.94925235473835556, 114.4273099131469422 ) ) ;
#1122 = ORIENTED_EDGE ( 'NONE', *, *, #1111, .T. ) ;
#1123 = CARTESIAN_POINT ( 'NONE',  ( 67.11321174647349608, 12.67198502569705987, 22.66073406642238908 ) ) ;
#1124 = VERTEX_POINT ( 'NONE', #541 ) ;
#1125 = UNCERTAINTY_MEASURE_WITH_UNIT (LENGTH_MEASURE( 1.000000000000000082E-05 ), #950, 'distance_accuracy_value', 'NONE');
#1126 = DIRECTION ( 'NONE',  ( 1.000000000000000000, 2.219651386635247022E-12, 0.000000000000000000 ) ) ;
#1127 = VERTEX_POINT ( 'NONE', #803 ) ;
#1128 = DIRECTION ( 'NONE',  ( -0.9986522103804361672, 0.03049280731483555718, 0.04199942147612695936 ) ) ;
#1129 = CARTESIAN_POINT ( 'NONE',  ( 63.22341106672894284, -14.19779367226623634, 118.3303166768924655 ) ) ;
#1130 = EDGE_CURVE ( 'NONE', #1796, #892, #1664, .T. ) ;
#1131 = CARTESIAN_POINT ( 'NONE',  ( 65.22341106672523381, 17.00370294828161022, 0.000000000000000000 ) ) ;
#1132 = DIRECTION ( 'NONE',  ( -2.761174786929889617E-14, 0.2652848158191417616, 0.9641700920977607225 ) ) ;
#1133 = ORIENTED_EDGE ( 'NONE', *, *, #1471, .T. ) ;
#1134 = CARTESIAN_POINT ( 'NONE',  ( 63.22341106672996602, -26.57530322561650138, 125.9084840526933249 ) ) ;
#1135 = ORIENTED_EDGE ( 'NONE', *, *, #795, .F. ) ;
#1136 = CARTESIAN_POINT ( 'NONE',  ( 67.59657180080790795, 14.31165981079834282, 15.01135921607493273 ) ) ;
#1137 = DIRECTION ( 'NONE',  ( -1.040834085586126666E-13, 1.000000000000000000, 0.000000000000000000 ) ) ;
#1138 = CARTESIAN_POINT ( 'NONE',  ( 67.19357219833800343, 14.33864575255041629, 11.14740421632703438 ) ) ;
#1139 = CARTESIAN_POINT ( 'NONE',  ( 63.22341106672745070, -2.272565805336339118, 102.3969949367715060 ) ) ;
#1140 = CARTESIAN_POINT ( 'NONE',  ( 67.99999999999994316, -17.22379970779814329, 118.9027697658905964 ) ) ;
#1141 = CYLINDRICAL_SURFACE ( 'NONE', #1834, 0.5000000000000005551 ) ;
#1142 = CARTESIAN_POINT ( 'NONE',  ( 67.06699714112899358, 14.33309568343288198, 11.19022379070960049 ) ) ;
#1143 = CARTESIAN_POINT ( 'NONE',  ( 63.72341106672897837, -16.92843716904989293, 119.5163846068770255 ) ) ;
#1144 = ORIENTED_EDGE ( 'NONE', *, *, #1378, .T. ) ;
#1145 = CARTESIAN_POINT ( 'NONE',  ( 63.22341106673005839, -27.35845381888287520, 120.3138906071984877 ) ) ;
#1146 = EDGE_CURVE ( 'NONE', #1601, #55, #533, .T. ) ;
#1147 = CARTESIAN_POINT ( 'NONE',  ( 65.22341106672523381, 0.000000000000000000, 1.000000000000000000 ) ) ;
#1148 = ORIENTED_EDGE ( 'NONE', *, *, #893, .T. ) ;
#1149 = CARTESIAN_POINT ( 'NONE',  ( 67.95689128508305998, -0.4558360370785546900, 96.07969155234462733 ) ) ;
#1150 = CIRCLE ( 'NONE', #1559, 0.4999999999999991673 ) ;
#1151 = DIRECTION ( 'NONE',  ( -1.040834085586126666E-13, 1.000000000000000000, -0.000000000000000000 ) ) ;
#1152 = MECHANICAL_DESIGN_GEOMETRIC_PRESENTATION_REPRESENTATION (  '', ( #1326 ), #182 ) ;
#1153 = CARTESIAN_POINT ( 'NONE',  ( 67.92698278188061067, -8.440438331486891599, 110.7896067669940976 ) ) ;
#1154 = FACE_OUTER_BOUND ( 'NONE', #1172, .T. ) ;
#1155 =( BOUNDED_CURVE ( )  B_SPLINE_CURVE ( 3, ( #1117, #1802, #1564, #87 ),
 .UNSPECIFIED., .F., .T. ) 
 B_SPLINE_CURVE_WITH_KNOTS ( ( 4, 4 ),
 ( 0.05688251400371164418, 0.1286800165255138351 ),
 .UNSPECIFIED. ) 
 CURVE ( )  GEOMETRIC_REPRESENTATION_ITEM ( )  RATIONAL_B_SPLINE_CURVE ( ( 1.000000000000000000, 0.9995704726839909071, 0.9995704726839909071, 1.000000000000000000 ) ) 
 REPRESENTATION_ITEM ( '' )  );
#1156 = ORIENTED_EDGE ( 'NONE', *, *, #798, .F. ) ;
#1157 = CARTESIAN_POINT ( 'NONE',  ( 67.86746954366728346, -28.04591470640654904, 122.9549590146524309 ) ) ;
#1158 = EDGE_CURVE ( 'NONE', #1331, #549, #1155, .T. ) ;
#1159 = CARTESIAN_POINT ( 'NONE',  ( 66.33143896034783893, 1.560998380629251781, 92.17839468220202548 ) ) ;
#1160 = DIRECTION ( 'NONE',  ( 0.000000000000000000, 1.000000000000000000, 0.000000000000000000 ) ) ;
#1161 = ORIENTED_EDGE ( 'NONE', *, *, #1253, .T. ) ;
#1162 = CARTESIAN_POINT ( 'NONE',  ( 67.52656703350338319, -2.051511202697589464, 101.1638776061604119 ) ) ;
#1163 = LINE ( 'NONE', #443, #814 ) ;
#1164 = CARTESIAN_POINT ( 'NONE',  ( 67.61206500161281951, 12.63914889687761267, 22.65253537865813982 ) ) ;
#1165 = LINE ( 'NONE', #588, #205 ) ;
#1166 = DIRECTION ( 'NONE',  ( 0.000000000000000000, 0.5875133530706277973, 0.8092144709307340644 ) ) ;
#1167 = CIRCLE ( 'NONE', #1481, 1.000000000000000000 ) ;
#1168 = AXIS2_PLACEMENT_3D ( 'NONE', #186, #73, #317 ) ;
#1169 = MANIFOLD_SOLID_BREP ( 'Fillet6', #1106 ) ;
#1170 = CARTESIAN_POINT ( 'NONE',  ( 63.71896267388872559, -27.04553894081130139, 117.5865165258178706 ) ) ;
#1171 = ADVANCED_FACE ( 'NONE', ( #1847 ), #989, .T. ) ;
#1172 = EDGE_LOOP ( 'NONE', ( #735, #187, #542, #815 ) ) ;
#1173 = CARTESIAN_POINT ( 'NONE',  ( 64.72341106672539013, 20.50370294828162798, 1.500000000000000000 ) ) ;
#1174 = LINE ( 'NONE', #693, #758 ) ;
#1175 = CARTESIAN_POINT ( 'NONE',  ( 63.22341106672750755, -2.752820647280958433, 84.43780384294392150 ) ) ;
#1176 = ADVANCED_FACE ( 'NONE', ( #859 ), #292, .F. ) ;
#1177 = CARTESIAN_POINT ( 'NONE',  ( 67.96987293631187299, 20.57286586518310401, 4.000000000000000000 ) ) ;
#1178 = B_SPLINE_CURVE_WITH_KNOTS ( 'NONE', 3,
 ( #1800, #1661, #514, #1809, #939, #946, #245, #1517, #800, #1380, #97, #811 ),
 .UNSPECIFIED., .F., .F.,
 ( 4, 2, 2, 2, 2, 4 ),
 ( 3.469446951953614189E-17, 0.008476081728081060612, 0.01695216345616208653, 0.02119020432020259775, 0.02542824518424310898, 0.03390432691232417306 ),
 .UNSPECIFIED. ) ;
#1179 = DIRECTION ( 'NONE',  ( 0.000000000000000000, -0.5875133530706545537, -0.8092144709307146355 ) ) ;
#1180 = VERTEX_POINT ( 'NONE', #1002 ) ;
#1181 = CARTESIAN_POINT ( 'NONE',  ( 66.22341106672523381, 17.00370294828161022, 4.000000000000000000 ) ) ;
#1182 = DIRECTION ( 'NONE',  ( -0.000000000000000000, 0.000000000000000000, 1.000000000000000000 ) ) ;
#1183 = EDGE_CURVE ( 'NONE', #99, #1127, #190, .T. ) ;
#1184 = CARTESIAN_POINT ( 'NONE',  ( 67.11321174646369059, 12.18687783812118575, 22.53961009395300863 ) ) ;
#1185 = CARTESIAN_POINT ( 'NONE',  ( 63.82034792089876163, 2.059149952189032184, 92.30277564126534173 ) ) ;
#1186 = ORIENTED_EDGE ( 'NONE', *, *, #893, .F. ) ;
#1187 = CARTESIAN_POINT ( 'NONE',  ( 65.22341106672523381, 17.00370294828162088, 1.000000000000000000 ) ) ;
#1188 = FACE_OUTER_BOUND ( 'NONE', #1367, .T. ) ;
#1189 = DIRECTION ( 'NONE',  ( 0.000000000000000000, 0.9702143748712889204, 0.2422479448687115677 ) ) ;
#1190 = CARTESIAN_POINT ( 'NONE',  ( 67.57122165124125956, -0.02864173541237175977, 96.22319345088581599 ) ) ;
#1191 = EDGE_CURVE ( 'NONE', #260, #1581, #1562, .T. ) ;
#1192 = FACE_OUTER_BOUND ( 'NONE', #1500, .T. ) ;
#1193 = ORIENTED_EDGE ( 'NONE', *, *, #1241, .T. ) ;
#1194 = CARTESIAN_POINT ( 'NONE',  ( 63.83448483927718797, -1.766403667457419946, 102.6115410824836829 ) ) ;
#1195 = CARTESIAN_POINT ( 'NONE',  ( 63.59124926468055605, 15.00370294828238649, 4.000000000000000000 ) ) ;
#1196 = DIRECTION ( 'NONE',  ( -1.040834085586155570E-14, -1.000000000000000000, 0.000000000000000000 ) ) ;
#1197 = CARTESIAN_POINT ( 'NONE',  ( 63.22341106672897837, -16.92843716904994622, 119.5163846068770255 ) ) ;
#1198 = B_SPLINE_CURVE_WITH_KNOTS ( 'NONE', 3,
 ( #1710, #996, #1612, #1570, #1212, #473, #1786, #1477, #1629, #918, #1080, #1497, #1487, #499, #770, #633, #1646, #1504 ),
 .UNSPECIFIED., .F., .F.,
 ( 4, 2, 2, 2, 2, 2, 2, 2, 4 ),
 ( 3.469446951953614189E-18, 0.0005269071538493633319, 0.001053814307698723194, 0.001580721461548082948, 0.002107628615397442919, 0.002634535769246802890, 0.003161442923096162427, 0.003688350076945522398, 0.004215257230794882369 ),
 .UNSPECIFIED. ) ;
#1199 = ADVANCED_FACE ( 'NONE', ( #1433 ), #1464, .T. ) ;
#1200 = VERTEX_POINT ( 'NONE', #1271 ) ;
#1201 = CARTESIAN_POINT ( 'NONE',  ( 63.22341106672980970, -24.90164565009904507, 125.3051669602682523 ) ) ;
#1202 = EDGE_CURVE ( 'NONE', #1044, #1701, #1466, .T. ) ;
#1203 = CARTESIAN_POINT ( 'NONE',  ( 67.74890957288548066, -28.03809142034267055, 120.7838933770500915 ) ) ;
#1204 = DIRECTION ( 'NONE',  ( 1.000000000000000000, -1.040834085586155570E-14, 0.000000000000000000 ) ) ;
#1205 = ORIENTED_EDGE ( 'NONE', *, *, #311, .T. ) ;
#1206 = CARTESIAN_POINT ( 'NONE',  ( 63.84863238168955490, -25.57004632710129854, 125.9986954533041938 ) ) ;
#1207 = B_SPLINE_CURVE_WITH_KNOTS ( 'NONE', 3,
 ( #725, #733, #570, #36 ),
 .UNSPECIFIED., .F., .F.,
 ( 4, 4 ),
 ( 3.469446951953614189E-18, 9.770735915802550006E-07 ),
 .UNSPECIFIED. ) ;
#1208 = DIRECTION ( 'NONE',  ( 1.000000000000000000, 1.302581702307571438E-13, -5.216900777869991950E-13 ) ) ;
#1209 = EDGE_LOOP ( 'NONE', ( #1488, #1072 ) ) ;
#1210 = CARTESIAN_POINT ( 'NONE',  ( 63.22341106673000155, -26.95216483151493847, 124.8097858894538064 ) ) ;
#1211 = CARTESIAN_POINT ( 'NONE',  ( 67.42829810875814189, -9.366361947466140592, 99.60424934598033531 ) ) ;
#1212 = CARTESIAN_POINT ( 'NONE',  ( 67.99016359122289543, -25.69283607435723482, 124.8176498754080228 ) ) ;
#1213 = VERTEX_POINT ( 'NONE', #1703 ) ;
#1214 = CYLINDRICAL_SURFACE ( 'NONE', #1168, 0.5000000000000005551 ) ;
#1215 = CARTESIAN_POINT ( 'NONE',  ( 63.22341106672902100, -25.57073094930391122, 126.1610454311660590 ) ) ;
#1216 = DIRECTION ( 'NONE',  ( -2.521399181825685227E-14, 0.2422479448687352988, -0.9702143748712829252 ) ) ;
#1217 = CARTESIAN_POINT ( 'NONE',  ( 66.29552613721477883, -23.90214044218423339, 113.7752221210103158 ) ) ;
#1218 = DIRECTION ( 'NONE',  ( 2.521399181825630638E-14, -0.2422479448687401282, 0.9702143748712817040 ) ) ;
#1219 = ORIENTED_EDGE ( 'NONE', *, *, #1130, .F. ) ;
#1220 = EDGE_CURVE ( 'NONE', #1473, #1361, #912, .T. ) ;
#1221 = ORIENTED_EDGE ( 'NONE', *, *, #1761, .F. ) ;
#1222 = CARTESIAN_POINT ( 'NONE',  ( 63.71683560095966925, -27.85242341040120451, 120.2357300317191431 ) ) ;
#1223 = ADVANCED_FACE ( 'NONE', ( #1709 ), #1841, .T. ) ;
#1224 = CIRCLE ( 'NONE', #411, 0.5000000000000004441 ) ;
#1225 = CARTESIAN_POINT ( 'NONE',  ( 63.22341106672993050, -25.70324370767553646, 115.4661928758248024 ) ) ;
#1226 = CARTESIAN_POINT ( 'NONE',  ( 67.43352770316489853, -4.719587358879676842, 105.8186921273751722 ) ) ;
#1227 = CARTESIAN_POINT ( 'NONE',  ( 67.80176502142820993, -28.10404629498264129, 122.0885627719096789 ) ) ;
#1228 = EDGE_LOOP ( 'NONE', ( #221, #1585, #563, #990 ) ) ;
#1229 = ORIENTED_EDGE ( 'NONE', *, *, #612, .T. ) ;
#1230 = FACE_OUTER_BOUND ( 'NONE', #51, .T. ) ;
#1231 = AXIS2_PLACEMENT_3D ( 'NONE', #206, #1783, #1483 ) ;
#1232 = CARTESIAN_POINT ( 'NONE',  ( 63.80973406475271048, -26.66846983566441054, 125.7308855162324619 ) ) ;
#1233 = CARTESIAN_POINT ( 'NONE',  ( 67.59639061827211037, -4.359498588383240225, 89.77919969643446052 ) ) ;
#1234 = CARTESIAN_POINT ( 'NONE',  ( 67.58786069561085696, 15.10983630493808683, 8.813449250495359877 ) ) ;
#1235 = FACE_OUTER_BOUND ( 'NONE', #1803, .T. ) ;
#1236 = ORIENTED_EDGE ( 'NONE', *, *, #63, .T. ) ;
#1237 = ORIENTED_EDGE ( 'NONE', *, *, #153, .F. ) ;
#1238 = CARTESIAN_POINT ( 'NONE',  ( 63.22341106672492828, 21.98537472854688701, 3.879491612752837604 ) ) ;
#1239 = ADVANCED_FACE ( 'NONE', ( #1154 ), #1141, .T. ) ;
#1240 = CARTESIAN_POINT ( 'NONE',  ( 67.58155368588646184, 19.20208149121587127, 20.36330179405882035 ) ) ;
#1241 = EDGE_CURVE ( 'NONE', #1505, #1595, #62, .T. ) ;
#1242 = CARTESIAN_POINT ( 'NONE',  ( 63.22341106672543987, 15.50450890579618779, 4.000000000000000000 ) ) ;
#1243 = CARTESIAN_POINT ( 'NONE',  ( 63.71454511996238779, -27.61918242243945798, 124.4849415877987155 ) ) ;
#1244 = FACE_OUTER_BOUND ( 'NONE', #1443, .T. ) ;
#1245 = AXIS2_PLACEMENT_3D ( 'NONE', #1187, #148, #737 ) ;
#1246 = B_SPLINE_CURVE_WITH_KNOTS ( 'NONE', 3,
 ( #302, #1138, #1828, #992, #308, #1719 ),
 .UNSPECIFIED., .F., .F.,
 ( 4, 2, 4 ),
 ( -3.441262093628170320E-05, 0.0003439163981950062567, 0.0007222454173262942301 ),
 .UNSPECIFIED. ) ;
#1247 = VERTEX_POINT ( 'NONE', #1010 ) ;
#1248 = VECTOR ( 'NONE', #294, 1000.000000000000000 ) ;
#1249 =( LENGTH_UNIT ( ) NAMED_UNIT ( * ) SI_UNIT ( .MILLI., .METRE. ) );
#1250 = ORIENTED_EDGE ( 'NONE', *, *, #1070, .T. ) ;
#1251 = CARTESIAN_POINT ( 'NONE',  ( 63.22341106672521960, 19.95981974042329199, 21.09493560540849444 ) ) ;
#1252 = DIRECTION ( 'NONE',  ( 0.000000000000000000, 0.5875133530706545537, 0.8092144709307146355 ) ) ;
#1253 = EDGE_CURVE ( 'NONE', #1575, #470, #701, .T. ) ;
#1254 = CYLINDRICAL_SURFACE ( 'NONE', #661, 100.0000000000000000 ) ;
#1255 = DIRECTION ( 'NONE',  ( 1.000000000000000000, 1.040834085586126666E-13, -0.000000000000000000 ) ) ;
#1256 = VECTOR ( 'NONE', #178, 1000.000000000000000 ) ;
#1257 = ORIENTED_EDGE ( 'NONE', *, *, #652, .T. ) ;
#1258 = CARTESIAN_POINT ( 'NONE',  ( 63.72113537533908811, -25.70759298890409283, 115.4679442120311990 ) ) ;
#1259 = CARTESIAN_POINT ( 'NONE',  ( 64.72341106672533328, 15.50370294828162976, 1.500000000000000000 ) ) ;
#1260 = CARTESIAN_POINT ( 'NONE',  ( 63.22341106672514854, 20.00725181528590824, 17.64521227912165457 ) ) ;
#1261 = CARTESIAN_POINT ( 'NONE',  ( 63.22341106673007971, -27.10319697542321649, 125.4907373840674580 ) ) ;
#1262 = CARTESIAN_POINT ( 'NONE',  ( 66.22341106672523381, 19.00370294828156048, 1.000000000000000000 ) ) ;
#1263 = CARTESIAN_POINT ( 'NONE',  ( 67.57122165124125956, -0.02864173541237175977, 96.22319345088581599 ) ) ;
#1264 = VERTEX_POINT ( 'NONE', #434 ) ;
#1265 = CARTESIAN_POINT ( 'NONE',  ( 67.61301996844015605, 15.46963066893169625, 4.000000000000000000 ) ) ;
#1266 = CARTESIAN_POINT ( 'NONE',  ( 63.84366006532159332, -8.183966988526455211, 112.2053270448108577 ) ) ;
#1267 = LINE ( 'NONE', #1685, #319 ) ;
#1268 = DIRECTION ( 'NONE',  ( 0.000000000000000000, 0.000000000000000000, 1.000000000000000000 ) ) ;
#1269 = CARTESIAN_POINT ( 'NONE',  ( 63.72341106672948996, -22.37297892474804684, 112.6650061736085888 ) ) ;
#1270 = CARTESIAN_POINT ( 'NONE',  ( 67.95254896743387008, 20.32512156801722014, 12.58944657510050114 ) ) ;
#1271 = CARTESIAN_POINT ( 'NONE',  ( 67.92319492282442184, 19.90533917277253906, 12.48195836803366987 ) ) ;
#1272 = LINE ( 'NONE', #1405, #582 ) ;
#1273 = CIRCLE ( 'NONE', #313, 0.4999999999999995004 ) ;
#1274 = CARTESIAN_POINT ( 'NONE',  ( 63.72341106672976707, -24.80188799454835902, 125.2327399871820717 ) ) ;
#1275 = CARTESIAN_POINT ( 'NONE',  ( 63.83440443107635076, -1.838442172212921388, 102.6192971392622155 ) ) ;
#1276 = LINE ( 'NONE', #15, #556 ) ;
#1277 = CARTESIAN_POINT ( 'NONE',  ( 63.22341106673000155, -26.59214848880571225, 117.7987702135402941 ) ) ;
#1278 =( BOUNDED_SURFACE ( )  B_SPLINE_SURFACE ( 3, 2, ( 
 ( #956, #668, #384 ),
 ( #646, #85, #227 ),
 ( #789, #1096, #1371 ),
 ( #1392, #368, #1233 ),
 ( #522, #236, #1526 ),
 ( #658, #1105, #376 ) ),
 .UNSPECIFIED., .F., .F., .F. ) 
 B_SPLINE_SURFACE_WITH_KNOTS ( ( 4, 2, 4 ),
 ( 3, 3 ),
 ( 5.952202242930292542, 6.117693775054939387, 6.283185307179586232 ),
 ( 0.000000000000000000, 1.000000000000000000 ),
 .UNSPECIFIED. ) 
 GEOMETRIC_REPRESENTATION_ITEM ( )  RATIONAL_B_SPLINE_SURFACE ( (
 ( 1.000000000000000000, 0.7293882703472576168, 1.000000000000000000),
 ( 1.000000000000000000, 0.7298042585542058314, 1.000000000000000000),
 ( 1.000000000000000000, 0.7301193648621668864, 1.000000000000000000),
 ( 1.000000000000000000, 0.7305404900934897583, 1.000000000000000000),
 ( 1.000000000000000000, 0.7306465074444881136, 1.000000000000000000),
 ( 1.000000000000000000, 0.7306464256483581332, 1.000000000000000000) ) ) 
 REPRESENTATION_ITEM ( '' )  SURFACE ( )  );
#1279 = EDGE_CURVE ( 'NONE', #1512, #1581, #1038, .T. ) ;
#1280 = VERTEX_POINT ( 'NONE', #1545 ) ;
#1281 = CARTESIAN_POINT ( 'NONE',  ( 65.69753976198585121, -27.10790929327964704, 126.9122094463532306 ) ) ;
#1282 = CARTESIAN_POINT ( 'NONE',  ( 67.58199669777812346, 18.34479385399374252, 23.79636727785254635 ) ) ;
#1283 = CARTESIAN_POINT ( 'NONE',  ( 67.09771854567378568, 13.85106780212516853, 14.93644973429682210 ) ) ;
#1284 = ORIENTED_EDGE ( 'NONE', *, *, #548, .T. ) ;
#1285 = DIRECTION ( 'NONE',  ( 1.000000000000000000, 1.040834085586126666E-13, -0.000000000000000000 ) ) ;
#1286 = DIRECTION ( 'NONE',  ( -8.422580038942283622E-14, 0.8092144709307451667, -0.5875133530706126983 ) ) ;
#1287 = CARTESIAN_POINT ( 'NONE',  ( 63.84843193050237886, -16.64401165525318760, 119.9081395184263528 ) ) ;
#1288 = CARTESIAN_POINT ( 'NONE',  ( 63.22341106672543987, 17.00370294828164219, 4.000000000000000000 ) ) ;
#1289 = CARTESIAN_POINT ( 'NONE',  ( 63.82034792090053799, 2.160278031345710392, 91.89775294373761483 ) ) ;
#1290 = ORIENTED_EDGE ( 'NONE', *, *, #1827, .T. ) ;
#1291 = DIRECTION ( 'NONE',  ( 1.000000000000000000, 2.219651386635247022E-12, 0.000000000000000000 ) ) ;
#1292 = ORIENTED_EDGE ( 'NONE', *, *, #8, .F. ) ;
#1293 = CARTESIAN_POINT ( 'NONE',  ( 63.22341106672680411, -27.70721770884236079, 119.4943251605202477 ) ) ;
#1294 =( BOUNDED_CURVE ( )  B_SPLINE_CURVE ( 3, ( #321, #1444, #742, #573 ),
 .UNSPECIFIED., .F., .T. ) 
 B_SPLINE_CURVE_WITH_KNOTS ( ( 4, 4 ),
 ( 5.954176296991421147, 6.283185307179586232 ),
 .UNSPECIFIED. ) 
 CURVE ( )  GEOMETRIC_REPRESENTATION_ITEM ( )  RATIONAL_B_SPLINE_CURVE ( ( 1.000000000000000000, 0.9909997469639733048, 0.9909997469639733048, 1.000000000000000000 ) ) 
 REPRESENTATION_ITEM ( '' )  );
#1295 = CARTESIAN_POINT ( 'NONE',  ( 67.61206500162072075, 13.58619530592496893, 18.85957011693269791 ) ) ;
#1296 = VERTEX_POINT ( 'NONE', #1831 ) ;
#1297 = CARTESIAN_POINT ( 'NONE',  ( 66.62023092977500482, -16.93448289371661986, 119.2006556051222645 ) ) ;
#1298 = DIRECTION ( 'NONE',  ( 0.000000000000000000, 0.5875133530706141416, 0.8092144709307439454 ) ) ;
#1299 = CARTESIAN_POINT ( 'NONE',  ( 63.22341106670774735, -6.269964409331843846, 110.0744099674740397 ) ) ;
#1300 = FACE_OUTER_BOUND ( 'NONE', #1373, .T. ) ;
#1301 = CARTESIAN_POINT ( 'NONE',  ( 63.22341106673010103, -27.39378803811155905, 123.4196606231112270 ) ) ;
#1302 = LINE ( 'NONE', #465, #827 ) ;
#1303 = CARTESIAN_POINT ( 'NONE',  ( 63.81960942488472455, 20.49024815839651836, 17.73432206304300607 ) ) ;
#1304 = CARTESIAN_POINT ( 'NONE',  ( 63.82034792089876163, 19.11608597000572729, 23.98894732493972271 ) ) ;
#1305 = EDGE_LOOP ( 'NONE', ( #614, #117, #785, #362 ) ) ;
#1306 = CARTESIAN_POINT ( 'NONE',  ( 63.22341106673604116, -84.83455964887444622, -1.685184392885504590 ) ) ;
#1307 = CARTESIAN_POINT ( 'NONE',  ( 64.22341106672537592, 19.00370294828156048, 1.500000000000000000 ) ) ;
#1308 = AXIS2_PLACEMENT_3D ( 'NONE', #259, #940, #1818 ) ;
#1309 = CARTESIAN_POINT ( 'NONE',  ( 63.72341106672528355, 18.51911334356790562, 24.35501101140778246 ) ) ;
#1310 = CARTESIAN_POINT ( 'NONE',  ( 67.40926959267521568, -9.156638991907518843, 98.99952884204994064 ) ) ;
#1311 = VECTOR ( 'NONE', #872, 1000.000000000000000 ) ;
#1312 = CIRCLE ( 'NONE', #1631, 1.000000000000000000 ) ;
#1313 = CARTESIAN_POINT ( 'NONE',  ( 63.71683682117969028, -27.85214428005192744, 120.2339885527009073 ) ) ;
#1314 = EDGE_LOOP ( 'NONE', ( #329, #1640, #1739, #1057, #711 ) ) ;
#1315 = EDGE_CURVE ( 'NONE', #1595, #1541, #1273, .T. ) ;
#1316 = CARTESIAN_POINT ( 'NONE',  ( 64.22341106672534750, 17.00370294828163509, 1.500000000000000000 ) ) ;
#1317 = DIRECTION ( 'NONE',  ( -0.06975647374411234058, -0.9975640502598250858, 0.000000000000000000 ) ) ;
#1318 = DIRECTION ( 'NONE',  ( -1.040834085586126666E-13, 1.000000000000000000, 0.000000000000000000 ) ) ;
#1319 = CARTESIAN_POINT ( 'NONE',  ( 65.22341106672539013, 20.50370294828162088, 1.500000000000000000 ) ) ;
#1320 = ORIENTED_EDGE ( 'NONE', *, *, #724, .T. ) ;
#1321 = CARTESIAN_POINT ( 'NONE',  ( 65.23628278546875947, -24.77586100856442641, 125.3691945165522554 ) ) ;
#1322 = CARTESIAN_POINT ( 'NONE',  ( 66.80475738591788115, -23.91515437972389790, 113.7846706199623839 ) ) ;
#1323 = AXIS2_PLACEMENT_3D ( 'NONE', #1173, #1740, #1451 ) ;
#1324 = EDGE_CURVE ( 'NONE', #1813, #1522, #427, .T. ) ;
#1325 = DIRECTION ( 'NONE',  ( 0.000000000000000000, -0.8092144709307160788, 0.5875133530706527774 ) ) ;
#1326 = STYLED_ITEM ( 'NONE', ( #378 ), #1169 ) ;
#1327 = CARTESIAN_POINT ( 'NONE',  ( 63.72341106672966760, -23.85162663075593770, 113.7385476177794459 ) ) ;
#1328 = EDGE_LOOP ( 'NONE', ( #394, #1385, #857, #462 ) ) ;
#1329 = CARTESIAN_POINT ( 'NONE',  ( 67.86062422589080256, -3.700016811245104176, 103.2153702669833280 ) ) ;
#1330 = CARTESIAN_POINT ( 'NONE',  ( 63.22341106672560329, 15.37235309062197963, 4.000000000000000000 ) ) ;
#1331 = VERTEX_POINT ( 'NONE', #1580 ) ;
#1332 = CARTESIAN_POINT ( 'NONE',  ( 67.97103798798285368, 17.73756654035455327, 24.07502460435666691 ) ) ;
#1333 = ADVANCED_FACE ( 'NONE', ( #265 ), #854, .F. ) ;
#1334 = ADVANCED_BREP_SHAPE_REPRESENTATION ( 'Left_stud', ( #1169, #1536 ), #258 ) ;
#1335 = CARTESIAN_POINT ( 'NONE',  ( 63.72025112870930030, -26.30484569000342887, 116.2723736764215090 ) ) ;
#1336 = EDGE_LOOP ( 'NONE', ( #708, #1366, #66, #1787 ) ) ;
#1337 =( BOUNDED_SURFACE ( )  B_SPLINE_SURFACE ( 3, 2, ( 
 ( #905, #219, #1060 ),
 ( #78, #1355, #933 ),
 ( #926, #27, #189 ),
 ( #1785, #1496, #1078 ) ),
 .UNSPECIFIED., .F., .F., .T. ) 
 B_SPLINE_SURFACE_WITH_KNOTS ( ( 4, 4 ),
 ( 3, 3 ),
 ( 0.05028735444153822204, 0.05220020931748488302 ),
 ( 0.000000000000000000, 1.000000000000000000 ),
 .UNSPECIFIED. ) 
 GEOMETRIC_REPRESENTATION_ITEM ( )  RATIONAL_B_SPLINE_SURFACE ( (
 ( 1.000000000000000000, 0.9945814421321907961, 1.000000000000000000),
 ( 1.000000000000000000, 0.9946422298171208043, 1.000000000000000000),
 ( 1.000000000000000000, 0.9947088298386455030, 1.000000000000000000),
 ( 1.000000000000000000, 0.9947808825780611874, 1.000000000000000000) ) ) 
 REPRESENTATION_ITEM ( '' )  SURFACE ( )  );
#1338 = DIRECTION ( 'NONE',  ( -1.040834085586155570E-14, -1.000000000000000000, 0.000000000000000000 ) ) ;
#1339 = CARTESIAN_POINT ( 'NONE',  ( 67.11321174646369059, -9.221091538582291136, 108.2795309726896988 ) ) ;
#1340 = DIRECTION ( 'NONE',  ( 0.000000000000000000, 0.9702143748712819260, 0.2422479448687393233 ) ) ;
#1341 = VERTEX_POINT ( 'NONE', #1439 ) ;
#1342 = CARTESIAN_POINT ( 'NONE',  ( 63.85282735533927223, -25.25087000720917985, 125.9569756973557872 ) ) ;
#1343 = CIRCLE ( 'NONE', #1587, 0.5000000000000004441 ) ;
#1344 = CARTESIAN_POINT ( 'NONE',  ( 63.85278872600977706, -25.25614432536992737, 125.9581831902492297 ) ) ;
#1345 = ORIENTED_EDGE ( 'NONE', *, *, #523, .F. ) ;
#1346 = CARTESIAN_POINT ( 'NONE',  ( 63.84166511271130418, -6.399383656335385417, 109.8882676743749727 ) ) ;
#1347 = CARTESIAN_POINT ( 'NONE',  ( 67.41765478805703538, -9.289298565727682089, 99.29522474187466230 ) ) ;
#1348 = CARTESIAN_POINT ( 'NONE',  ( 65.22341106672523381, 19.00370294828156048, 0.000000000000000000 ) ) ;
#1349 = ORIENTED_EDGE ( 'NONE', *, *, #32, .T. ) ;
#1350 = CARTESIAN_POINT ( 'NONE',  ( 63.85132126887651793, -24.64994177271447739, 125.7197566606250945 ) ) ;
#1351 =( BOUNDED_SURFACE ( )  B_SPLINE_SURFACE ( 3, 1, ( 
 ( #1462, #1282 ),
 ( #1159, #305 ),
 ( #870, #1725 ),
 ( #1185, #1304 ) ),
 .UNSPECIFIED., .F., .F., .F. ) 
 B_SPLINE_SURFACE_WITH_KNOTS ( ( 4, 4 ),
 ( 2, 2 ),
 ( 0.000000000000000000, 1.000000000000000000 ),
 ( 0.000000000000000000, 1.000000000000000000 ),
 .UNSPECIFIED. ) 
 GEOMETRIC_REPRESENTATION_ITEM ( )  RATIONAL_B_SPLINE_SURFACE ( (
 ( 1.000000000000000000, 1.000000000000000000),
 ( 0.9999453870480735640, 0.9999453870480735640),
 ( 0.9999453870480735640, 0.9999453870480735640),
 ( 1.000000000000000000, 1.000000000000000000) ) ) 
 REPRESENTATION_ITEM ( '' )  SURFACE ( )  );
#1352 = EDGE_CURVE ( 'NONE', #1180, #860, #371, .T. ) ;
#1353 = CARTESIAN_POINT ( 'NONE',  ( 63.22341106672973865, -24.31609743890924236, 114.7390149818997713 ) ) ;
#1354 = FACE_OUTER_BOUND ( 'NONE', #1336, .T. ) ;
#1355 = CARTESIAN_POINT ( 'NONE',  ( 65.05869581361082510, 21.28833932119648864, 14.31802219464928960 ) ) ;
#1356 = B_SPLINE_CURVE_WITH_KNOTS ( 'NONE', 3,
 ( #550, #698, #278, #1303, #559, #1711 ),
 .UNSPECIFIED., .F., .F.,
 ( 4, 2, 4 ),
 ( 0.000000000000000000, 0.01037315717712726515, 0.02074631435425453030 ),
 .UNSPECIFIED. ) ;
#1357 = EDGE_CURVE ( 'NONE', #1748, #1200, #1376, .T. ) ;
#1358 = CARTESIAN_POINT ( 'NONE',  ( 65.22341106672533328, 15.50370294828162443, 1.500000000000000000 ) ) ;
#1359 = ORIENTED_EDGE ( 'NONE', *, *, #331, .T. ) ;
#1360 = CARTESIAN_POINT ( 'NONE',  ( 67.77463298987235873, -3.743502401299114268, 103.7569570673482673 ) ) ;
#1361 = VERTEX_POINT ( 'NONE', #341 ) ;
#1362 = CARTESIAN_POINT ( 'NONE',  ( 63.22341106672459432, 21.52417405238294279, 3.999999999999960920 ) ) ;
#1363 = CARTESIAN_POINT ( 'NONE',  ( 63.22341106672992339, -25.96307861053955435, 125.4825049665860490 ) ) ;
#1364 = DIRECTION ( 'NONE',  ( -0.000000000000000000, 0.5875133530706527774, 0.8092144709307160788 ) ) ;
#1365 = CARTESIAN_POINT ( 'NONE',  ( 67.41941833571947029, -9.314103389198196581, 99.35516698358377141 ) ) ;
#1366 = ORIENTED_EDGE ( 'NONE', *, *, #545, .T. ) ;
#1367 = EDGE_LOOP ( 'NONE', ( #165, #370, #1723, #481 ) ) ;
#1368 = CARTESIAN_POINT ( 'NONE',  ( 63.67208218366744887, 21.89534331461025829, 4.000000000000000000 ) ) ;
#1369 = VECTOR ( 'NONE', #719, 1000.000000000000000 ) ;
#1370 = CARTESIAN_POINT ( 'NONE',  ( 63.22341106673183475, -27.54437621612231979, 124.8019861696877228 ) ) ;
#1371 = CARTESIAN_POINT ( 'NONE',  ( 67.53412060998134336, -6.581257085590704214, 94.88859682898488757 ) ) ;
#1372 = CARTESIAN_POINT ( 'NONE',  ( 64.97151869578451056, 1.984673191838753459, 91.66933546578046332 ) ) ;
#1373 = EDGE_LOOP ( 'NONE', ( #1040, #558, #551, #207 ) ) ;
#1374 = EDGE_LOOP ( 'NONE', ( #1456, #72, #1292, #429 ) ) ;
#1375 = CARTESIAN_POINT ( 'NONE',  ( 63.22341106682062417, 21.87198064133989917, 7.347045351883517483 ) ) ;
#1376 = B_SPLINE_CURVE_WITH_KNOTS ( 'NONE', 3,
 ( #1177, #352, #1772, #1779 ),
 .UNSPECIFIED., .F., .F.,
 ( 4, 4 ),
 ( 0.000000000000000000, 0.008510266733206029582 ),
 .UNSPECIFIED. ) ;
#1377 = TOROIDAL_SURFACE ( 'NONE', #1231, 100.5000000000000000, 0.5000000000000000000 ) ;
#1378 = EDGE_CURVE ( 'NONE', #1115, #184, #360, .T. ) ;
#1379 = CARTESIAN_POINT ( 'NONE',  ( 67.56498834594593461, 19.93012294327675349, 16.47110548985682854 ) ) ;
#1380 = CARTESIAN_POINT ( 'NONE',  ( 63.22341106672718780, 0.06770887341338731324, 97.24732756387977872 ) ) ;
#1381 = CARTESIAN_POINT ( 'NONE',  ( 71.52433371149146524, -17.77592376189048196, 117.9453673648438610 ) ) ;
#1382 = DIRECTION ( 'NONE',  ( 1.582759344749026400E-18, -0.2422479448687352988, 0.9702143748712829252 ) ) ;
#1383 = ORIENTED_EDGE ( 'NONE', *, *, #746, .T. ) ;
#1384 = DIRECTION ( 'NONE',  ( 1.000000000000000000, 0.000000000000000000, 0.000000000000000000 ) ) ;
#1385 = ORIENTED_EDGE ( 'NONE', *, *, #964, .T. ) ;
#1386 = EDGE_CURVE ( 'NONE', #440, #184, #1048, .T. ) ;
#1387 = DIRECTION ( 'NONE',  ( 1.000000000000000000, -1.387778780781444413E-14, 0.000000000000000000 ) ) ;
#1388 = PRODUCT ( 'Left_stud', 'Left_stud', '', ( #241 ) ) ;
#1389 = EDGE_CURVE ( 'NONE', #1601, #689, #610, .T. ) ;
#1390 = CARTESIAN_POINT ( 'NONE',  ( 67.57786231861364001, 21.09836266233994095, 3.948699948380691715 ) ) ;
#1391 = ADVANCED_FACE ( 'NONE', ( #454 ), #1337, .T. ) ;
#1392 = CARTESIAN_POINT ( 'NONE',  ( 67.09753736313628281, -4.796187054940634908, 89.61330812914319210 ) ) ;
#1393 = AXIS2_PLACEMENT_3D ( 'NONE', #16, #547, #832 ) ;
#1394 = CARTESIAN_POINT ( 'NONE',  ( 67.60347160519172860, 15.33308271281801005, 6.409964881110921553 ) ) ;
#1395 = CARTESIAN_POINT ( 'NONE',  ( 67.97103798798285368, -3.635267606571928489, 109.6742272408290404 ) ) ;
#1396 = ORIENTED_EDGE ( 'NONE', *, *, #1030, .F. ) ;
#1397 = AXIS2_PLACEMENT_3D ( 'NONE', #124, #515, #690 ) ;
#1398 = DIRECTION ( 'NONE',  ( -1.000000000000000000, 1.040834085586155570E-14, 0.000000000000000000 ) ) ;
#1399 =( BOUNDED_SURFACE ( )  B_SPLINE_SURFACE ( 3, 2, ( 
 ( #1005, #1457, #716 ),
 ( #1034, #885, #11 ),
 ( #1424, #1576, #1149 ),
 ( #1162, #1730, #135 ),
 ( #861, #173, #702 ),
 ( #1226, #639, #1474 ) ),
 .UNSPECIFIED., .F., .F., .F. ) 
 B_SPLINE_SURFACE_WITH_KNOTS ( ( 4, 2, 4 ),
 ( 3, 3 ),
 ( 0.000000000000000000, 0.007922502243712301745, 0.01584500448742460349 ),
 ( 0.000000000000000000, 1.000000000000000000 ),
 .UNSPECIFIED. ) 
 GEOMETRIC_REPRESENTATION_ITEM ( )  RATIONAL_B_SPLINE_SURFACE ( (
 ( 1.000000000000000000, 0.7593037813539939007, 1.000000000000000000),
 ( 1.000000000000000000, 0.7622335348592000903, 1.000000000000000000),
 ( 1.000000000000000000, 0.7648206333221736486, 1.000000000000000000),
 ( 1.000000000000000000, 0.7694754004392552194, 1.000000000000000000),
 ( 1.000000000000000000, 0.7715425301878092723, 1.000000000000000000),
 ( 1.000000000000000000, 0.7734034342863197464, 1.000000000000000000) ) ) 
 REPRESENTATION_ITEM ( '' )  SURFACE ( )  );
#1400 = CARTESIAN_POINT ( 'NONE',  ( 67.95154642351572249, 20.34126969429027199, 12.46109743306735673 ) ) ;
#1401 = CARTESIAN_POINT ( 'NONE',  ( 63.22341106673002997, -27.10339458662707202, 119.1492170929839460 ) ) ;
#1402 = CARTESIAN_POINT ( 'NONE',  ( 63.22341106672916311, -26.72012855524198471, 125.8200692928111124 ) ) ;
#1403 = EDGE_CURVE ( 'NONE', #592, #373, #1645, .T. ) ;
#1404 = CARTESIAN_POINT ( 'NONE',  ( 69.07956150665751238, -3.013232044578724622, 108.1998156338230075 ) ) ;
#1405 = CARTESIAN_POINT ( 'NONE',  ( 63.22341106672721622, 6.580508124527281553E-12, 1.000000000000000000 ) ) ;
#1406 = CIRCLE ( 'NONE', #983, 1.000000000000000888 ) ;
#1407 = ORIENTED_EDGE ( 'NONE', *, *, #331, .F. ) ;
#1408 = CARTESIAN_POINT ( 'NONE',  ( 63.22341106672543987, 0.000000000000000000, 4.000000000000000000 ) ) ;
#1409 = DIRECTION ( 'NONE',  ( 1.000000000000000000, -1.040834085586083310E-14, 0.000000000000000000 ) ) ;
#1410 = DIRECTION ( 'NONE',  ( -1.000000000000000000, -1.040834085586126666E-13, 0.000000000000000000 ) ) ;
#1411 = DIRECTION ( 'NONE',  ( -1.040834085586155570E-14, -1.000000000000000000, 0.000000000000000000 ) ) ;
#1412 = CARTESIAN_POINT ( 'NONE',  ( 67.69491684280897914, 21.07096615898919367, 4.000000000000000000 ) ) ;
#1413 = CARTESIAN_POINT ( 'NONE',  ( 63.22341106672966760, -23.55786995422067065, 114.1431548532448090 ) ) ;
#1414 = B_SPLINE_CURVE_WITH_KNOTS ( 'NONE', 3,
 ( #1784, #631, #1210, #767, #1495, #45, #200, #606, #1089, #1653, #217, #615, #894, #1076, #1201, #932 ),
 .UNSPECIFIED., .F., .F.,
 ( 4, 2, 2, 2, 2, 2, 2, 4 ),
 ( 0.000000000000000000, 0.0007321059306811583721, 0.001098158896021765151, 0.001464211861362372039, 0.001830264826702978709, 0.002196317792043585380, 0.002562370757384192267, 0.002928423722724799155 ),
 .UNSPECIFIED. ) ;
#1415 = CARTESIAN_POINT ( 'NONE',  ( 65.22341106672523381, 19.00370294828156048, 1.000000000000000000 ) ) ;
#1416 = EDGE_CURVE ( 'NONE', #123, #1601, #215, .T. ) ;
#1417 = CARTESIAN_POINT ( 'NONE',  ( 63.22341106672720201, 0.06770887346426801567, 97.24732756391574640 ) ) ;
#1418 = CARTESIAN_POINT ( 'NONE',  ( 67.99062700682917182, -13.42827467174887524, 115.9242388829849375 ) ) ;
#1419 = DIRECTION ( 'NONE',  ( -1.040834085586084257E-13, 1.000000000000000000, -1.865261417544061828E-14 ) ) ;
#1420 = CARTESIAN_POINT ( 'NONE',  ( 63.72341106672966760, -23.55786995422061736, 114.1431548532448090 ) ) ;
#1421 = CARTESIAN_POINT ( 'NONE',  ( 63.84843193050230070, -16.64401165525265469, 119.9081395184259975 ) ) ;
#1422 = ORIENTED_EDGE ( 'NONE', *, *, #603, .T. ) ;
#1423 = ORIENTED_EDGE ( 'NONE', *, *, #1665, .F. ) ;
#1424 = CARTESIAN_POINT ( 'NONE',  ( 67.57600475677982388, 0.03395335359024451855, 96.25510204302831596 ) ) ;
#1425 = CARTESIAN_POINT ( 'NONE',  ( 67.58043912833967681, -22.37297892474804684, 112.6650061736085888 ) ) ;
#1426 = CARTESIAN_POINT ( 'NONE',  ( 63.22341106671743205, -1.082775611473768995, 101.3992187892743004 ) ) ;
#1427 = CARTESIAN_POINT ( 'NONE',  ( 65.22341106672539013, 20.50370294828162088, 1.500000000000000000 ) ) ;
#1428 = DIRECTION ( 'NONE',  ( -1.040834085586155570E-14, -1.000000000000000000, 0.000000000000000000 ) ) ;
#1429 = ORIENTED_EDGE ( 'NONE', *, *, #1650, .T. ) ;
#1430 = CARTESIAN_POINT ( 'NONE',  ( 64.81871993754802475, -27.74065406308455195, 124.1292969743913233 ) ) ;
#1431 = VERTEX_POINT ( 'NONE', #115 ) ;
#1432 = CARTESIAN_POINT ( 'NONE',  ( 67.97103798798285368, 17.73756654035455327, 24.07502460435666691 ) ) ;
#1433 = FACE_OUTER_BOUND ( 'NONE', #364, .T. ) ;
#1434 = EDGE_LOOP ( 'NONE', ( #794, #1345, #380, #1109 ) ) ;
#1435 = CYLINDRICAL_SURFACE ( 'NONE', #1323, 0.5000000000000004441 ) ;
#1436 = CARTESIAN_POINT ( 'NONE',  ( 63.72341106672979549, -24.80188799454835546, 125.2327399871820717 ) ) ;
#1437 = CARTESIAN_POINT ( 'NONE',  ( 63.22341106672810440, -8.553534974310224470, 111.8894654238623900 ) ) ;
#1438 = CARTESIAN_POINT ( 'NONE',  ( 67.11321174646369059, -3.237927834716554543, 84.31667987050954594 ) ) ;
#1439 = CARTESIAN_POINT ( 'NONE',  ( 67.61206500161281951, -2.785656775960121401, 84.42960515521467357 ) ) ;
#1440 = ORIENTED_EDGE ( 'NONE', *, *, #1684, .T. ) ;
#1441 = CARTESIAN_POINT ( 'NONE',  ( 67.92326398456226855, 19.90634172162000581, 12.48214520888211254 ) ) ;
#1442 = ORIENTED_EDGE ( 'NONE', *, *, #282, .F. ) ;
#1443 = EDGE_LOOP ( 'NONE', ( #518, #1025, #402, #1648 ) ) ;
#1444 = CARTESIAN_POINT ( 'NONE',  ( 67.55025304743298875, -6.346880285299699054, 94.93149298189132423 ) ) ;
#1445 = PLANE ( 'NONE',  #910 ) ;
#1446 = CARTESIAN_POINT ( 'NONE',  ( 63.72341106672813282, -9.221091538582287583, 108.2795309726896846 ) ) ;
#1447 = CARTESIAN_POINT ( 'NONE',  ( 67.66141658132073644, -27.39835298456769763, 118.2390371262635256 ) ) ;
#1448 = ADVANCED_FACE ( 'NONE', ( #976 ), #524, .F. ) ;
#1449 = CARTESIAN_POINT ( 'NONE',  ( 63.71633013260055378, -27.94483454725601135, 120.9861256663074442 ) ) ;
#1450 = ORIENTED_EDGE ( 'NONE', *, *, #526, .T. ) ;
#1451 = DIRECTION ( 'NONE',  ( 1.000000000000000000, -1.387778780781444413E-14, 0.000000000000000000 ) ) ;
#1452 = EDGE_CURVE ( 'NONE', #1013, #1522, #270, .T. ) ;
#1453 = CARTESIAN_POINT ( 'NONE',  ( 67.61301996844015605, 15.46963066893169625, 4.000000000000000000 ) ) ;
#1454 = DIRECTION ( 'NONE',  ( -1.040834085586084257E-13, 1.000000000000000000, 5.273559366969493567E-15 ) ) ;
#1455 = CARTESIAN_POINT ( 'NONE',  ( 63.22341106673007260, -27.46395368156818861, 121.2703866322213457 ) ) ;
#1456 = ORIENTED_EDGE ( 'NONE', *, *, #657, .T. ) ;
#1457 = CARTESIAN_POINT ( 'NONE',  ( 68.00004304564330937, 1.450161140238130919, 91.07167396322628861 ) ) ;
#1458 = CARTESIAN_POINT ( 'NONE',  ( 67.84550949750736493, -27.93423326733796230, 123.7279065660261779 ) ) ;
#1459 = CIRCLE ( 'NONE', #1702, 0.5000000000000004441 ) ;
#1460 = CARTESIAN_POINT ( 'NONE',  ( 67.53240349991722269, 20.42418011643556852, 12.54627273969792256 ) ) ;
#1461 = CARTESIAN_POINT ( 'NONE',  ( 67.53240349991722269, 20.42418011643556852, 12.54627273969792256 ) ) ;
#1462 = CARTESIAN_POINT ( 'NONE',  ( 67.58199669777812346, 1.287857836177047632, 92.11019559417815117 ) ) ;
#1463 = ORIENTED_EDGE ( 'NONE', *, *, #781, .T. ) ;
#1464 =( BOUNDED_SURFACE ( )  B_SPLINE_SURFACE ( 3, 2, ( 
 ( #847, #146, #714 ),
 ( #133, #1727, #1295 ),
 ( #1283, #571, #1136 ),
 ( #439, #1017, #1584 ) ),
 .UNSPECIFIED., .F., .F., .F. ) 
 B_SPLINE_SURFACE_WITH_KNOTS ( ( 4, 4 ),
 ( 3, 3 ),
 ( -7.926104217403917573E-12, 0.1166981363924116943 ),
 ( 0.000000000000000000, 1.000000000000000000 ),
 .UNSPECIFIED. ) 
 GEOMETRIC_REPRESENTATION_ITEM ( )  RATIONAL_B_SPLINE_SURFACE ( (
 ( 1.000000000000000000, 0.7306464256490992071, 1.000000000000000000),
 ( 1.000000000000000000, 0.7306464256490992071, 1.000000000000000000),
 ( 1.000000000000000000, 0.7304888827874808088, 1.000000000000000000),
 ( 1.000000000000000000, 0.7304888827874808088, 1.000000000000000000) ) ) 
 REPRESENTATION_ITEM ( '' )  SURFACE ( )  );
#1465 = CARTESIAN_POINT ( 'NONE',  ( 63.22341106672489985, 22.21642433072642575, 9.547107191812797211 ) ) ;
#1466 = B_SPLINE_CURVE_WITH_KNOTS ( 'NONE', 3,
 ( #843, #141, #1534, #254 ),
 .UNSPECIFIED., .F., .F.,
 ( 4, 4 ),
 ( 0.0006466764692805648199, 0.004972748515657904322 ),
 .UNSPECIFIED. ) ;
#1467 = DIRECTION ( 'NONE',  ( -0.9975640502598251969, 0.06975647374411235446, 0.000000000000000000 ) ) ;
#1468 = EDGE_LOOP ( 'NONE', ( #527, #1848, #1290, #1758 ) ) ;
#1469 = DIRECTION ( 'NONE',  ( 8.422580038942331585E-14, -0.8092144709307160788, 0.5875133530706527774 ) ) ;
#1470 = CARTESIAN_POINT ( 'NONE',  ( 67.80647690907066760, -4.989288161749742656, 105.4186110375878798 ) ) ;
#1471 = EDGE_CURVE ( 'NONE', #1180, #240, #252, .T. ) ;
#1472 = FACE_OUTER_BOUND ( 'NONE', #1314, .T. ) ;
#1473 = VERTEX_POINT ( 'NONE', #1663 ) ;
#1474 = CARTESIAN_POINT ( 'NONE',  ( 67.80291590755064135, -5.160015591021594794, 105.5514423291953534 ) ) ;
#1475 = CARTESIAN_POINT ( 'NONE',  ( 67.16418530075239346, -5.049444647717838741, 90.19002998239244562 ) ) ;
#1476 = EDGE_CURVE ( 'NONE', #373, #440, #1845, .T. ) ;
#1477 = CARTESIAN_POINT ( 'NONE',  ( 67.96150519865494743, -26.56773447239829622, 124.7714192668861273 ) ) ;
#1478 = ORIENTED_EDGE ( 'NONE', *, *, #311, .F. ) ;
#1479 = AXIS2_PLACEMENT_3D ( 'NONE', #284, #1128, #1553 ) ;
#1480 = CARTESIAN_POINT ( 'NONE',  ( 63.85371480848062475, -25.09161795538149420, 125.9157990577517694 ) ) ;
#1481 = AXIS2_PLACEMENT_3D ( 'NONE', #338, #1771, #1058 ) ;
#1482 = VECTOR ( 'NONE', #1107, 1000.000000000000000 ) ;
#1483 = DIRECTION ( 'NONE',  ( -1.040834085586126666E-13, 1.000000000000000000, 0.000000000000000000 ) ) ;
#1484 = ORIENTED_EDGE ( 'NONE', *, *, #32, .F. ) ;
#1485 = CARTESIAN_POINT ( 'NONE',  ( 63.84062306654592334, -5.544853991455876319, 108.7234497556643191 ) ) ;
#1486 = CARTESIAN_POINT ( 'NONE',  ( 67.63882391029120811, -27.04297052260991308, 117.4438159393106105 ) ) ;
#1487 = CARTESIAN_POINT ( 'NONE',  ( 67.90208251251237925, -27.58445337239746564, 124.0966484639576066 ) ) ;
#1488 = ORIENTED_EDGE ( 'NONE', *, *, #1183, .T. ) ;
#1489 = CARTESIAN_POINT ( 'NONE',  ( 63.73538771949902326, -27.51565853341661594, 124.7914003165320906 ) ) ;
#1490 = ADVANCED_FACE ( 'NONE', ( #837 ), #1254, .F. ) ;
#1491 = CIRCLE ( 'NONE', #1792, 0.5000000000000003331 ) ;
#1492 = CARTESIAN_POINT ( 'NONE',  ( 63.22341106672992339, -26.30211149125887005, 116.2739589554056892 ) ) ;
#1493 = EDGE_CURVE ( 'NONE', #470, #892, #736, .T. ) ;
#1494 = ORIENTED_EDGE ( 'NONE', *, *, #1324, .F. ) ;
#1495 = CARTESIAN_POINT ( 'NONE',  ( 63.22341106672997313, -26.61744215816209902, 125.1653026944142795 ) ) ;
#1496 = CARTESIAN_POINT ( 'NONE',  ( 68.85445975840912070, 20.45142872211641816, 14.16120944823171790 ) ) ;
#1497 = CARTESIAN_POINT ( 'NONE',  ( 67.91116090435227193, -27.46818192134747960, 124.2280958251464824 ) ) ;
#1498 = ORIENTED_EDGE ( 'NONE', *, *, #1352, .T. ) ;
#1499 = DIRECTION ( 'NONE',  ( 1.000000000000000000, 0.000000000000000000, 0.000000000000000000 ) ) ;
#1500 = EDGE_LOOP ( 'NONE', ( #806, #942, #501, #877, #1156, #214, #1478, #1423, #179, #1674, #1442, #80 ) ) ;
#1501 = CARTESIAN_POINT ( 'NONE',  ( 0.000000000000000000, 0.000000000000000000, 4.000000000000000000 ) ) ;
#1502 = CARTESIAN_POINT ( 'NONE',  ( 63.82818262386005870, 0.5320226342564100541, 97.40234356976895924 ) ) ;
#1503 = DIRECTION ( 'NONE',  ( 7.975432427195044515E-21, -0.2422479448687352710, 0.9702143748712829252 ) ) ;
#1504 = CARTESIAN_POINT ( 'NONE',  ( 67.84051646603121810, -28.04344889568572441, 122.9659898814389294 ) ) ;
#1505 = VERTEX_POINT ( 'NONE', #1413 ) ;
#1506 =( NAMED_UNIT ( * ) PLANE_ANGLE_UNIT ( ) SI_UNIT ( $, .RADIAN. ) );
#1507 = ORIENTED_EDGE ( 'NONE', *, *, #1741, .T. ) ;
#1508 = CARTESIAN_POINT ( 'NONE',  ( 63.51708588296416025, 21.85466948477937521, 4.000000000000000000 ) ) ;
#1509 = CARTESIAN_POINT ( 'NONE',  ( 63.22341106672990918, -25.88847178414065198, 116.5503213533914106 ) ) ;
#1510 = CARTESIAN_POINT ( 'NONE',  ( 67.56620749119851155, 14.80018105524874805, 11.20733514979100320 ) ) ;
#1511 = EDGE_CURVE ( 'NONE', #158, #1213, #1518, .T. ) ;
#1512 = VERTEX_POINT ( 'NONE', #532 ) ;
#1513 = ORIENTED_EDGE ( 'NONE', *, *, #1761, .T. ) ;
#1514 = CARTESIAN_POINT ( 'NONE',  ( 63.81865022635591345, 21.46195163663031735, 10.78363431587976784 ) ) ;
#1515 = VECTOR ( 'NONE', #392, 1000.000000000000000 ) ;
#1516 = FACE_OUTER_BOUND ( 'NONE', #1374, .T. ) ;
#1517 = CARTESIAN_POINT ( 'NONE',  ( 63.22341106672745070, -2.272565805342049217, 102.3969949367613737 ) ) ;
#1518 = LINE ( 'NONE', #1262, #168 ) ;
#1519 = FACE_OUTER_BOUND ( 'NONE', #1755, .T. ) ;
#1520 = ORIENTED_EDGE ( 'NONE', *, *, #218, .F. ) ;
#1521 = EDGE_CURVE ( 'NONE', #1763, #1655, #949, .T. ) ;
#1522 = VERTEX_POINT ( 'NONE', #1116 ) ;
#1523 = DIRECTION ( 'NONE',  ( -1.040834085586155570E-14, -1.000000000000000000, 0.000000000000000000 ) ) ;
#1524 = ADVANCED_FACE ( 'NONE', ( #948 ), #505, .T. ) ;
#1525 = CARTESIAN_POINT ( 'NONE',  ( 65.22341106672539013, 20.50370294828162088, 1.500000000000000000 ) ) ;
#1526 = CARTESIAN_POINT ( 'NONE',  ( 67.61206500161513588, -3.460508698013512685, 87.13241873769818824 ) ) ;
#1527 = PRODUCT_DEFINITION_CONTEXT ( 'detailed design', #915, 'design' ) ;
#1528 = DIRECTION ( 'NONE',  ( -2.521399181825349804E-14, 0.2422479448687131220, -0.9702143748712883653 ) ) ;
#1529 = FILL_AREA_STYLE_COLOUR ( '', #363 ) ;
#1530 = ORIENTED_EDGE ( 'NONE', *, *, #682, .F. ) ;
#1531 = EDGE_LOOP ( 'NONE', ( #634, #560, #1148, #1530, #786 ) ) ;
#1532 = CARTESIAN_POINT ( 'NONE',  ( 63.71981280311916862, -26.57467527646314309, 116.6994801344867483 ) ) ;
#1533 = DIRECTION ( 'NONE',  ( -0.000000000000000000, 0.8092144709307159678, -0.5875133530706526663 ) ) ;
#1534 = CARTESIAN_POINT ( 'NONE',  ( 66.62557866653260419, -24.77099036099021134, 124.8882203502845982 ) ) ;
#1535 = CARTESIAN_POINT ( 'NONE',  ( 63.22341106673004418, -27.13717317094988246, 124.3523200342475832 ) ) ;
#1536 = AXIS2_PLACEMENT_3D ( 'NONE', #1656, #372, #1384 ) ;
#1537 = ORIENTED_EDGE ( 'NONE', *, *, #5, .F. ) ;
#1538 =( BOUNDED_SURFACE ( )  B_SPLINE_SURFACE ( 3, 2, ( 
 ( #1797, #511, #1094 ),
 ( #1658, #1251, #961 ),
 ( #374, #1683, #243 ),
 ( #1514, #233, #797 ),
 ( #101, #1375, #92 ),
 ( #653, #1238, #1668 ) ),
 .UNSPECIFIED., .F., .F., .F. ) 
 B_SPLINE_SURFACE_WITH_KNOTS ( ( 4, 2, 4 ),
 ( 3, 3 ),
 ( -4.163336342344337027E-17, 0.01032684667340579010, 0.02065369334681162183 ),
 ( 0.000000000000000000, 1.000000000000000000 ),
 .UNSPECIFIED. ) 
 GEOMETRIC_REPRESENTATION_ITEM ( )  RATIONAL_B_SPLINE_SURFACE ( (
 ( 1.000000000000000000, 0.6348725429772987816, 1.000000000000000000),
 ( 1.000000000000000000, 0.6351433468750524725, 1.000000000000000000),
 ( 1.000000000000000000, 0.6354620997380004965, 1.000000000000000000),
 ( 1.000000000000000000, 0.6362082831686957096, 1.000000000000000000),
 ( 1.000000000000000000, 0.6366356664429827505, 1.000000000000000000),
 ( 1.000000000000000000, 0.6371275929973009289, 1.000000000000000000) ) ) 
 REPRESENTATION_ITEM ( '' )  SURFACE ( )  );
#1539 = CARTESIAN_POINT ( 'NONE',  ( 66.06525370843607448, -2.505031365146605182, 108.9244562132558940 ) ) ;
#1540 = VECTOR ( 'NONE', #330, 1000.000000000000114 ) ;
#1541 = VERTEX_POINT ( 'NONE', #1243 ) ;
#1542 = VECTOR ( 'NONE', #677, 999.9999999999998863 ) ;
#1543 = CARTESIAN_POINT ( 'NONE',  ( 63.71736906861009686, -27.71352988215735635, 119.4950965253319595 ) ) ;
#1544 = CARTESIAN_POINT ( 'NONE',  ( 67.97103798798285368, 17.73756654035452485, 24.07502460435665981 ) ) ;
#1545 = CARTESIAN_POINT ( 'NONE',  ( 63.22341106672979549, -24.80188799454840876, 125.2327399871820717 ) ) ;
#1546 = ORIENTED_EDGE ( 'NONE', *, *, #1592, .T. ) ;
#1547 = DIRECTION ( 'NONE',  ( 0.000000000000000000, 1.000000000000000000, 0.000000000000000000 ) ) ;
#1548 = AXIS2_PLACEMENT_3D ( 'NONE', #1071, #353, #1061 ) ;
#1549 = EDGE_CURVE ( 'NONE', #531, #1296, #405, .T. ) ;
#1550 = CARTESIAN_POINT ( 'NONE',  ( 67.56627446707459228, 14.80113885489982373, 11.20751627644225934 ) ) ;
#1551 = CIRCLE ( 'NONE', #1077, 50.00000000000000000 ) ;
#1552 = ORIENTED_EDGE ( 'NONE', *, *, #964, .F. ) ;
#1553 = DIRECTION ( 'NONE',  ( 0.04201896087144385561, 0.000000000000000000, 0.9991168134544049506 ) ) ;
#1554 = DIRECTION ( 'NONE',  ( -0.000000000000000000, 0.8092144709307160788, -0.5875133530706527774 ) ) ;
#1555 = LINE ( 'NONE', #1288, #1369 ) ;
#1556 = CARTESIAN_POINT ( 'NONE',  ( 64.72341106672537592, 19.00370294828156048, 1.500000000000000000 ) ) ;
#1557 = CARTESIAN_POINT ( 'NONE',  ( 67.58043912833967681, -13.92181466544641388, 106.5292139581993922 ) ) ;
#1558 = DIRECTION ( 'NONE',  ( -8.422580038942108179E-14, 0.8092144709307284023, -0.5875133530706356799 ) ) ;
#1559 = AXIS2_PLACEMENT_3D ( 'NONE', #1095, #1547, #676 ) ;
#1560 = ORIENTED_EDGE ( 'NONE', *, *, #57, .F. ) ;
#1561 = ADVANCED_FACE ( 'NONE', ( #385 ), #1680, .F. ) ;
#1562 = LINE ( 'NONE', #9, #816 ) ;
#1563 = VERTEX_POINT ( 'NONE', #1020 ) ;
#1564 = CARTESIAN_POINT ( 'NONE',  ( 67.08897535368794252, 14.64583506922847356, 8.773361112728903066 ) ) ;
#1565 = VECTOR ( 'NONE', #1382, 1000.000000000000000 ) ;
#1566 = FACE_OUTER_BOUND ( 'NONE', #568, .T. ) ;
#1567 = CARTESIAN_POINT ( 'NONE',  ( 63.22341106672543987, 0.000000000000000000, 4.000000000000000000 ) ) ;
#1568 = CARTESIAN_POINT ( 'NONE',  ( 67.64086085517442370, -0.8779350014629926369, 98.49566953509338418 ) ) ;
#1569 = CARTESIAN_POINT ( 'NONE',  ( 63.22341106672998734, -26.78716882666758536, 118.2446394078946525 ) ) ;
#1570 = CARTESIAN_POINT ( 'NONE',  ( 67.99385461255664609, -25.51823067803270106, 124.7786454787961787 ) ) ;
#1571 = CARTESIAN_POINT ( 'NONE',  ( 67.58199669777812346, 1.541468725361540670, 91.09447209467016648 ) ) ;
#1572 = ORIENTED_EDGE ( 'NONE', *, *, #430, .F. ) ;
#1573 = CARTESIAN_POINT ( 'NONE',  ( 63.71774759966801582, -27.58367458448256571, 119.0080263840991535 ) ) ;
#1574 = DIRECTION ( 'NONE',  ( -1.040834085586155570E-14, -1.000000000000000000, 0.000000000000000000 ) ) ;
#1575 = VERTEX_POINT ( 'NONE', #703 ) ;
#1576 = CARTESIAN_POINT ( 'NONE',  ( 67.98536775419788114, -0.05736779344779185941, 96.21647256333018561 ) ) ;
#1577 = FACE_OUTER_BOUND ( 'NONE', #1842, .T. ) ;
#1578 = CARTESIAN_POINT ( 'NONE',  ( 63.22341106672767097, -4.379623856510264979, 106.1057406499205058 ) ) ;
#1579 = FACE_OUTER_BOUND ( 'NONE', #389, .T. ) ;
#1580 = CARTESIAN_POINT ( 'NONE',  ( 67.11412503636711335, 15.00370294829020423, 4.000000000000000000 ) ) ;
#1581 = VERTEX_POINT ( 'NONE', #1307 ) ;
#1582 = DIRECTION ( 'NONE',  ( -9.374924079041734864E-17, 0.2422479448687376025, -0.9702143748712824811 ) ) ;
#1583 = CARTESIAN_POINT ( 'NONE',  ( 63.22341106673005839, -27.24628695128798128, 118.0574999780789796 ) ) ;
#1584 = CARTESIAN_POINT ( 'NONE',  ( 67.56569016242544023, 14.81063688334324802, 11.13392391869996700 ) ) ;
#1585 = ORIENTED_EDGE ( 'NONE', *, *, #1633, .F. ) ;
#1586 = FACE_OUTER_BOUND ( 'NONE', #1328, .T. ) ;
#1587 = AXIS2_PLACEMENT_3D ( 'NONE', #1832, #1411, #985 ) ;
#1588 = ADVANCED_FACE ( 'NONE', ( #862, #1566 ), #1445, .T. ) ;
#1589 = CARTESIAN_POINT ( 'NONE',  ( 67.54676155263869930, 15.22390438596903195, 4.000000000000000000 ) ) ;
#1590 = CARTESIAN_POINT ( 'NONE',  ( 63.72341106673050604, -31.92291402485695428, 119.5985381281458757 ) ) ;
#1591 = CARTESIAN_POINT ( 'NONE',  ( 67.67397545780005430, -27.55022413878354470, 118.6479219869263346 ) ) ;
#1592 = EDGE_CURVE ( 'NONE', #1213, #88, #1312, .T. ) ;
#1593 =( BOUNDED_CURVE ( )  B_SPLINE_CURVE ( 3, ( #271, #1108, #125, #1550 ),
 .UNSPECIFIED., .F., .T. ) 
 B_SPLINE_CURVE_WITH_KNOTS ( ( 4, 4 ),
 ( -7.925216038984217448E-12, 0.1159598005845938334 ),
 .UNSPECIFIED. ) 
 CURVE ( )  GEOMETRIC_REPRESENTATION_ITEM ( )  RATIONAL_B_SPLINE_CURVE ( ( 1.000000000000000000, 0.9988797575969656783, 0.9988797575969656783, 1.000000000000000000 ) ) 
 REPRESENTATION_ITEM ( '' )  );
#1594 = CARTESIAN_POINT ( 'NONE',  ( 63.22341106672993760, -26.14322192937348888, 116.9533897392250452 ) ) ;
#1595 = VERTEX_POINT ( 'NONE', #1597 ) ;
#1596 = CARTESIAN_POINT ( 'NONE',  ( 67.06738781801999494, 14.33865482754481491, 11.14733408228643619 ) ) ;
#1597 = CARTESIAN_POINT ( 'NONE',  ( 63.22341106673004418, -27.13717317094987180, 124.3523200342475974 ) ) ;
#1598 = CARTESIAN_POINT ( 'NONE',  ( 66.22341106672523381, 19.00370294828156048, 4.000000000000000000 ) ) ;
#1599 = CARTESIAN_POINT ( 'NONE',  ( 67.37528349703401886, -8.515318793406120079, 97.72579837400779468 ) ) ;
#1600 = FACE_OUTER_BOUND ( 'NONE', #157, .T. ) ;
#1601 = VERTEX_POINT ( 'NONE', #840 ) ;
#1602 = CARTESIAN_POINT ( 'NONE',  ( 68.35315233425797032, -23.98577518270180065, 113.8359433866324508 ) ) ;
#1603 = CARTESIAN_POINT ( 'NONE',  ( 63.72341106672703148, 1.684375027230097910, 91.77892711751837851 ) ) ;
#1604 = CARTESIAN_POINT ( 'NONE',  ( 67.80570086518034145, -5.100002826325737537, 105.4805405331848931 ) ) ;
#1605 = FACE_OUTER_BOUND ( 'NONE', #1682, .T. ) ;
#1606 = EDGE_CURVE ( 'NONE', #855, #519, #1163, .T. ) ;
#1607 = ORIENTED_EDGE ( 'NONE', *, *, #197, .T. ) ;
#1608 = CARTESIAN_POINT ( 'NONE',  ( 66.62023092977500482, -25.00191065032062099, 125.0578439058780447 ) ) ;
#1609 = ADVANCED_FACE ( 'NONE', ( #126 ), #1027, .T. ) ;
#1610 = CARTESIAN_POINT ( 'NONE',  ( 65.24966024813078036, -23.87337876624270550, 113.7543403037920768 ) ) ;
#1611 = VECTOR ( 'NONE', #1398, 1000.000000000000000 ) ;
#1612 = CARTESIAN_POINT ( 'NONE',  ( 67.99876517035819745, -25.18738450624899983, 124.6552035602623221 ) ) ;
#1613 = CARTESIAN_POINT ( 'NONE',  ( 63.22341106672543987, 19.00370294828156048, 4.000000000000000000 ) ) ;
#1614 = B_SPLINE_CURVE_WITH_KNOTS ( 'NONE', 3,
 ( #159, #442, #21, #599 ),
 .UNSPECIFIED., .F., .F.,
 ( 4, 4 ),
 ( 0.000000000000000000, 0.005368546994146841320 ),
 .UNSPECIFIED. ) ;
#1615 = CARTESIAN_POINT ( 'NONE',  ( 67.80615309832032267, -5.082670411282758316, 105.4787097849352904 ) ) ;
#1616 = CARTESIAN_POINT ( 'NONE',  ( 67.58199669777812346, 18.24366577483671747, 24.20138997538017023 ) ) ;
#1617 = ORIENTED_EDGE ( 'NONE', *, *, #765, .F. ) ;
#1618 = EDGE_CURVE ( 'NONE', #519, #1003, #1810, .T. ) ;
#1619 = DIRECTION ( 'NONE',  ( 1.000000000000000000, -1.387778780781444413E-14, 0.000000000000000000 ) ) ;
#1620 = VECTOR ( 'NONE', #1291, 1000.000000000000000 ) ;
#1621 = FACE_BOUND ( 'NONE', #20, .T. ) ;
#1622 = VERTEX_POINT ( 'NONE', #1731 ) ;
#1623 = CARTESIAN_POINT ( 'NONE',  ( 67.79746919213894785, -4.501918521209415935, 104.8505830951549740 ) ) ;
#1624 = EDGE_CURVE ( 'NONE', #1655, #1331, #887, .T. ) ;
#1625 = CARTESIAN_POINT ( 'NONE',  ( 63.84850371677431013, -25.57740695780962881, 125.9991186941537791 ) ) ;
#1626 = ORIENTED_EDGE ( 'NONE', *, *, #526, .F. ) ;
#1627 = CARTESIAN_POINT ( 'NONE',  ( 63.72341106672589461, 12.67198502568954943, 22.66073406642239263 ) ) ;
#1628 = CARTESIAN_POINT ( 'NONE',  ( 68.01835317567025641, -2.696069338687287154, 108.7916104096137815 ) ) ;
#1629 = CARTESIAN_POINT ( 'NONE',  ( 67.95392402855956959, -26.73756727811635159, 124.7144595953373738 ) ) ;
#1630 = EDGE_LOOP ( 'NONE', ( #1221, #1774, #288, #619 ) ) ;
#1631 = AXIS2_PLACEMENT_3D ( 'NONE', #1415, #149, #1006 ) ;
#1632 = CARTESIAN_POINT ( 'NONE',  ( 63.79378239827119756, -26.92616618494670178, 125.5544180346757628 ) ) ;
#1633 = EDGE_CURVE ( 'NONE', #549, #1763, #1246, .T. ) ;
#1634 = CIRCLE ( 'NONE', #1726, 0.4999999999999983902 ) ;
#1635 = CARTESIAN_POINT ( 'NONE',  ( 63.72113885972135705, -25.70511111102188195, 115.4649132892419345 ) ) ;
#1636 = ORIENTED_EDGE ( 'NONE', *, *, #220, .F. ) ;
#1637 = CARTESIAN_POINT ( 'NONE',  ( 63.84660114717860324, -12.14431983920865932, 116.3249189226029330 ) ) ;
#1638 = CARTESIAN_POINT ( 'NONE',  ( 63.72341106672968181, -23.85162663075595546, 113.7385476177794459 ) ) ;
#1639 = CARTESIAN_POINT ( 'NONE',  ( 67.84051646603121810, -28.04344889568572441, 122.9659898814389294 ) ) ;
#1640 = ORIENTED_EDGE ( 'NONE', *, *, #1839, .F. ) ;
#1641 = CARTESIAN_POINT ( 'NONE',  ( 67.80541793448091425, -4.890212931720187228, 105.3214994805611440 ) ) ;
#1642 = VECTOR ( 'NONE', #453, 999.9999999999998863 ) ;
#1643 = CARTESIAN_POINT ( 'NONE',  ( 63.22341106672982392, -25.00123930134996897, 115.4169341878819210 ) ) ;
#1644 = CARTESIAN_POINT ( 'NONE',  ( 63.83717335538410964, -3.137487317647466689, 105.1193112116882560 ) ) ;
#1645 = LINE ( 'NONE', #1339, #1066 ) ;
#1646 = CARTESIAN_POINT ( 'NONE',  ( 67.84850870528941869, -28.02534153607852474, 123.1428809649940490 ) ) ;
#1647 = ORIENTED_EDGE ( 'NONE', *, *, #792, .F. ) ;
#1648 = ORIENTED_EDGE ( 'NONE', *, *, #335, .T. ) ;
#1649 = CARTESIAN_POINT ( 'NONE',  ( 63.71896026338533403, -27.04676337147020959, 117.5891555921209886 ) ) ;
#1650 = EDGE_CURVE ( 'NONE', #1280, #1013, #347, .T. ) ;
#1651 = B_SPLINE_CURVE_WITH_KNOTS ( 'NONE', 3,
 ( #1460, #445, #176, #739 ),
 .UNSPECIFIED., .F., .F.,
 ( 4, 4 ),
 ( 0.000000000000000000, 0.008574818237148755171 ),
 .UNSPECIFIED. ) ;
#1652 = CARTESIAN_POINT ( 'NONE',  ( 63.22341106672971023, -23.94924590545339171, 114.4273052314424461 ) ) ;
#1653 = CARTESIAN_POINT ( 'NONE',  ( 63.22341106672988076, -25.72101161507295686, 125.5134252242083051 ) ) ;
#1654 = CARTESIAN_POINT ( 'NONE',  ( 67.10184296694764328, -4.384815536913905909, 88.22512870600571944 ) ) ;
#1655 = VERTEX_POINT ( 'NONE', #1265 ) ;
#1656 = CARTESIAN_POINT ( 'NONE',  ( 0.000000000000000000, 0.000000000000000000, 0.000000000000000000 ) ) ;
#1657 = ORIENTED_EDGE ( 'NONE', *, *, #1476, .T. ) ;
#1658 = CARTESIAN_POINT ( 'NONE',  ( 63.82000423821386192, 19.84519416497604638, 21.06911519894019591 ) ) ;
#1659 =( BOUNDED_SURFACE ( )  B_SPLINE_SURFACE ( 3, 1, ( 
 ( #30, #166 ),
 ( #1608, #1297 ),
 ( #1321, #1756 ),
 ( #451, #39 ) ),
 .UNSPECIFIED., .F., .F., .F. ) 
 B_SPLINE_SURFACE_WITH_KNOTS ( ( 4, 4 ),
 ( 2, 2 ),
 ( 0.000000000000000000, 1.000000000000000000 ),
 ( 0.000000000000000000, 1.000000000000000000 ),
 .UNSPECIFIED. ) 
 GEOMETRIC_REPRESENTATION_ITEM ( )  RATIONAL_B_SPLINE_SURFACE ( (
 ( 1.000000000000000000, 1.000000000000000000),
 ( 0.9999334359883758072, 0.9999334359883758072),
 ( 0.9999334359883758072, 0.9999334359883758072),
 ( 1.000000000000000000, 1.000000000000000000) ) ) 
 REPRESENTATION_ITEM ( '' )  SURFACE ( )  );
#1660 = FACE_OUTER_BOUND ( 'NONE', #959, .T. ) ;
#1661 = CARTESIAN_POINT ( 'NONE',  ( 63.22341106672875810, -14.60526190218059739, 117.8296914744134796 ) ) ;
#1662 = EDGE_CURVE ( 'NONE', #476, #907, #1174, .T. ) ;
#1663 = CARTESIAN_POINT ( 'NONE',  ( 63.72341106672589461, 12.18687783812074521, 22.53961009395477788 ) ) ;
#1664 = LINE ( 'NONE', #1395, #1565 ) ;
#1665 = EDGE_CURVE ( 'NONE', #650, #651, #420, .T. ) ;
#1666 = ORIENTED_EDGE ( 'NONE', *, *, #1202, .F. ) ;
#1667 = VERTEX_POINT ( 'NONE', #408 ) ;
#1668 = CARTESIAN_POINT ( 'NONE',  ( 63.22341106672499222, 21.38083269275947984, 3.859584915384174142 ) ) ;
#1669 = CARTESIAN_POINT ( 'NONE',  ( 67.55601361891211809, 20.76906168869948033, 9.735324128668507271 ) ) ;
#1670 = CARTESIAN_POINT ( 'NONE',  ( 63.84843193050314625, -24.51746248075172829, 125.6244948987312284 ) ) ;
#1671 = ADVANCED_FACE ( 'NONE', ( #1577 ), #980, .F. ) ;
#1672 = CARTESIAN_POINT ( 'NONE',  ( 63.72341106672976707, -24.50813131801303157, 125.6373472226474348 ) ) ;
#1673 = CARTESIAN_POINT ( 'NONE',  ( 67.99999999999994316, -17.22379970779814329, 118.9027697658905964 ) ) ;
#1674 = ORIENTED_EDGE ( 'NONE', *, *, #1549, .F. ) ;
#1675 = VERTEX_POINT ( 'NONE', #273 ) ;
#1676 = CARTESIAN_POINT ( 'NONE',  ( 66.22341106672523381, 17.00370294828161022, 1.000000000000000000 ) ) ;
#1677 = DIRECTION ( 'NONE',  ( 0.000000000000000000, 0.5875133530706413421, 0.8092144709307241834 ) ) ;
#1678 = CARTESIAN_POINT ( 'NONE',  ( 63.22341106673005839, -27.40335625535551145, 125.1055484159169282 ) ) ;
#1679 = CARTESIAN_POINT ( 'NONE',  ( 59.54253816271663879, 2.766401211034323460, 92.68747488105289278 ) ) ;
#1680 = CYLINDRICAL_SURFACE ( 'NONE', #164, 50.00000000000000000 ) ;
#1681 = EDGE_CURVE ( 'NONE', #10, #55, #850, .T. ) ;
#1682 = EDGE_LOOP ( 'NONE', ( #1161, #642, #1728, #919 ) ) ;
#1683 = CARTESIAN_POINT ( 'NONE',  ( 63.22341106670108957, 20.62066355910856075, 17.67205927939149745 ) ) ;
#1684 = EDGE_CURVE ( 'NONE', #1013, #1044, #1634, .T. ) ;
#1685 = CARTESIAN_POINT ( 'NONE',  ( 66.22341106672523381, 0.000000000000000000, 4.000000000000000000 ) ) ;
#1686 = DIRECTION ( 'NONE',  ( 0.000000000000000000, 0.9702143748712818150, 0.2422479448687395176 ) ) ;
#1687 = EDGE_CURVE ( 'NONE', #1361, #1053, #213, .T. ) ;
#1688 = EDGE_LOOP ( 'NONE', ( #752, #1284, #91, #848 ) ) ;
#1689 = DIRECTION ( 'NONE',  ( 0.000000000000000000, -0.9702143748712835913, -0.2422479448687328007 ) ) ;
#1690 = ORIENTED_EDGE ( 'NONE', *, *, #1202, .T. ) ;
#1691 = APPLICATION_CONTEXT ( 'automotive_design' ) ;
#1692 = B_SPLINE_CURVE_WITH_KNOTS ( 'NONE', 3,
 ( #103, #1412, #393, #1833, #666, #965 ),
 .UNSPECIFIED., .F., .F.,
 ( 4, 2, 4 ),
 ( 3.469446951953614189E-18, 0.0003546860014621196493, 0.0007093720029242358291 ),
 .UNSPECIFIED. ) ;
#1693 = CARTESIAN_POINT ( 'NONE',  ( 67.62904097332145170, 1.533214893185030903, 91.08377730403363159 ) ) ;
#1694 = EDGE_LOOP ( 'NONE', ( #627, #1050, #1690, #415 ) ) ;
#1695 = CARTESIAN_POINT ( 'NONE',  ( 63.22341106672543987, -51.74864657828069170, 72.20428262707277156 ) ) ;
#1696 = DIRECTION ( 'NONE',  ( 0.000000000000000000, -1.000000000000000000, 0.000000000000000000 ) ) ;
#1697 = CYLINDRICAL_SURFACE ( 'NONE', #591, 1.000000000000000888 ) ;
#1698 = CARTESIAN_POINT ( 'NONE',  ( 65.07969466266474967, 1.966638450409939898, 91.64592676983794206 ) ) ;
#1699 = LINE ( 'NONE', #130, #764 ) ;
#1700 = DIRECTION ( 'NONE',  ( 4.311226939864806305E-16, -0.2422479448687328007, 0.9702143748712837024 ) ) ;
#1701 = VERTEX_POINT ( 'NONE', #1035 ) ;
#1702 = AXIS2_PLACEMENT_3D ( 'NONE', #954, #1523, #1387 ) ;
#1703 = CARTESIAN_POINT ( 'NONE',  ( 66.22341106672523381, 19.00370294828156048, 1.000000000000000000 ) ) ;
#1704 = ORIENTED_EDGE ( 'NONE', *, *, #853, .T. ) ;
#1705 = CARTESIAN_POINT ( 'NONE',  ( 63.22341106672210742, 49.07607561906492322, 71.59517951357324250 ) ) ;
#1706 = DIRECTION ( 'NONE',  ( 1.000000000000000000, 0.000000000000000000, 0.000000000000000000 ) ) ;
#1707 = CARTESIAN_POINT ( 'NONE',  ( 63.22341106672697464, 2.274732901726109979, 91.92633060435366588 ) ) ;
#1708 = CARTESIAN_POINT ( 'NONE',  ( 67.11440922008726773, 15.00774674584005908, 3.928535744908302263 ) ) ;
#1709 = FACE_OUTER_BOUND ( 'NONE', #132, .T. ) ;
#1710 = CARTESIAN_POINT ( 'NONE',  ( 67.99999999999994316, -24.88838380223792512, 124.4674817958634918 ) ) ;
#1711 = CARTESIAN_POINT ( 'NONE',  ( 63.82034792089876163, 18.99501634768394709, 24.47383683762665996 ) ) ;
#1712 = VECTOR ( 'NONE', #569, 1000.000000000000114 ) ;
#1713 = EDGE_LOOP ( 'NONE', ( #1383, #1537, #1636, #998 ) ) ;
#1714 = CARTESIAN_POINT ( 'NONE',  ( 63.22341106673004418, -27.22631356792729562, 119.6100272386216403 ) ) ;
#1715 = ADVANCED_FACE ( 'NONE', ( #1188 ), #183, .T. ) ;
#1716 = DIRECTION ( 'NONE',  ( 0.000000000000000000, 0.000000000000000000, 1.000000000000000000 ) ) ;
#1717 = ORIENTED_EDGE ( 'NONE', *, *, #367, .F. ) ;
#1718 = CARTESIAN_POINT ( 'NONE',  ( 67.11321174647248711, 13.12411262420920544, 18.78594084210092419 ) ) ;
#1719 = CARTESIAN_POINT ( 'NONE',  ( 67.56620749119851155, 14.80018105524874805, 11.20733514979100320 ) ) ;
#1720 = AXIS2_PLACEMENT_3D ( 'NONE', #995, #287, #1166 ) ;
#1721 = CARTESIAN_POINT ( 'NONE',  ( 68.00007007261515923, 19.12373885319570732, 20.28981122421479810 ) ) ;
#1722 = CARTESIAN_POINT ( 'NONE',  ( 63.22341106673004418, -27.13717317094987180, 124.3523200342475974 ) ) ;
#1723 = ORIENTED_EDGE ( 'NONE', *, *, #1389, .F. ) ;
#1724 = CARTESIAN_POINT ( 'NONE',  ( 68.91757761097829871, -27.76089783263553201, 126.2110282190431292 ) ) ;
#1725 = CARTESIAN_POINT ( 'NONE',  ( 65.07748755273343022, 18.87504581206321674, 23.92876322088523722 ) ) ;
#1726 = AXIS2_PLACEMENT_3D ( 'NONE', #1436, #717, #1298 ) ;
#1727 = CARTESIAN_POINT ( 'NONE',  ( 67.58043912826816779, 13.12951129324864752, 18.76431891956885423 ) ) ;
#1728 = ORIENTED_EDGE ( 'NONE', *, *, #1064, .T. ) ;
#1729 = ADVANCED_FACE ( 'NONE', ( #464 ), #738, .F. ) ;
#1730 = CARTESIAN_POINT ( 'NONE',  ( 67.92856020890231150, -2.143823670460564212, 101.1163426509209700 ) ) ;
#1731 = CARTESIAN_POINT ( 'NONE',  ( 67.57774676128231306, 21.09655430001741649, 4.000000000000000000 ) ) ;
#1732 = VECTOR ( 'NONE', #1812, 999.9999999999998863 ) ;
#1733 = ADVANCED_FACE ( 'NONE', ( #181 ), #743, .T. ) ;
#1734 = CARTESIAN_POINT ( 'NONE',  ( 63.22341106673763278, -3.845336911061688401, 106.4435055042003171 ) ) ;
#1735 = AXIS2_PLACEMENT_3D ( 'NONE', #681, #1286, #586 ) ;
#1736 = CARTESIAN_POINT ( 'NONE',  ( 64.22341106672543276, 17.00370294828163154, 1.000000000000000000 ) ) ;
#1737 = CARTESIAN_POINT ( 'NONE',  ( 63.22341106673005839, -27.44651684947960746, 121.0284261481784114 ) ) ;
#1738 = DIRECTION ( 'NONE',  ( -0.000000000000000000, -0.000000000000000000, -1.000000000000000000 ) ) ;
#1739 = ORIENTED_EDGE ( 'NONE', *, *, #1684, .F. ) ;
#1740 = DIRECTION ( 'NONE',  ( -1.040834085586155570E-14, -1.000000000000000000, 0.000000000000000000 ) ) ;
#1741 = EDGE_CURVE ( 'NONE', #1622, #622, #578, .T. ) ;
#1742 = CARTESIAN_POINT ( 'NONE',  ( 1.769803360975402748E-13, 17.00370294828230300, 4.000000000000000000 ) ) ;
#1743 =( BOUNDED_SURFACE ( )  B_SPLINE_SURFACE ( 3, 2, ( 
 ( #945, #1270, #1807 ),
 ( #414, #521, #1669 ),
 ( #267, #383, #834 ),
 ( #244, #809, #1390 ) ),
 .UNSPECIFIED., .F., .F., .T. ) 
 B_SPLINE_SURFACE_WITH_KNOTS ( ( 4, 4 ),
 ( 3, 3 ),
 ( 0.02248505556543483122, 0.03106314130408961358 ),
 ( 0.000000000000000000, 1.000000000000000000 ),
 .UNSPECIFIED. ) 
 GEOMETRIC_REPRESENTATION_ITEM ( )  RATIONAL_B_SPLINE_SURFACE ( (
 ( 1.000000000000000000, 0.7576128107050514870, 1.000000000000000000),
 ( 1.000000000000000000, 0.7572734814818216087, 1.000000000000000000),
 ( 1.000000000000000000, 0.7569006253839594134, 1.000000000000000000),
 ( 1.000000000000000000, 0.7564968585067671780, 1.000000000000000000) ) ) 
 REPRESENTATION_ITEM ( '' )  SURFACE ( )  );
#1744 = CIRCLE ( 'NONE', #114, 0.4999999999999993894 ) ;
#1745 = CARTESIAN_POINT ( 'NONE',  ( 63.82034792089876163, 18.99501634768394709, 24.47383683762665996 ) ) ;
#1746 = CARTESIAN_POINT ( 'NONE',  ( 67.42491030853318534, -9.368047603666228795, 99.52491887722243291 ) ) ;
#1747 = CARTESIAN_POINT ( 'NONE',  ( 67.95510432492243069, 19.41443617959004442, 16.38959139634949125 ) ) ;
#1748 = VERTEX_POINT ( 'NONE', #898 ) ;
#1749 = CARTESIAN_POINT ( 'NONE',  ( 63.22341106672589461, 12.67198502555633510, 22.66073406638914634 ) ) ;
#1750 = CARTESIAN_POINT ( 'NONE',  ( 63.69577299578069329, -23.85123061278516943, 113.7382600971600795 ) ) ;
#1751 = DIRECTION ( 'NONE',  ( -1.000000000000000000, -1.040834085586126666E-13, 0.000000000000000000 ) ) ;
#1752 = DIRECTION ( 'NONE',  ( 0.000000000000000000, 0.9702143748712819260, 0.2422479448687393233 ) ) ;
#1753 = EDGE_CURVE ( 'NONE', #774, #1044, #609, .T. ) ;
#1754 = CARTESIAN_POINT ( 'NONE',  ( 63.72341106672951838, -22.07922224821271584, 113.0696134090739378 ) ) ;
#1755 = EDGE_LOOP ( 'NONE', ( #109, #1498, #100, #1229, #687, #741, #1205, #835, #951, #715, #450, #1193, #605, #1122, #896 ) ) ;
#1756 = CARTESIAN_POINT ( 'NONE',  ( 65.23628278546875947, -16.70843325196043239, 119.5120062157964753 ) ) ;
#1757 = CARTESIAN_POINT ( 'NONE',  ( 63.22341106672543987, 15.50450890579618779, 4.000000000000000000 ) ) ;
#1758 = ORIENTED_EDGE ( 'NONE', *, *, #367, .T. ) ;
#1759 = DIRECTION ( 'NONE',  ( 1.000000000000000000, 1.040834085586122753E-13, 0.000000000000000000 ) ) ;
#1760 = CARTESIAN_POINT ( 'NONE',  ( 67.92326398456226855, 19.90634172162000581, 12.48214520888211254 ) ) ;
#1761 = EDGE_CURVE ( 'NONE', #1115, #1101, #629, .T. ) ;
#1762 = DIRECTION ( 'NONE',  ( 1.000000000000000000, 0.000000000000000000, 0.000000000000000000 ) ) ;
#1763 = VERTEX_POINT ( 'NONE', #48 ) ;
#1764 = DIRECTION ( 'NONE',  ( 0.000000000000000000, -0.9702143748712835913, -0.2422479448687328007 ) ) ;
#1765 = CARTESIAN_POINT ( 'NONE',  ( 35.57431994770374217, -125.4496181925002247, 4.000000000000000000 ) ) ;
#1766 = CARTESIAN_POINT ( 'NONE',  ( 64.22341106672539013, 20.50370294828163509, 1.500000000000000000 ) ) ;
#1767 = CARTESIAN_POINT ( 'NONE',  ( 67.80656689180987939, -5.044685021734835573, 105.4609703648413586 ) ) ;
#1768 = B_SPLINE_CURVE_WITH_KNOTS ( 'NONE', 3,
 ( #1822, #1102, #110, #535, #1084, #970, #1222, #1543, #807, #398, #1649, #1532, #664, #1258, #262, #224, #382, #520 ),
 .UNSPECIFIED., .F., .F.,
 ( 4, 2, 2, 2, 2, 2, 2, 2, 4 ),
 ( 2.970989343025274378E-15, 0.003010069103180397585, 0.003762586378974754411, 0.004515103654769109937, 0.006020138206357865222, 0.007525172757946620508, 0.009030207309535374927, 0.01053524186112412935, 0.01204027641271288376 ),
 .UNSPECIFIED. ) ;
#1769 = CARTESIAN_POINT ( 'NONE',  ( 63.85295950038823065, -24.79311293240598602, 125.7978415948100803 ) ) ;
#1770 = ORIENTED_EDGE ( 'NONE', *, *, #1030, .T. ) ;
#1771 = DIRECTION ( 'NONE',  ( 0.000000000000000000, 1.000000000000000000, 0.000000000000000000 ) ) ;
#1772 = CARTESIAN_POINT ( 'NONE',  ( 67.94723780458609497, 20.24916840069605684, 9.665552074598290133 ) ) ;
#1773 = DIRECTION ( 'NONE',  ( 0.000000000000000000, -0.000000000000000000, 1.000000000000000000 ) ) ;
#1774 = ORIENTED_EDGE ( 'NONE', *, *, #958, .F. ) ;
#1775 = CARTESIAN_POINT ( 'NONE',  ( -0.000000000000000000, 19.00370294828156048, 0.000000000000000000 ) ) ;
#1776 = CARTESIAN_POINT ( 'NONE',  ( 63.72159425485067175, -25.37093645554048749, 115.0793488534392566 ) ) ;
#1777 = ORIENTED_EDGE ( 'NONE', *, *, #1681, .F. ) ;
#1778 = CARTESIAN_POINT ( 'NONE',  ( 63.84354791991479772, -8.209261174204533162, 112.1393630391134622 ) ) ;
#1779 = CARTESIAN_POINT ( 'NONE',  ( 67.92319492282442184, 19.90533917277253906, 12.48195836803366987 ) ) ;
#1780 = DIRECTION ( 'NONE',  ( -2.521399181825685227E-14, 0.2422479448687352988, -0.9702143748712829252 ) ) ;
#1781 = ORIENTED_EDGE ( 'NONE', *, *, #612, .F. ) ;
#1782 = DIRECTION ( 'NONE',  ( -7.975432427195044515E-21, 0.2422479448687352988, -0.9702143748712829252 ) ) ;
#1783 = DIRECTION ( 'NONE',  ( 1.000000000000000000, 1.040834085586126666E-13, -0.000000000000000000 ) ) ;
#1784 = CARTESIAN_POINT ( 'NONE',  ( 63.22341106673004418, -27.13717317094987180, 124.3523200342475974 ) ) ;
#1785 = CARTESIAN_POINT ( 'NONE',  ( 69.62831436367764582, 17.79379635667334369, 24.03761502980485432 ) ) ;
#1786 = CARTESIAN_POINT ( 'NONE',  ( 67.97481118355368324, -26.22275568093101228, 124.8373411133590167 ) ) ;
#1787 = ORIENTED_EDGE ( 'NONE', *, *, #1146, .F. ) ;
#1788 = ORIENTED_EDGE ( 'NONE', *, *, #1521, .T. ) ;
#1789 = VECTOR ( 'NONE', #1805, 1000.000000000000114 ) ;
#1790 = CARTESIAN_POINT ( 'NONE',  ( 65.22341106672523381, 17.00370294828162088, 0.000000000000000000 ) ) ;
#1791 = ADVANCED_FACE ( 'NONE', ( #1046 ), #1214, .T. ) ;
#1792 = AXIS2_PLACEMENT_3D ( 'NONE', #1603, #459, #874 ) ;
#1793 = CARTESIAN_POINT ( 'NONE',  ( 63.22341106672985234, -25.35560684347473170, 125.4838364130889374 ) ) ;
#1794 = CARTESIAN_POINT ( 'NONE',  ( 67.92321798530824140, 19.90566898165679532, 12.48204071635428747 ) ) ;
#1795 = EDGE_LOOP ( 'NONE', ( #1082, #203, #1144, #500, #756, #1250, #1626, #404, #1092 ) ) ;
#1796 = VERTEX_POINT ( 'NONE', #1332 ) ;
#1797 = CARTESIAN_POINT ( 'NONE',  ( 63.82034792089877584, 18.99501634768383340, 24.47383683762711115 ) ) ;
#1798 = ADVANCED_FACE ( 'NONE', ( #193 ), #56, .T. ) ;
#1799 = CARTESIAN_POINT ( 'NONE',  ( 63.22341106672998734, -26.61744215767024002, 125.1653026935916131 ) ) ;
#1800 = CARTESIAN_POINT ( 'NONE',  ( 63.22341106672897837, -16.92843716904994622, 119.5163846068770255 ) ) ;
#1801 = CARTESIAN_POINT ( 'NONE',  ( 63.79240835217603234, -16.63675140160030708, 119.9207288195298844 ) ) ;
#1802 = CARTESIAN_POINT ( 'NONE',  ( 67.10456112098309234, 14.86761303583836380, 6.389892653823483037 ) ) ;
#1803 = EDGE_LOOP ( 'NONE', ( #761, #272, #538, #147 ) ) ;
#1804 = ORIENTED_EDGE ( 'NONE', *, *, #1493, .T. ) ;
#1805 = DIRECTION ( 'NONE',  ( 0.06975647374411235446, 0.9975640502598250858, 0.000000000000000000 ) ) ;
#1806 = AXIS2_PLACEMENT_3D ( 'NONE', #1835, #562, #552 ) ;
#1807 = CARTESIAN_POINT ( 'NONE',  ( 67.53197649792319623, 20.41794238585982768, 12.59722386799758809 ) ) ;
#1808 = AXIS2_PLACEMENT_3D ( 'NONE', #307, #1026, #1019 ) ;
#1809 = CARTESIAN_POINT ( 'NONE',  ( 63.22341106672811861, -8.553534974326451490, 111.8894654238471986 ) ) ;
#1810 = CIRCLE ( 'NONE', #968, 50.50000000000000000 ) ;
#1811 = CARTESIAN_POINT ( 'NONE',  ( 0.000000000000000000, 19.00370294828156048, 4.000000000000000000 ) ) ;
#1812 = DIRECTION ( 'NONE',  ( -8.422580038942331585E-14, 0.8092144709307160788, -0.5875133530706527774 ) ) ;
#1813 = VERTEX_POINT ( 'NONE', #1197 ) ;
#1814 = ORIENTED_EDGE ( 'NONE', *, *, #1386, .F. ) ;
#1815 = CARTESIAN_POINT ( 'NONE',  ( 63.81750197508145561, 21.86746387535509939, 4.000000000000000000 ) ) ;
#1816 = CARTESIAN_POINT ( 'NONE',  ( 63.22341106673077604, -26.09371521370721325, 126.0997144364173295 ) ) ;
#1817 = PRODUCT_DEFINITION_SHAPE ( 'NONE', 'NONE',  #1083 ) ;
#1818 = DIRECTION ( 'NONE',  ( 0.000000000000000000, 0.9702143748712819260, 0.2422479448687393233 ) ) ;
#1819 = CARTESIAN_POINT ( 'NONE',  ( 67.58199669777812346, 18.24366577483671747, 24.20138997538017023 ) ) ;
#1820 = ORIENTED_EDGE ( 'NONE', *, *, #1452, .F. ) ;
#1821 = EDGE_CURVE ( 'NONE', #1563, #1431, #235, .T. ) ;
#1822 = CARTESIAN_POINT ( 'NONE',  ( 63.71454511996238779, -27.61918242243945798, 124.4849415877987155 ) ) ;
#1823 = CARTESIAN_POINT ( 'NONE',  ( 67.55541174634574020, 14.64579471063292182, 8.782578368164145388 ) ) ;
#1824 = CARTESIAN_POINT ( 'NONE',  ( 63.22341106672499222, 20.95935370104648854, 10.86017635495087141 ) ) ;
#1825 = CARTESIAN_POINT ( 'NONE',  ( 63.75607332146601891, -27.37622601460460459, 125.0841707489466188 ) ) ;
#1826 = EDGE_LOOP ( 'NONE', ( #379, #636, #1450, #1257, #1788 ) ) ;
#1827 = EDGE_CURVE ( 'NONE', #907, #88, #909, .T. ) ;
#1828 = CARTESIAN_POINT ( 'NONE',  ( 67.31729463287312853, 14.38748875877820943, 11.15379417244080251 ) ) ;
#1829 = CARTESIAN_POINT ( 'NONE',  ( 63.22341106672851652, -12.46954141586148879, 115.9632337959033350 ) ) ;
#1830 = CARTESIAN_POINT ( 'NONE',  ( 68.00004304564330937, 18.15235818971331128, 24.17859184393626748 ) ) ;
#1831 = CARTESIAN_POINT ( 'NONE',  ( 66.22341106672523381, 19.00370294828156048, 4.000000000000000000 ) ) ;
#1832 = CARTESIAN_POINT ( 'NONE',  ( 64.72341106672539013, 20.50370294828162798, 1.500000000000000000 ) ) ;
#1833 = CARTESIAN_POINT ( 'NONE',  ( 67.94272256859495940, 20.81229839588164054, 4.000000000000000000 ) ) ;
#1834 = AXIS2_PLACEMENT_3D ( 'NONE', #120, #984, #1686 ) ;
#1835 = CARTESIAN_POINT ( 'NONE',  ( 63.22341106672543987, -9.221091538582291136, 108.2795309726896988 ) ) ;
#1836 = DIRECTION ( 'NONE',  ( -1.040834085586155570E-14, -1.000000000000000000, 0.000000000000000000 ) ) ;
#1837 = DIRECTION ( 'NONE',  ( -1.040834085586155570E-14, -1.000000000000000000, 0.000000000000000000 ) ) ;
#1838 = CARTESIAN_POINT ( 'NONE',  ( 63.22341106672758571, -3.639065346360205844, 104.8853355459475125 ) ) ;
#1839 = EDGE_CURVE ( 'NONE', #1044, #1541, #1001, .T. ) ;
#1840 = DIRECTION ( 'NONE',  ( -0.000000000000000000, 0.2422479448687352988, -0.9702143748712829252 ) ) ;
#1841 = CYLINDRICAL_SURFACE ( 'NONE', #1393, 0.5000000000000004441 ) ;
#1842 = EDGE_LOOP ( 'NONE', ( #435, #796, #231, #923, #663, #699, #199, #1513, #1359 ) ) ;
#1843 = CARTESIAN_POINT ( 'NONE',  ( 66.97941809309151040, -24.80400233501121576, 124.7903354538749028 ) ) ;
#1844 = CIRCLE ( 'NONE', #640, 0.5000000000000001110 ) ;
#1845 =( BOUNDED_CURVE ( )  B_SPLINE_CURVE ( 3, ( #246, #957, #369, #1654 ),
 .UNSPECIFIED., .F., .F. ) 
 B_SPLINE_CURVE_WITH_KNOTS ( ( 4, 4 ),
 ( 6.938893903907228378E-17, 0.08148744090526433004 ),
 .UNSPECIFIED. ) 
 CURVE ( )  GEOMETRIC_REPRESENTATION_ITEM ( )  RATIONAL_B_SPLINE_CURVE ( ( 1.000000000000000000, 0.9994467262927821949, 0.9994467262927821949, 1.000000000000000000 ) ) 
 REPRESENTATION_ITEM ( '' )  );
#1846 = CARTESIAN_POINT ( 'NONE',  ( 63.22341106673007260, -27.39375743690915144, 120.5506286560904954 ) ) ;
#1847 = FACE_OUTER_BOUND ( 'NONE', #344, .T. ) ;
#1848 = ORIENTED_EDGE ( 'NONE', *, *, #1662, .T. ) ;
#1849 = CARTESIAN_POINT ( 'NONE',  ( 67.09791996064402042, 13.84217661342903583, 14.98425358539417651 ) ) ;
#1850 = DIRECTION ( 'NONE',  ( -1.000000000000000000, 1.040834085586155570E-14, 0.000000000000000000 ) ) ;
#1851 = FACE_OUTER_BOUND ( 'NONE', #1228, .T. ) ;
ENDSEC;
END-ISO-10303-21;
